song_id,song_name,artist_id,language,genre,current_streams,current_listeners,repeat_rate,skip_rate,completion_rate,save_rate,share_rate,playlist_add_rate,avg_stream_growth,max_stream_growth,growth_acceleration,momentum_score,momentum_category,hit_probability_pct,future_streams,business_action,active_regions,artist_popularity
S00001,Song_00001,A0045,Bengali,Devotional,614535,434941,0.2756235903260442,0.2780541384949596,0.6725133637628451,0.08129838299907344,0.031004205168057276,0.04766163686568983,0.0,0.0,0.0,42.39210516327645,STABLE,31.76,7356000,MAINTAIN,7,74.32
S00002,Song_00002,A0387,English,Electronic,643275,466954,0.3390805090008866,0.2203723135517469,0.7493886751389375,0.11382491637291896,0.042841479032195894,0.07827323462268232,0.0,0.0,0.0,57.831564381043144,STABLE,88.93,8400107,PROMOTE,6,90.16
S00003,Song_00003,A0327,Malayalam,Hip-Hop,577608,429256,0.292473489013549,0.2823714352986801,0.6469110538635199,0.06795245727491288,0.024761447714184544,0.03890452317498183,0.0,0.0,0.0,38.448320582044225,DECLINING,36.73,6956104,RECONSIDER,4,59.87
S00004,Song_00004,A0220,Marathi,Rock,455407,329051,0.17621888400278377,0.3350673134141548,0.5719828636801806,0.03611902106360412,0.008606568586632467,0.014487115978981982,0.0,0.0,0.0,20.137570591699006,DECLINING,0.0,5447408,RECONSIDER,5,52.86
S00005,Song_00005,A0217,Hindi,Lo-Fi,483584,343816,0.20290504223189149,0.3415621691371096,0.564644405108523,0.03272389882960653,0.011139679363380412,0.01749773134467273,0.0,0.0,0.0,21.653502477240103,DECLINING,0.0,6590398,RECONSIDER,6,89.02
S00006,Song_00006,A0429,Kannada,Folk,463133,330171,0.17162318919590153,0.3256127289569087,0.5640086109173823,0.029424146881464452,0.0101644299469063,0.019353607676022424,0.0,0.0,0.0,19.719315432105166,DECLINING,0.0,5707698,RECONSIDER,3,45.45
S00007,Song_00007,A0043,English,Classical,465139,338478,0.20486708146467422,0.34056916319637787,0.586680540655589,0.03742931593781575,0.0098647474872813,0.01690213248719267,0.0,0.0,0.0,22.86463544074689,DECLINING,0.0,6255826,RECONSIDER,7,81.16
S00008,Song_00008,A0348,Hindi,Hip-Hop,605095,451065,0.34420316362386794,0.23113725943860056,0.7268214082086284,0.10523982131178433,0.03804329752918094,0.06322592087614867,0.0,0.0,0.0,53.67542666207704,STABLE,58.86,6460897,MONITOR,6,5.38
S00009,Song_00009,A0101,Hindi,Rock,472769,338359,0.2868639521927893,0.260002242109783,0.6827287745177878,0.08953803504561723,0.030142540910689533,0.05590511852795404,0.0,0.0,0.0,44.76753372340457,STABLE,4.01,6113492,MAINTAIN,6,0.13
S00010,Song_00010,A0047,Tamil,Indie,390821,289231,0.17766421994876067,0.33679868789036416,0.5559757536058707,0.027255031445453635,0.006254516286290197,0.013176319274213345,0.0,0.0,0.0,17.932293123251394,DECLINING,0.0,5626511,RECONSIDER,4,52.83
S00011,Song_00011,A0263,Hindi,Indie,551506,395998,0.28673124611740464,0.21288073021871023,0.7670922891138083,0.12122030919348077,0.045982555467451856,0.07255339673432694,0.0,0.0,0.0,57.02512869963351,STABLE,28.99,7561911,MAINTAIN,4,7.36
S00012,Song_00012,A0487,Hindi,Romantic,589516,436343,0.28210146604849856,0.25863929053664364,0.6942033804001927,0.08578343184146417,0.033006144248905106,0.05583222373224734,0.0,0.0,0.0,45.37689146587965,STABLE,58.2,8609877,MONITOR,6,97.65
S00013,Song_00013,A0368,Hindi,Pop,376137,273243,0.1690473314961408,0.344129931381385,0.5585916833494179,0.027909223658062605,0.00738536760319569,0.016216334910683895,0.0,0.0,0.0,18.24613673582374,DECLINING,0.0,4390843,RECONSIDER,7,0.55
S00014,Song_00014,A0380,English,Classical,569757,421702,0.24238443260880907,0.2864905565004028,0.644248337449123,0.06551783012648743,0.02283365978819166,0.040945976068408496,0.0,0.0,0.0,35.37694132953103,DECLINING,23.1,7279698,RECONSIDER,2,71.81
S00015,Song_00015,A0359,English,Electronic,549844,418075,0.2793517909466005,0.2829220651675748,0.6687933304719157,0.07730191951204927,0.026559827782096514,0.045336363092746516,0.0,0.0,0.0,40.74537228298709,STABLE,11.51,6502956,MAINTAIN,6,24.34
S00016,Song_00016,A0393,Punjabi,Romantic,488184,361924,0.18746753462052806,0.31941235271946644,0.6088523999147862,0.04701539549739724,0.01821653164752821,0.02722118455808402,0.0,0.0,0.0,26.90571788266991,DECLINING,0.0,6824865,RECONSIDER,1,96.76
S00017,Song_00017,A0257,Hindi,Classical,461978,322365,0.21867138181874582,0.30775491473619954,0.6092800955889675,0.05293068416236254,0.019099467994354226,0.030090115242039302,0.0,0.0,0.0,29.494750528714512,DECLINING,0.18,6368833,RECONSIDER,6,38.15
S00018,Song_00018,A0064,Hindi,Romantic,471836,345085,0.185467348624252,0.3014119312642528,0.6256919777210725,0.05980555515307823,0.018099888433284552,0.0346726168914905,0.0,0.0,0.0,29.483992487643143,DECLINING,0.31,5504945,RECONSIDER,6,2.73
S00019,Song_00019,A0420,Marathi,Hip-Hop,517490,365351,0.35908482527760976,0.20474985023865194,0.7859688109915167,0.13485661733511062,0.05014356057599404,0.0866290225016491,0.0,0.0,0.0,65.03785869566603,RISING,55.2,7540500,MONITOR,1,2.69
S00020,Song_00020,A0225,English,Devotional,557437,399294,0.2640760943064509,0.27515216966222195,0.6504591550255904,0.07072733374405826,0.02492649526414121,0.03992797287211929,0.0,0.0,0.0,37.62829435623553,DECLINING,16.16,7084393,RECONSIDER,4,55.34
S00021,Song_00021,A0250,Marathi,Hip-Hop,554923,384850,0.21685331947512018,0.30530361870025213,0.6091710021029945,0.046971547356112774,0.014829154215928285,0.026280368974925295,0.0,0.0,0.0,27.458750696680067,DECLINING,1.55,7072338,RECONSIDER,5,98.67
S00022,Song_00022,A0186,Hindi,Hip-Hop,527429,390699,0.18007980568161167,0.29929526059431694,0.614507355492398,0.04940376095152534,0.01867422235531701,0.02741752602387004,0.0,0.0,0.0,27.164091029722265,DECLINING,0.08,7166265,RECONSIDER,6,97.98
S00023,Song_00023,A0092,Hindi,Lo-Fi,542893,390715,0.2669234608346237,0.27931470842320677,0.6649284481472408,0.07242875241544348,0.027413843850376873,0.044014179133127725,0.0,0.0,0.0,39.57009491969841,DECLINING,19.42,6344242,RECONSIDER,5,33.73
S00024,Song_00024,A0463,Hindi,Romantic,465848,357780,0.18623176253563642,0.3235475949236661,0.5968448936133675,0.04649784783945441,0.013622896752194085,0.021977192688244173,0.0,0.0,0.0,24.66317120025803,DECLINING,0.0,5795009,RECONSIDER,4,48.27
S00025,Song_00025,A0391,English,Romantic,664981,483020,0.3818434019295267,0.20565850753630555,0.7503417390872822,0.11806964514926918,0.044985714877230756,0.08024926504078506,0.0,0.0,0.0,61.064649776305934,RISING,73.06,7238738,PROMOTE,6,10.05
S00026,Song_00026,A0322,English,Lo-Fi,489328,376934,0.23561684538937852,0.30892775398096983,0.614238302324821,0.04602662535085718,0.01473202205160585,0.029869950707550923,0.0,0.0,0.0,28.827273210970134,DECLINING,0.1,6091247,RECONSIDER,4,52.22
S00027,Song_00027,A0201,Telugu,Indie,559665,409468,0.22744634501352975,0.3007870779841512,0.6218791598545559,0.06138452821710121,0.020192054079928103,0.032473844109918236,0.0,0.0,0.0,31.80192063002295,DECLINING,7.44,6869111,RECONSIDER,3,59.97
S00028,Song_00028,A0411,English,Pop,562415,431256,0.2577077188491291,0.2984326520451979,0.638784527439702,0.061636243901534125,0.02011102454226724,0.0346012577216317,0.0,0.0,0.0,34.26298450414837,DECLINING,11.86,6233305,RECONSIDER,7,25.11
S00029,Song_00029,A0273,Punjabi,Classical,504956,358164,0.20488658826682749,0.31152219203257314,0.6158279137192152,0.046428451770697224,0.01711785662433969,0.031181246579779096,0.0,0.0,0.0,28.12790289930501,DECLINING,0.07,5993780,RECONSIDER,6,61.21
S00030,Song_00030,A0222,Punjabi,Indie,527696,368555,0.226769410264411,0.29685083836148085,0.6353089657681695,0.06332840417305423,0.020745885960033104,0.03821139314349283,0.0,0.0,0.0,33.24085221239042,DECLINING,0.51,7572971,RECONSIDER,6,89.97
S00031,Song_00031,A0225,Hindi,Hip-Hop,391713,295694,0.25215594499719307,0.2783670697679168,0.6510072425474773,0.06942988359587952,0.024778994501072054,0.04219564820388645,0.0,0.0,0.0,37.121779591120855,DECLINING,0.91,5874916,RECONSIDER,6,0.1
S00032,Song_00032,A0114,Punjabi,Indie,478634,347681,0.21999764151621745,0.31170999135038463,0.621846755558527,0.051268260273066406,0.016607177268818257,0.033300640529680944,0.0,0.0,0.0,29.685937023140827,DECLINING,0.22,5911328,RECONSIDER,5,22.89
S00033,Song_00033,A0046,English,Devotional,468183,338493,0.1711468183980171,0.3054297144492645,0.6137877710211606,0.051427946811307766,0.016555733796563003,0.030434898210598152,0.0,0.0,0.0,26.666626911861528,DECLINING,0.0,5931897,RECONSIDER,6,20.99
S00034,Song_00034,A0277,English,Hip-Hop,487598,357047,0.25497763599750173,0.26702324455801707,0.6743669990442946,0.07942371732573023,0.029797197567827206,0.04999901973689738,0.0,0.0,0.0,41.21924892996229,STABLE,0.33,5990215,MAINTAIN,5,12.39
S00035,Song_00035,A0444,Hindi,Folk,451936,332027,0.26522240661151053,0.2788735573178503,0.6587392905190116,0.07356329455134673,0.026268948007240375,0.047923813424811834,0.0,0.0,0.0,39.40064192512773,DECLINING,0.91,6284860,RECONSIDER,5,16.61
S00036,Song_00036,A0032,Telugu,Classical,565215,414982,0.2270724995301001,0.2944737843121644,0.638125315145564,0.06632094886043251,0.022899788424558174,0.037789590873821034,0.0,0.0,0.0,34.147136293157125,DECLINING,14.23,7241573,RECONSIDER,6,62.59
S00037,Song_00037,A0429,Malayalam,Lo-Fi,435808,304132,0.21191456341325476,0.3269834422497981,0.5782592334238931,0.03851617061012981,0.011994791735167624,0.021303249904646666,0.0,0.0,0.0,23.83762264008257,DECLINING,0.0,4997237,RECONSIDER,4,10.27
S00038,Song_00038,A0413,Hindi,Pop,544154,388689,0.25696893917759445,0.26113012125243956,0.6808458634871746,0.08887053659866886,0.03018351432636375,0.05377821343027459,0.0,0.0,0.0,42.96963779476732,STABLE,35.5,7694686,MAINTAIN,8,73.85
S00039,Song_00039,A0139,Marathi,Rock,619367,449190,0.22205525501458181,0.30035019624875076,0.628070271745185,0.05589616865914201,0.018807186268616844,0.0293394777265745,0.0,0.0,0.0,30.67624166482926,DECLINING,4.48,7423697,RECONSIDER,4,88.7
S00040,Song_00040,A0316,Telugu,Electronic,634657,464698,0.22613396227227145,0.2943794837211281,0.6310448005773197,0.05809579554893716,0.020469207958717275,0.03559516072804273,0.0,0.0,0.0,32.19953487954568,DECLINING,8.26,7402703,RECONSIDER,7,92.66
S00041,Song_00041,A0083,Hindi,Folk,544764,404054,0.24884050151712395,0.29365560132461027,0.6177298793606039,0.054304622649447847,0.020804149940354507,0.03680696144574735,0.0,0.0,0.0,32.517845160171326,DECLINING,5.76,6859432,RECONSIDER,4,66.02
S00042,Song_00042,A0379,Telugu,Hip-Hop,463157,332826,0.25730261457938985,0.2757747372921061,0.664273669619589,0.0709710178892274,0.025250431156219767,0.042280350693755894,0.0,0.0,0.0,38.255137715518835,DECLINING,1.6,6196693,RECONSIDER,6,19.74
S00043,Song_00043,A0350,Marathi,Lo-Fi,316348,231517,0.16451491683116143,0.33836787335466006,0.567261370389571,0.023790909522842817,0.007675462277068207,0.014759175352133969,0.0,0.0,0.0,17.962423765188344,DECLINING,0.0,4685357,RECONSIDER,4,8.53
S00044,Song_00044,A0177,Malayalam,Romantic,470052,338778,0.2351362839381542,0.30811697429220597,0.6179571621863112,0.05163263257944731,0.016429638288200533,0.030282367804284813,0.0,0.0,0.0,29.958182327429444,DECLINING,0.07,5846785,RECONSIDER,7,23.2
S00045,Song_00045,A0034,Gujarati,Classical,598086,425389,0.22801953035927117,0.27786472179586214,0.6438873339285655,0.06580330003831787,0.021112440613179937,0.04066395698995508,0.0,0.0,0.0,34.251796275532726,DECLINING,35.61,8002791,RECONSIDER,5,96.2
S00046,Song_00046,A0485,Hindi,Rock,594883,428378,0.2329111205524093,0.2682880499190597,0.6629992788497906,0.0775506678680978,0.029558007180574167,0.0455392200346423,0.0,0.0,0.0,38.96565846863928,DECLINING,52.79,8060127,MONITOR,4,96.23
S00047,Song_00047,A0223,English,Classical,461353,342442,0.2589694021177309,0.2896263815343132,0.6482216437305057,0.06685511707092004,0.025344437890212065,0.036099543864362434,0.0,0.0,0.0,36.646415228546054,DECLINING,0.68,6459293,RECONSIDER,7,38.19
S00048,Song_00048,A0446,Punjabi,Lo-Fi,399541,294659,0.15351304389141346,0.33076204945174587,0.5644201721475393,0.027614971882752606,0.009234403157548216,0.0110263049830482,0.0,0.0,0.0,17.68739814580512,DECLINING,0.0,5289224,RECONSIDER,2,32.58
S00049,Song_00049,A0339,Hindi,Electronic,491634,348839,0.19776458480846465,0.312523137130467,0.6185719457970766,0.046282095751908475,0.01699637941858565,0.03219536806377727,0.0,0.0,0.0,27.958236967992416,DECLINING,0.0,6325789,RECONSIDER,5,51.0
S00050,Song_00050,A0389,English,Electronic,523244,375002,0.2827744918693767,0.26532363486251154,0.6789146172722478,0.08341288846459485,0.0337278201182927,0.04927173721740151,0.0,0.0,0.0,44.03727812849615,STABLE,0.86,6760280,MAINTAIN,4,29.17
S00051,Song_00051,A0380,Gujarati,Hip-Hop,591695,436670,0.19071381134495158,0.30925899323131006,0.6093646219758491,0.05083701651132434,0.015068587262692652,0.03087686353539286,0.0,0.0,0.0,27.04774908890669,DECLINING,3.68,7568666,RECONSIDER,4,97.97
S00052,Song_00052,A0098,Hindi,Lo-Fi,377604,284444,0.18852216956588994,0.3380869906039131,0.5790139934958316,0.033416067837606,0.01105665790102797,0.019286748885545133,0.0,0.0,0.0,21.829067453868895,DECLINING,0.0,5034164,RECONSIDER,7,22.12
S00053,Song_00053,A0182,English,Classical,414947,297768,0.17738642164369575,0.34525855109206716,0.5623055474554581,0.03200142392735284,0.010088390962091293,0.016311356492302732,0.0,0.0,0.0,19.870550485430428,DECLINING,0.0,5417502,RECONSIDER,5,36.91
S00054,Song_00054,A0233,Bengali,Devotional,499039,364891,0.21482305674845364,0.290281921853803,0.6169597967293138,0.053821552189557975,0.021444760216064524,0.03285090616101795,0.0,0.0,0.0,30.560939309226544,DECLINING,0.51,6341870,RECONSIDER,6,42.94
S00055,Song_00055,A0249,English,Devotional,382738,290525,0.19470269339987953,0.31690085646055527,0.5921674879421432,0.04083641683159797,0.011754582221839774,0.026892694260390673,0.0,0.0,0.0,24.32570782302949,DECLINING,0.0,5080086,RECONSIDER,6,12.51
S00056,Song_00056,A0022,English,Devotional,673448,497679,0.3813321438115733,0.1540118910442974,0.8433138119052993,0.16570721288219917,0.06294217758836519,0.10931745161037536,0.0,0.0,0.0,76.89508976372218,RISING,99.86,9135283,PROMOTE,5,38.28
S00057,Song_00057,A0273,Gujarati,Devotional,503092,384962,0.18424935448174107,0.3360001749183052,0.5647873549967004,0.029935422197515597,0.010367257027966396,0.017258846327689488,0.0,0.0,0.0,20.27496064809822,DECLINING,0.1,6613682,RECONSIDER,7,85.67
S00058,Song_00058,A0077,English,Classical,539670,385200,0.3826895119418484,0.21478125521151814,0.7427001686215651,0.1191926272066459,0.04535046728971963,0.0745508826583593,0.0,0.0,0.0,60.4194398778868,RISING,16.58,7341047,MAINTAIN,6,14.04
S00059,Song_00059,A0371,Hindi,Devotional,570059,412220,0.22418368832176994,0.32972727384358463,0.5988888869397729,0.04547329096113726,0.01611760710300325,0.026801222648100528,0.0,0.0,0.0,27.550590899694903,DECLINING,4.21,6001866,RECONSIDER,7,58.4
S00060,Song_00060,A0341,Hindi,Lo-Fi,527774,364109,0.3652093191873862,0.21953525562077708,0.7451788075956755,0.11437509097550459,0.04532708611981577,0.0755790161737282,0.0,0.0,0.0,59.305808464854934,STABLE,20.05,7542904,MAINTAIN,4,40.66
S00061,Song_00061,A0461,Malayalam,Rock,521469,368992,0.24177217934264159,0.27789379617963866,0.6596844683001291,0.07519404214725522,0.026279702540976498,0.048979381666811206,0.0,0.0,0.0,38.55759249603022,DECLINING,2.85,6034648,RECONSIDER,8,17.05
S00062,Song_00062,A0372,Hindi,Indie,397517,294270,0.2265606415876576,0.3115690649708063,0.6189169268232554,0.05291738879260543,0.016807693614707582,0.0331090495123526,0.0,0.0,0.0,30.059727097519858,DECLINING,0.13,5167459,RECONSIDER,6,1.23
S00063,Song_00063,A0183,Punjabi,Romantic,456871,344960,0.21651205936920223,0.2922663071195151,0.6300750102326478,0.06417265769944341,0.023933209647495363,0.03635783858998145,0.0,0.0,0.0,33.16481624477663,DECLINING,1.04,6234558,RECONSIDER,7,27.33
S00064,Song_00064,A0483,Hindi,Rock,382921,285694,0.2017193220718671,0.31979964535765865,0.6126459504702014,0.04791140170952138,0.014883056697025488,0.02887705027056921,0.0,0.0,0.0,27.224976495832667,DECLINING,0.0,4965811,RECONSIDER,5,6.18
S00065,Song_00065,A0206,English,Electronic,509103,364277,0.2558410220793517,0.3054156035222735,0.626989037581786,0.05414286380968329,0.01951262363531049,0.037913455968946706,0.0,0.0,0.0,33.06799066250095,DECLINING,0.4,6214722,RECONSIDER,2,37.68
S00066,Song_00066,A0163,Malayalam,Devotional,816008,578404,0.45878140538447176,0.15980358035705533,0.8449059322947814,0.1685050587478648,0.06308912109874759,0.10851411815962546,0.0,0.0,0.0,80.97911049435929,BREAKOUT,100.0,10246894,PROMOTE,4,81.02
S00067,Song_00067,A0452,Punjabi,Hip-Hop,525142,383778,0.18931778267644314,0.2947431361422244,0.6263734380415202,0.05897419862524689,0.02148116880071291,0.03622406703875678,0.0,0.0,0.0,30.570003907959823,DECLINING,0.5,7063183,RECONSIDER,8,71.97
S00068,Song_00068,A0185,Gujarati,Indie,547718,374174,0.251925574732611,0.2858606071007343,0.640727527669348,0.0669554806052799,0.022973269120783377,0.044134547028922375,0.0,0.0,0.0,36.14708741988524,DECLINING,10.39,7640667,RECONSIDER,5,94.74
S00069,Song_00069,A0039,Hindi,Folk,499206,343546,0.309425811972778,0.2606358897929913,0.6770391381513844,0.08275456561857801,0.030729509294242983,0.05184458558679187,0.0,0.0,0.0,44.71405728086213,STABLE,1.42,7150844,MAINTAIN,2,42.7
S00070,Song_00070,A0235,Punjabi,Romantic,545141,410450,0.27342672676330854,0.28781728029995907,0.6477058228971954,0.06460226580582287,0.021644536484346447,0.04381532464368376,0.0,0.0,0.0,36.94702414835139,DECLINING,13.52,7256192,RECONSIDER,4,70.78
S00071,Song_00071,A0398,Bengali,Pop,765677,513920,0.3932285180572852,0.17560668532553544,0.825993206012457,0.1521773816936488,0.057703533623910334,0.10267356787048568,0.0,0.0,0.0,73.50916421348748,RISING,99.99,9579473,PROMOTE,6,66.53
S00072,Song_00072,A0095,English,Rock,559371,402775,0.33137111290422694,0.23147070548884371,0.7272275466550823,0.10888213022158774,0.040993110297312396,0.06927440878902613,0.0,0.0,0.0,54.68043687189564,STABLE,9.8,7002742,MAINTAIN,5,21.7
S00073,Song_00073,A0232,Hindi,Devotional,455670,330699,0.2650144088733259,0.2873153817455615,0.6468387210042356,0.07055660887997847,0.02321144001040221,0.039531416786866606,0.0,0.0,0.0,37.046089938359955,DECLINING,1.26,6267173,RECONSIDER,7,30.36
S00074,Song_00074,A0065,Bengali,Rock,469811,343921,0.19215168599765645,0.3303541211253036,0.5706677791707729,0.02996618409460312,0.01186900480052105,0.017626140887006026,0.0,0.0,0.0,21.326296872500453,DECLINING,0.0,5817624,RECONSIDER,4,52.98
S00075,Song_00075,A0343,English,Folk,407512,286023,0.16212682196886263,0.3293007322483755,0.584645360136634,0.03517549287994322,0.010156525873793367,0.018474038801075437,0.0,0.0,0.0,20.682011916772623,DECLINING,0.0,6436051,RECONSIDER,7,79.67
S00076,Song_00076,A0238,Punjabi,Folk,418616,305339,0.15351461817848358,0.3440814493473732,0.5760147724883903,0.03311401425956068,0.00890485656925581,0.017370856654407067,0.0,0.0,0.0,19.26406572447251,DECLINING,0.0,5652693,RECONSIDER,6,46.18
S00077,Song_00077,A0165,Gujarati,Indie,508669,354923,0.23566238310844886,0.26013576608757366,0.6887779675977895,0.08984202207239317,0.03263806515779479,0.05797595534806141,0.0,0.0,0.0,43.36232620424427,STABLE,5.25,6711352,MAINTAIN,6,22.77
S00078,Song_00078,A0114,Hindi,Rock,566637,419643,0.14668182240618813,0.3412978679472043,0.5623053206903185,0.020924929046832665,0.006124253234296772,0.012446293635304294,0.0,0.0,0.0,16.00355380731201,DECLINING,1.77,6533995,RECONSIDER,6,99.35
S00079,Song_00079,A0282,English,Pop,634017,463552,0.46121686455888444,0.16267860325511777,0.853535473023594,0.16809117423719452,0.06639168852685351,0.10818203782962861,0.0,0.0,0.0,82.21076563040278,BREAKOUT,99.39,8533059,PROMOTE,4,11.56
S00080,Song_00080,A0335,Hindi,Folk,631812,445504,0.28840145094095676,0.2788899229517641,0.6781162750944901,0.0843292091653498,0.030466617583680505,0.05364261600344778,0.0,0.0,0.0,43.993902636044645,STABLE,64.09,8056295,MONITOR,6,95.59
S00081,Song_00081,A0470,English,Folk,463421,323011,0.1721489361043432,0.30438413451267854,0.5944400447972794,0.04165183229054119,0.013510375807635033,0.024593589691991914,0.0,0.0,0.0,23.612714551035904,DECLINING,0.0,6574625,RECONSIDER,5,80.9
S00082,Song_00082,A0219,Hindi,Classical,654158,483332,0.3110408580437463,0.24945349594440486,0.7111034337270201,0.10116441700528829,0.03876631383810714,0.06788708382643814,0.0,0.0,0.0,51.54024978255055,STABLE,91.81,8262441,PROMOTE,6,83.89
S00083,Song_00083,A0081,Tamil,Indie,613480,415024,0.2362538070087513,0.3068005476951164,0.615666362391602,0.05258250125293959,0.020577123250703575,0.03523892594163229,0.0,0.0,0.0,31.442704591688745,DECLINING,7.13,7149158,RECONSIDER,7,79.49
S00084,Song_00084,A0416,Hindi,Electronic,420681,297752,0.24751806872833768,0.3066385218253261,0.63178037515362,0.059267444047395146,0.018797522770627906,0.0317814825761036,0.0,0.0,0.0,32.63987837606432,DECLINING,0.22,5841983,RECONSIDER,5,20.82
S00085,Song_00085,A0315,Marathi,Devotional,565370,404889,0.2991733536845901,0.25345172188124593,0.691564815961229,0.08714240199165697,0.030791155106708257,0.055946197599836,0.0,0.0,0.0,45.70369426447959,STABLE,22.13,7664549,MAINTAIN,5,63.26
S00086,Song_00086,A0350,Hindi,Romantic,519470,370564,0.18286719702939302,0.31499797870906887,0.5885941440314166,0.03781263155622241,0.011266609816387992,0.02044721019850822,0.0,0.0,0.0,22.57785603762334,DECLINING,0.0,6231137,RECONSIDER,4,75.67
S00087,Song_00087,A0049,English,Devotional,759074,530324,0.39717795159185704,0.15985661477010146,0.8217617781665556,0.1543113266606829,0.05947119119632527,0.10220355857928361,0.0,0.0,0.0,74.08836035175399,RISING,99.99,9725873,PROMOTE,8,74.57
S00088,Song_00088,A0156,English,Lo-Fi,528491,361668,0.34080703849939725,0.22293284086200144,0.7518652162477696,0.11694703429664775,0.04232611124014289,0.07462092305650486,0.0,0.0,0.0,57.87082532711526,STABLE,18.91,7495889,MAINTAIN,3,27.16
S00089,Song_00089,A0384,Tamil,Electronic,506550,351739,0.2755054173691288,0.25011153884118054,0.6944171355246274,0.09669954142133798,0.03459951839289928,0.05709631289109254,0.0,0.0,0.0,46.61376621619593,STABLE,2.07,6505830,MAINTAIN,8,18.11
S00090,Song_00090,A0416,English,Classical,496281,375926,0.2782063491219017,0.26512600724186497,0.6978103131089041,0.08907604156137112,0.03324856487713007,0.05594186089815549,0.0,0.0,0.0,45.73908648720598,STABLE,2.8,6845319,MAINTAIN,6,32.81
S00091,Song_00091,A0218,English,Indie,386101,278452,0.1774991740048554,0.3287481772903981,0.5836141320535301,0.03393762659273412,0.011632166405700084,0.019339060233002456,0.0,0.0,0.0,21.695724151217377,DECLINING,0.0,5812544,RECONSIDER,6,47.98
S00092,Song_00092,A0402,Bengali,Hip-Hop,488805,358307,0.19114055823637272,0.31750084389480465,0.5740182690438927,0.039298701951120125,0.014914584420622538,0.023170074824103354,0.0,0.0,0.0,23.5694972518627,DECLINING,0.0,6025677,RECONSIDER,6,57.38
S00093,Song_00093,A0421,Punjabi,Devotional,565436,387148,0.2632843253742755,0.2985731364822898,0.6238106523107831,0.058354944362362715,0.020294564352650667,0.0315564073687582,0.0,0.0,0.0,33.287337922652135,DECLINING,7.67,7264526,RECONSIDER,5,83.7
S00094,Song_00094,A0194,Hindi,Hip-Hop,602862,424718,0.34152779020432383,0.2639592477217008,0.7077042507240463,0.09400590509467459,0.03403199299299771,0.058634199633639264,0.0,0.0,0.0,50.19841110887448,STABLE,70.71,8002618,MONITOR,4,76.9
S00095,Song_00095,A0449,Kannada,Rock,579109,431193,0.303170506014708,0.24475703192317855,0.7223579671529885,0.10670163940509238,0.03616246089338185,0.06458824702627362,0.0,0.0,0.0,51.28696631225096,STABLE,57.09,7757556,MONITOR,5,67.62
S00096,Song_00096,A0144,English,Hip-Hop,394682,282465,0.1867806630910024,0.33633152766024293,0.5681612031964974,0.02972757686793054,0.008500168162427203,0.01624626059865824,0.0,0.0,0.0,19.997256728637815,DECLINING,0.0,5432761,RECONSIDER,5,26.35
S00097,Song_00097,A0120,Hindi,Rock,591328,435886,0.2499850878440693,0.29074557605931056,0.6492352805887764,0.06752453623195055,0.024676176798520712,0.040921250051619,0.0,0.0,0.0,36.60750077668099,DECLINING,27.55,6701704,RECONSIDER,3,47.89
S00098,Song_00098,A0341,English,Rock,550095,401561,0.24583064590435824,0.2739690417109772,0.678735491142439,0.0795346161604339,0.030119956868321376,0.05272424363919803,0.0,0.0,0.0,41.31477580159522,STABLE,9.44,6996272,MAINTAIN,7,33.54
S00099,Song_00099,A0318,Hindi,Pop,420370,295825,0.19070058311501734,0.33691747746033257,0.5994266955301282,0.03847545001267642,0.013609397447815431,0.021485675652835292,0.0,0.0,0.0,24.177815929591585,DECLINING,0.0,5301103,RECONSIDER,6,23.49
S00100,Song_00100,A0070,Hindi,Electronic,416236,306627,0.22006868279701397,0.28393267281061707,0.655704936622493,0.07744262573093694,0.027058934797000916,0.04935312284958598,0.0,0.0,0.0,37.75094335409184,DECLINING,3.53,6079972,RECONSIDER,6,1.02
S00101,Song_00101,A0416,Tamil,Classical,485200,336313,0.3024325553873921,0.2601277823577906,0.6669888705688376,0.08021396734589505,0.02918412312339993,0.05018836619458659,0.0,0.0,0.0,43.142221321952896,STABLE,2.39,6695819,MAINTAIN,5,33.95
S00102,Song_00102,A0100,Hindi,Lo-Fi,664249,478518,0.3690498581035614,0.17549141963330017,0.8094058101705837,0.14206571121671493,0.05305547544710962,0.09063190935346215,0.0,0.0,0.0,68.36642662456983,RISING,99.51,8143882,PROMOTE,4,25.61
S00103,Song_00103,A0402,Telugu,Romantic,609352,434120,0.31342716299640655,0.24995076737255315,0.6917676482558521,0.09478945913572284,0.03634939648023588,0.06021146226849719,0.0,0.0,0.0,48.86192119721021,STABLE,77.97,7702376,MONITOR,6,57.19
S00104,Song_00104,A0004,Malayalam,Devotional,629519,430922,0.4328323919410009,0.14728387864385348,0.8636006220622412,0.1703231675337996,0.06420883593782634,0.11058613855871828,0.0,0.0,0.0,81.21076060856251,BREAKOUT,92.39,8624934,PROMOTE,5,6.23
S00105,Song_00105,A0398,Marathi,Romantic,473921,349976,0.2690555923834777,0.28046868570922157,0.6554024826922631,0.07020481404439162,0.02678183646878643,0.044123025578896836,0.0,0.0,0.0,38.87891137035593,DECLINING,0.89,6412845,RECONSIDER,8,27.05
S00106,Song_00106,A0393,Tamil,Indie,427515,314930,0.2099291906137872,0.2872250096487843,0.6233208191525443,0.054589908868637474,0.019883783697964626,0.03562696472231924,0.0,0.0,0.0,30.57698628439167,DECLINING,0.99,5790808,RECONSIDER,5,4.48
S00107,Song_00107,A0390,Tamil,Classical,502016,382716,0.2024373164435247,0.30484287353391126,0.6137852180010199,0.053927716635834407,0.018893905663729765,0.03221710093123883,0.0,0.0,0.0,29.15531183500716,DECLINING,0.23,6668214,RECONSIDER,7,64.14
S00108,Song_00108,A0332,Gujarati,Classical,540100,381795,0.2246781649838264,0.30236807998518794,0.6193760414738011,0.05972838827119266,0.021095090297148993,0.03630744247567412,0.0,0.0,0.0,31.96092020703023,DECLINING,0.34,6777293,RECONSIDER,2,56.82
S00109,Song_00109,A0236,English,Devotional,560692,416779,0.465385732006651,0.15838107196107667,0.8409929158967847,0.16817306054287764,0.06265190904532138,0.10835718690241111,0.0,0.0,0.0,80.97002445824604,BREAKOUT,76.63,9086506,PROMOTE,3,33.75
S00110,Song_00110,A0352,Hindi,Folk,449514,318723,0.2900951610018731,0.23308061595411933,0.7223512504616096,0.1017686204007869,0.037571810004298406,0.06552711915989747,0.0,0.0,0.0,50.594201074250805,STABLE,4.51,6738558,MAINTAIN,5,14.73
S00111,Song_00111,A0139,Punjabi,Rock,487857,353057,0.14786847449561968,0.3478826787357771,0.5613263722771222,0.030748576008973055,0.009788787646187442,0.01794327828084417,0.0,0.0,0.0,18.34379494443128,DECLINING,0.0,6719662,RECONSIDER,6,95.79
S00112,Song_00112,A0390,Punjabi,Folk,516773,369363,0.21871438124554976,0.29436135401810853,0.6336302399699675,0.06752435950541878,0.021986501084299184,0.04259495401542656,0.0,0.0,0.0,33.875795687823,DECLINING,1.56,7079037,RECONSIDER,4,58.44
S00113,Song_00113,A0278,Hindi,Romantic,493799,354592,0.1614447026441657,0.3376151025012201,0.5798087885961697,0.03591451583792077,0.0111339229311434,0.018333746954246007,0.0,0.0,0.0,20.715439258996973,DECLINING,0.0,5985375,RECONSIDER,8,67.91
S00114,Song_00114,A0229,Marathi,Hip-Hop,733335,561501,0.4564016804956714,0.15248010799975453,0.8524753352833289,0.16668536654431604,0.0647692524145104,0.10699357614679225,0.0,0.0,0.0,81.29562397948276,BREAKOUT,100.0,9717567,PROMOTE,6,53.13
S00115,Song_00115,A0253,Hindi,Rock,607530,432014,0.24493187720768309,0.2902852534031241,0.6248448636281336,0.060329063409982085,0.019622049285439824,0.034457216664274766,0.0,0.0,0.0,32.73905297128801,DECLINING,17.46,7382005,RECONSIDER,4,80.65
S00116,Song_00116,A0284,Malayalam,Lo-Fi,474895,336473,0.18124485471345397,0.3204518893650175,0.5766095663251877,0.03218386022058233,0.009709545788220749,0.019630104049953488,0.0,0.0,0.0,20.95566101644499,DECLINING,0.0,6431933,RECONSIDER,6,89.64
S00117,Song_00117,A0019,Hindi,Romantic,671593,495892,0.4491119033983206,0.15497034662362472,0.8485421974320757,0.17560275221217522,0.06409460124381922,0.10988884676502142,0.0,0.0,0.0,81.72646481036298,BREAKOUT,99.94,9182628,PROMOTE,6,38.27
S00118,Song_00118,A0070,Hindi,Rock,627771,449317,0.24137524286862058,0.2880700127912885,0.6456717497303953,0.0631024421510871,0.022596518716184788,0.03939089774034813,0.0,0.0,0.0,34.960036194979295,DECLINING,23.87,7164447,RECONSIDER,6,69.0
S00119,Song_00119,A0123,Hindi,Classical,593928,422153,0.4112797966614,0.19164107433897712,0.7668269554558802,0.12834920040838274,0.05190535185110612,0.08056557693537651,0.0,0.0,0.0,65.92844795486943,RISING,74.23,8097212,PROMOTE,6,22.99
S00120,Song_00120,A0058,Hindi,Folk,526178,407885,0.24402956715740956,0.2795802941210009,0.648383246733995,0.06894345219853636,0.022999129656643417,0.04203635828726234,0.0,0.0,0.0,36.11939043314531,DECLINING,11.51,6953375,RECONSIDER,8,65.19
S00121,Song_00121,A0220,Hindi,Classical,470339,343718,0.23286531400741306,0.3013571062574016,0.6279513287224746,0.05857999871988083,0.0197749317754671,0.035482575832513866,0.0,0.0,0.0,32.25637556469091,DECLINING,0.0,6326760,RECONSIDER,4,39.92
S00122,Song_00122,A0334,Hindi,Lo-Fi,294726,221908,0.1810570146186708,0.322669191045242,0.5870469520843088,0.04661391207166934,0.014627683544531969,0.026907547271842386,0.0,0.0,0.0,24.6640940174428,DECLINING,0.0,4554320,RECONSIDER,8,0.68
S00123,Song_00123,A0327,Hindi,Electronic,526093,374925,0.18831232913249316,0.33244122236942897,0.5753051266601152,0.028517703540708143,0.009615256384610256,0.01980662799226512,0.0,0.0,0.0,20.88044819201275,DECLINING,0.0,6651072,RECONSIDER,3,95.55
S00124,Song_00124,A0236,Hindi,Electronic,519531,370930,0.1641603537055509,0.3466761367464117,0.5583439679249169,0.02493192785700806,0.0069689698865014965,0.01433424096190656,0.0,0.0,0.0,17.435579508719137,DECLINING,0.0,6369764,RECONSIDER,6,86.84
S00125,Song_00125,A0427,English,Electronic,413861,311436,0.17921499120204473,0.3400344560130092,0.5652912451281952,0.0291231585301635,0.007706238199822756,0.016028975455631332,0.0,0.0,0.0,19.22824890009215,DECLINING,0.0,4956036,RECONSIDER,7,29.08
S00126,Song_00126,A0283,English,Romantic,591554,435426,0.2703605205017615,0.2721171693539389,0.6688028480916366,0.07960020761277461,0.030485088166531168,0.04772108234234979,0.0,0.0,0.0,41.6819614286337,STABLE,17.81,8231605,MAINTAIN,7,99.78
S00127,Song_00127,A0040,English,Classical,529548,376660,0.25584346625603993,0.2569776488628038,0.6971587089366781,0.09190251154887698,0.03200499123878299,0.06013911750650454,0.0,0.0,0.0,44.98385084685206,STABLE,6.34,6763652,MAINTAIN,5,31.71
S00128,Song_00128,A0382,English,Indie,351517,250037,0.19263948935557537,0.34193509844474096,0.5827570217087652,0.030011558289373172,0.010374464579242272,0.02172078532377208,0.0,0.0,0.0,21.938157937101057,DECLINING,0.0,5849935,RECONSIDER,7,45.88
S00129,Song_00129,A0287,Hindi,Hip-Hop,508020,372456,0.17382724402345512,0.3333648281563718,0.5740010235817488,0.0353947848873424,0.011327512511544988,0.020031896385076357,0.0,0.0,0.0,21.20430990379544,DECLINING,0.0,6305635,RECONSIDER,6,85.13
S00130,Song_00130,A0317,Hindi,Romantic,525448,409161,0.25354567028626873,0.28189849423729846,0.6551209634445273,0.06885064803341472,0.023675276969212608,0.0459745674685515,0.0,0.0,0.0,37.41203481073603,DECLINING,9.15,6380600,RECONSIDER,3,30.46
S00131,Song_00131,A0283,Hindi,Romantic,516586,376998,0.23891373429036758,0.2952131881235651,0.6360296252705261,0.06322049453843256,0.021936455896317753,0.04062355768465615,0.0,0.0,0.0,34.362750916151015,DECLINING,1.56,6369381,RECONSIDER,7,45.05
S00132,Song_00132,A0277,Telugu,Electronic,584999,446585,0.274068766304287,0.27908423775083374,0.6421361404036589,0.06610611641680755,0.023894667308575077,0.0422204059697482,0.0,0.0,0.0,37.252445059694104,DECLINING,34.75,6802486,RECONSIDER,8,66.56
S00133,Song_00133,A0046,Gujarati,Devotional,405765,272182,0.2540469244843524,0.2974406368218057,0.6154350424506796,0.0607350963693411,0.021048416133322555,0.0384963002696725,0.0,0.0,0.0,33.50086207521978,DECLINING,0.59,5894595,RECONSIDER,3,13.05
S00134,Song_00134,A0280,Malayalam,Hip-Hop,543112,403574,0.23784981193040186,0.30480453387146667,0.6409046384539469,0.06079182504323866,0.021765525033822793,0.03869178886647802,0.0,0.0,0.0,34.082368578204154,DECLINING,6.18,6463881,RECONSIDER,3,42.24
S00135,Song_00135,A0397,Punjabi,Electronic,468007,358052,0.23713594673399394,0.2555666902418126,0.6809599001724334,0.08304101080290013,0.032838805536625965,0.05056248813021572,0.0,0.0,0.0,41.77706562455401,STABLE,1.42,6691960,MAINTAIN,4,30.94
S00136,Song_00136,A0152,Punjabi,Devotional,557370,404622,0.26925624409943105,0.25899492258284446,0.680325457057251,0.08377201437390948,0.029709210077553866,0.05063985645862064,0.0,0.0,0.0,42.649812462052836,STABLE,5.34,7605644,MAINTAIN,8,67.68
S00137,Song_00137,A0301,English,Folk,523582,364803,0.3263926009380405,0.20907708821158863,0.7635976790645973,0.12410533904600565,0.04619479554718574,0.07835187758872597,0.0,0.0,0.0,59.66527017584517,STABLE,50.19,7843266,MONITOR,5,13.6
S00138,Song_00138,A0016,Telugu,Lo-Fi,394877,284613,0.17008710072976288,0.3188486541378708,0.5888821075929973,0.048873382452663795,0.015326074353595936,0.02671346705877806,0.0,0.0,0.0,24.579498924766334,DECLINING,0.0,5503134,RECONSIDER,8,23.27
S00139,Song_00139,A0174,Telugu,Folk,395515,283937,0.1719325061545343,0.3505682464634717,0.5665853381034853,0.03179226377682373,0.008695590923338627,0.013203633200322607,0.0,0.0,0.0,19.163402376054016,DECLINING,0.0,6269236,RECONSIDER,5,71.14
S00140,Song_00140,A0218,Bengali,Romantic,402568,296971,0.12825831478494534,0.3379578108543153,0.5655665626676736,0.024015812991840954,0.008084964525155655,0.01585003249475538,0.0,0.0,0.0,16.334551894331533,DECLINING,0.0,4871012,RECONSIDER,7,15.62
S00141,Song_00141,A0491,Kannada,Electronic,442497,328240,0.20146539117718743,0.31526993403345105,0.6085351991086945,0.04639592980745796,0.01701803558371923,0.02199000731172313,0.0,0.0,0.0,26.74507049473352,DECLINING,0.0,5566974,RECONSIDER,5,42.2
S00142,Song_00142,A0108,English,Rock,466991,356418,0.1832960175973155,0.3444841549408875,0.5731373838039705,0.03122176769972336,0.011012350666913568,0.02060501994848745,0.0,0.0,0.0,21.20206715811255,DECLINING,0.0,6135970,RECONSIDER,4,71.29
S00143,Song_00143,A0138,Telugu,Classical,565639,394028,0.2045666805404692,0.3176124701443854,0.6156187957336746,0.05768879368978854,0.020440171764443137,0.03292405615844559,0.0,0.0,0.0,30.139713820569092,DECLINING,7.13,7134625,RECONSIDER,6,76.55
S00144,Song_00144,A0204,Telugu,Devotional,439298,318590,0.19759879468909886,0.3155147530833284,0.599613474224786,0.040104836937756995,0.012436046329137763,0.023337204557581846,0.0,0.0,0.0,24.573259602636064,DECLINING,0.0,4776294,RECONSIDER,3,9.49
S00145,Song_00145,A0496,English,Devotional,785713,600321,0.46385683659242305,0.15376861525773405,0.8582154043524799,0.17163484202618265,0.0662378960589418,0.10611322942225909,0.0,0.0,0.0,82.66980790248344,BREAKOUT,100.0,10460822,PROMOTE,6,85.2
S00146,Song_00146,A0426,Malayalam,Classical,742390,507329,0.326062574778891,0.1948086585218012,0.7684936488907448,0.13040847260850455,0.04897216599090531,0.08691401437725815,0.0,0.0,0.0,61.93685280226611,RISING,95.03,9063616,PROMOTE,2,72.4
S00147,Song_00147,A0018,Hindi,Lo-Fi,479023,343419,0.22821684298189676,0.3019249597618486,0.6154610530183311,0.05835145987845751,0.018406087024887965,0.03298012049420679,0.0,0.0,0.0,30.872730549443975,DECLINING,0.0,6186384,RECONSIDER,4,33.93
S00148,Song_00148,A0117,Gujarati,Romantic,531106,396599,0.23351546524323058,0.2851219907137182,0.6309700888334908,0.06357555112342694,0.022534096152536945,0.034226006621297586,0.0,0.0,0.0,33.44863656678969,DECLINING,3.18,7227517,RECONSIDER,2,76.38
S00149,Song_00149,A0411,Telugu,Pop,535198,382294,0.1871386943033372,0.3361765178494688,0.5676310449590619,0.03138422261400911,0.009011389140295166,0.019103098662286093,0.0,0.0,0.0,20.536200909605892,DECLINING,0.0,5987328,RECONSIDER,6,72.83
S00150,Song_00150,A0030,Hindi,Pop,548586,398780,0.22384773559356036,0.2924227012719975,0.6311298501966874,0.053051808014444056,0.020133908420683085,0.03659160439339987,0.0,0.0,0.0,31.61786616068281,DECLINING,2.9,6864553,RECONSIDER,5,60.09
S00151,Song_00151,A0427,Marathi,Folk,589725,416644,0.3483717514232774,0.21493577514943407,0.7345542413836957,0.1129141425293536,0.04352636783441019,0.06703804686974972,0.0,0.0,0.0,56.63253615487642,STABLE,40.36,7859134,MAINTAIN,6,55.85
S00152,Song_00152,A0141,Hindi,Classical,508029,376564,0.26622300591665693,0.2778719325077899,0.6673693824565133,0.0757268352789964,0.02951955046154173,0.05216908679533891,0.0,0.0,0.0,41.222813566454846,STABLE,0.97,7649421,MAINTAIN,6,73.47
S00153,Song_00153,A0458,Telugu,Classical,589300,421103,0.28243446377727066,0.2831019854064144,0.6685542168674699,0.07424074395100486,0.02707413625645032,0.04624996734765604,0.0,0.0,0.0,40.796173031409,STABLE,22.61,8200069,MAINTAIN,4,99.93
S00154,Song_00154,A0147,Telugu,Devotional,510070,363698,0.2223135678502494,0.292812751191013,0.6407689140706178,0.06768802687944393,0.024789798129217097,0.04108903540849826,0.0,0.0,0.0,34.923673161441,DECLINING,1.49,7153681,RECONSIDER,4,57.86
S00155,Song_00155,A0217,Marathi,Classical,631021,455912,0.2558498131218305,0.29381747992539076,0.6319029002204364,0.06081656109073681,0.02120145993086385,0.036009142115145026,0.0,0.0,0.0,34.16432668975939,DECLINING,13.37,7183910,RECONSIDER,5,80.87
S00156,Song_00156,A0331,Bengali,Indie,787855,595012,0.36541952095083796,0.17780936847516357,0.8106745530586212,0.15024907060697937,0.056506423399864204,0.09921648639019046,0.0,0.0,0.0,70.6526398360847,RISING,99.93,9826787,PROMOTE,6,74.43
S00157,Song_00157,A0064,Hindi,Pop,691348,530383,0.3086147180433762,0.27089685657584894,0.6995811082117833,0.09251616284835676,0.03069102893569364,0.056930557729037316,0.0,0.0,0.0,47.12126333110935,STABLE,80.56,8204095,PROMOTE,8,85.58
S00158,Song_00158,A0278,Hindi,Romantic,793176,570851,0.48713762435381563,0.1472497907147972,0.8493688664306535,0.17427665012411295,0.06482602290264886,0.10905998237718774,0.0,0.0,0.0,83.589499457117,BREAKOUT,100.0,10625710,PROMOTE,3,95.45
S00159,Song_00159,A0253,English,Lo-Fi,501129,386845,0.2343600149930851,0.296490524395914,0.6362872633593346,0.06412904393232431,0.022794659359691865,0.03449960578526283,0.0,0.0,0.0,33.8764490795765,DECLINING,2.7,5985516,RECONSIDER,5,19.31
S00160,Song_00160,A0392,Hindi,Classical,402834,290175,0.23659860429051435,0.2802841865383756,0.6652442445275225,0.0752821573188593,0.02744895321788576,0.0472852588954941,0.0,0.0,0.0,38.69147537652947,DECLINING,0.21,6160450,RECONSIDER,6,16.55
S00161,Song_00161,A0498,English,Romantic,458131,331563,0.1818085853970437,0.3139298584902572,0.5877161772506118,0.040806724513893285,0.01565916582972165,0.025811082660007298,0.0,0.0,0.0,24.314727896253586,DECLINING,0.0,6095655,RECONSIDER,5,58.64
S00162,Song_00162,A0332,Hindi,Rock,483106,347306,0.2677293222691229,0.27107508497100014,0.6616353346884535,0.07743603623317766,0.02757510667826067,0.054528283415777444,0.0,0.0,0.0,40.952846554857274,STABLE,0.22,6920302,MAINTAIN,3,44.93
S00163,Song_00163,A0205,English,Rock,509039,380334,0.20136511592442433,0.3130251316696756,0.6222136221389717,0.050384661902433125,0.016588051554686144,0.024788738319477092,0.0,0.0,0.0,27.91499872559452,DECLINING,0.11,6134266,RECONSIDER,8,57.07
S00164,Song_00164,A0203,English,Hip-Hop,638758,455870,0.3625331783183802,0.24833974682117485,0.7078063992936292,0.09978283282514752,0.0360980103977011,0.06255072718099458,0.0,0.0,0.0,52.63934121439194,STABLE,86.95,8164013,PROMOTE,7,79.8
S00165,Song_00165,A0209,Kannada,Hip-Hop,596419,438756,0.27369426287047927,0.2656303705951688,0.6826157449712367,0.09349387814639572,0.034718613534629725,0.05958664952729991,0.0,0.0,0.0,45.9292019266688,STABLE,64.09,8179907,MONITOR,5,93.17
S00166,Song_00166,A0407,Hindi,Electronic,628486,442862,0.30195184956035964,0.24302689320048498,0.7233971798894486,0.11416423174713568,0.040448266051275564,0.06772312819794879,0.0,0.0,0.0,53.30400320877605,STABLE,70.85,7504796,MONITOR,7,41.74
S00167,Song_00167,A0161,Kannada,Romantic,473000,339329,0.1775710298854504,0.3160063424947146,0.6074207188160676,0.04786799831432032,0.015230056965363998,0.028579932749632362,0.0,0.0,0.0,25.855404439866874,DECLINING,0.0,6636632,RECONSIDER,2,71.79
S00168,Song_00168,A0084,English,Rock,446530,336101,0.21403685201769707,0.2828320605558417,0.6395113430228652,0.06220749120056174,0.02002374286300844,0.034439052546704714,0.0,0.0,0.0,32.18459718210727,DECLINING,0.79,5932068,RECONSIDER,6,19.68
S00169,Song_00169,A0167,English,Classical,468509,345370,0.23674899383270115,0.26991797382761057,0.6524122268729096,0.07773112893418653,0.028369574659061297,0.04865796102730405,0.0,0.0,0.0,38.68741578943576,DECLINING,1.56,7087963,RECONSIDER,6,53.46
S00170,Song_00170,A0012,Punjabi,Indie,395197,284280,0.1448712536935416,0.3502126787399702,0.5648524659853187,0.02503517658646405,0.007425777402560856,0.008403686506261433,0.0,0.0,0.0,16.364134676299575,DECLINING,0.0,4524333,RECONSIDER,4,2.18
S00171,Song_00171,A0053,English,Folk,414957,312610,0.15572758389047056,0.3406618035121711,0.578004467932822,0.03245897444099677,0.013214548478935415,0.023329388055404496,0.0,0.0,0.0,20.976550126607123,DECLINING,0.0,5848168,RECONSIDER,6,50.38
S00172,Song_00172,A0045,Hindi,Lo-Fi,555860,417777,0.23967810578370757,0.2830352966574317,0.6414312956499838,0.06780890283572337,0.02391467218157055,0.04121098097789012,0.0,0.0,0.0,35.61692179952206,DECLINING,14.58,6945048,RECONSIDER,4,54.53
S00173,Song_00173,A0386,Punjabi,Hip-Hop,586998,428101,0.23070723964671888,0.29832980691586686,0.6169135158893216,0.049670521675959645,0.019988273795202533,0.03146453757407715,0.0,0.0,0.0,30.459103815174085,DECLINING,8.36,6884533,RECONSIDER,8,73.54
S00174,Song_00174,A0361,Hindi,Indie,715668,508771,0.3363438560767025,0.22478299993851897,0.7260615257353968,0.10927509626138282,0.039799831358312485,0.07291296084092844,0.0,0.0,0.0,54.96088064698059,STABLE,91.8,7966045,PROMOTE,5,64.95
S00175,Song_00175,A0348,English,Pop,557112,438612,0.28890226441593025,0.2607985467913095,0.6812579876218785,0.08394663164710496,0.030427804072847984,0.053274876200377554,0.0,0.0,0.0,44.08345635972964,STABLE,14.33,6947581,MAINTAIN,5,35.84
S00176,Song_00176,A0231,Punjabi,Devotional,452954,325057,0.2141347517512313,0.2932858524265157,0.6349805940559086,0.06540083739159594,0.02136240720858188,0.031416028573450196,0.0,0.0,0.0,32.32574871595977,DECLINING,0.3,5536021,RECONSIDER,3,0.57
S00177,Song_00177,A0358,English,Romantic,450696,331095,0.25077696733565896,0.29850719775635903,0.6271278200827165,0.05984687174375934,0.019634848004349205,0.03990395505821592,0.0,0.0,0.0,33.59114371418954,DECLINING,1.24,5877618,RECONSIDER,6,11.55
S00178,Song_00178,A0081,Bengali,Pop,626480,450080,0.3422524884464984,0.22813497637594177,0.7075644872940876,0.10717428012797725,0.0394107714184145,0.06961206896551723,0.0,0.0,0.0,53.792670351541915,STABLE,85.78,8657893,PROMOTE,7,97.31
S00179,Song_00179,A0450,Hindi,Devotional,469690,325170,0.1344619737368146,0.33514019885456364,0.5549362345376738,0.021684042193314268,0.009416612848663776,0.017101823661469385,0.0,0.0,0.0,16.352854221017925,DECLINING,0.0,6310904,RECONSIDER,7,92.23
S00180,Song_00180,A0251,Gujarati,Romantic,418431,306625,0.1776045658377497,0.3301930306310957,0.5972525936175856,0.03609620872401142,0.011649408887077049,0.02365756216877293,0.0,0.0,0.0,22.944278482344025,DECLINING,0.0,5340526,RECONSIDER,6,32.51
S00181,Song_00181,A0469,Telugu,Classical,437057,334043,0.18601796774666735,0.317281269948771,0.591879320088684,0.043700960654766,0.013411447029274675,0.025329074400601122,0.0,0.0,0.0,24.413538704338933,DECLINING,0.0,5083895,RECONSIDER,3,25.89
S00182,Song_00182,A0077,Gujarati,Romantic,769687,582869,0.4937438772691634,0.14734431008968582,0.8483253582300337,0.17170925199315798,0.06492711055142751,0.11238889012797043,0.0,0.0,0.0,83.9483809120731,BREAKOUT,100.0,9117007,PROMOTE,8,43.64
S00183,Song_00183,A0249,Bengali,Electronic,435305,309754,0.18858190693259813,0.3221373519716061,0.5893454015000976,0.03906971338546072,0.01255189602071321,0.025885057174402912,0.0,0.0,0.0,23.821949181430387,DECLINING,0.0,6346649,RECONSIDER,7,68.99
S00184,Song_00184,A0348,Hindi,Electronic,453870,326259,0.2066824210213358,0.31654658823010995,0.6027078238262057,0.04432368149231132,0.015493825457688523,0.02557170836666575,0.0,0.0,0.0,26.500077298785815,DECLINING,0.0,5592796,RECONSIDER,7,35.68
S00185,Song_00185,A0248,Punjabi,Indie,344252,247625,0.20057344775365976,0.32064592217329163,0.5985789479799681,0.046618879353861685,0.016706713780918727,0.025623422513881878,0.0,0.0,0.0,26.52526419533504,DECLINING,0.0,5056831,RECONSIDER,7,6.73
S00186,Song_00186,A0223,Hindi,Folk,421526,300851,0.16372556514686673,0.3275385148247083,0.5697276087358787,0.03293656992996533,0.0101146414670385,0.017430555324728852,0.0,0.0,0.0,19.747321076684763,DECLINING,0.0,5299999,RECONSIDER,6,40.28
S00187,Song_00187,A0083,Telugu,Classical,462861,332508,0.19533063866132544,0.294766679413474,0.6261750287883403,0.051719056383605806,0.0181589615888941,0.03050452921433469,0.0,0.0,0.0,28.83520581291023,DECLINING,0.17,5975467,RECONSIDER,7,26.06
S00188,Song_00188,A0191,Punjabi,Romantic,537731,420143,0.3162209057392364,0.25136545968151364,0.7004338600527029,0.09516283741488017,0.035956805182997216,0.06162663664514225,0.0,0.0,0.0,49.47305857000718,STABLE,21.16,6689639,MAINTAIN,7,32.49
S00189,Song_00189,A0120,Hindi,Romantic,397052,304078,0.1607317859233486,0.3353036881819006,0.5748718052043561,0.03177474200698505,0.008836548517156782,0.020093528634100462,0.0,0.0,0.0,19.670266097751963,DECLINING,0.0,4953848,RECONSIDER,5,16.3
S00190,Song_00190,A0151,Malayalam,Hip-Hop,524559,382281,0.20895885487377086,0.29620118995194056,0.6067630142653162,0.051653103345444845,0.017764419366905496,0.027764916383498,0.0,0.0,0.0,28.24849317594723,DECLINING,0.16,6863984,RECONSIDER,3,65.88
S00191,Song_00191,A0342,Hindi,Hip-Hop,418488,294647,0.21716155263756293,0.3145657701057139,0.5959286765689816,0.04518966763618839,0.015082454598214135,0.028026757441955968,0.0,0.0,0.0,26.911298251661538,DECLINING,0.0,5773102,RECONSIDER,3,52.66
S00192,Song_00192,A0315,Punjabi,Rock,517758,367569,0.2609931740707187,0.270524067228319,0.6656005315224487,0.07737050730611124,0.026702469468317513,0.04693540532525866,0.0,0.0,0.0,39.890355148280975,DECLINING,0.94,6436725,RECONSIDER,7,27.09
S00193,Song_00193,A0303,Tamil,Hip-Hop,608340,412734,0.2607442081340524,0.2820774566854062,0.6613456290889963,0.07672738373867916,0.026772691370228766,0.04871418395382983,0.0,0.0,0.0,39.80083533568182,DECLINING,38.65,7115408,RECONSIDER,7,55.39
S00194,Song_00194,A0181,Hindi,Indie,580074,409777,0.2545799300595202,0.27927643714422645,0.6711074793905605,0.08142965564197112,0.027998155094112163,0.04759661962482033,0.0,0.0,0.0,40.59276004813998,STABLE,15.11,6922142,MAINTAIN,6,49.27
S00195,Song_00195,A0479,Punjabi,Romantic,782320,588113,0.4873298158687191,0.14754448307597914,0.8543933428775948,0.16649011329455393,0.06556053003419411,0.11119801806795633,0.0,0.0,0.0,83.45247675777176,BREAKOUT,100.0,10364031,PROMOTE,4,79.6
S00196,Song_00196,A0044,Telugu,Devotional,673894,494585,0.2729015234994996,0.2722802102407797,0.6691497475864157,0.08123780543283764,0.030933004438064234,0.04977506394249725,0.0,0.0,0.0,42.27674792120761,STABLE,58.23,8094739,MONITOR,6,95.6
S00197,Song_00197,A0171,Hindi,Rock,486648,343743,0.24506099033289405,0.2808662524042018,0.6475234666535155,0.06828066316986818,0.02292119403158755,0.04391362151374719,0.0,0.0,0.0,36.22144620631235,DECLINING,0.77,5970751,RECONSIDER,7,13.07
S00198,Song_00198,A0059,Punjabi,Devotional,736469,532770,0.3498432719560035,0.18365606698992082,0.8131231592911582,0.14969686731610263,0.056649210728832326,0.10013889670964957,0.0,0.0,0.0,70.07179664499145,RISING,99.78,9970555,PROMOTE,5,88.39
S00199,Song_00199,A0170,Hindi,Indie,515997,365786,0.22867195573368035,0.3026316044473127,0.6403874441130472,0.05928056295210861,0.02102868890553493,0.03883691557358674,0.0,0.0,0.0,33.30314102617872,DECLINING,0.76,7175270,RECONSIDER,5,70.48
S00200,Song_00200,A0480,Marathi,Lo-Fi,608932,442879,0.3027779596684422,0.2365502223565193,0.7252960921744956,0.10914945165609569,0.04071992575850289,0.06990622720878614,0.0,0.0,0.0,53.215060096542985,STABLE,80.13,7931305,PROMOTE,6,69.26
S00201,Song_00201,A0183,Hindi,Classical,530686,380857,0.3396497898161252,0.26466874950535724,0.6958465081046042,0.08817745242965207,0.03240061230330544,0.05817669098900637,0.0,0.0,0.0,48.56600861694796,STABLE,6.09,6829107,MAINTAIN,3,37.43
S00202,Song_00202,A0454,Malayalam,Hip-Hop,426241,296506,0.20967535226943132,0.32130179874765685,0.5708718776466835,0.03532474890895968,0.011618651899118398,0.023638644749178768,0.0,0.0,0.0,23.205743612562706,DECLINING,0.0,5357808,RECONSIDER,3,34.39
S00203,Song_00203,A0248,Kannada,Indie,397771,291593,0.2088698974255212,0.31536235673289403,0.6150976315518225,0.049654827104903064,0.01747984348046764,0.0301447565613715,0.0,0.0,0.0,28.589787476896447,DECLINING,0.0,4739584,RECONSIDER,8,0.56
S00204,Song_00204,A0350,Hindi,Devotional,550155,404917,0.15314990479530372,0.33732311803037324,0.5607219783515555,0.025385449363696758,0.006532202895902123,0.014793155140436188,0.0,0.0,0.0,16.99076591967933,DECLINING,1.03,6526537,RECONSIDER,2,98.22
S00205,Song_00205,A0229,English,Classical,627827,459313,0.2454230557375907,0.2986921556416019,0.6176876751079518,0.06271322605717669,0.020079989027090458,0.034209787225704474,0.0,0.0,0.0,32.747856077921476,DECLINING,18.96,7037938,RECONSIDER,4,60.65
S00206,Song_00206,A0133,Punjabi,Indie,506276,369645,0.2534025889704987,0.28133666221586645,0.6697433810806753,0.07755278713360116,0.031173152619405106,0.04562756157935316,0.0,0.0,0.0,40.66968031423202,STABLE,2.17,6729456,MAINTAIN,6,40.23
S00207,Song_00207,A0382,Tamil,Classical,472651,346025,0.18679575175204105,0.32893191805370137,0.5882035582279526,0.04071382125568962,0.012756303735279242,0.01725019868506611,0.0,0.0,0.0,23.089024570864414,DECLINING,0.0,5921181,RECONSIDER,6,54.38
S00208,Song_00208,A0484,English,Rock,456061,322717,0.2614302934149735,0.2984315694611028,0.6152115616112757,0.05924385762138344,0.019670485285869663,0.03465884970423002,0.0,0.0,0.0,33.024136957445855,DECLINING,0.49,5409963,RECONSIDER,6,4.05
S00209,Song_00209,A0132,Hindi,Rock,539523,405359,0.27672507579700956,0.2560335703945893,0.6893200104536785,0.09248098599019634,0.03405376468759791,0.05767233489326745,0.0,0.0,0.0,45.95421018973516,STABLE,6.85,6560664,MAINTAIN,5,17.37
S00210,Song_00210,A0389,Hindi,Lo-Fi,603963,446711,0.35667579262655275,0.21149639961388364,0.7402721689904845,0.11459981957014714,0.042875595183463136,0.07488734327115294,0.0,0.0,0.0,58.037748729439464,STABLE,82.17,8349144,PROMOTE,7,62.34
S00211,Song_00211,A0131,Gujarati,Devotional,612027,459555,0.190590897716269,0.29775810544306053,0.6408230355850314,0.060121204208419016,0.02147294665491617,0.04221257520862574,0.0,0.0,0.0,31.964155528059436,DECLINING,20.9,6607722,RECONSIDER,5,51.43
S00212,Song_00212,A0358,English,Pop,472786,353685,0.18425435062272927,0.3481130997956792,0.5642341355285478,0.03133296577462997,0.008306826696071364,0.015932256103595006,0.0,0.0,0.0,19.77220975030493,DECLINING,0.0,6140592,RECONSIDER,3,78.71
S00213,Song_00213,A0394,Kannada,Lo-Fi,467006,329328,0.18246550551425933,0.3339978501346878,0.5712945872215774,0.030100689889714812,0.010588228149443716,0.01812478744595054,0.0,0.0,0.0,20.63756330616005,DECLINING,0.0,5935881,RECONSIDER,4,65.87
S00214,Song_00214,A0225,English,Electronic,479804,352017,0.23868165457918225,0.2999912464256238,0.6278813848988337,0.05721314595601917,0.018234914791047024,0.035447151700059944,0.0,0.0,0.0,32.03608752434689,DECLINING,0.12,6944684,RECONSIDER,8,60.14
S00215,Song_00215,A0368,Malayalam,Pop,553159,416012,0.2647808236300876,0.3029074822971334,0.6177464345694457,0.052279741930521234,0.02132390411815044,0.031128909742988185,0.0,0.0,0.0,32.69848489864106,DECLINING,4.42,7427432,RECONSIDER,6,81.53
S00216,Song_00216,A0136,Hindi,Electronic,514802,367359,0.2671120076001949,0.2976911511610289,0.6438747324213969,0.06952599500760837,0.023932991977874504,0.03946003772876124,0.0,0.0,0.0,37.07666143855149,DECLINING,1.81,5699937,RECONSIDER,4,6.83
S00217,Song_00217,A0040,Hindi,Indie,470991,352549,0.23355335003077587,0.28558719805686306,0.6463393143393398,0.06544622165996783,0.01917747603879177,0.03816490757313168,0.0,0.0,0.0,33.909729108627445,DECLINING,0.83,7163546,RECONSIDER,3,69.09
S00218,Song_00218,A0049,Malayalam,Lo-Fi,507199,379987,0.23737127849110629,0.2624354543285771,0.6612000417981897,0.07090505727827531,0.024140299536563093,0.04600157373804893,0.0,0.0,0.0,37.215014938427295,DECLINING,2.16,7374011,RECONSIDER,4,71.56
S00219,Song_00219,A0224,Malayalam,Classical,467070,332169,0.25490638801333054,0.29601558652878585,0.6494015886269724,0.06611393597837245,0.025170922030653072,0.04538051413587662,0.0,0.0,0.0,37.249967543184475,DECLINING,1.16,6089375,RECONSIDER,6,27.52
S00220,Song_00220,A0451,English,Indie,523752,385124,0.23346766236329078,0.2807531045227512,0.6398180818402602,0.06396900738463455,0.023184740499163907,0.045195833030400596,0.0,0.0,0.0,35.064557745951554,DECLINING,3.34,6134257,RECONSIDER,5,19.56
S00221,Song_00221,A0064,English,Rock,458219,347701,0.21791711844372033,0.2971243008255878,0.6303645200220855,0.06455258972507988,0.020828240355938003,0.036649305006312895,0.0,0.0,0.0,32.57304457773478,DECLINING,0.08,5890006,RECONSIDER,8,21.39
S00222,Song_00222,A0228,English,Rock,476940,340525,0.2884164158285001,0.28690401308340674,0.6512160858808236,0.07476690404522429,0.02446222744291902,0.04503927758608032,0.0,0.0,0.0,39.60441335179945,DECLINING,1.66,6098196,RECONSIDER,4,19.81
S00223,Song_00223,A0352,English,Devotional,449647,328048,0.20871335902063112,0.3197797383280662,0.6185719019586475,0.05280324830512608,0.016589035750865726,0.03000475540164854,0.0,0.0,0.0,28.822129409448383,DECLINING,0.0,6330839,RECONSIDER,5,52.38
S00224,Song_00224,A0101,Hindi,Folk,643818,484012,0.3652533408262605,0.18337480468082595,0.7915761907868373,0.13926927431551284,0.05443460079502161,0.09208862590183714,0.0,0.0,0.0,67.54908453327432,RISING,99.31,8088027,PROMOTE,5,13.56
S00225,Song_00225,A0361,Kannada,Folk,525510,385648,0.2360261170808613,0.30596753629807233,0.6108884702479496,0.05219785918765299,0.0179541965730407,0.03409067336016264,0.0,0.0,0.0,30.444144674288637,DECLINING,0.41,6864101,RECONSIDER,7,65.93
S00226,Song_00226,A0153,Hindi,Electronic,402555,293118,0.31239978438717514,0.26279390393859225,0.6534908273403635,0.08093327601853179,0.029298780695828985,0.04639087330017263,0.0,0.0,0.0,42.749068012012664,STABLE,3.18,6160839,MAINTAIN,5,10.51
S00227,Song_00227,A0404,Tamil,Devotional,494134,362287,0.253572443946374,0.27238360444737664,0.6605151639029089,0.07563340666377762,0.02689580360322065,0.04720290819157188,0.0,0.0,0.0,39.19603627010632,DECLINING,0.42,5947395,RECONSIDER,7,2.69
S00228,Song_00228,A0290,Hindi,Indie,523738,376538,0.2946156828792844,0.25085825355425806,0.6901656935337898,0.0934009316456772,0.03235264435462025,0.05897412744530432,0.0,0.0,0.0,46.671879742093935,STABLE,8.53,6762439,MAINTAIN,8,31.93
S00229,Song_00229,A0273,Hindi,Rock,514016,382726,0.3032378254939565,0.23756653489385546,0.7131120432048808,0.10365378887245706,0.03828064986439385,0.0661987949603633,0.0,0.0,0.0,51.220761441256144,STABLE,2.05,6862915,MAINTAIN,7,19.19
S00230,Song_00230,A0089,Marathi,Electronic,708634,506800,0.36727900552486187,0.25400982735798733,0.6980867415337113,0.09705998421468034,0.03292028413575375,0.06016574585635359,0.0,0.0,0.0,51.18294331409628,STABLE,84.93,8311798,PROMOTE,5,98.87
S00231,Song_00231,A0232,English,Rock,518311,392619,0.23567377024545424,0.29242095961690956,0.6361122955136974,0.06454348872571118,0.02320315624052835,0.038286481296116594,0.0,0.0,0.0,34.42038337673727,DECLINING,2.18,6215631,RECONSIDER,4,30.3
S00232,Song_00232,A0428,Marathi,Hip-Hop,507610,381257,0.22095069729867256,0.29660566182699316,0.6355075747128701,0.06771023220557262,0.022855973791956606,0.04276118208977147,0.0,0.0,0.0,34.31160984539254,DECLINING,3.09,6122437,RECONSIDER,5,22.21
S00233,Song_00233,A0010,Hindi,Folk,474033,339642,0.21951348773119933,0.3000888123822603,0.6368691631173358,0.058358506898440125,0.02098385947556545,0.03707433120756561,0.0,0.0,0.0,32.43047117485782,DECLINING,0.32,6163888,RECONSIDER,3,19.68
S00234,Song_00234,A0379,Malayalam,Indie,529081,394058,0.2973267894573895,0.2599734256191396,0.7051321064260482,0.09644011795217963,0.034355348705012966,0.05771231646102858,0.0,0.0,0.0,48.148452916453614,STABLE,2.27,7041847,MAINTAIN,7,37.39
S00235,Song_00235,A0246,Tamil,Rock,557592,391493,0.2299938951654308,0.28115360335155454,0.6242754558888937,0.06521955692694378,0.023055329214060023,0.0384630121100505,0.0,0.0,0.0,33.64214130932732,DECLINING,14.24,6851910,RECONSIDER,4,60.58
S00236,Song_00236,A0360,Kannada,Folk,656884,485905,0.284845803191982,0.2511767678920479,0.6862490180914743,0.08986530288842469,0.031090439489200563,0.05384591638283204,0.0,0.0,0.0,44.897756629731624,STABLE,68.1,7556490,MONITOR,7,78.19
S00237,Song_00237,A0331,Hindi,Lo-Fi,523013,384170,0.2501965275789364,0.26150975214765215,0.6834285189851877,0.0875211494911107,0.029091287711169533,0.0513132207095817,0.0,0.0,0.0,42.140551586368545,STABLE,3.92,6706254,MAINTAIN,5,36.46
S00238,Song_00238,A0216,English,Rock,733811,542997,0.4743598951743748,0.16265632431239108,0.8381585994213769,0.16360679709096,0.06190089448008,0.1035714746121986,0.0,0.0,0.0,80.21446436739103,BREAKOUT,100.0,9742177,PROMOTE,2,62.6
S00239,Song_00239,A0155,English,Indie,406135,291112,0.20300090686745995,0.31918450761446315,0.6022554076846369,0.04535711341339416,0.015506059523482371,0.027199153590370718,0.0,0.0,0.0,26.552903966084177,DECLINING,0.0,6024219,RECONSIDER,6,48.21
S00240,Song_00240,A0314,Punjabi,Classical,604858,441916,0.27231193258447306,0.2593253292508324,0.6792106577080902,0.08971614514975697,0.03178432100218141,0.05184016871984721,0.0,0.0,0.0,43.92501317357378,STABLE,68.85,8118664,MONITOR,7,84.65
S00241,Song_00241,A0070,Hindi,Electronic,442844,329623,0.17037039284273245,0.3275577855858948,0.5650341881113891,0.02911507995497887,0.0077603807986699955,0.01559053828161263,0.0,0.0,0.0,18.756147232815255,DECLINING,0.0,5784555,RECONSIDER,4,56.9
S00242,Song_00242,A0292,Hindi,Lo-Fi,357847,263369,0.1606225485915199,0.33713011426671174,0.5654791014036725,0.024224567052310637,0.006906659477766935,0.01574976553808535,0.0,0.0,0.0,17.641067227119056,DECLINING,0.0,5039625,RECONSIDER,7,28.99
S00243,Song_00243,A0048,English,Indie,643508,443738,0.3434864717468416,0.22354345245125157,0.7325363476444737,0.11821390099563256,0.04510093794085699,0.07627699227922784,0.0,0.0,0.0,58.04222919969378,STABLE,89.74,8293790,PROMOTE,8,70.36
S00244,Song_00244,A0325,Hindi,Electronic,480987,353029,0.18629347730639692,0.33291960073764987,0.5772837935328814,0.036082021590294285,0.011415492778213687,0.021426001829878,0.0,0.0,0.0,22.180967197163003,DECLINING,0.0,6480020,RECONSIDER,6,82.01
S00245,Song_00245,A0314,English,Indie,454343,331857,0.18477537011423595,0.3393867628641797,0.5804513330237288,0.032821365829257786,0.009115371982510539,0.018586318805991736,0.0,0.0,0.0,21.1293576033374,DECLINING,0.0,5682622,RECONSIDER,6,46.54
S00246,Song_00246,A0043,Hindi,Folk,474993,334296,0.18527293177303947,0.3357691587033914,0.548909141818932,0.02836408452389499,0.009623208174791203,0.017714839543398666,0.0,0.0,0.0,19.304377700753765,DECLINING,0.0,6777507,RECONSIDER,5,98.72
S00247,Song_00247,A0378,Hindi,Classical,538457,395436,0.21014272853255647,0.3176019626451137,0.5979790401090523,0.04375929353928322,0.013870765433597346,0.022547264285497526,0.0,0.0,0.0,25.7300461550223,DECLINING,0.0,6956459,RECONSIDER,4,87.91
S00248,Song_00248,A0208,Marathi,Rock,422442,305968,0.2232324949014276,0.29951567315749855,0.6207455698060326,0.05772825916435706,0.019234037546410083,0.03455590127072112,0.0,0.0,0.0,31.156418967079823,DECLINING,0.0,5926744,RECONSIDER,8,19.7
S00249,Song_00249,A0393,English,Classical,639404,455408,0.2796810771879282,0.2568657687471458,0.669756523262288,0.08416848188876787,0.029487843867477076,0.050666654955556334,0.0,0.0,0.0,42.657893805852204,STABLE,75.08,7860252,MONITOR,1,78.68
S00250,Song_00250,A0021,English,Lo-Fi,485611,365100,0.22461791290057517,0.29482239899837526,0.6376132336376236,0.06827170638181321,0.02445357436318817,0.04218296357162421,0.0,0.0,0.0,34.96800749122824,DECLINING,0.95,6902930,RECONSIDER,6,60.1
S00251,Song_00251,A0090,Punjabi,Devotional,564744,403448,0.2589057325851163,0.28145673083733513,0.6429391016106413,0.06801867898713093,0.023252067180900636,0.04589686898931213,0.0,0.0,0.0,36.92216263508607,DECLINING,14.6,6902678,RECONSIDER,4,53.48
S00252,Song_00252,A0247,Telugu,Romantic,517104,374079,0.23742845762526096,0.27515934898975836,0.6595733160060645,0.07373843492952023,0.025497288006009425,0.045517123388375186,0.0,0.0,0.0,37.69335418652405,DECLINING,2.97,6976150,RECONSIDER,6,51.39
S00253,Song_00253,A0094,English,Pop,530589,376660,0.23167312695799927,0.31242449428842284,0.6012978030076009,0.04606807200127436,0.01493389263526788,0.025691605161153295,0.0,0.0,0.0,27.700991897971015,DECLINING,0.07,6598551,RECONSIDER,3,85.34
S00254,Song_00254,A0165,Punjabi,Indie,426672,299192,0.18370143586726917,0.31727650279371505,0.5998940638242022,0.03883125217251798,0.013653439931548971,0.024943848766009788,0.0,0.0,0.0,24.22307560781556,DECLINING,0.0,5993113,RECONSIDER,7,61.09
S00255,Song_00255,A0330,Gujarati,Folk,539405,412140,0.2689620032027952,0.281710403129374,0.6669404250980246,0.07383898675207454,0.029075071577619255,0.04681418935313243,0.0,0.0,0.0,40.55271999249681,STABLE,5.77,7148616,MAINTAIN,4,53.77
S00256,Song_00256,A0073,Punjabi,Classical,447327,327331,0.24638363002587596,0.2917597193999021,0.6291661357351557,0.06256969245198285,0.021546996770852745,0.037882143762735576,0.0,0.0,0.0,34.00052551581016,DECLINING,0.59,5488177,RECONSIDER,7,4.89
S00257,Song_00257,A0339,Kannada,Indie,441122,311110,0.17791134968339173,0.31912260100380396,0.5879053867184135,0.04022050078750281,0.01327504741088361,0.023962585580662787,0.0,0.0,0.0,23.33920845008023,DECLINING,0.0,5788762,RECONSIDER,6,44.83
S00258,Song_00258,A0052,Telugu,Electronic,615808,445436,0.24441895131960595,0.28725999012679276,0.6507028164622739,0.06592866315250676,0.022959527294605736,0.04307914043768353,0.0,0.0,0.0,36.04199447130281,DECLINING,29.06,7623502,RECONSIDER,6,90.8
S00259,Song_00259,A0088,Hindi,Indie,692997,523508,0.2826126821366627,0.25782506994979776,0.686320431401579,0.0926709811502403,0.03542448252939783,0.0585950931026842,0.0,0.0,0.0,46.53218343648087,STABLE,88.47,7997156,PROMOTE,3,71.17
S00260,Song_00260,A0294,English,Lo-Fi,564737,413649,0.285229747926382,0.24807476754666333,0.7175180659315752,0.10382474029914252,0.03790169926676965,0.06442418572267793,0.0,0.0,0.0,50.30773337729246,STABLE,22.71,6300767,MAINTAIN,5,5.1
S00261,Song_00261,A0396,Tamil,Devotional,634171,470480,0.24744728787621154,0.2800553793850554,0.6474830920997648,0.06425777928923652,0.024725811936745452,0.04316867879612311,0.0,0.0,0.0,36.30740559063639,DECLINING,66.21,7901294,MONITOR,6,88.4
S00262,Song_00262,A0086,Gujarati,Electronic,542945,392115,0.24777935044566007,0.27634106585381574,0.6591293777454438,0.07255269500019126,0.026867118064853424,0.04192137510679265,0.0,0.0,0.0,38.05571192227835,DECLINING,37.11,7936376,RECONSIDER,5,82.67
S00263,Song_00263,A0150,English,Electronic,452145,324395,0.180104502227223,0.34311338176912276,0.5761116456004158,0.031104055241295333,0.008366343500978745,0.017546509656437368,0.0,0.0,0.0,20.260705024361936,DECLINING,0.0,5722768,RECONSIDER,6,54.67
S00264,Song_00264,A0462,Hindi,Devotional,479369,334370,0.23556838233095073,0.29742015023916857,0.6390463296541913,0.06129138379639322,0.02200257200107665,0.039519095612644675,0.0,0.0,0.0,34.06622802772252,DECLINING,0.83,5676125,RECONSIDER,6,2.24
S00265,Song_00265,A0494,Punjabi,Pop,658609,475946,0.3691721329730684,0.18749819695752715,0.7922561033936676,0.13188681068860753,0.050270408827892236,0.08481634471137482,0.0,0.0,0.0,65.3965798235556,RISING,96.09,8925050,PROMOTE,5,56.24
S00266,Song_00266,A0290,Hindi,Classical,426606,304389,0.25693766857540845,0.2891426749740979,0.6386126777401162,0.06839603270814648,0.022697929294422596,0.03875304298118526,0.0,0.0,0.0,35.868832073569926,DECLINING,0.2,5672253,RECONSIDER,4,5.46
S00267,Song_00267,A0224,Telugu,Romantic,462860,332777,0.31571292487161073,0.25658514453614484,0.6833534978179147,0.08784260931494664,0.03279673775531362,0.05430363276308158,0.0,0.0,0.0,46.52276669738177,STABLE,2.47,7035903,MAINTAIN,5,32.04
S00268,Song_00268,A0174,Punjabi,Indie,554922,409289,0.24919311293486998,0.2837551944237208,0.6647384677486206,0.07595855251423811,0.027997331958591606,0.04689840186274246,0.0,0.0,0.0,39.44241750372375,DECLINING,10.21,7273000,RECONSIDER,5,62.89
S00269,Song_00269,A0306,Tamil,Romantic,563420,413833,0.17049872774766633,0.3343101061375173,0.5713410954527706,0.03043498222713027,0.009936375301148048,0.018645202291745704,0.0,0.0,0.0,19.98134277419056,DECLINING,1.21,6879611,RECONSIDER,6,91.29
S00270,Song_00270,A0295,Bengali,Indie,647275,448416,0.3737913009348462,0.2283156309142173,0.7373558379359623,0.11728172054520802,0.041853992721044744,0.07910065653321915,0.0,0.0,0.0,59.144766071376225,STABLE,93.37,8105120,PROMOTE,5,35.78
S00271,Song_00271,A0148,Marathi,Rock,582675,415804,0.2263109541995748,0.3037353584759943,0.6078070965804265,0.046444959644447864,0.016257659858972016,0.02818876201287145,0.0,0.0,0.0,28.322527972997847,DECLINING,2.73,6800400,RECONSIDER,3,86.0
S00272,Song_00272,A0012,Marathi,Pop,624100,457995,0.31519339730783086,0.2514885435026438,0.7171639160390963,0.10034389021714211,0.03787595934453433,0.06846362951560607,0.0,0.0,0.0,51.78604192833713,STABLE,85.77,8519029,PROMOTE,7,91.84
S00273,Song_00273,A0076,Telugu,Romantic,457264,324969,0.3023673027273371,0.25480685118443613,0.691357727702159,0.08687905615612566,0.033233939237281095,0.05500216943770021,0.0,0.0,0.0,46.31725231824584,STABLE,3.04,6473688,MAINTAIN,3,2.1
S00274,Song_00274,A0479,Bengali,Indie,481476,338968,0.20969531047178494,0.2942971196902857,0.6450601899160082,0.06177574284298223,0.022733709376696325,0.039493403507115714,0.0,0.0,0.0,33.299657817430045,DECLINING,0.44,6129362,RECONSIDER,3,23.94
S00275,Song_00275,A0209,Bengali,Pop,534593,368841,0.22789765779834673,0.28097262777477444,0.6705306653846945,0.07615747707006543,0.027027906333623432,0.0469579032699727,0.0,0.0,0.0,38.465485870754,DECLINING,4.59,7535151,RECONSIDER,4,70.99
S00276,Song_00276,A0241,Hindi,Folk,549347,392293,0.22936172707644542,0.3079001068541377,0.6117408486803423,0.0478264970315555,0.01840461083934712,0.03078821187224855,0.0,0.0,0.0,29.537450536348203,DECLINING,2.42,7342545,RECONSIDER,5,75.68
S00277,Song_00277,A0234,Punjabi,Electronic,480207,345277,0.2421360241197647,0.26937966335351216,0.6629724264744162,0.07560017029805055,0.028145517946460377,0.046412011225769455,0.0,0.0,0.0,38.97184484331553,DECLINING,0.17,6790187,RECONSIDER,6,39.24
S00278,Song_00278,A0391,Hindi,Electronic,570355,406840,0.26642168911611447,0.26673212297604126,0.6802728125465719,0.09188132926949169,0.034448431815947304,0.0572903352669354,0.0,0.0,0.0,45.033334205452206,STABLE,32.33,7401916,MAINTAIN,5,65.68
S00279,Song_00279,A0033,Bengali,Romantic,592495,407151,0.27160684856478307,0.27685128144541304,0.6570587093561971,0.06894248079950682,0.026678062929969472,0.04476963092317101,0.0,0.0,0.0,38.99349684530193,DECLINING,22.55,7160992,RECONSIDER,6,61.22
S00280,Song_00280,A0042,Marathi,Electronic,624020,444239,0.2838449573315265,0.26820133970065063,0.6759879491041954,0.08769153541224431,0.03057813474278485,0.05244699362280214,0.0,0.0,0.0,43.91322021143414,STABLE,48.18,7665464,MAINTAIN,7,73.98
S00281,Song_00281,A0138,English,Devotional,542858,386211,0.2847536709208179,0.29837084467761366,0.6558400170947098,0.06753821097793693,0.021304416497717568,0.03964154309431891,0.0,0.0,0.0,37.69186969732295,DECLINING,9.01,7175679,RECONSIDER,6,71.87
S00282,Song_00282,A0243,Hindi,Rock,535047,375834,0.3219400054279283,0.22103478759809886,0.7498070262986243,0.12321929362431286,0.04636089337313814,0.0715422234284285,0.0,0.0,0.0,58.1330093180021,STABLE,29.15,7221682,MAINTAIN,6,8.59
S00283,Song_00283,A0335,English,Pop,498259,370173,0.3182538975019788,0.22315101182316827,0.7333595579808895,0.11274188014793084,0.040918705578202624,0.07020231081143141,0.0,0.0,0.0,54.76464948025772,STABLE,16.31,7181813,MAINTAIN,8,15.83
S00284,Song_00284,A0245,Tamil,Indie,399620,292991,0.146751948012055,0.3107677293428757,0.581935338571643,0.03288155608875358,0.012177848466335144,0.01999378820509845,0.0,0.0,0.0,20.205799832199034,DECLINING,0.08,4791017,RECONSIDER,5,13.27
S00285,Song_00285,A0221,Hindi,Electronic,670964,504194,0.2533231256222803,0.28397052598947187,0.6535328273946143,0.06865611252811418,0.02418711845043773,0.04564909538788641,0.0,0.0,0.0,37.40034062862695,DECLINING,70.24,7749665,MONITOR,2,93.25
S00286,Song_00286,A0468,Hindi,Pop,626054,479781,0.325554784370369,0.2578355860676555,0.688095595587601,0.09149799596065705,0.03471375481730206,0.05688011822060482,0.0,0.0,0.0,48.26920286814465,STABLE,83.93,8289517,PROMOTE,8,91.35
S00287,Song_00287,A0081,Kannada,Pop,735198,536223,0.3196319441724805,0.18433401614259015,0.794138449778155,0.14148777654073025,0.05351877856787195,0.09700441793805935,0.0,0.0,0.0,65.89312280423917,RISING,99.83,9743318,PROMOTE,1,79.74
S00288,Song_00288,A0286,Telugu,Rock,365473,273724,0.16913021876050327,0.34113053495059825,0.5618937650660925,0.02509096754394938,0.0052644269410062694,0.011566395347137994,0.0,0.0,0.0,17.19638809427361,DECLINING,0.0,4696637,RECONSIDER,5,11.67
S00289,Song_00289,A0271,Hindi,Indie,443396,318582,0.17511033266160675,0.32316935651201184,0.5902421311874713,0.03802160825156475,0.011711270567703134,0.021234721359022168,0.0,0.0,0.0,22.474250638745865,DECLINING,0.0,6094681,RECONSIDER,5,57.43
S00290,Song_00290,A0237,Hindi,Classical,370318,282981,0.19557143412455252,0.34259204251481157,0.5696428474986364,0.028864128687085,0.01040352532502182,0.01581378255077196,0.0,0.0,0.0,20.823467216055366,DECLINING,0.0,5037229,RECONSIDER,6,18.72
S00291,Song_00291,A0403,Gujarati,Classical,562809,412912,0.28849004146161894,0.25888711800983993,0.6978797425058946,0.09438330685472934,0.0350147246871004,0.0608047235246251,0.0,0.0,0.0,47.626382744201194,STABLE,17.94,7032384,MAINTAIN,4,36.84
S00292,Song_00292,A0134,Tamil,Hip-Hop,634001,476984,0.4470380557838418,0.18563850845661126,0.8013520483406178,0.14198589470506348,0.05239588749308153,0.09421699679653825,0.0,0.0,0.0,71.96798742961408,RISING,99.49,8296142,PROMOTE,3,26.71
S00293,Song_00293,A0476,Marathi,Pop,461261,348514,0.21832408454179747,0.32479875818679665,0.5880184971198519,0.03500576734363613,0.012604945568901106,0.02592148378544334,0.0,0.0,0.0,24.835968446548534,DECLINING,0.11,6543140,RECONSIDER,6,82.89
S00294,Song_00294,A0166,English,Pop,349245,233976,0.15784524908537628,0.33457028733410643,0.5720740454408796,0.03374705097958765,0.009740315246008137,0.018523267343659177,0.0,0.0,0.0,19.659428605715075,DECLINING,0.0,5159683,RECONSIDER,5,14.45
S00295,Song_00295,A0272,Hindi,Pop,622927,469550,0.2537599829624108,0.2998264644171789,0.6452200659146257,0.06787988499627302,0.022721754871685658,0.041588755191140456,0.0,0.0,0.0,36.23799064604901,DECLINING,23.56,7126369,RECONSIDER,6,64.62
S00296,Song_00296,A0260,Hindi,Devotional,668771,485178,0.35348470046044955,0.2310970421863388,0.7317915998151834,0.11605019188833789,0.04266887616503634,0.07452522579342015,0.0,0.0,0.0,57.54703754043285,STABLE,94.82,8734908,PROMOTE,3,98.39
S00297,Song_00297,A0425,Tamil,Electronic,514381,360994,0.2272641650553749,0.28530991619052803,0.6320606709812376,0.06551078411275534,0.021313373629478605,0.038784578137032746,0.0,0.0,0.0,33.513224577928916,DECLINING,1.6,7152856,RECONSIDER,3,68.71
S00298,Song_00298,A0220,Hindi,Classical,490785,392169,0.2886867651446188,0.24179019326181525,0.7059425206556843,0.10143076071795577,0.03515066208700841,0.06228182237759741,0.0,0.0,0.0,48.85814095456931,STABLE,1.94,6298416,MAINTAIN,6,7.92
S00299,Song_00299,A0142,Hindi,Pop,489554,348091,0.17819765521085004,0.3430387658971227,0.5735342781388775,0.03100913266933072,0.009161397450666636,0.013821098505850482,0.0,0.0,0.0,19.882875972723916,DECLINING,0.0,6524036,RECONSIDER,8,90.78
S00300,Song_00300,A0011,Tamil,Classical,444564,326487,0.218060749738887,0.308407788304946,0.6220791607057702,0.05713856907013143,0.020726705810644834,0.03331219926061375,0.0,0.0,0.0,31.14804681738555,DECLINING,0.21,6701966,RECONSIDER,3,64.31
S00301,Song_00301,A0182,Malayalam,Lo-Fi,655730,460328,0.31481682626301244,0.24640629527396946,0.7112302319552255,0.09783675987556699,0.03896134929876088,0.06193192680002085,0.0,0.0,0.0,50.90379532808677,STABLE,70.27,7329553,MONITOR,3,45.63
S00302,Song_00302,A0413,Telugu,Hip-Hop,548710,391659,0.34069177524326005,0.24504018516156076,0.711169834703213,0.09504441363533074,0.03700923507438869,0.05796368779984629,0.0,0.0,0.0,51.063066021211654,STABLE,7.18,7910485,MAINTAIN,7,65.97
S00303,Song_00303,A0005,English,Classical,607381,444932,0.27873248046892557,0.26946183696888776,0.6507957937439597,0.07366294175289707,0.024875711344654914,0.04287846232682747,0.0,0.0,0.0,38.903789369430896,DECLINING,55.3,7744134,MONITOR,4,87.9
S00304,Song_00304,A0448,English,Indie,462148,340712,0.3067517434079222,0.2653349143564399,0.6709344192769416,0.07640470544037192,0.030380497311512364,0.053141656296226726,0.0,0.0,0.0,43.725736277772334,STABLE,1.74,7097729,MAINTAIN,6,47.71
S00305,Song_00305,A0271,English,Rock,420209,316366,0.20018586068035124,0.3088653503375701,0.6120501940700936,0.04951543465479855,0.015042703703937845,0.027686287401301024,0.0,0.0,0.0,27.204936766203843,DECLINING,0.0,6103888,RECONSIDER,9,53.13
S00306,Song_00306,A0070,English,Classical,509051,370578,0.2220558155098252,0.30873527406880646,0.6062732417773464,0.05086108727447393,0.017416036569898916,0.030101625029008736,0.0,0.0,0.0,28.92240067762503,DECLINING,0.0,6149488,RECONSIDER,7,45.24
S00307,Song_00307,A0151,Punjabi,Classical,575197,432354,0.32747239530569855,0.2190223523418933,0.7370118411605068,0.12137276398506779,0.04434560568423098,0.0772168177003104,0.0,0.0,0.0,57.68019286393018,STABLE,48.25,7106960,MAINTAIN,8,7.26
S00308,Song_00308,A0277,English,Classical,614101,428500,0.226634772462077,0.2995858987365271,0.6335684195270811,0.06074445740956826,0.021983663943990664,0.037843640606767794,0.0,0.0,0.0,33.16431664208831,DECLINING,16.64,7387355,RECONSIDER,3,78.71
S00309,Song_00309,A0158,Punjabi,Electronic,507342,366696,0.30477561795056396,0.2851587292201316,0.6544086631897221,0.07244420446364291,0.023381765822370573,0.04083764207954273,0.0,0.0,0.0,39.6804367208958,DECLINING,6.87,6038440,RECONSIDER,8,12.64
S00310,Song_00310,A0055,Kannada,Indie,487677,348838,0.23001507863248843,0.2949226639763614,0.6424129085439748,0.0639609216885775,0.021029818999076934,0.036111318147678866,0.0,0.0,0.0,33.661725110540154,DECLINING,0.55,6613445,RECONSIDER,2,39.46
S00311,Song_00311,A0333,Gujarati,Pop,582999,431283,0.3983927027033294,0.20942574515565207,0.7655862188442862,0.1279160087459974,0.04940375577057292,0.08832251676973124,0.0,0.0,0.0,65.3249647811681,RISING,67.5,8247323,MONITOR,8,38.68
S00312,Song_00312,A0336,Hindi,Pop,457955,350277,0.22270089100911564,0.28867683506021335,0.6394383727658831,0.07210579056004249,0.0258795182098739,0.03997122277511798,0.0,0.0,0.0,35.462549026149816,DECLINING,3.36,6076501,RECONSIDER,9,28.0
S00313,Song_00313,A0060,English,Classical,469979,334521,0.2039094705564075,0.3174737594658485,0.5858261752120839,0.03895121681448997,0.012782456108884047,0.024037354904475353,0.0,0.0,0.0,24.27934026751059,DECLINING,0.0,5577730,RECONSIDER,5,40.25
S00314,Song_00314,A0141,Hindi,Lo-Fi,602516,416298,0.2755886408294059,0.28040583154638216,0.6810889669319985,0.08361077881709737,0.029526925423614816,0.05226784659066342,0.0,0.0,0.0,43.086187898925495,STABLE,45.71,7482963,MAINTAIN,6,61.8
S00315,Song_00315,A0122,English,Pop,530881,370184,0.2390027661919478,0.2736978720278179,0.6542916397460071,0.07418202839668922,0.026557063514360425,0.04861366239491712,0.0,0.0,0.0,38.10730849515143,DECLINING,2.02,6830337,RECONSIDER,5,31.14
S00316,Song_00316,A0330,Hindi,Pop,379958,259793,0.16055474935814282,0.3347685796851231,0.5690865832539386,0.03506637977158738,0.006820815033507446,0.017717952369771316,0.0,0.0,0.0,19.012806727731547,DECLINING,0.0,4759163,RECONSIDER,6,17.25
S00317,Song_00317,A0365,Hindi,Devotional,644521,486800,0.2541166803615448,0.2800560416185043,0.651738267643723,0.07266228430566968,0.024396055875102712,0.043979046836483154,0.0,0.0,0.0,37.637511162772654,DECLINING,55.56,7455458,MONITOR,4,86.94
S00318,Song_00318,A0363,Telugu,Classical,651849,453912,0.2395772748902871,0.29982710719813943,0.6289247970005324,0.05284724792470787,0.017452722113537426,0.030016831456317523,0.0,0.0,0.0,31.01781756111599,DECLINING,8.1,7617866,RECONSIDER,5,97.08
S00319,Song_00319,A0469,English,Hip-Hop,588666,456210,0.25753271519694876,0.2674114013719155,0.69070066897018,0.09157843975362223,0.03376734398632209,0.05573310536814186,0.0,0.0,0.0,44.746575119258466,STABLE,41.59,7216577,MAINTAIN,3,45.86
S00320,Song_00320,A0384,Kannada,Hip-Hop,535491,380507,0.3001337688925565,0.2654162254827812,0.6637964036743849,0.08802991797785586,0.031849611176666924,0.05008055042351389,0.0,0.0,0.0,44.25960986097139,STABLE,5.54,6687613,MAINTAIN,7,32.7
S00321,Song_00321,A0161,Hindi,Devotional,627930,438532,0.39809865642644093,0.19841065086872742,0.76655359673849,0.1252154916858975,0.0470912042906789,0.08049355577244079,0.0,0.0,0.0,63.82010485936467,RISING,67.15,7402302,MONITOR,6,4.75
S00322,Song_00322,A0054,Hindi,Indie,298729,227183,0.1519435873282772,0.3400105111991136,0.5762212573938251,0.02974254235572204,0.008781466923141256,0.022061509884102243,0.0,0.0,0.0,19.276952934951325,DECLINING,0.0,4601781,RECONSIDER,4,3.69
S00323,Song_00323,A0307,English,Devotional,419188,301216,0.23673377244236693,0.29248690325104726,0.6507843735984808,0.06568708169552746,0.022505444597896527,0.04433363433549346,0.0,0.0,0.0,35.655781132579975,DECLINING,1.12,6312856,RECONSIDER,3,39.29
S00324,Song_00324,A0458,Hindi,Hip-Hop,574395,423408,0.23232673922079886,0.28203936315601635,0.635379834434492,0.06660714960510902,0.02318803612591165,0.04184380077844538,0.0,0.0,0.0,34.74832479827131,DECLINING,52.65,7758540,MONITOR,8,93.02
S00325,Song_00325,A0487,Hindi,Indie,609327,420332,0.2607486463081564,0.27400230089918876,0.6534898338658881,0.07372505543237251,0.02638628512699485,0.04343233444039474,0.0,0.0,0.0,38.56676461806273,DECLINING,34.24,7649187,RECONSIDER,5,73.07
S00326,Song_00326,A0115,Gujarati,Folk,435262,330779,0.20589275619068925,0.3242345989312184,0.607464010182373,0.04687419697139177,0.01496165113262934,0.02841776533576799,0.0,0.0,0.0,27.064988704310817,DECLINING,0.0,5312205,RECONSIDER,5,34.93
S00327,Song_00327,A0118,Hindi,Rock,486486,355573,0.16467223326855526,0.33842700509367174,0.5665836221391777,0.03238153628087622,0.00640656067811673,0.01457647234182573,0.0,0.0,0.0,18.449428507782432,DECLINING,0.0,6606992,RECONSIDER,6,96.8
S00328,Song_00328,A0019,Hindi,Rock,683090,514131,0.4053013726073705,0.1770469484255369,0.7894289185905224,0.1485633039050359,0.053745057193594625,0.09194738305995942,0.0,0.0,0.0,70.12430518834304,RISING,99.99,8727418,PROMOTE,4,42.88
S00329,Song_00329,A0071,Punjabi,Romantic,461036,339661,0.2639455221529702,0.29063457083611693,0.6440733478513608,0.06456731859118356,0.021383084899355535,0.04084072060083436,0.0,0.0,0.0,35.975168199880365,DECLINING,0.13,6190500,RECONSIDER,6,27.68
S00330,Song_00330,A0277,English,Devotional,516445,359523,0.19821819466348467,0.2818964265313828,0.6649149473806504,0.07096068958036064,0.024479657768765838,0.04929587258673298,0.0,0.0,0.0,35.867193776388774,DECLINING,5.63,6907352,RECONSIDER,4,42.64
S00331,Song_00331,A0273,Punjabi,Pop,484221,351721,0.3022225002203451,0.24483655190501857,0.6895198679941597,0.09349455960832592,0.03564472977160875,0.057466002882966896,0.0,0.0,0.0,47.66439384004537,STABLE,2.72,6552881,MAINTAIN,4,21.15
S00332,Song_00332,A0186,English,Hip-Hop,469808,340609,0.17806047403327568,0.3504985015155127,0.56297679051868,0.0223922444797407,0.006235889245439786,0.013182270580049265,0.0,0.0,0.0,17.802358725958737,DECLINING,0.0,6322503,RECONSIDER,7,88.56
S00333,Song_00333,A0155,Bengali,Electronic,522636,378969,0.27555815911063963,0.2959057546743814,0.6617779869737255,0.0744599162464476,0.025667007063902323,0.0420614878789558,0.0,0.0,0.0,39.44598386389181,DECLINING,4.17,6520712,RECONSIDER,5,36.12
S00334,Song_00334,A0415,Hindi,Pop,626496,444854,0.28096633951813405,0.2766434262948207,0.6709332541628359,0.07616206665557688,0.027791140464062367,0.050034393306568,0.0,0.0,0.0,41.540923169158575,STABLE,41.78,7135286,MAINTAIN,6,65.8
S00335,Song_00335,A0230,English,Lo-Fi,497637,354678,0.22418362571120848,0.2800454950094145,0.6730950471930343,0.0696321734079926,0.02489864045697788,0.04777290951229002,0.0,0.0,0.0,37.34300854107642,DECLINING,1.84,6513516,RECONSIDER,4,38.9
S00336,Song_00336,A0404,Tamil,Classical,512693,374049,0.22486626083748387,0.30138503939004435,0.5995108183649864,0.04710345436025761,0.013602495929677662,0.027274501469058868,0.0,0.0,0.0,27.216511007689753,DECLINING,0.03,6787361,RECONSIDER,3,90.17
S00337,Song_00337,A0481,Bengali,Rock,571096,414975,0.21317910717513103,0.28418514575482934,0.6322404639500189,0.05713838183023073,0.01832640520513284,0.03819025242484487,0.0,0.0,0.0,31.261756873203083,DECLINING,15.8,6622168,RECONSIDER,6,64.24
S00338,Song_00338,A0159,English,Indie,545084,402135,0.23364293085655316,0.2906854723308701,0.6756628336183047,0.07158292613177167,0.028771432479142576,0.04851604560657491,0.0,0.0,0.0,39.10030845326263,DECLINING,8.26,6776384,RECONSIDER,5,48.83
S00339,Song_00339,A0102,Punjabi,Devotional,492503,369520,0.21825882225589954,0.2949768833895428,0.6194500338069007,0.05545031392076207,0.018610630006494912,0.03502110846503572,0.0,0.0,0.0,30.52899128131187,DECLINING,0.3,5736047,RECONSIDER,6,13.21
S00340,Song_00340,A0476,Hindi,Classical,640125,459764,0.28753882426636274,0.2490388595977348,0.712581136496778,0.09154479254574086,0.03330404294377115,0.06160334432447952,0.0,0.0,0.0,47.65380480902994,STABLE,85.98,8330871,PROMOTE,9,90.19
S00341,Song_00341,A0317,Hindi,Folk,426106,319179,0.1742595847471168,0.3366110779946774,0.5757112080092747,0.034955307210060814,0.011304001829694309,0.01855071918891907,0.0,0.0,0.0,21.119274978510973,DECLINING,0.0,5848350,RECONSIDER,4,54.68
S00342,Song_00342,A0146,Hindi,Lo-Fi,419357,294126,0.20530656929343208,0.3085700250621785,0.609461628159301,0.04674867233770561,0.01719671161339018,0.028780182642812943,0.0,0.0,0.0,27.681061418374096,DECLINING,0.0,5622105,RECONSIDER,8,28.51
S00343,Song_00343,A0311,Tamil,Hip-Hop,528095,378065,0.2283892981365638,0.3180867078839981,0.6074153324685899,0.05071085659873302,0.014793752397074577,0.029182812479335563,0.0,0.0,0.0,28.561926976597356,DECLINING,0.0,6746322,RECONSIDER,6,87.79
S00344,Song_00344,A0258,Hindi,Electronic,394754,289755,0.24113475177304963,0.2978487868393987,0.6447838400624186,0.06447170885748305,0.02268813307794516,0.03593380614657211,0.0,0.0,0.0,34.74077117892036,DECLINING,0.55,5617483,RECONSIDER,4,5.44
S00345,Song_00345,A0452,Tamil,Rock,432428,327076,0.2418520466191344,0.294634019998705,0.6381362908969817,0.0610347442184691,0.022502415340777068,0.03982866367449767,0.0,0.0,0.0,34.453439610216776,DECLINING,1.24,6457454,RECONSIDER,5,31.41
S00346,Song_00346,A0128,Hindi,Lo-Fi,557963,406370,0.27139552624455543,0.2732080801056701,0.6707720762846282,0.07935625169180796,0.030287668873194378,0.050298988606442406,0.0,0.0,0.0,41.992012615278554,STABLE,6.91,7000548,MAINTAIN,3,53.68
S00347,Song_00347,A0495,Bengali,Hip-Hop,603310,437182,0.3533882913752167,0.2315476289138254,0.7348925096550696,0.10801679849582096,0.040363052458701414,0.06892324020659588,0.0,0.0,0.0,55.843865480108065,STABLE,75.09,7298224,MONITOR,5,33.98
S00348,Song_00348,A0468,Bengali,Hip-Hop,474844,351152,0.2526114047478015,0.2822295322253203,0.6500387495682792,0.0660767986512963,0.023118193830591882,0.039470087027839794,0.0,0.0,0.0,36.12866495567098,DECLINING,1.84,6688974,RECONSIDER,8,47.67
S00349,Song_00349,A0091,Hindi,Electronic,401442,289656,0.26089568315519096,0.29974940340074036,0.6350680795731388,0.059795067252188805,0.020669345706631315,0.03551454138702461,0.0,0.0,0.0,34.286225372184994,DECLINING,0.03,6204937,RECONSIDER,6,26.43
S00350,Song_00350,A0083,Hindi,Electronic,379649,267061,0.16121784910563505,0.3220316660915741,0.5834915935508852,0.03867281257839969,0.012660028982142657,0.02608767285376749,0.0,0.0,0.0,22.221821675867346,DECLINING,0.0,4767013,RECONSIDER,7,13.01
S00351,Song_00351,A0267,Hindi,Romantic,423450,325620,0.19097414163749155,0.3252237572322588,0.5729696540323533,0.036610159081137524,0.01194644063632455,0.024052576623057553,0.0,0.0,0.0,22.63029964604912,DECLINING,0.0,4912837,RECONSIDER,6,3.69
S00352,Song_00352,A0023,Bengali,Indie,476575,343321,0.2690980161423274,0.24970256517861827,0.6979992655930336,0.09339655890551408,0.03474590834816396,0.05673698958117913,0.0,0.0,0.0,46.149491075361816,STABLE,3.54,6554607,MAINTAIN,7,15.76
S00353,Song_00353,A0150,Hindi,Rock,614094,416144,0.3467213272328809,0.25671151322110297,0.6945435063687319,0.09093967472797877,0.031489099926948365,0.055456764965973314,0.0,0.0,0.0,48.64889623750952,STABLE,65.86,8434725,MONITOR,5,95.29
S00354,Song_00354,A0218,Punjabi,Devotional,725398,524243,0.38055062251665733,0.17021828017171264,0.8039889825998969,0.15242549733615898,0.056641671896429706,0.09717630945954453,0.0,0.0,0.0,71.13496084781961,RISING,99.99,9325273,PROMOTE,4,57.54
S00355,Song_00355,A0484,English,Indie,614657,456128,0.29941376104952994,0.22803937805963326,0.7385354758832975,0.112341272625228,0.04127130980777326,0.06920425845376736,0.0,0.0,0.0,54.037168191591675,STABLE,85.99,7746277,PROMOTE,6,48.9
S00356,Song_00356,A0496,Telugu,Lo-Fi,470347,350432,0.2744612364167656,0.2557941264640787,0.688770205826762,0.09065952881015432,0.033367386540042,0.057006780202721215,0.0,0.0,0.0,45.41784593839499,STABLE,1.31,6949588,MAINTAIN,3,38.43
S00357,Song_00357,A0076,English,Lo-Fi,473944,344997,0.2148424479053441,0.3122035514744358,0.6108970680080347,0.051609144427342844,0.01632477963576495,0.03008142099786375,0.0,0.0,0.0,28.595375301302425,DECLINING,0.0,7096530,RECONSIDER,7,70.84
S00358,Song_00358,A0445,Punjabi,Devotional,428389,318507,0.20430320212742578,0.3058318490904295,0.6104755257487937,0.046953442153547645,0.01567312492347107,0.024705893434053255,0.0,0.0,0.0,26.95937457122112,DECLINING,0.0,5532261,RECONSIDER,5,14.13
S00359,Song_00359,A0046,Gujarati,Devotional,405764,290570,0.2254706266992463,0.28266430733135517,0.6570987076231504,0.07076435970678321,0.027270537219947,0.045028736621124,0.0,0.0,0.0,37.084175661093745,DECLINING,0.49,6354379,RECONSIDER,4,27.61
S00360,Song_00360,A0374,Hindi,Folk,547620,386591,0.2242550912980385,0.30092947664438846,0.6279007340856798,0.06246136097322493,0.020634210315294457,0.0365554293814393,0.0,0.0,0.0,32.51183241505602,DECLINING,6.01,7009148,RECONSIDER,8,65.59
S00361,Song_00361,A0422,Bengali,Romantic,624202,442961,0.4091556593018347,0.19624576659478823,0.7630590738254603,0.12694797058883286,0.0472682696670813,0.079537476211224,0.0,0.0,0.0,64.31873982467609,RISING,82.51,8395588,PROMOTE,4,47.91
S00362,Song_00362,A0445,Hindi,Electronic,432123,298028,0.1598809507831479,0.34023877460815555,0.5700992541475459,0.032392929523400484,0.010686915323392433,0.015964942891271962,0.0,0.0,0.0,19.524518324896377,DECLINING,0.0,6118338,RECONSIDER,4,77.01
S00363,Song_00363,A0112,English,Electronic,583940,430382,0.27585493817120604,0.2586721238483406,0.6985152584169606,0.0892509445097611,0.032143537601479616,0.049888238820396766,0.0,0.0,0.0,44.850429594937694,STABLE,59.98,8296353,MONITOR,5,89.71
S00364,Song_00364,A0446,Kannada,Romantic,540269,373937,0.20496233322725485,0.29191384291899036,0.6161467713305779,0.05411874192711606,0.017775721578768618,0.03186633042464372,0.0,0.0,0.0,29.10815079351435,DECLINING,0.77,7117238,RECONSIDER,6,82.34
S00365,Song_00365,A0058,Marathi,Folk,426537,320044,0.2838172251315444,0.28136128870414523,0.6679021984024832,0.08715051680393945,0.029917761307820173,0.05292709752409044,0.0,0.0,0.0,43.37330204466689,STABLE,1.84,6497660,MAINTAIN,5,18.42
S00366,Song_00366,A0259,Tamil,Devotional,525629,381961,0.32546778336008125,0.23175661921241028,0.7219122232601322,0.10613125423799812,0.03895423878354073,0.07189215652906972,0.0,0.0,0.0,53.63936063172985,STABLE,4.17,6381803,MAINTAIN,4,9.15
S00367,Song_00367,A0235,Hindi,Rock,507734,360602,0.3242244912673807,0.24907924228040668,0.7184864515671592,0.10022406975002912,0.0368328517312716,0.06418988247430685,0.0,0.0,0.0,51.63267275739325,STABLE,2.13,6783313,MAINTAIN,4,16.94
S00368,Song_00368,A0158,English,Classical,469847,343357,0.15777747359162622,0.3435182091191388,0.5664077880671793,0.020864581179355596,0.006121908101480384,0.012284590091362634,0.0,0.0,0.0,16.71347913618479,DECLINING,0.0,6141202,RECONSIDER,7,78.35
S00369,Song_00369,A0012,English,Classical,801064,588938,0.41298235128315713,0.14739271768547832,0.844559236215833,0.17467203678485682,0.0658388489110908,0.10890280470949404,0.0,0.0,0.0,80.0119820339337,BREAKOUT,100.0,10342104,PROMOTE,8,91.38
S00370,Song_00370,A0386,Punjabi,Lo-Fi,646460,449495,0.3230647726893514,0.24715682331466757,0.7104940754261672,0.10003670786104406,0.03634523187132226,0.06175152115151448,0.0,0.0,0.0,50.84654811113805,STABLE,81.8,8477070,PROMOTE,5,92.54
S00371,Song_00371,A0168,English,Lo-Fi,425025,316002,0.24268517287865266,0.3079089465325569,0.6152649844126816,0.05752495237371916,0.017898620894804464,0.03238587097550016,0.0,0.0,0.0,31.31445381214525,DECLINING,0.11,5673310,RECONSIDER,6,29.82
S00372,Song_00372,A0331,English,Folk,651558,475484,0.3127592095633081,0.2518317632505471,0.6898556997228182,0.08799875495284805,0.031839136542975155,0.056081802962875724,0.0,0.0,0.0,46.63178800951311,STABLE,85.61,8074016,PROMOTE,5,84.03
S00373,Song_00373,A0205,English,Devotional,521106,366245,0.2739395759669074,0.2582545585734956,0.6819629787413694,0.08400660759873856,0.030326693879779928,0.05566219334052342,0.0,0.0,0.0,43.588797142638406,STABLE,0.49,7086553,MAINTAIN,5,53.62
S00374,Song_00374,A0187,Hindi,Romantic,513910,364906,0.2301030950436551,0.3188165242941371,0.5976746901208383,0.04975801987361129,0.015664308068379255,0.02476528201783473,0.0,0.0,0.0,27.900474199950516,DECLINING,0.2,6685866,RECONSIDER,6,82.28
S00375,Song_00375,A0443,English,Lo-Fi,479384,347376,0.3319054856984939,0.23869173773008695,0.7220912671261452,0.09898496154023306,0.038468403113629035,0.06067776703053752,0.0,0.0,0.0,52.11771004683967,STABLE,1.97,7501718,MAINTAIN,6,54.84
S00376,Song_00376,A0048,Hindi,Romantic,427029,315293,0.26327891833944933,0.2780068800947945,0.6541967875718042,0.07113383424306914,0.023882547344850662,0.043124966301186514,0.0,0.0,0.0,37.8498125491628,DECLINING,1.25,6064919,RECONSIDER,3,14.59
S00377,Song_00377,A0368,Kannada,Romantic,428060,304966,0.1897621374185975,0.3260080362565995,0.5944376956501425,0.043181862896191706,0.015939481778296596,0.024910973682312126,0.0,0.0,0.0,25.226170238456632,DECLINING,0.0,5046680,RECONSIDER,6,7.92
S00378,Song_00378,A0373,Marathi,Pop,538002,379812,0.15886280580918982,0.3370582265493437,0.575287824208832,0.03520162606763346,0.009296704685475972,0.020052025739049847,0.0,0.0,0.0,20.034411787978886,DECLINING,0.0,6631077,RECONSIDER,7,95.72
S00379,Song_00379,A0190,Hindi,Lo-Fi,572563,419915,0.3126870914351714,0.2436710021429956,0.7138934929431346,0.10360906373909005,0.03791005322505745,0.06289606229832229,0.0,0.0,0.0,51.31971259448457,STABLE,33.82,7420805,MAINTAIN,5,42.58
S00380,Song_00380,A0131,Tamil,Classical,503515,381551,0.270689894666768,0.2705778378002641,0.6760732053662751,0.08068121954863176,0.030145380303026333,0.054047820605895414,0.0,0.0,0.0,42.64422013213318,STABLE,1.09,6507663,MAINTAIN,5,35.05
S00381,Song_00381,A0003,Bengali,Hip-Hop,675101,463917,0.4366772504564394,0.18348069399986075,0.8030679853829279,0.14136796021702158,0.054986128984279514,0.09037176908800497,0.0,0.0,0.0,71.74092304234185,RISING,99.12,8203078,PROMOTE,6,35.63
S00382,Song_00382,A0468,Hindi,Pop,449275,334979,0.2428629854408784,0.29867453118913806,0.6451549718991709,0.06793560193325551,0.023855226745557186,0.043966935240716584,0.0,0.0,0.0,36.19808448740454,DECLINING,0.05,6481823,RECONSIDER,7,37.89
S00383,Song_00383,A0473,Hindi,Classical,617588,464936,0.25287996627492815,0.2796945536506538,0.6624902038252038,0.07562546242923757,0.02680153827623587,0.05089732780425693,0.0,0.0,0.0,39.57277751598994,DECLINING,77.98,8121310,MONITOR,6,94.5
S00384,Song_00384,A0121,Hindi,Electronic,426297,326527,0.23802013309772238,0.3073842884186377,0.6332580337182763,0.05953565861322341,0.021018170013505776,0.03438000532880895,0.0,0.0,0.0,33.03873396630557,DECLINING,0.28,5813379,RECONSIDER,8,6.27
S00385,Song_00385,A0016,Hindi,Lo-Fi,405283,294611,0.16613772058748655,0.3382747364187494,0.5906218617607943,0.032979080889715594,0.011075621752073073,0.018617770551676616,0.0,0.0,0.0,21.173864755090484,DECLINING,0.0,4984159,RECONSIDER,7,11.91
S00386,Song_00386,A0062,Telugu,Indie,535389,388941,0.20992129911734686,0.30334952716622865,0.626613546412048,0.057345458565695055,0.01899259784903109,0.033429234768255336,0.0,0.0,0.0,30.57951056950472,DECLINING,0.2,7520798,RECONSIDER,4,78.97
S00387,Song_00387,A0034,Gujarati,Devotional,402471,287709,0.2085405739827395,0.3263514638321767,0.5882535636107943,0.04363089093493773,0.01231800186994498,0.02124716293199031,0.0,0.0,0.0,24.700362148079407,DECLINING,0.0,5972326,RECONSIDER,4,54.94
S00388,Song_00388,A0415,Hindi,Folk,340247,247929,0.16417603426787508,0.3267420432803228,0.5743151298909321,0.037571240153431024,0.013080357683046356,0.016613627288457583,0.0,0.0,0.0,21.057369925124387,DECLINING,0.0,5047547,RECONSIDER,4,12.85
S00389,Song_00389,A0446,Tamil,Lo-Fi,610751,436239,0.37433379408993694,0.1601716575167294,0.8428050056405966,0.1728914654581548,0.0652578059274847,0.10905719112688228,0.0,0.0,0.0,77.7490779243699,RISING,90.42,8544373,PROMOTE,3,3.45
S00390,Song_00390,A0077,Hindi,Hip-Hop,493646,354918,0.3227900529136308,0.2344615372149273,0.7397223921595637,0.10985072608320795,0.040212105331372316,0.07015423280870511,0.0,0.0,0.0,54.829103358972745,STABLE,8.09,6988061,MAINTAIN,5,22.42
S00391,Song_00391,A0373,Punjabi,Lo-Fi,468616,335320,0.3566772038649648,0.24408044112877067,0.7036614200112672,0.10355779553859,0.038458785637599906,0.06326792317785995,0.0,0.0,0.0,53.15320240671014,STABLE,0.81,6928258,MAINTAIN,5,26.08
S00392,Song_00392,A0090,Telugu,Indie,443209,323383,0.2407826014354496,0.27118131626388453,0.6870663727496509,0.08303776017910651,0.030988023489175374,0.0553770606370774,0.0,0.0,0.0,42.24377151001846,STABLE,3.57,6189855,MAINTAIN,3,1.42
S00393,Song_00393,A0184,English,Lo-Fi,480006,348465,0.24439757220954758,0.28918596850872696,0.6327691737186618,0.061854131691848536,0.01987574074871221,0.036086837989468094,0.0,0.0,0.0,33.43793884027373,DECLINING,0.42,6160460,RECONSIDER,4,21.61
S00394,Song_00394,A0300,Hindi,Romantic,541429,394102,0.28927029043242614,0.2736665379948248,0.6648184711199437,0.07479789496120294,0.026947338506275027,0.048949256791389034,0.0,0.0,0.0,41.23077075315864,STABLE,5.21,7212850,MAINTAIN,4,73.83
S00395,Song_00395,A0360,Punjabi,Pop,455704,339888,0.17017370427905662,0.3241051208679318,0.5818733212787248,0.037271101068587296,0.012692416325377771,0.01909746740102622,0.0,0.0,0.0,21.80876170711551,DECLINING,0.0,6411959,RECONSIDER,4,85.54
S00396,Song_00396,A0437,Gujarati,Folk,684551,482272,0.2603385641297857,0.30324110256211734,0.6371051974213755,0.06205834052153142,0.02006336673080751,0.0357101386769292,0.0,0.0,0.0,34.445869233213536,DECLINING,22.18,7499244,RECONSIDER,2,89.82
S00397,Song_00397,A0023,Hindi,Devotional,609812,439280,0.31445774904389,0.20880861642604606,0.7576089024158266,0.12324030231287561,0.04702240029138591,0.0770556364960845,0.0,0.0,0.0,58.79873489654928,STABLE,80.85,8243834,PROMOTE,8,38.99
S00398,Song_00398,A0099,Hindi,Romantic,554920,379124,0.31583861744442454,0.25236971094932603,0.6734159878901463,0.08270644960487862,0.030544096390626812,0.05442810267880693,0.0,0.0,0.0,45.05016320602971,STABLE,8.41,6779067,MAINTAIN,4,31.94
S00399,Song_00399,A0140,Hindi,Folk,595393,436407,0.230445432818447,0.3134114777970181,0.6301955179184169,0.06007465508115131,0.020579413254141202,0.03754751871532767,0.0,0.0,0.0,32.768709106128284,DECLINING,28.95,7767684,RECONSIDER,4,99.99
S00400,Song_00400,A0155,Punjabi,Romantic,530970,374728,0.18561730108238508,0.3306005989038929,0.6023278151307984,0.04192907922546487,0.01583815460814244,0.024431053991161588,0.0,0.0,0.0,25.199419772812742,DECLINING,0.0,6836049,RECONSIDER,8,76.93
S00401,Song_00401,A0499,Punjabi,Devotional,430815,311935,0.21689775113405035,0.3178417650267516,0.5987395982034052,0.04997515508038534,0.018164040585378363,0.029493323929664833,0.0,0.0,0.0,28.35797516472955,DECLINING,0.0,6326361,RECONSIDER,6,53.74
S00402,Song_00402,A0388,Telugu,Hip-Hop,439689,318597,0.28814458391008074,0.2665111021653942,0.6679835065239295,0.07492223718365207,0.026243184964076873,0.05007893985191323,0.0,0.0,0.0,41.27167801705525,STABLE,0.61,6439210,MAINTAIN,5,25.48
S00403,Song_00403,A0160,Telugu,Pop,685461,492259,0.4220075204313177,0.1505030920796369,0.8575892720373588,0.17001212776201147,0.06325328739545645,0.11256269565411704,0.0,0.0,0.0,80.33059300667924,BREAKOUT,100.0,9077662,PROMOTE,4,32.13
S00404,Song_00404,A0485,Kannada,Folk,480030,353259,0.22123427853218178,0.29077349332333396,0.6314709497323084,0.06564305509555313,0.02259531958138363,0.03848734214839537,0.0,0.0,0.0,33.481329764267684,DECLINING,0.31,6806185,RECONSIDER,4,51.54
S00405,Song_00405,A0250,Telugu,Folk,571656,404735,0.24547172841488876,0.2688959794001987,0.6642176413787313,0.07360618676417903,0.0278923246074592,0.04855028598959813,0.0,0.0,0.0,39.13783854554644,DECLINING,19.7,7008436,RECONSIDER,8,54.21
S00406,Song_00406,A0250,Hindi,Romantic,346678,253108,0.21792673483256159,0.31550891605466747,0.6070878452050606,0.04124721462774784,0.013903155965042591,0.02647486448472589,0.0,0.0,0.0,26.66051049809519,DECLINING,0.0,5149600,RECONSIDER,7,1.37
S00407,Song_00407,A0217,Punjabi,Pop,579148,414523,0.25766483403815954,0.28482529508864746,0.6571998867301623,0.07407791606255865,0.022990280394574004,0.04369600721793483,0.0,0.0,0.0,37.83982540003029,DECLINING,41.55,8036319,RECONSIDER,6,95.94
S00408,Song_00408,A0072,Hindi,Devotional,738478,529347,0.4443191328183592,0.148913034646936,0.8309685596591909,0.17255977647932264,0.06536355169671312,0.11009413484916321,0.0,0.0,0.0,80.70642441759502,BREAKOUT,100.0,9866506,PROMOTE,4,57.56
S00409,Song_00409,A0467,English,Pop,436933,304312,0.15143011120166144,0.3446615384967489,0.5658190157301005,0.02357448933988801,0.005790110150109099,0.012227582218249692,0.0,0.0,0.0,16.553873213331272,DECLINING,0.0,5753735,RECONSIDER,4,58.92
S00410,Song_00410,A0007,Malayalam,Electronic,553220,415667,0.386184132971826,0.15676945880481544,0.8190683633997324,0.15937757868678534,0.06141214000630312,0.10014506804725898,0.0,0.0,0.0,74.18630661748199,RISING,73.94,8508379,PROMOTE,3,21.15
S00411,Song_00411,A0087,Tamil,Lo-Fi,568655,429095,0.2889966091424976,0.2638735261274411,0.686957821526233,0.08649599738985539,0.029569209615586293,0.055852433610272784,0.0,0.0,0.0,44.63264802596447,STABLE,52.89,7757467,MONITOR,5,76.5
S00412,Song_00412,A0115,Gujarati,Electronic,633347,450161,0.2975291062530961,0.22506303811338807,0.7363293739450886,0.10895435188743582,0.042196014314878454,0.072809505932322,0.0,0.0,0.0,54.070000230956126,STABLE,94.67,8216763,PROMOTE,7,73.73
S00413,Song_00413,A0140,English,Hip-Hop,482109,341855,0.2762721036696845,0.2812683438807407,0.6562416383017119,0.07067323865381521,0.02624797063082301,0.043775869886355324,0.0,0.0,0.0,39.15617478379244,DECLINING,1.96,5997901,RECONSIDER,2,9.52
S00414,Song_00414,A0066,Punjabi,Romantic,455234,321917,0.20775852160650105,0.3306629118211733,0.5829990730042132,0.03854409677028551,0.012183264630323966,0.025574915273191536,0.0,0.0,0.0,24.297310135196312,DECLINING,0.0,5994071,RECONSIDER,6,59.5
S00415,Song_00415,A0009,English,Devotional,482276,361126,0.21732580872050197,0.3210319402168053,0.6027171163400211,0.042323178059735386,0.01399511527832391,0.02298643686691072,0.0,0.0,0.0,26.231429595091903,DECLINING,0.0,6381859,RECONSIDER,6,65.82
S00416,Song_00416,A0339,Hindi,Pop,523932,370765,0.19391528326568042,0.2995636838368338,0.6193685440095279,0.05695791134546141,0.020349817269699137,0.031888123204725366,0.0,0.0,0.0,29.60533826346039,DECLINING,0.2,7321747,RECONSIDER,6,83.56
S00417,Song_00417,A0484,Hindi,Indie,428548,302715,0.20545067142361628,0.29091723680894555,0.6358890952705415,0.059164560725434814,0.020563896734552303,0.03469269775201097,0.0,0.0,0.0,31.456151508926098,DECLINING,0.0,6121062,RECONSIDER,5,20.61
S00418,Song_00418,A0061,Punjabi,Classical,531540,389815,0.22224131960032323,0.31447868457688977,0.6028107009820521,0.04068083578107564,0.014337570385952311,0.026545925631389248,0.0,0.0,0.0,26.728344376056167,DECLINING,0.0,6657347,RECONSIDER,4,87.76
S00419,Song_00419,A0148,Hindi,Electronic,496085,340239,0.25674011503678296,0.28929316548575346,0.6339820796839252,0.06466336898474308,0.019374616078697622,0.03869632816931627,0.0,0.0,0.0,34.49029356783507,DECLINING,0.69,6737670,RECONSIDER,6,46.15
S00420,Song_00420,A0253,Malayalam,Hip-Hop,529381,380976,0.2561447440258704,0.2833573550996352,0.6543623590570874,0.07481311158708161,0.025957015665028768,0.04569054218638444,0.0,0.0,0.0,38.59472528784646,DECLINING,5.78,5879826,RECONSIDER,6,9.65
S00421,Song_00421,A0463,Hindi,Electronic,446317,310310,0.22114981792401148,0.2702697858248734,0.6592578817298019,0.06956269536914698,0.024888015210595856,0.04417840224291837,0.0,0.0,0.0,36.21258977355396,DECLINING,1.18,5921246,RECONSIDER,6,10.56
S00422,Song_00422,A0347,Hindi,Devotional,434977,320520,0.18495569699238737,0.3041103322704419,0.6077378803936759,0.048923624110819915,0.015396855110445525,0.027049794084612503,0.0,0.0,0.0,26.23017630423241,DECLINING,0.0,5411494,RECONSIDER,4,19.78
S00423,Song_00423,A0383,Telugu,Hip-Hop,452901,337026,0.205939601099025,0.32382573675041565,0.5889057431977408,0.03976844516446802,0.013541981924243234,0.02392397025748755,0.0,0.0,0.0,24.769603721430926,DECLINING,0.0,5410640,RECONSIDER,7,28.28
S00424,Song_00424,A0290,Hindi,Rock,494364,355431,0.2157296352878618,0.3121606751300661,0.6051876754779879,0.0527922437829002,0.019837886959775595,0.034473639046678536,0.0,0.0,0.0,29.730078929629023,DECLINING,0.22,6561287,RECONSIDER,3,49.64
S00425,Song_00425,A0209,Kannada,Pop,569091,409569,0.22872824847583678,0.3092387684922095,0.6166869621905812,0.05402264331528998,0.017960343678354564,0.03521750913765446,0.0,0.0,0.0,30.63814330666625,DECLINING,9.29,7007829,RECONSIDER,6,74.88
S00426,Song_00426,A0100,Tamil,Classical,445871,338073,0.19800753091787868,0.33909807993791924,0.56592826176181,0.02760942163378915,0.009983050997861408,0.01599654512486948,0.0,0.0,0.0,20.56654224732918,DECLINING,0.0,4969067,RECONSIDER,5,18.67
S00427,Song_00427,A0432,Hindi,Hip-Hop,570749,418015,0.23031230936688873,0.294838887146539,0.62788896695395,0.06043563030034808,0.020446634690142698,0.03241032020382044,0.0,0.0,0.0,32.18279290416964,DECLINING,33.84,7845648,RECONSIDER,5,99.27
S00428,Song_00428,A0402,Tamil,Romantic,412787,295801,0.2263548804770775,0.2943963836070419,0.6336052249707477,0.057143146912958374,0.019844422432648976,0.0343271320921836,0.0,0.0,0.0,31.970943478959317,DECLINING,0.15,5693160,RECONSIDER,4,16.15
S00429,Song_00429,A0013,Marathi,Indie,478119,354194,0.14389007154271388,0.33900346984746477,0.5676452933265568,0.03290287243713897,0.009082593155163554,0.015974296571935154,0.0,0.0,0.0,18.29962796163032,DECLINING,0.0,5975487,RECONSIDER,5,59.94
S00430,Song_00430,A0357,Telugu,Indie,753495,535059,0.3599378760099354,0.2224527037339332,0.7622041287599784,0.12538804131880782,0.04320831908256846,0.07810727415107493,0.0,0.0,0.0,60.629842113404464,RISING,91.79,9548859,PROMOTE,6,92.89
S00431,Song_00431,A0043,Bengali,Pop,538202,379450,0.22952167611015944,0.28761877510674433,0.6375970360570938,0.05802345500065885,0.022735538279088155,0.031089735142970087,0.0,0.0,0.0,32.78172335996613,DECLINING,2.23,7479520,RECONSIDER,8,83.25
S00432,Song_00432,A0369,Tamil,Romantic,552940,403598,0.22357395229906987,0.3024523456432886,0.635920714724925,0.061737174118801384,0.023159183147587453,0.03903884558397217,0.0,0.0,0.0,33.60946080304902,DECLINING,8.24,7260793,RECONSIDER,6,64.79
S00433,Song_00433,A0413,Punjabi,Pop,725097,551280,0.4042011319111885,0.1913964614389523,0.7922815843949155,0.14000507908866638,0.05349005949789581,0.09171382963285445,0.0,0.0,0.0,69.29452343448031,RISING,99.12,9654981,PROMOTE,6,71.55
S00434,Song_00434,A0066,English,Devotional,529023,400605,0.3127844135744686,0.2469117599801899,0.7031017555002335,0.09472922205164688,0.034472859799553175,0.06363874639607593,0.0,0.0,0.0,49.2209241005305,STABLE,3.49,6390406,MAINTAIN,6,13.42
S00435,Song_00435,A0217,Tamil,Rock,490995,349509,0.3136771871396731,0.2547480116905467,0.6882656646198027,0.09389457782203034,0.03409926496885631,0.05703429668477779,0.0,0.0,0.0,47.7969899248842,STABLE,1.28,6189326,MAINTAIN,4,0.97
S00436,Song_00436,A0062,Malayalam,Pop,573362,425668,0.2872520367986318,0.25416229188540573,0.7043089705979817,0.09637088059238655,0.03526457238974976,0.06495672683875696,0.0,0.0,0.0,48.49921593415698,STABLE,38.35,7472902,MAINTAIN,6,43.41
S00437,Song_00437,A0284,Punjabi,Romantic,292967,206782,0.20805485970732462,0.31234917243239,0.5748292469800353,0.0364828660134828,0.009846118134073566,0.016224816473387433,0.0,0.0,0.0,22.313510699912822,DECLINING,0.0,4705522,RECONSIDER,7,8.95
S00438,Song_00438,A0463,Marathi,Lo-Fi,571453,417342,0.22821091574775604,0.2880306866881441,0.612683807767218,0.058678493897091594,0.021260740591649056,0.03453762142319728,0.0,0.0,0.0,31.597816759323116,DECLINING,15.75,6292451,RECONSIDER,5,35.78
S00439,Song_00439,A0041,English,Hip-Hop,426497,313383,0.18283059387394976,0.3337585024044718,0.5843839464286971,0.02959637248989256,0.010862108027557334,0.02329417996509064,0.0,0.0,0.0,21.75622919575745,DECLINING,0.0,4992550,RECONSIDER,5,22.37
S00440,Song_00440,A0199,Telugu,Devotional,719322,539724,0.39174096390006746,0.20699631041452923,0.7629712423643376,0.12653133823954466,0.04785223558707784,0.08216792286427878,0.0,0.0,0.0,63.806975822909,RISING,89.12,9530440,PROMOTE,3,91.63
S00441,Song_00441,A0486,Gujarati,Classical,490091,360593,0.16172249599964503,0.31487825730323554,0.5960933785766317,0.03797356021886171,0.011575377225847424,0.01804527542131988,0.0,0.0,0.0,21.759054043991267,DECLINING,0.0,6859692,RECONSIDER,7,88.01
S00442,Song_00442,A0151,Hindi,Romantic,795271,546326,0.3944348246285185,0.20585184169924467,0.7649669106505833,0.12578936385967354,0.04713303046166575,0.0835874551092205,0.0,0.0,0.0,63.91989581297978,RISING,89.61,9277533,PROMOTE,4,81.89
S00443,Song_00443,A0066,Hindi,Rock,709724,501549,0.35582166448343033,0.21272776459581472,0.7616918689518742,0.1271321446159797,0.048577506883674376,0.08168494005570742,0.0,0.0,0.0,62.180212083508025,RISING,92.74,9076617,PROMOTE,4,71.39
S00444,Song_00444,A0244,Punjabi,Pop,593556,424547,0.33137438257719404,0.1632937751450579,0.8089902216471572,0.15378980419129096,0.05493384713588837,0.09135384303740222,0.0,0.0,0.0,68.15276364112711,RISING,85.81,8041951,PROMOTE,7,15.41
S00445,Song_00445,A0254,English,Electronic,475276,354992,0.18586897732906657,0.31438364234676275,0.6047244127622686,0.05074198855185469,0.018163789606526343,0.03358103844593681,0.0,0.0,0.0,27.573153278919595,DECLINING,0.06,5545732,RECONSIDER,6,4.84
S00446,Song_00446,A0331,Punjabi,Rock,529949,358867,0.22182034012600768,0.29288290005264656,0.6347516459130973,0.06284222288480133,0.021264145212571788,0.04063901110996553,0.0,0.0,0.0,33.27464982176564,DECLINING,1.25,7186480,RECONSIDER,6,65.39
S00447,Song_00447,A0157,Hindi,Classical,514509,362420,0.22210418851056785,0.2994660929157702,0.6179133892701585,0.05710777550907786,0.020465206114452846,0.03132277468130898,0.0,0.0,0.0,30.903276163112245,DECLINING,0.08,6845269,RECONSIDER,4,64.23
S00448,Song_00448,A0477,English,Romantic,558411,386210,0.38848812822039824,0.23074760346769674,0.720336812849317,0.11002563372258616,0.04154734470883716,0.07121514202118019,0.0,0.0,0.0,57.57111881728231,STABLE,6.03,7281965,MAINTAIN,8,36.94
S00449,Song_00449,A0260,Punjabi,Folk,435449,333728,0.1926718764982261,0.31184823021754554,0.605290171753753,0.047358927030396014,0.015455700450666411,0.02737858375683191,0.0,0.0,0.0,26.387001184854164,DECLINING,0.0,6039185,RECONSIDER,8,47.27
S00450,Song_00450,A0143,Punjabi,Hip-Hop,550605,412425,0.20434745711341457,0.27685001044305807,0.6390715667311412,0.06358489422319209,0.02184639631448142,0.04324180153967388,0.0,0.0,0.0,33.07282803398248,DECLINING,16.75,6774147,RECONSIDER,5,48.91
S00451,Song_00451,A0480,Marathi,Indie,396606,289766,0.22481933698225465,0.32258967337861755,0.5925049041113851,0.0425722824624007,0.015809308200409985,0.025109916277272007,0.0,0.0,0.0,26.776442610798,DECLINING,0.0,5487240,RECONSIDER,9,23.99
S00452,Song_00452,A0462,Tamil,Folk,483101,365442,0.2683298580896558,0.27086675457099035,0.6549851894324376,0.07492570640484673,0.027760903234986672,0.04688295269837621,0.0,0.0,0.0,39.76800018134279,DECLINING,0.61,6492153,RECONSIDER,5,31.42
S00453,Song_00453,A0250,Marathi,Electronic,441547,304759,0.2298012527931907,0.29597302212448506,0.6433879066101683,0.06008026013997946,0.022818029984348287,0.03923756148300789,0.0,0.0,0.0,34.03629328449975,DECLINING,1.25,6509949,RECONSIDER,4,41.84
S00454,Song_00454,A0013,Telugu,Devotional,517414,369592,0.22278079612112817,0.29286799352162873,0.6186303424337185,0.05686540834217191,0.0189343925193186,0.036662048962098744,0.0,0.0,0.0,31.077268371340722,DECLINING,0.1,6889838,RECONSIDER,5,60.32
S00455,Song_00455,A0298,Marathi,Folk,588877,441855,0.20869968654875468,0.30629316478653434,0.6283502327311137,0.057116022224485405,0.018422333118330674,0.030417218318226566,0.0,0.0,0.0,30.163546185192924,DECLINING,6.8,7644206,RECONSIDER,5,95.58
S00456,Song_00456,A0278,Punjabi,Romantic,481758,352676,0.21995542651045152,0.3053400254899763,0.6215672599105775,0.05604861118987399,0.020140298744456667,0.03424389524662863,0.0,0.0,0.0,31.058728242235585,DECLINING,0.05,6732911,RECONSIDER,7,53.85
S00457,Song_00457,A0074,Marathi,Lo-Fi,592102,422990,0.29398094517600887,0.23491729465531277,0.7168004837004435,0.10621054871273553,0.04067472044256366,0.06871084422799593,0.0,0.0,0.0,51.987652571771704,STABLE,64.03,8165022,MONITOR,5,73.12
S00458,Song_00458,A0317,Hindi,Indie,684675,487595,0.33012028425229956,0.23343776244203454,0.728018402891883,0.11249910273895343,0.04137450137921841,0.0714650478368318,0.0,0.0,0.0,55.29856291345194,STABLE,96.17,8473154,PROMOTE,9,80.7
S00459,Song_00459,A0420,Hindi,Classical,411242,298187,0.2495749311673547,0.30132379474859083,0.6179937846815258,0.06358090728301367,0.019551489501554394,0.037865500508070436,0.0,0.0,0.0,33.26161020474317,DECLINING,0.63,5790412,RECONSIDER,5,11.35
S00460,Song_00460,A0053,Punjabi,Hip-Hop,555296,396267,0.21798433884224525,0.2875205295914251,0.6527203509479629,0.0682115846134046,0.02566956117970964,0.04543653647666851,0.0,0.0,0.0,35.927515952225164,DECLINING,13.29,7344996,RECONSIDER,5,65.31
S00461,Song_00461,A0361,Kannada,Electronic,518115,386608,0.27909665604436534,0.26097681016762686,0.6873319629811915,0.0894575383851343,0.032813599304722094,0.05936504159251749,0.0,0.0,0.0,45.54856720743701,STABLE,5.56,7036060,MAINTAIN,5,48.21
S00462,Song_00462,A0071,Marathi,Lo-Fi,450540,327512,0.18559625296172355,0.32469924978914194,0.586691525724686,0.04342741640000977,0.011187376340408901,0.01787720755270036,0.0,0.0,0.0,22.90788510579695,DECLINING,0.0,5901594,RECONSIDER,4,57.24
S00463,Song_00463,A0374,Hindi,Devotional,440536,312981,0.2472610158444123,0.28460103147075383,0.627903281457134,0.06527552790744486,0.02348065857032855,0.04075327256287123,0.0,0.0,0.0,34.97131169796275,DECLINING,1.94,5683933,RECONSIDER,5,3.84
S00464,Song_00464,A0210,Punjabi,Pop,695748,508894,0.25561708332187055,0.23132657226467054,0.7169003719737607,0.1002310893820717,0.03960353236626881,0.0695704802964861,0.0,0.0,0.0,49.368175257812545,STABLE,87.51,8466642,PROMOTE,6,90.62
S00465,Song_00465,A0004,Hindi,Classical,524124,360211,0.15781028341721937,0.34462073860384185,0.5702562752325786,0.02800580770714942,0.006651656945512491,0.01614609215154451,0.0,0.0,0.0,18.06582353277457,DECLINING,0.0,6649782,RECONSIDER,3,95.28
S00466,Song_00466,A0483,Tamil,Electronic,428536,326508,0.28442182121111886,0.2932892452442735,0.6430078219799503,0.0645680963406716,0.025497078172663456,0.03718438751883568,0.0,0.0,0.0,37.563546609470606,DECLINING,2.22,5555983,RECONSIDER,5,0.35
S00467,Song_00467,A0083,Bengali,Rock,448715,317466,0.1867160577825657,0.32090525166308237,0.5945421927058377,0.042215544341756284,0.010536561395551019,0.022292150970497627,0.0,0.0,0.0,23.463271841646467,DECLINING,0.0,5144344,RECONSIDER,4,21.28
S00468,Song_00468,A0298,Punjabi,Electronic,461723,339615,0.2252580127497313,0.30888433108162255,0.6169803107057695,0.057123507501141,0.017428558809239873,0.031768325898443826,0.0,0.0,0.0,30.33566184135156,DECLINING,0.17,5731279,RECONSIDER,3,18.02
S00469,Song_00469,A0091,Punjabi,Electronic,598694,438920,0.23837145721315958,0.2761577700795398,0.6582394345024336,0.06947963182356694,0.022853823020140343,0.042383577872960904,0.0,0.0,0.0,36.34855407215633,DECLINING,31.8,7495198,RECONSIDER,4,78.13
S00470,Song_00470,A0466,English,Pop,491099,365840,0.20146785479991253,0.33012488317019584,0.6004817765867981,0.0403619068445222,0.01242073037393396,0.02365514979225891,0.0,0.0,0.0,24.852884744000924,DECLINING,0.0,5944243,RECONSIDER,3,59.81
S00471,Song_00471,A0369,English,Indie,426260,322712,0.2183154019683185,0.29716839487636654,0.6247102707267864,0.05662634175363792,0.01872877364337242,0.036909070626440915,0.0,0.0,0.0,31.09155271109802,DECLINING,0.4,6149372,RECONSIDER,4,17.73
S00472,Song_00472,A0402,Bengali,Romantic,467306,333525,0.22959298403418035,0.31848082412808737,0.588862544028966,0.04082152762161757,0.014019938535342178,0.025923094220823027,0.0,0.0,0.0,26.322390095974505,DECLINING,0.13,6316788,RECONSIDER,3,81.4
S00473,Song_00473,A0216,Tamil,Classical,450404,321217,0.23761195702593574,0.3098085274553512,0.6090176819033579,0.04838473679786562,0.01839566399038656,0.0299828464869543,0.0,0.0,0.0,29.791259342283375,DECLINING,0.03,5710735,RECONSIDER,5,35.35
S00474,Song_00474,A0234,Punjabi,Rock,456245,322664,0.1904147968165026,0.3132856250479457,0.6004295937489726,0.0402431011826544,0.014894751196290879,0.024440284630451493,0.0,0.0,0.0,24.959873222005275,DECLINING,0.0,5683828,RECONSIDER,5,46.09
S00475,Song_00475,A0317,English,Folk,445279,316090,0.2255275396247904,0.29759768594521635,0.6454133251287395,0.05809105001740011,0.022401847575057737,0.03968173621436932,0.0,0.0,0.0,33.67176787876497,DECLINING,0.49,6500910,RECONSIDER,6,38.73
S00476,Song_00476,A0392,Hindi,Folk,523161,385834,0.2561645681821716,0.27540088041730937,0.6715714665275125,0.07696574174385876,0.029118740183602273,0.045566227963321014,0.0,0.0,0.0,40.338800241027606,STABLE,2.79,6949993,MAINTAIN,3,52.14
S00477,Song_00477,A0423,Hindi,Classical,559788,405012,0.18656731158582956,0.2904688917947509,0.6133607722923679,0.05850690843728087,0.0183920476430328,0.03578412491481734,0.0,0.0,0.0,29.01435422888979,DECLINING,10.53,6498702,RECONSIDER,7,48.01
S00478,Song_00478,A0009,Hindi,Indie,393806,283592,0.16580862647747469,0.34834156919904724,0.5678278136950682,0.02998321532342238,0.008170188157634912,0.014908742136590596,0.0,0.0,0.0,18.780650780392858,DECLINING,0.0,5149801,RECONSIDER,6,27.46
S00479,Song_00479,A0332,English,Devotional,464168,335154,0.21654224625097715,0.28506489029834026,0.6318983643853088,0.05832542652034587,0.02165870017961892,0.03683978111554688,0.0,0.0,0.0,32.190874362379375,DECLINING,0.34,6814961,RECONSIDER,6,42.46
S00480,Song_00480,A0055,Malayalam,Devotional,562504,416071,0.24012488253206785,0.2927854735255216,0.6536646850511285,0.07013466451639264,0.02540431801303143,0.03722681946110159,0.0,0.0,0.0,36.413615030871505,DECLINING,18.6,7936445,RECONSIDER,3,90.83
S00481,Song_00481,A0144,Punjabi,Devotional,556445,387135,0.28775233445697235,0.26731123471322416,0.6722928591325288,0.0827514949565397,0.02806772831182921,0.05061025223759154,0.0,0.0,0.0,42.689907134489445,STABLE,6.6,7249169,MAINTAIN,7,50.29
S00482,Song_00482,A0414,Hindi,Electronic,739727,515371,0.3784594010916408,0.2103681493307666,0.7502984209039281,0.11781803787950816,0.04624047530807904,0.07945732297703983,0.0,0.0,0.0,61.09782267014311,RISING,89.01,9388432,PROMOTE,6,91.64
S00483,Song_00483,A0126,Hindi,Lo-Fi,495546,371563,0.19528316866857034,0.32048689728097896,0.6020712507012467,0.04135772399297024,0.0172998926157879,0.02323159195075936,0.0,0.0,0.0,25.840171186641225,DECLINING,0.0,5889768,RECONSIDER,5,55.01
S00484,Song_00484,A0398,English,Folk,464087,341949,0.1862938625350564,0.33379301725754007,0.566570492170649,0.03282653261158828,0.010062904117280646,0.018996984930501334,0.0,0.0,0.0,20.82498346309742,DECLINING,0.0,6174585,RECONSIDER,7,76.88
S00485,Song_00485,A0232,Telugu,Romantic,461661,336283,0.2528584555270412,0.29374800990337063,0.6483523624477702,0.0692274066783037,0.023066881168539593,0.03968383772001558,0.0,0.0,0.0,36.37435869571452,DECLINING,1.0,6456233,RECONSIDER,5,29.36
S00486,Song_00486,A0117,English,Classical,599298,426018,0.2424662807674793,0.30729453460548845,0.6210482931696751,0.06020168161908652,0.021104742053152683,0.03159490913529475,0.0,0.0,0.0,32.51771333335848,DECLINING,13.06,7063233,RECONSIDER,4,79.04
S00487,Song_00487,A0167,Telugu,Classical,362552,278543,0.14859465145417405,0.33963128047838653,0.5585929742492112,0.026358587363530944,0.00900399579239112,0.01612318385312142,0.0,0.0,0.0,17.474147346698622,DECLINING,0.0,5106921,RECONSIDER,5,26.43
S00488,Song_00488,A0265,Telugu,Indie,445122,317960,0.22179833941376273,0.3184497733205728,0.6087005360328179,0.048751415272361306,0.016976978236256133,0.031868788526858725,0.0,0.0,0.0,28.878012798894417,DECLINING,0.0,4839636,RECONSIDER,6,1.95
S00489,Song_00489,A0382,Hindi,Indie,476441,329519,0.22132259444827157,0.3023963093016764,0.6086818724668952,0.05385425423116725,0.01657567545422267,0.03714201609011923,0.0,0.0,0.0,29.73965913199999,DECLINING,0.43,5788993,RECONSIDER,5,16.07
S00490,Song_00490,A0303,Marathi,Electronic,333000,240194,0.2447271788637518,0.29560960960960964,0.6227327327327328,0.05913136881021175,0.018447588199538706,0.034247316752291895,0.0,0.0,0.0,32.21741586202898,DECLINING,0.0,5717341,RECONSIDER,6,2.17
S00491,Song_00491,A0466,Malayalam,Classical,593373,430939,0.25382014623879484,0.2907041607892506,0.64894762653508,0.06570071402217019,0.023330448160876597,0.04528019046779243,0.0,0.0,0.0,36.68968519623922,DECLINING,54.18,8448817,MONITOR,5,94.71
S00492,Song_00492,A0434,English,Hip-Hop,698469,471535,0.3683013986236441,0.24315467114503292,0.7285548821780208,0.10453942973480229,0.04046571304357047,0.07088763294347185,0.0,0.0,0.0,56.14940761914556,STABLE,92.94,8739274,PROMOTE,6,100.0
S00493,Song_00493,A0376,Hindi,Classical,531907,392948,0.23372303714486395,0.32801786778515796,0.6001387460589915,0.048838523163370215,0.015398984089497848,0.0263775359589564,0.0,0.0,0.0,28.188778872200157,DECLINING,0.33,6272690,RECONSIDER,6,76.22
S00494,Song_00494,A0301,Malayalam,Folk,462467,313735,0.2918992143050664,0.2668341741140449,0.6781954171865235,0.09033738664796723,0.03276650676526368,0.05616842239469616,0.0,0.0,0.0,45.5282928817363,STABLE,2.09,6257701,MAINTAIN,6,10.81
S00495,Song_00495,A0145,Kannada,Rock,583610,428979,0.2477953466253593,0.3046212367848392,0.6303010572128648,0.06597292641364728,0.022397366770867573,0.04007422274750046,0.0,0.0,0.0,34.85540050015183,DECLINING,40.14,7763448,RECONSIDER,9,89.89
S00496,Song_00496,A0206,Punjabi,Pop,642214,452104,0.22209491621396846,0.2859000270937725,0.6619070901599778,0.07017633110965618,0.02583697556314476,0.044609204961690234,0.0,0.0,0.0,36.705760580632614,DECLINING,44.87,7259046,RECONSIDER,6,74.38
S00497,Song_00497,A0060,Punjabi,Lo-Fi,350031,256121,0.14946841531932173,0.34328673746039634,0.56368721627513,0.020217006805377146,0.005548158878030306,0.016156426064243074,0.0,0.0,0.0,16.342135913735405,DECLINING,0.0,4948795,RECONSIDER,6,33.22
S00498,Song_00498,A0187,Hindi,Romantic,471108,344873,0.1464510124016667,0.3384510558088591,0.5749170041688955,0.02721581567707533,0.009299075311781438,0.014790952031617436,0.0,0.0,0.0,18.15395665068793,DECLINING,0.0,5795765,RECONSIDER,6,50.23
S00499,Song_00499,A0463,Telugu,Devotional,500206,361123,0.25661062851161515,0.2824156447543612,0.6551920608709212,0.07357880832846427,0.025055175106542645,0.0431016578838789,0.0,0.0,0.0,38.08266257213079,DECLINING,1.89,7564835,RECONSIDER,8,66.18
S00500,Song_00500,A0213,English,Folk,428248,318029,0.20768231827915065,0.2823200575367544,0.6410164203919224,0.06750327800294942,0.020900609692826755,0.04056862738932613,0.0,0.0,0.0,33.231335175258955,DECLINING,0.87,5700764,RECONSIDER,6,2.41
S00501,Song_00501,A0057,Hindi,Hip-Hop,486370,352725,0.21095187468991425,0.30068671998684127,0.6186483541336842,0.06015451130484088,0.020710184988305336,0.035585796300233896,0.0,0.0,0.0,31.140181793915307,DECLINING,0.1,6644274,RECONSIDER,5,50.15
S00502,Song_00502,A0326,Tamil,Rock,536498,399110,0.23691463506301522,0.27188358577291993,0.6510984197517977,0.07539776001603568,0.026336097817644257,0.0473528601137531,0.0,0.0,0.0,37.805698021704366,DECLINING,6.59,7344277,RECONSIDER,5,73.24
S00503,Song_00503,A0481,Malayalam,Hip-Hop,393446,283179,0.20708809622182436,0.31374318203768753,0.6080758223491916,0.04645118458642766,0.015453123289509462,0.02737844261050431,0.0,0.0,0.0,27.131223092538065,DECLINING,0.0,5275760,RECONSIDER,6,18.82
S00504,Song_00504,A0433,Bengali,Romantic,519822,391101,0.2913774191321423,0.24712882486697368,0.6969885845539434,0.0943515869302303,0.035678763286209954,0.06112743255578482,0.0,0.0,0.0,47.91062751372647,STABLE,4.0,7469141,MAINTAIN,5,44.38
S00505,Song_00505,A0137,Hindi,Romantic,390607,283384,0.15763416424357057,0.32413909632955884,0.5975059330733961,0.03843195099229314,0.011644976427744686,0.021864325438274566,0.0,0.0,0.0,22.039506042374875,DECLINING,0.0,5715257,RECONSIDER,8,53.25
S00506,Song_00506,A0227,Hindi,Romantic,487655,349012,0.20998418392490803,0.32465369984927867,0.605397258307615,0.04451136350612586,0.01512841965319244,0.02358658155020458,0.0,0.0,0.0,26.533004877974776,DECLINING,0.0,6754237,RECONSIDER,5,73.56
S00507,Song_00507,A0265,Malayalam,Classical,732276,490913,0.367276890202541,0.20141312838328718,0.7801197908985137,0.13340449326051662,0.04976238152177677,0.08264193451792884,0.0,0.0,0.0,64.56701861816437,RISING,97.75,9660552,PROMOTE,2,96.45
S00508,Song_00508,A0124,Malayalam,Indie,686819,528426,0.30876224864030155,0.22501415948015416,0.7267082011417856,0.10587480555460935,0.03708371654687695,0.07462918175865683,0.0,0.0,0.0,52.830521625537166,STABLE,89.42,8523470,PROMOTE,7,84.83
S00509,Song_00509,A0135,Punjabi,Pop,593456,416552,0.30294176957498703,0.2589037771966245,0.7024615135747216,0.09757725326009718,0.034833586202923046,0.0601893641130039,0.0,0.0,0.0,48.751800367291224,STABLE,40.67,7632241,MAINTAIN,6,62.15
S00510,Song_00510,A0119,Marathi,Folk,525289,386695,0.3278552864660779,0.24918663821248874,0.6838768753962104,0.08492739756138559,0.03258381928910382,0.05407362391548895,0.0,0.0,0.0,46.786401652265475,STABLE,3.13,7476836,MAINTAIN,6,58.36
S00511,Song_00511,A0497,English,Devotional,506627,348078,0.2635242675492275,0.2712251814451263,0.672121699001435,0.08165411200937721,0.029315268416849095,0.046949247007854564,0.0,0.0,0.0,41.350681437578274,STABLE,0.47,7185113,MAINTAIN,7,60.32
S00512,Song_00512,A0373,English,Pop,502222,362381,0.2016027330351205,0.3161350956349981,0.6083564638745416,0.057185669226587486,0.01892483325560667,0.02801471379570121,0.0,0.0,0.0,28.795788729507482,DECLINING,0.54,6519889,RECONSIDER,5,54.52
S00513,Song_00513,A0420,Hindi,Folk,404661,288168,0.20462716193331668,0.311255594188716,0.6225779108933156,0.05993378862330307,0.01974195608117487,0.035441131562144304,0.0,0.0,0.0,30.748615557781726,DECLINING,0.59,5572731,RECONSIDER,6,5.94
S00514,Song_00514,A0408,Hindi,Pop,461298,332857,0.19017776402479142,0.3295180122176988,0.5863541571825588,0.03530945721435932,0.010944639890403387,0.019828334690272398,0.0,0.0,0.0,22.45567984870967,DECLINING,0.0,6161145,RECONSIDER,7,69.83
S00515,Song_00515,A0479,Hindi,Indie,473484,349190,0.17806065465792262,0.33264904410708707,0.5573620227927448,0.026839256565193734,0.009765457200950772,0.01508634267877087,0.0,0.0,0.0,18.98645421545789,DECLINING,0.0,6018681,RECONSIDER,7,71.63
S00516,Song_00516,A0053,Bengali,Classical,470887,347010,0.2568052793867612,0.29345256930006564,0.6345959858734685,0.058583326128930004,0.021278925679375234,0.037817353966744474,0.0,0.0,0.0,34.305982240661876,DECLINING,0.0,6826626,RECONSIDER,6,51.25
S00517,Song_00517,A0440,Hindi,Indie,567655,410059,0.22633572242043218,0.2895702495353692,0.651219490711788,0.06596611707095808,0.02515735540495392,0.042298791149566285,0.0,0.0,0.0,35.63660883281531,DECLINING,44.14,7966381,RECONSIDER,5,87.04
S00518,Song_00518,A0034,Hindi,Lo-Fi,625722,462697,0.30085131306232804,0.22950927089026757,0.724518236533157,0.10927669727705172,0.040464926290855574,0.072898678833016,0.0,0.0,0.0,53.3140559680897,STABLE,87.51,8037604,PROMOTE,7,67.24
S00519,Song_00519,A0238,Punjabi,Lo-Fi,405139,269004,0.1657261602057962,0.3452963057123605,0.5705819484177036,0.0279401049798516,0.007821445034274583,0.015442149559114363,0.0,0.0,0.0,18.67347155512362,DECLINING,0.0,5221873,RECONSIDER,6,36.27
S00520,Song_00520,A0297,Hindi,Hip-Hop,432515,315862,0.19547777193837815,0.28619816653757674,0.6337676149960118,0.06007370307286093,0.021195965326629984,0.0345245708568932,0.0,0.0,0.0,31.09355149235569,DECLINING,0.54,5403677,RECONSIDER,5,1.97
S00521,Song_00521,A0179,Hindi,Indie,412254,298089,0.16047220796473535,0.33985601109995295,0.5931804178977038,0.03621066191640752,0.012563361948948132,0.017478001536453878,0.0,0.0,0.0,21.575253551587377,DECLINING,0.0,4567993,RECONSIDER,3,5.92
S00522,Song_00522,A0073,Punjabi,Lo-Fi,391743,286330,0.22153459295218803,0.3210267956287668,0.6123529967351043,0.04557328956099605,0.01681975343135543,0.031282087102294555,0.0,0.0,0.0,28.6357063301738,DECLINING,0.0,5558082,RECONSIDER,7,35.18
S00523,Song_00523,A0096,English,Electronic,491343,355600,0.20311304836895389,0.30147575115550646,0.6455632826762567,0.05996062992125984,0.024932508436445445,0.03593082114735658,0.0,0.0,0.0,33.01860844958072,DECLINING,2.49,6747369,RECONSIDER,5,46.21
S00524,Song_00524,A0412,Marathi,Folk,450403,336331,0.2392137507395988,0.2892343079419986,0.6574312338061692,0.07071307729587817,0.02174643431619446,0.043100398119709456,0.0,0.0,0.0,36.274726887452,DECLINING,1.47,6214817,RECONSIDER,4,16.69
S00525,Song_00525,A0160,Kannada,Classical,405298,283114,0.19115268054564594,0.32704577866162676,0.5918484670538715,0.04268951729691926,0.014054409177928325,0.025961273550583863,0.0,0.0,0.0,24.77639270640554,DECLINING,0.0,5222446,RECONSIDER,5,18.93
S00526,Song_00526,A0155,Hindi,Hip-Hop,463550,337998,0.23312268119929705,0.2855139682882106,0.6547858914895912,0.06931401960958349,0.026213172859011,0.0432251078408748,0.0,0.0,0.0,36.79245819994257,DECLINING,1.85,6370913,RECONSIDER,4,23.02
S00527,Song_00527,A0461,Kannada,Indie,605132,456885,0.1946594876172341,0.2881272185242228,0.6430068150420074,0.06527244273723147,0.023288135964192304,0.03824594810510303,0.0,0.0,0.0,32.824346568912375,DECLINING,30.35,7309482,RECONSIDER,2,78.05
S00528,Song_00528,A0072,Kannada,Folk,592473,432985,0.20612723304502464,0.29582782675328667,0.6280657515194785,0.05848932411053501,0.020751296234280632,0.036285321662413245,0.0,0.0,0.0,31.254221910140096,DECLINING,10.32,7139713,RECONSIDER,8,77.13
S00529,Song_00529,A0457,Bengali,Lo-Fi,439869,307239,0.18406517401762146,0.31137679627343595,0.5911487283714015,0.04095834187717054,0.014184397163120567,0.02352565917738308,0.0,0.0,0.0,24.036246865702477,DECLINING,0.0,5611470,RECONSIDER,7,38.29
S00530,Song_00530,A0460,Marathi,Devotional,593912,421078,0.3389752017440949,0.21879672409380516,0.7490570993682566,0.122530742522763,0.045642375046903425,0.07895686784871211,0.0,0.0,0.0,59.379704643437776,STABLE,62.37,7769158,MONITOR,6,17.24
S00531,Song_00531,A0299,Marathi,Electronic,469578,344170,0.2317953337013685,0.30510799057877497,0.6242690245284064,0.05933405003341372,0.019638550716215824,0.03638899381119796,0.0,0.0,0.0,32.15819167477337,DECLINING,0.07,5519210,RECONSIDER,2,11.09
S00532,Song_00532,A0083,Marathi,Indie,555663,420934,0.35540726099578557,0.21154008814695238,0.755700847456102,0.12132305777152713,0.04728294697030888,0.0809248005625585,0.0,0.0,0.0,60.94442906036543,RISING,40.43,7410171,MAINTAIN,7,8.71
S00533,Song_00533,A0078,Tamil,Rock,400675,297741,0.21566394954003648,0.3064902976227616,0.6276932676109066,0.05059094985238848,0.01948001786787846,0.03731431008829822,0.0,0.0,0.0,30.733702801038554,DECLINING,0.08,6390557,RECONSIDER,7,39.13
S00534,Song_00534,A0143,Hindi,Classical,512649,376541,0.25179728103978055,0.3010656414037675,0.619786637640959,0.055393702146645386,0.019718968186731325,0.036357262555737624,0.0,0.0,0.0,32.56298740820175,DECLINING,0.44,5655532,RECONSIDER,7,4.55
S00535,Song_00535,A0289,Malayalam,Classical,456197,332570,0.18404847099858676,0.32216125928053013,0.6008763757762545,0.04318489340589951,0.014649547463691855,0.027209309318338995,0.0,0.0,0.0,25.15205124542282,DECLINING,0.0,5517150,RECONSIDER,4,33.36
S00536,Song_00536,A0077,Punjabi,Folk,569958,399123,0.2672684861558968,0.29196361837188,0.6355012123700343,0.06514533113852121,0.02474675726530418,0.040614046296505085,0.0,0.0,0.0,36.57445527879974,DECLINING,50.88,7879309,MONITOR,6,96.15
S00537,Song_00537,A0228,Telugu,Indie,631704,462267,0.3580679563974932,0.22111305294884945,0.7403309144789332,0.11607144788617833,0.04539151615841062,0.07295134629986566,0.0,0.0,0.0,58.668535475566905,STABLE,70.11,7595317,MONITOR,7,50.75
S00538,Song_00538,A0058,English,Electronic,589514,429121,0.29502634455083765,0.3053396526630411,0.621835953005357,0.057007231060703156,0.020334590942880912,0.038483318224929564,0.0,0.0,0.0,35.266499352961176,DECLINING,12.13,7100888,RECONSIDER,7,82.26
S00539,Song_00539,A0270,Hindi,Pop,328404,239732,0.20574224550748335,0.3100906200898893,0.6035584219437035,0.047311164133282166,0.01460797890978259,0.027509886039410677,0.0,0.0,0.0,26.751031592692943,DECLINING,0.0,4995124,RECONSIDER,3,12.93
S00540,Song_00540,A0011,Punjabi,Electronic,444356,346920,0.1753516660901649,0.32873866899513005,0.5979507421976974,0.04665340712556209,0.014971751412429379,0.024622391329413122,0.0,0.0,0.0,24.763781606295435,DECLINING,0.0,5538638,RECONSIDER,8,26.81
S00541,Song_00541,A0354,Punjabi,Indie,719090,555052,0.4041224966309463,0.18633967931691445,0.7925183217677898,0.14357573704806037,0.05488314608361018,0.09171212787270382,0.0,0.0,0.0,69.9768805131571,RISING,99.99,10031490,PROMOTE,5,94.65
S00542,Song_00542,A0028,English,Lo-Fi,598591,421552,0.33488632481876496,0.24494855418808503,0.7071656606931945,0.09602611302994649,0.03749478118950924,0.0653181576650093,0.0,0.0,0.0,51.48604170893996,STABLE,49.99,7083199,MAINTAIN,4,38.36
S00543,Song_00543,A0098,English,Classical,417900,323602,0.1857868616386796,0.3203493658770041,0.5867863125149557,0.0351017608049394,0.013414626609229856,0.018924481307284875,0.0,0.0,0.0,22.74417854647018,DECLINING,0.0,6127950,RECONSIDER,5,64.84
S00544,Song_00544,A0088,Hindi,Classical,800465,562100,0.3416384984878136,0.18188802758396683,0.7985683321569338,0.14024906600249065,0.053271659847002314,0.09244440491015833,0.0,0.0,0.0,66.57130471673591,RISING,99.83,9856924,PROMOTE,9,97.61
S00545,Song_00545,A0415,Punjabi,Romantic,548917,410393,0.28411790649450647,0.2450880552068892,0.7136069751893274,0.10001876250325907,0.038911482408325676,0.0633514704198171,0.0,0.0,0.0,49.84571295728027,STABLE,13.21,7473718,MAINTAIN,5,55.08
S00546,Song_00546,A0027,English,Folk,625423,434729,0.39137255623618394,0.18447035046680407,0.7905673440215663,0.1403978110501025,0.05418548106981591,0.09142937324172071,0.0,0.0,0.0,68.76582333326851,RISING,92.16,8384183,PROMOTE,6,30.53
S00547,Song_00547,A0215,Gujarati,Electronic,567134,391045,0.2911455203365342,0.27076140735699145,0.665500569530305,0.08354281476556406,0.03200398931069314,0.050978787607564344,0.0,0.0,0.0,43.586672142579495,STABLE,11.45,7220465,MAINTAIN,5,53.19
S00548,Song_00548,A0295,Hindi,Folk,393838,283790,0.17364600584939568,0.2971247060974309,0.60972024030185,0.05047394199936573,0.017319144437788505,0.028129955248599316,0.0,0.0,0.0,26.476118502188587,DECLINING,0.08,5796185,RECONSIDER,5,5.46
S00549,Song_00549,A0258,English,Pop,471334,334607,0.29747435050671384,0.26558661161723957,0.6771312911862926,0.08009993813638089,0.029494302271022423,0.05105691154100183,0.0,0.0,0.0,43.51252339047508,STABLE,0.07,6368418,MAINTAIN,3,11.24
S00550,Song_00550,A0340,Hindi,Hip-Hop,411218,269137,0.2206719997622029,0.3046316065930966,0.6130835712444495,0.05212215340142753,0.017478087368143363,0.031244310518434848,0.0,0.0,0.0,29.41218871100446,DECLINING,0.1,5113625,RECONSIDER,3,0.72
S00551,Song_00551,A0401,Punjabi,Folk,630790,448677,0.24058732674061742,0.299881101475927,0.6450165665276875,0.06703486026696265,0.024030650111327302,0.03841293402603655,0.0,0.0,0.0,35.520713352483995,DECLINING,45.01,7845384,RECONSIDER,4,88.42
S00552,Song_00552,A0197,English,Pop,503441,376584,0.21450725468952478,0.2858507749666793,0.6542593868993586,0.06214284196885688,0.02121173496484184,0.03835532045971151,0.0,0.0,0.0,33.52852997185428,DECLINING,1.82,7147946,RECONSIDER,5,67.13
S00553,Song_00553,A0414,Marathi,Indie,510122,359243,0.3176791197044897,0.2346752345517347,0.715438659771584,0.10707515525702659,0.038503185865834545,0.06303811069387573,0.0,0.0,0.0,52.12331422959614,STABLE,0.82,7016807,MAINTAIN,7,29.83
S00554,Song_00554,A0159,Malayalam,Classical,536270,373686,0.2940998592401107,0.24284222499860145,0.7168571801517892,0.09542503599278539,0.03619884073794576,0.06453814164833577,0.0,0.0,0.0,49.50567730135609,STABLE,1.95,6715798,MAINTAIN,4,22.12
S00555,Song_00555,A0492,Hindi,Lo-Fi,575456,417309,0.2321780742806889,0.3009456848134349,0.6172965439581827,0.05550802882276682,0.019079387216666785,0.034171321490789795,0.0,0.0,0.0,31.146865703352336,DECLINING,5.77,7136473,RECONSIDER,6,68.31
S00556,Song_00556,A0252,Tamil,Folk,499229,340631,0.17166963664493248,0.3406693120792262,0.5857752654593383,0.034157196497089225,0.011449339607962869,0.017314924360965385,0.0,0.0,0.0,21.301382280652714,DECLINING,0.0,6922159,RECONSIDER,6,91.95
S00557,Song_00557,A0368,Hindi,Folk,745563,526656,0.4414969163932434,0.13776300594315974,0.8638411509154826,0.17090662595698142,0.06464751184834124,0.11241493498602503,0.0,0.0,0.0,81.974706252587,BREAKOUT,100.0,8545985,PROMOTE,6,29.91
S00558,Song_00558,A0437,Hindi,Hip-Hop,379391,262605,0.15826050532168084,0.3466661043619907,0.5628335938385465,0.031115172978427676,0.008766017402562784,0.015734658517545363,0.0,0.0,0.0,18.508517066914987,DECLINING,0.0,5224234,RECONSIDER,6,32.16
S00559,Song_00559,A0396,English,Indie,617610,461987,0.25462188329974655,0.27945629118699505,0.6562863295607261,0.07254749592521002,0.02493793115390693,0.04274579154824703,0.0,0.0,0.0,37.87587979244092,DECLINING,68.55,7675795,MONITOR,3,85.42
S00560,Song_00560,A0425,Hindi,Electronic,557407,404525,0.2109189790495025,0.31013065856725874,0.6280240470607653,0.05678759038378345,0.017173227859835608,0.030047586675730795,0.0,0.0,0.0,29.894174723227085,DECLINING,4.79,7316731,RECONSIDER,7,89.34
S00561,Song_00561,A0268,Marathi,Lo-Fi,556285,393001,0.21115213447294026,0.2938583639681099,0.6383184878254852,0.058732674980470786,0.02186253978997509,0.03703044012610655,0.0,0.0,0.0,32.33015104627951,DECLINING,3.92,7596284,RECONSIDER,7,91.4
S00562,Song_00562,A0022,Marathi,Pop,444897,320278,0.20056013837978257,0.32392890938801566,0.5984261525701454,0.04330612780147247,0.014590449546956081,0.02705462129774758,0.0,0.0,0.0,25.827901085377242,DECLINING,0.0,5555444,RECONSIDER,7,29.32
S00563,Song_00563,A0247,Tamil,Lo-Fi,404645,299563,0.26473896976595906,0.29343251492048583,0.6102410755106328,0.0577608049058128,0.02162483350747589,0.03435671294519016,0.0,0.0,0.0,33.248742382252516,DECLINING,0.41,5642608,RECONSIDER,5,12.03
S00564,Song_00564,A0091,Punjabi,Rock,559664,415158,0.24881370466183958,0.28714371480030876,0.6572014637353841,0.06987701068027112,0.024819466323664725,0.041360156855944005,0.0,0.0,0.0,37.22051765464373,DECLINING,16.09,6630743,RECONSIDER,5,44.0
S00565,Song_00565,A0444,Marathi,Romantic,463442,348055,0.28744594963439685,0.26235213899473936,0.6601343857483785,0.07853069198833518,0.028466765310080303,0.04775107382453923,0.0,0.0,0.0,41.535093302058705,STABLE,0.8,6508907,MAINTAIN,3,29.58
S00566,Song_00566,A0119,English,Devotional,633927,466233,0.28393099587545284,0.24402021052897258,0.69280216807298,0.09089017722898207,0.033772813164233334,0.05326521288711867,0.0,0.0,0.0,45.8383608588206,STABLE,74.03,8154715,MONITOR,5,88.39
S00567,Song_00567,A0114,Hindi,Electronic,414470,282157,0.18278830580138009,0.3204502135257075,0.6050305209062176,0.044670165900544734,0.016299436129530723,0.033810963399809324,0.0,0.0,0.0,26.42958785659508,DECLINING,0.17,4884250,RECONSIDER,7,3.66
S00568,Song_00568,A0125,Hindi,Romantic,683227,503687,0.33352657503568683,0.20712588934570794,0.7679409625205093,0.127094802923244,0.04843682683889002,0.07891607287859326,0.0,0.0,0.0,61.08756509393261,RISING,98.06,8828053,PROMOTE,3,63.39
S00569,Song_00569,A0321,Marathi,Pop,822517,568270,0.44878666830907843,0.15327707512428315,0.851131344397745,0.17137100322030022,0.06572579935593996,0.11044397909444455,0.0,0.0,0.0,81.86084529734427,BREAKOUT,100.0,10521305,PROMOTE,3,90.62
S00570,Song_00570,A0286,Gujarati,Folk,583168,422629,0.23801253581746637,0.304845258999122,0.60139616714223,0.04973156125112096,0.015372821079481057,0.026318591483310422,0.0,0.0,0.0,28.530791314237014,DECLINING,2.82,7221290,RECONSIDER,5,97.67
S00571,Song_00571,A0474,Hindi,Lo-Fi,563965,405269,0.21850425273090218,0.28090927628487583,0.6670573528499109,0.07588293207721292,0.02592352240117058,0.04549077279535321,0.0,0.0,0.0,37.421653227462606,DECLINING,16.17,7209601,RECONSIDER,5,65.01
S00572,Song_00572,A0208,Punjabi,Romantic,566769,398962,0.14585850281480442,0.34489536301385576,0.5646974340516154,0.022485850782781317,0.008008281490467764,0.014790882339671447,0.0,0.0,0.0,16.8893419321769,DECLINING,3.08,6611687,RECONSIDER,7,94.99
S00573,Song_00573,A0141,Telugu,Lo-Fi,399559,302090,0.24386772153993844,0.29663954509847107,0.6446957770942464,0.06261048032043431,0.020834850541229435,0.04040848753682677,0.0,0.0,0.0,34.66497501102858,DECLINING,0.29,5618169,RECONSIDER,4,7.57
S00574,Song_00574,A0025,Bengali,Lo-Fi,688790,506107,0.486160041256098,0.14772281827552664,0.853445897878889,0.16975264123989592,0.06610459843471835,0.1092022042769612,0.0,0.0,0.0,83.61065650755503,BREAKOUT,100.0,9323508,PROMOTE,4,35.93
S00575,Song_00575,A0004,Punjabi,Lo-Fi,332476,255730,0.1464787080123568,0.3309562193962873,0.5653190004692068,0.03405153873225668,0.011175849528799906,0.01670120830563485,0.0,0.0,0.0,18.993695176259177,DECLINING,0.0,4582755,RECONSIDER,6,0.87
S00576,Song_00576,A0187,Marathi,Hip-Hop,550495,399730,0.24725189502914469,0.30814448814248996,0.6107594074423928,0.05520476321517024,0.01641858254321667,0.03241437970630175,0.0,0.0,0.0,30.756179757000556,DECLINING,20.77,7703554,RECONSIDER,2,98.12
S00577,Song_00577,A0462,Tamil,Indie,719980,504432,0.28715862593967073,0.25840717797716606,0.6795910997527709,0.08590454213848447,0.03189329780822787,0.054439448726488406,0.0,0.0,0.0,44.56614139424547,STABLE,78.42,8091111,MONITOR,2,90.27
S00578,Song_00578,A0262,Bengali,Lo-Fi,360150,250616,0.19438503527308712,0.33060669165625434,0.5851534083020964,0.03503766718804865,0.012345580489673444,0.01899320075334376,0.0,0.0,0.0,22.834576288358882,DECLINING,0.0,4562701,RECONSIDER,4,2.81
S00579,Song_00579,A0446,Hindi,Lo-Fi,374736,265835,0.1803900915981718,0.31406109901370566,0.5926839161436318,0.042876220211785505,0.013087065284857148,0.02315722158481765,0.0,0.0,0.0,23.81821343675702,DECLINING,0.0,4669550,RECONSIDER,8,1.81
S00580,Song_00580,A0051,Malayalam,Devotional,474370,334442,0.19590840863288703,0.3168686889980395,0.6087653097792862,0.05122263352090946,0.017420060877521362,0.03195172855083991,0.0,0.0,0.0,27.96881960789589,DECLINING,0.0,6137623,RECONSIDER,5,36.7
S00581,Song_00581,A0047,Hindi,Romantic,447377,332185,0.1960835076839713,0.3328400878900793,0.5662539647769107,0.031006818489697007,0.010963770188298689,0.017110947213149298,0.0,0.0,0.0,21.151717672013472,DECLINING,0.0,5347077,RECONSIDER,4,25.85
S00582,Song_00582,A0416,Bengali,Pop,617975,447119,0.2896656147468571,0.25839232978680365,0.6801391642056718,0.08653848304366399,0.0298488769209092,0.05423835712640259,0.0,0.0,0.0,44.27085098832675,STABLE,81.02,8179352,PROMOTE,5,84.69
S00583,Song_00583,A0054,Hindi,Hip-Hop,374426,264853,0.1858691425054653,0.3132821972833083,0.5990769871750359,0.04022986335816472,0.015283949964697398,0.021664848047785,0.0,0.0,0.0,24.509430359828258,DECLINING,0.0,5259803,RECONSIDER,5,16.05
S00584,Song_00584,A0026,Hindi,Pop,551088,394083,0.24357559194382908,0.2862501088755335,0.633909647823941,0.06408040945689106,0.019795322305199665,0.04077059908699436,0.0,0.0,0.0,34.08031328434757,DECLINING,10.24,7229132,RECONSIDER,6,79.06
S00585,Song_00585,A0202,Hindi,Romantic,358087,261778,0.18225366531946915,0.33279901253047445,0.5644773476836634,0.02454751736203959,0.009767818533261008,0.017396419867215733,0.0,0.0,0.0,19.513695130043704,DECLINING,0.0,5725854,RECONSIDER,7,55.45
S00586,Song_00586,A0462,English,Pop,509038,379176,0.2560235879908011,0.2983922614814611,0.6555070544831624,0.06639397008249467,0.023384918876722154,0.04268202628858367,0.0,0.0,0.0,36.93971607801957,DECLINING,3.04,6624150,RECONSIDER,9,37.74
S00587,Song_00587,A0345,English,Electronic,372647,268591,0.21072932451199036,0.33853486006864403,0.5836596027876247,0.037964786608635434,0.012688437066022316,0.02304991604335216,0.0,0.0,0.0,24.3029548687661,DECLINING,0.0,5053246,RECONSIDER,5,14.57
S00588,Song_00588,A0050,Hindi,Indie,751744,550479,0.30124491579151974,0.21219324663715308,0.7552118806402179,0.12015717220820413,0.04347123141845556,0.07822641735652042,0.0,0.0,0.0,57.010603602536676,STABLE,95.77,9651686,PROMOTE,3,99.77
S00589,Song_00589,A0418,English,Indie,462036,334937,0.19006559442522025,0.3194534625007575,0.5942740392523527,0.04655502378059157,0.015701460274618807,0.028160519739533107,0.0,0.0,0.0,25.80349035010768,DECLINING,0.0,6212560,RECONSIDER,5,61.8
S00590,Song_00590,A0421,English,Folk,559235,417266,0.23719881322705422,0.2686902643790178,0.6820925013634698,0.08542991760651479,0.030862806938499663,0.05099145389272071,0.0,0.0,0.0,41.63350702950206,STABLE,18.86,7149326,MAINTAIN,8,43.94
S00591,Song_00591,A0400,Telugu,Classical,430728,315674,0.21248186420167642,0.31364341301238835,0.6118826730558496,0.050948130032882025,0.01789187579591604,0.0297078631753011,0.0,0.0,0.0,28.79952990650671,DECLINING,0.0,5442503,RECONSIDER,5,37.11
S00592,Song_00592,A0451,Kannada,Classical,605068,447692,0.2677733799129759,0.2708108840659232,0.6675960387923341,0.07937599957113373,0.02987991744324223,0.05156670210769904,0.0,0.0,0.0,41.69085996544509,STABLE,66.25,7755965,MONITOR,6,90.57
S00593,Song_00593,A0120,Marathi,Hip-Hop,611947,462912,0.26318177104935714,0.2747836005405697,0.6486950667296351,0.07628663763307064,0.02699217129821651,0.04774989630858565,0.0,0.0,0.0,39.25488138275443,DECLINING,68.81,7872746,MONITOR,8,82.12
S00594,Song_00594,A0489,Hindi,Classical,490824,351845,0.19202205516633744,0.3363242221244275,0.5816850846739361,0.03250579090224388,0.009546817490656397,0.01804203555542924,0.0,0.0,0.0,21.56168118012031,DECLINING,0.0,6264138,RECONSIDER,5,81.12
S00595,Song_00595,A0161,Hindi,Romantic,493931,368950,0.20258842661607263,0.3325545470926101,0.5916069248538763,0.04085648461851199,0.012925870714188914,0.02691692641279306,0.0,0.0,0.0,24.96699863120615,DECLINING,0.0,6115162,RECONSIDER,2,61.62
S00596,Song_00596,A0401,Kannada,Indie,550625,409003,0.1672383821145566,0.3102674233825199,0.6042987514188423,0.040579164456006435,0.011337325154094224,0.023977819233599755,0.0,0.0,0.0,23.152424436280416,DECLINING,1.11,6586232,RECONSIDER,7,88.8
S00597,Song_00597,A0290,Hindi,Lo-Fi,409392,295592,0.18963639070069555,0.30796644780552623,0.6165630984484308,0.04747422122384909,0.015098514168177759,0.027328209153157056,0.0,0.0,0.0,26.681919374211294,DECLINING,0.07,5496730,RECONSIDER,4,29.93
S00598,Song_00598,A0389,English,Indie,599164,423293,0.21392983110989314,0.2944218945063455,0.6259688499309037,0.05839453995223167,0.022660426702071614,0.0366743603130692,0.0,0.0,0.0,32.018344068470846,DECLINING,10.07,7134857,RECONSIDER,4,70.37
S00599,Song_00599,A0314,Malayalam,Hip-Hop,496415,358049,0.2354314632913372,0.2878297392302811,0.6304382421965492,0.06589600864686118,0.02391292811877704,0.040273817270820474,0.0,0.0,0.0,34.62933024033236,DECLINING,2.3,6377461,RECONSIDER,4,40.44
S00600,Song_00600,A0321,Malayalam,Devotional,618370,408533,0.26875185113564876,0.2698432977020231,0.6794491970826528,0.08220143782754392,0.030264385006841553,0.05029459064506417,0.0,0.0,0.0,42.532965705161246,STABLE,26.57,7387376,MAINTAIN,4,60.0
S00601,Song_00601,A0308,English,Folk,734985,549854,0.26964794290848115,0.252230997911522,0.7231834663292448,0.10649917978226947,0.03854477734089413,0.06674680915297515,0.0,0.0,0.0,50.435335271407794,STABLE,83.29,8849008,PROMOTE,6,99.82
S00602,Song_00602,A0389,Marathi,Classical,503592,354523,0.23848100123264218,0.2890176968657167,0.6300556799949165,0.062100343278151206,0.02299145612555462,0.0397717496467084,0.0,0.0,0.0,34.12883586312969,DECLINING,13.85,7714031,RECONSIDER,5,98.45
S00603,Song_00603,A0369,English,Hip-Hop,467453,345699,0.15032441517042283,0.3339223408556582,0.5493386500888859,0.021645998397449805,0.006520122997173842,0.012860899221577153,0.0,0.0,0.0,15.783563694002945,DECLINING,0.0,5605197,RECONSIDER,1,51.26
S00604,Song_00604,A0068,Telugu,Electronic,530403,393695,0.2252149506597747,0.3021136758276254,0.6283014990488365,0.05629992760893585,0.0189994792923456,0.033858697722856525,0.0,0.0,0.0,31.34453955882596,DECLINING,0.36,6795821,RECONSIDER,6,57.39
S00605,Song_00605,A0413,Hindi,Romantic,618932,419300,0.26193179108037207,0.24878500384533359,0.7046541461743778,0.0888957786787503,0.034710231337944195,0.05900310040543764,0.0,0.0,0.0,45.87477113464506,STABLE,70.87,8259345,MONITOR,7,89.73
S00606,Song_00606,A0268,Hindi,Lo-Fi,497132,353612,0.19714828682284538,0.33572773428385216,0.5901470836719422,0.03466511317489226,0.009606574437519088,0.02341266699093922,0.0,0.0,0.0,22.92349952388914,DECLINING,0.0,6640081,RECONSIDER,2,98.56
S00607,Song_00607,A0162,Marathi,Rock,499232,359599,0.21716968067208195,0.3051807576437408,0.62062127427729,0.058826637448936174,0.02023643002344278,0.03180765241282651,0.0,0.0,0.0,30.944161896384717,DECLINING,0.29,7206498,RECONSIDER,4,77.86
S00608,Song_00608,A0257,Hindi,Rock,347104,253794,0.2141342978951433,0.316138678897391,0.5987773116990873,0.04911463627981749,0.01753784565434959,0.029236309763036164,0.0,0.0,0.0,27.969279438745854,DECLINING,0.0,5088036,RECONSIDER,3,6.52
S00609,Song_00609,A0483,Marathi,Electronic,477938,347661,0.2750063999125585,0.2894894316836075,0.6477702128727995,0.0675830766177397,0.024118322158654552,0.04620305412456387,0.0,0.0,0.0,38.12349477729194,DECLINING,0.62,6377658,RECONSIDER,5,32.26
S00610,Song_00610,A0428,English,Pop,616250,449475,0.2745692196451415,0.26057768762677486,0.665314401622718,0.08273207631125201,0.028993826130485567,0.04848100561766505,0.0,0.0,0.0,41.744473193655445,STABLE,74.58,7930503,MONITOR,6,89.66
S00611,Song_00611,A0417,Kannada,Hip-Hop,538141,405716,0.2133068451823443,0.28339970379510204,0.649772085754477,0.06418775695313964,0.024729120862869592,0.0426653126817774,0.0,0.0,0.0,34.69443514311663,DECLINING,7.03,7390742,RECONSIDER,4,76.84
S00612,Song_00612,A0231,Telugu,Romantic,628642,469036,0.3430355026053437,0.2526318636044044,0.7220214366841541,0.10716661407653144,0.038568468092001464,0.06509734860437152,0.0,0.0,0.0,53.88047583334326,STABLE,84.42,8188573,PROMOTE,4,74.22
S00613,Song_00613,A0392,English,Rock,676246,492835,0.3857497945559873,0.2057757088396826,0.7530735856478263,0.11709192731847373,0.044749256850670105,0.07175018008055434,0.0,0.0,0.0,60.44361521650709,RISING,88.06,8819442,PROMOTE,6,66.79
S00614,Song_00614,A0193,Telugu,Indie,551463,413836,0.2661706569752269,0.27740755046122767,0.6477533397526216,0.07682028629698721,0.02640176301723388,0.04414792333194792,0.0,0.0,0.0,38.934703494755446,DECLINING,17.69,6692011,RECONSIDER,6,41.53
S00615,Song_00615,A0343,Hindi,Romantic,426820,308583,0.2006137732797983,0.32989784921044,0.562893022819924,0.029256310295771314,0.007981645132751966,0.018448845205341836,0.0,0.0,0.0,20.46417913425675,DECLINING,0.0,5178822,RECONSIDER,5,40.32
S00616,Song_00616,A0320,English,Rock,458298,335191,0.2131769647753072,0.3147144434407307,0.6003626461385386,0.045979754826352734,0.014925818413978895,0.02645655760447029,0.0,0.0,0.0,26.815467107938424,DECLINING,0.0,6504880,RECONSIDER,7,80.89
S00617,Song_00617,A0125,Hindi,Electronic,360399,266549,0.17939665877568478,0.339415481175031,0.5623239798112647,0.0272632799222657,0.007930999553553005,0.012699353589771487,0.0,0.0,0.0,18.66523881614185,DECLINING,0.0,4884253,RECONSIDER,7,29.38
S00618,Song_00618,A0133,Bengali,Lo-Fi,458496,349392,0.2200708659614416,0.31591769611948634,0.611285594639866,0.04356711086687732,0.016185258964143426,0.029594266611714062,0.0,0.0,0.0,28.014221184253937,DECLINING,0.06,6224784,RECONSIDER,9,68.48
S00619,Song_00619,A0031,Bengali,Pop,487358,345299,0.16650207501324937,0.34078028882259037,0.566292130220495,0.03652197081370059,0.00926153855064741,0.01804233432474464,0.0,0.0,0.0,19.92397918167686,DECLINING,0.0,6148960,RECONSIDER,5,72.62
S00620,Song_00620,A0070,Kannada,Devotional,810084,573003,0.4751336380437799,0.15453952923400535,0.853305336236736,0.1682190145601332,0.06668725992708589,0.10772718467442578,0.0,0.0,0.0,82.91971729583072,BREAKOUT,100.0,10235141,PROMOTE,7,84.46
S00621,Song_00621,A0217,Kannada,Pop,471883,357040,0.28025151243558144,0.2735572165134154,0.6472939266725014,0.07233363208604078,0.024092538651131527,0.04354414071252521,0.0,0.0,0.0,38.56335742547565,DECLINING,1.57,6482238,RECONSIDER,3,31.99
S00622,Song_00622,A0239,Malayalam,Indie,600839,425966,0.22479493668508754,0.27877018635607875,0.6476776640664138,0.06400980359934831,0.0237389838625618,0.04143523191991849,0.0,0.0,0.0,34.79193144351258,DECLINING,33.51,7249890,RECONSIDER,2,74.19
S00623,Song_00623,A0083,Hindi,Folk,360526,253334,0.1648298293951858,0.3284118205067041,0.5805711654637946,0.031969652711440234,0.011506548666977192,0.025152565387985822,0.0,0.0,0.0,21.255598075420284,DECLINING,0.0,4939759,RECONSIDER,5,10.65
S00624,Song_00624,A0209,Malayalam,Electronic,517438,353888,0.26959376978026944,0.2647524920860084,0.6759824365431221,0.087541821141152,0.031193484944389185,0.051377837055791666,0.0,0.0,0.0,43.250054872269644,STABLE,3.33,6412333,MAINTAIN,6,13.81
S00625,Song_00625,A0302,Punjabi,Hip-Hop,518205,385024,0.22640406831781915,0.28508794781987823,0.6484827433158692,0.06892557347074468,0.026278881316489363,0.04470890126329787,0.0,0.0,0.0,36.288611390358945,DECLINING,3.64,6785811,RECONSIDER,6,41.73
S00626,Song_00626,A0117,English,Hip-Hop,511251,373331,0.25367301402776626,0.2393227592708865,0.6962314010143745,0.10139795516579121,0.038298453651049606,0.062228960359573676,0.0,0.0,0.0,47.439602076980606,STABLE,2.25,6373240,MAINTAIN,6,5.52
S00627,Song_00627,A0169,Punjabi,Electronic,839194,590856,0.340033781496676,0.17860351718434594,0.8436881102581762,0.1596801928050151,0.06099117212992675,0.10173375577128776,0.0,0.0,0.0,73.1491648908266,RISING,99.83,10296658,PROMOTE,8,94.77
S00628,Song_00628,A0184,English,Folk,540472,372824,0.21480913245928374,0.30364755250965825,0.6091064847022603,0.042894234276763296,0.015130463704053387,0.028724009183958114,0.0,0.0,0.0,27.2605477921558,DECLINING,0.0,6896224,RECONSIDER,6,90.19
S00629,Song_00629,A0253,Hindi,Hip-Hop,488827,367961,0.26322354814776566,0.2777485695348252,0.6446247854557952,0.06990142977108987,0.02486676577137251,0.04096086270012311,0.0,0.0,0.0,37.318641052243564,DECLINING,0.94,5723339,RECONSIDER,6,4.89
S00630,Song_00630,A0183,Hindi,Pop,484392,340412,0.2020404686086272,0.3231721415712894,0.5970247237774364,0.04139395790982692,0.01471452240226549,0.023944514294443203,0.0,0.0,0.0,25.392083732999126,DECLINING,0.0,6730545,RECONSIDER,4,83.83
S00631,Song_00631,A0368,Hindi,Classical,444029,315161,0.2115585367478844,0.3078380015719694,0.6023232716782012,0.05087241124377699,0.017968593829820315,0.03302121772681264,0.0,0.0,0.0,28.630227122804584,DECLINING,0.07,6705712,RECONSIDER,8,50.89
S00632,Song_00632,A0164,English,Devotional,568568,392122,0.26294622591948424,0.26479858169999015,0.6722625965583712,0.08795476917898001,0.030658825569593137,0.051703296423052006,0.0,0.0,0.0,42.69658348304671,STABLE,45.81,7749665,MAINTAIN,7,70.2
S00633,Song_00633,A0217,Kannada,Classical,604559,436670,0.2152769826184533,0.28404837245000075,0.6363117578267795,0.07010099159548401,0.02335860031602812,0.044060732360821676,0.0,0.0,0.0,34.54238914220776,DECLINING,56.59,7762912,MONITOR,2,88.69
S00634,Song_00634,A0190,Marathi,Lo-Fi,515693,350510,0.22935722233317166,0.2992129038012926,0.6184396530493917,0.05610396279706713,0.01950871587115917,0.03739408290776297,0.0,0.0,0.0,31.520165849245092,DECLINING,0.72,6536144,RECONSIDER,6,57.7
S00635,Song_00635,A0092,Punjabi,Folk,482128,360518,0.2311257690323368,0.3024777652407659,0.6068720339826768,0.056435462307013795,0.01781325759046705,0.031105243011444645,0.0,0.0,0.0,30.11800022008159,DECLINING,0.45,5609874,RECONSIDER,5,11.63
S00636,Song_00636,A0343,English,Electronic,357107,256969,0.16612898832154852,0.31955408322995627,0.6173359805324454,0.04956239857726029,0.016009713233892026,0.02684370488269013,0.0,0.0,0.0,25.943391724710377,DECLINING,0.0,4864918,RECONSIDER,6,0.26
S00637,Song_00637,A0118,English,Pop,521811,387146,0.28177741730509936,0.2663128987315331,0.6659920929225333,0.08548971189163777,0.02844404953170122,0.05401321465286998,0.0,0.0,0.0,42.77578092531981,STABLE,2.11,6947615,MAINTAIN,4,49.69
S00638,Song_00638,A0149,Hindi,Folk,517109,378605,0.1943952140093237,0.3177840648683353,0.6038514123714729,0.04469301778898852,0.01486245559356057,0.025409067497787933,0.0,0.0,0.0,25.823916768454335,DECLINING,0.0,6913341,RECONSIDER,5,94.92
S00639,Song_00639,A0396,Bengali,Electronic,466478,364030,0.17599098975359173,0.3319470585965469,0.5875196686660464,0.04130978216081092,0.013935664643023926,0.02599511029310771,0.0,0.0,0.0,23.67798524434415,DECLINING,0.0,6172787,RECONSIDER,6,57.26
S00640,Song_00640,A0474,Hindi,Rock,475360,358805,0.21326068477306614,0.3074343655334904,0.6103584651632447,0.049140898259500285,0.017254497568317054,0.030682404091358816,0.0,0.0,0.0,28.53157737341894,DECLINING,0.0,6130544,RECONSIDER,4,37.29
S00641,Song_00641,A0335,Tamil,Indie,409759,287818,0.1767332133501032,0.31323778123238294,0.5888656502968819,0.04495549270719691,0.015193629307409544,0.029699323878284195,0.0,0.0,0.0,24.770265368875165,DECLINING,0.0,4996611,RECONSIDER,4,3.09
S00642,Song_00642,A0458,Telugu,Folk,634928,426931,0.25361709503409213,0.28446532520222767,0.668162374316458,0.07801026395365995,0.027088686462215204,0.045714647097540355,0.0,0.0,0.0,39.68920213268255,DECLINING,47.59,8012916,RECONSIDER,4,91.5
S00643,Song_00643,A0427,Punjabi,Lo-Fi,542317,384956,0.33331081993786305,0.2347372477720595,0.7176540657954665,0.10456519706148235,0.04010068683174181,0.06623873897276572,0.0,0.0,0.0,53.42247226025875,STABLE,6.15,7150815,MAINTAIN,7,32.72
S00644,Song_00644,A0240,Bengali,Indie,510445,374189,0.17030431145757893,0.3331250183663274,0.6027015643213275,0.04317604205361462,0.013685597385278563,0.023987877783686853,0.0,0.0,0.0,24.037396889946926,DECLINING,0.0,6358236,RECONSIDER,4,70.48
S00645,Song_00645,A0385,Hindi,Pop,524789,381780,0.23231966053748232,0.277309547265663,0.6373018489335714,0.0666038032374666,0.021373565928021372,0.03743779139818744,0.0,0.0,0.0,33.99736458536656,DECLINING,2.39,7297213,RECONSIDER,6,69.42
S00646,Song_00646,A0164,Kannada,Devotional,672053,460322,0.47999009389079816,0.15541333793614492,0.8592938354564298,0.17053931812948328,0.06425284909259171,0.1111895586133185,0.0,0.0,0.0,83.40031877026806,BREAKOUT,99.75,8687242,PROMOTE,2,25.39
S00647,Song_00647,A0230,Tamil,Devotional,398265,278852,0.22713841033953494,0.297974966416833,0.6294201097259362,0.05305681867083614,0.01693371394144564,0.029571242092579577,0.0,0.0,0.0,30.289318433085214,DECLINING,0.35,5607027,RECONSIDER,7,6.38
S00648,Song_00648,A0268,Telugu,Pop,595432,444000,0.3067117117117117,0.2675737951604885,0.6681417861317497,0.07947972972972973,0.0306509009009009,0.047335585585585586,0.0,0.0,0.0,43.417547588649974,STABLE,23.17,6915580,MAINTAIN,4,38.5
S00649,Song_00649,A0480,Marathi,Folk,548556,393784,0.2567549722690612,0.27488351234878483,0.6535030151889688,0.07526207260833351,0.026545009446803325,0.045809377729923,0.0,0.0,0.0,38.77873687495276,DECLINING,18.9,6416243,RECONSIDER,6,31.71
S00650,Song_00650,A0424,Bengali,Hip-Hop,500156,359757,0.19655489677754706,0.30025831940434583,0.6257347707515255,0.061663845317811744,0.020994726996278044,0.037336313122468774,0.0,0.0,0.0,31.140749061342618,DECLINING,0.32,7131365,RECONSIDER,5,70.03
S00651,Song_00651,A0245,Gujarati,Folk,592308,413901,0.27969007081403524,0.2776427129128764,0.6686183539644914,0.0788521892916422,0.028982776074471917,0.05143017291574555,0.0,0.0,0.0,42.043484560622446,STABLE,16.04,7660006,MAINTAIN,4,81.98
S00652,Song_00652,A0326,English,Indie,563864,394626,0.35786035385402887,0.20239454904019408,0.7457436544982478,0.129205881011388,0.049244094408376536,0.08023292940657736,0.0,0.0,0.0,61.765884228471,RISING,63.74,8063511,MONITOR,7,22.24
S00653,Song_00653,A0101,Telugu,Rock,514082,356505,0.21909370135061218,0.31317766426367777,0.6170610914212129,0.05398241258888375,0.017671561408675894,0.030108974628686835,0.0,0.0,0.0,29.639395495534554,DECLINING,0.44,6622235,RECONSIDER,7,52.82
S00654,Song_00654,A0402,Tamil,Pop,440804,311375,0.21298755519871537,0.28951189190660703,0.623742071306068,0.0580040144520273,0.018633480529907667,0.03189080690485749,0.0,0.0,0.0,30.43204340173345,DECLINING,0.28,5770307,RECONSIDER,4,4.06
S00655,Song_00655,A0276,English,Pop,381346,279083,0.19745022090202557,0.3107414264211503,0.6006592438363061,0.04734792158605146,0.015375354285284306,0.02539029607679436,0.0,0.0,0.0,26.201619138697414,DECLINING,0.08,5383717,RECONSIDER,2,21.43
S00656,Song_00656,A0266,Malayalam,Electronic,520812,382767,0.1486073773339917,0.34797201293364977,0.5593477108822378,0.02410082373872356,0.007660012488014902,0.014233201921795766,0.0,0.0,0.0,16.797497163841584,DECLINING,0.0,6091842,RECONSIDER,5,76.18
S00657,Song_00657,A0383,English,Rock,544424,397693,0.27357786030933406,0.2765914066977209,0.6631871482520977,0.07386350778112766,0.02678447948543223,0.049633762726525234,0.0,0.0,0.0,40.32402430402347,STABLE,13.43,7642583,MAINTAIN,6,79.34
S00658,Song_00658,A0316,Punjabi,Folk,586844,441778,0.24989927067441112,0.28653441118934503,0.6378390168426362,0.059735885444725634,0.022979867716364327,0.04023287714644007,0.0,0.0,0.0,34.85794859177192,DECLINING,15.32,7419705,RECONSIDER,6,77.64
S00659,Song_00659,A0037,Hindi,Hip-Hop,387991,267645,0.18436361598385922,0.3254482707073102,0.582874345023467,0.0353789534644772,0.00784247790917073,0.017814642530217265,0.0,0.0,0.0,21.094328409813265,DECLINING,0.0,4989576,RECONSIDER,7,14.24
S00660,Song_00660,A0144,Hindi,Lo-Fi,567771,423002,0.3120056169947187,0.2157331036632727,0.732281148561656,0.11787651122216916,0.043380409548891025,0.07731169119767756,0.0,0.0,0.0,56.148699848834845,STABLE,61.9,8029195,MONITOR,4,55.1
S00661,Song_00661,A0089,Bengali,Lo-Fi,520458,380119,0.2903695947847911,0.26830214926084334,0.6836152004580581,0.08483922140171894,0.03025368371483667,0.05320439125642233,0.0,0.0,0.0,44.302352234593826,STABLE,0.49,6936899,MAINTAIN,8,42.27
S00662,Song_00662,A0367,English,Romantic,544660,373376,0.18467443006513543,0.31848859839165716,0.5785425770205266,0.034854945149125814,0.010386312992800822,0.019979859444634897,0.0,0.0,0.0,21.663340961003193,DECLINING,1.37,6741519,RECONSIDER,3,99.15
S00663,Song_00663,A0018,English,Devotional,665161,473707,0.25454342029989,0.261592306223606,0.6636288056575776,0.07960617005870718,0.03047664484586464,0.05039824195124835,0.0,0.0,0.0,40.917316505687786,STABLE,50.04,7300042,MONITOR,6,65.41
S00664,Song_00664,A0101,Hindi,Lo-Fi,602652,428482,0.30011529072399773,0.29280413903878194,0.6490711057127496,0.07773021970584529,0.026278816846448626,0.04233550067447407,0.0,0.0,0.0,40.54299867529989,STABLE,47.83,7942961,MAINTAIN,6,93.52
S00665,Song_00665,A0299,English,Rock,527597,391272,0.21735774601811528,0.2776171964586607,0.6559362543759726,0.06804729190946451,0.026332065672984524,0.045449201578441595,0.0,0.0,0.0,36.18834885305193,DECLINING,8.49,5824767,RECONSIDER,7,14.54
S00666,Song_00666,A0347,Telugu,Pop,444137,338525,0.21782143120892106,0.3217993547036162,0.6046625253018776,0.05172734657706225,0.014536592570711174,0.030588582822538957,0.0,0.0,0.0,28.08610179384756,DECLINING,0.0,5959703,RECONSIDER,9,45.09
S00667,Song_00667,A0252,Kannada,Folk,603359,456557,0.20445639865339924,0.3105762904009056,0.6028848496500425,0.049336665520406,0.01834820186745576,0.028303147252150333,0.0,0.0,0.0,27.81435295001413,DECLINING,2.86,7265415,RECONSIDER,6,77.16
S00668,Song_00668,A0430,Hindi,Classical,412746,297383,0.19457736319829982,0.3318554268242454,0.5956496247086586,0.03881526516310616,0.012680617251154236,0.022950202264419958,0.0,0.0,0.0,24.140231470900883,DECLINING,0.0,5457453,RECONSIDER,2,36.79
S00669,Song_00669,A0459,Punjabi,Pop,441060,326988,0.1804133485020857,0.3476556477576747,0.5723665714415272,0.03128249354716381,0.008575238235042264,0.018089348844605918,0.0,0.0,0.0,20.219677669492995,DECLINING,0.0,6146518,RECONSIDER,5,63.25
S00670,Song_00670,A0066,English,Folk,463264,356225,0.1851021124289424,0.3170567969883263,0.6065396836361124,0.04073268299529791,0.014844550494771564,0.027999157835637587,0.0,0.0,0.0,25.348307814150683,DECLINING,0.0,5840732,RECONSIDER,6,51.17
S00671,Song_00671,A0476,Marathi,Devotional,617883,435014,0.24433006753805625,0.2603923396500632,0.6756068705563998,0.07816300165052159,0.030380631427954042,0.05053400580211211,0.0,0.0,0.0,40.82342259374308,STABLE,51.21,8315192,MONITOR,7,99.19
S00672,Song_00672,A0307,English,Pop,484187,346212,0.23076612018069853,0.2968439879633282,0.6339988475527017,0.0586808082908738,0.020062851663142815,0.03669716820907421,0.0,0.0,0.0,32.624310181428726,DECLINING,0.17,5996715,RECONSIDER,5,17.39
S00673,Song_00673,A0318,English,Hip-Hop,606401,434977,0.26967402874174956,0.26388808725579277,0.6878088921357319,0.08597695970131754,0.031735011276458294,0.05350857631552933,0.0,0.0,0.0,43.97605908455978,STABLE,70.33,8211893,MONITOR,5,93.53
S00674,Song_00674,A0048,English,Pop,553322,367950,0.23796439733659464,0.27887016962998035,0.6493470348187854,0.06562848213072428,0.026498165511618425,0.041350727000951215,0.0,0.0,0.0,36.31554021476221,DECLINING,11.88,6582179,RECONSIDER,5,40.16
S00675,Song_00675,A0311,Punjabi,Lo-Fi,416302,303526,0.18336814638614155,0.31964295151116257,0.5917074623710672,0.04225338191785877,0.012025328966875984,0.024903962098798783,0.0,0.0,0.0,23.76799339484518,DECLINING,0.0,5775398,RECONSIDER,8,46.8
S00676,Song_00676,A0363,Punjabi,Pop,518644,377543,0.2689892277171077,0.27788810822066773,0.6408229922644434,0.07217456024876637,0.02788821405773647,0.047766744450301026,0.0,0.0,0.0,38.991753253477206,DECLINING,1.07,6559413,RECONSIDER,6,52.86
S00677,Song_00677,A0290,English,Electronic,473562,339991,0.21340859022738837,0.3065934344394187,0.6142680367090265,0.056448553049933674,0.018553432296737265,0.03378030594927513,0.0,0.0,0.0,30.020342998593545,DECLINING,0.06,6003055,RECONSIDER,2,26.54
S00678,Song_00678,A0043,Telugu,Indie,536045,395436,0.19983006099596395,0.3211540075926461,0.6015129326828904,0.04641964818579998,0.014068016063282049,0.027544280237509988,0.0,0.0,0.0,26.1567920038268,DECLINING,0.0,6920471,RECONSIDER,8,96.37
S00679,Song_00679,A0262,Tamil,Indie,618649,478167,0.22259377999736493,0.2992827920193842,0.6349674856016901,0.06156844784353584,0.021760180020787716,0.040393837299520875,0.0,0.0,0.0,33.294553595452406,DECLINING,15.89,7557641,RECONSIDER,7,91.15
S00680,Song_00680,A0468,English,Folk,603191,412044,0.23359155818310665,0.2887095463957519,0.6383318053485546,0.06433778916814709,0.02183019289202124,0.03452543903078312,0.0,0.0,0.0,33.7269992333191,DECLINING,43.42,7887707,RECONSIDER,4,97.29
S00681,Song_00681,A0361,Telugu,Folk,559173,409110,0.1991322627166288,0.32232242973104924,0.5838926414544336,0.037012050548752166,0.012360978709882427,0.0185378015692601,0.0,0.0,0.0,23.15992711588395,DECLINING,0.71,6787618,RECONSIDER,8,99.69
S00682,Song_00682,A0069,Bengali,Romantic,724576,522899,0.36592343836955127,0.20086505763370577,0.7808166431126617,0.1328306231222473,0.04992742384284537,0.08146506304276734,0.0,0.0,0.0,64.40796448598013,RISING,97.09,8855687,PROMOTE,4,66.98
S00683,Song_00683,A0480,Hindi,Pop,536176,396682,0.34133890622715424,0.23460580108024232,0.7278300408820985,0.10901679430879142,0.03752628049672029,0.0674444517270761,0.0,0.0,0.0,54.21486614301134,STABLE,4.78,7427596,MAINTAIN,4,45.17
S00684,Song_00684,A0479,Punjabi,Romantic,529145,400824,0.16600053888988683,0.3282068242164246,0.5848000075593647,0.04059138175358761,0.013606969642536375,0.017548849370297187,0.0,0.0,0.0,22.134559548787248,DECLINING,1.17,6816779,RECONSIDER,3,85.07
S00685,Song_00685,A0085,Hindi,Devotional,416369,315116,0.2255645540055091,0.2700993589820568,0.6642281245721944,0.08007527386740121,0.030239657776818696,0.050835247972175326,0.0,0.0,0.0,39.560193673012265,DECLINING,1.88,5960015,RECONSIDER,4,2.38
S00686,Song_00686,A0400,Tamil,Indie,506808,366205,0.2068923144140577,0.32667400672444,0.6118391974870168,0.046296473286820225,0.017023252003659152,0.027500989882715966,0.0,0.0,0.0,27.665066232239777,DECLINING,0.0,6681174,RECONSIDER,6,83.44
S00687,Song_00687,A0203,Hindi,Pop,517538,352795,0.2392494224691393,0.3046114488211494,0.6307594804632704,0.06228262872206239,0.020320582774699187,0.03786901741804731,0.0,0.0,0.0,33.40585838674162,DECLINING,1.11,6606704,RECONSIDER,7,49.73
S00688,Song_00688,A0297,Marathi,Hip-Hop,541879,406000,0.18502709359605912,0.2924490522791989,0.625401611798944,0.05706650246305419,0.02062807881773399,0.0357487684729064,0.0,0.0,0.0,29.884912765696377,DECLINING,4.76,6892707,RECONSIDER,6,67.32
S00689,Song_00689,A0223,Hindi,Indie,467389,351893,0.19928785170492166,0.3226648466266857,0.5988309523758583,0.04366668277004657,0.01510686487085563,0.021506537498614635,0.0,0.0,0.0,25.427867716714147,DECLINING,0.0,5508904,RECONSIDER,5,37.4
S00690,Song_00690,A0391,Punjabi,Electronic,566856,402738,0.2649961016839732,0.26327144812791964,0.6495071058611005,0.07413504561278052,0.02574626680372848,0.043296137935829246,0.0,0.0,0.0,38.464781413000196,DECLINING,19.52,6590284,RECONSIDER,7,36.86
S00691,Song_00691,A0498,Malayalam,Rock,535380,372993,0.35736595592946785,0.21562628413463333,0.7533079308154955,0.12440447944063293,0.044638907432579165,0.08018917245095752,0.0,0.0,0.0,60.53057723286136,RISING,31.01,7248164,MAINTAIN,5,3.17
S00692,Song_00692,A0397,English,Lo-Fi,451285,312377,0.16100096998178484,0.3155943583323177,0.6005783484937456,0.04419979704011499,0.017123539825275227,0.02361249387759022,0.0,0.0,0.0,24.36562377995094,DECLINING,0.0,5818367,RECONSIDER,6,42.38
S00693,Song_00693,A0465,Kannada,Lo-Fi,421711,309967,0.20211829001151735,0.3152419547984283,0.6030741431928501,0.04783412427774569,0.013404652753357615,0.030558091667822702,0.0,0.0,0.0,26.5988999108302,DECLINING,0.0,5459504,RECONSIDER,4,40.84
S00694,Song_00694,A0473,Gujarati,Electronic,538820,379083,0.21530904841419954,0.27992465016146395,0.6299302178835232,0.0650754584088445,0.021770957811350022,0.04166106103412709,0.0,0.0,0.0,33.16441389446684,DECLINING,3.34,6124194,RECONSIDER,3,22.48
S00695,Song_00695,A0045,Kannada,Classical,411603,307075,0.21367744036473174,0.30165232031836503,0.6121311069161304,0.05150858910689571,0.019522917853944475,0.031747944313278514,0.0,0.0,0.0,29.499853885421075,DECLINING,0.16,5772572,RECONSIDER,8,24.73
S00696,Song_00696,A0127,Hindi,Folk,533399,379292,0.21599981017263745,0.316783496032051,0.6081113762867947,0.05231062084093522,0.017392932094534026,0.029676344346835682,0.0,0.0,0.0,28.806839085218037,DECLINING,0.0,6657413,RECONSIDER,5,58.41
S00697,Song_00697,A0361,Telugu,Electronic,468566,348176,0.2157759294150085,0.2897009172667244,0.6302143134585095,0.05957331924084371,0.023574284270024354,0.0368003538440329,0.0,0.0,0.0,32.64727744286178,DECLINING,1.69,6293838,RECONSIDER,6,31.78
S00698,Song_00698,A0295,Hindi,Indie,649114,469153,0.29331795810748307,0.2725838604621068,0.6882874194671507,0.0837381408623626,0.0314417684635929,0.0554765716088355,0.0,0.0,0.0,45.04882288888749,STABLE,78.7,7830014,MONITOR,4,83.03
S00699,Song_00699,A0026,English,Classical,376629,264232,0.23421462956795544,0.3138844857937121,0.5968844672077828,0.04331799327863393,0.014313179327257864,0.02566683823306791,0.0,0.0,0.0,27.205807157162422,DECLINING,0.0,4882876,RECONSIDER,4,11.14
S00700,Song_00700,A0048,Kannada,Folk,476737,357286,0.17477874867753004,0.31058843765010896,0.6116747808540138,0.0521375032886819,0.016169119416937692,0.028618529693298925,0.0,0.0,0.0,26.55448821636737,DECLINING,0.0,6232090,RECONSIDER,6,57.76
S00701,Song_00701,A0260,Tamil,Indie,394225,290484,0.2661420250340811,0.27598452660282835,0.6752235398566808,0.07361162749067074,0.02700320843833051,0.04925916745844866,0.0,0.0,0.0,40.51079828940188,STABLE,0.57,6221129,MAINTAIN,3,16.0
S00702,Song_00702,A0308,Punjabi,Romantic,472206,336224,0.15935507280860378,0.3445148939234148,0.5585062451557159,0.02346947273246407,0.00902672028171695,0.01219722565908442,0.0,0.0,0.0,17.358120509432425,DECLINING,0.0,5657646,RECONSIDER,6,52.82
S00703,Song_00703,A0084,English,Lo-Fi,457621,351215,0.19212163489600387,0.3303191942677456,0.5985061874345802,0.04001822245633017,0.012425437410133394,0.02442948051763165,0.0,0.0,0.0,24.34506241112455,DECLINING,0.0,5844039,RECONSIDER,5,55.25
S00704,Song_00704,A0086,Telugu,Pop,463537,337261,0.19923442081948403,0.3350325863954765,0.5780358417990366,0.03536133736186514,0.009900344243775592,0.0153293739863192,0.0,0.0,0.0,21.85303093710522,DECLINING,0.0,5972608,RECONSIDER,7,64.23
S00705,Song_00705,A0065,Tamil,Devotional,430414,312149,0.2038065154781851,0.3166695321248844,0.6068552602842844,0.039923241785173105,0.013685771858951975,0.02001928566165517,0.0,0.0,0.0,25.183033815049814,DECLINING,0.0,5753284,RECONSIDER,4,42.74
S00706,Song_00706,A0282,English,Devotional,544319,392774,0.31819315942501286,0.2698932060060369,0.6782364753021666,0.08430547846853406,0.03177399726051113,0.053720460111921865,0.0,0.0,0.0,45.76887292099983,STABLE,8.68,7225816,MAINTAIN,5,50.95
S00707,Song_00707,A0004,Kannada,Indie,505504,381569,0.26420123228040016,0.2771273817813509,0.6573182408052162,0.07661523865932506,0.027979212147737367,0.04970529576564134,0.0,0.0,0.0,40.150824057109475,STABLE,2.29,6391324,MAINTAIN,5,18.1
S00708,Song_00708,A0286,Hindi,Pop,695421,500015,0.371478855634331,0.2072571866538399,0.7750082324232371,0.1260742177734668,0.04640460786176415,0.07983960481185565,0.0,0.0,0.0,62.771197550416986,RISING,97.15,8222405,PROMOTE,7,46.3
S00709,Song_00709,A0238,Hindi,Classical,536931,399462,0.21689171936254262,0.282548409385936,0.6796515753420831,0.07279791319324491,0.030798924553524492,0.048953342245319956,0.0,0.0,0.0,39.10653943148555,DECLINING,7.41,6553977,RECONSIDER,3,37.3
S00710,Song_00710,A0233,Marathi,Folk,441052,312731,0.18828002340669778,0.32012551807950085,0.5727555934447639,0.03179409780290409,0.008329842580364594,0.02082940290537235,0.0,0.0,0.0,20.866596609315145,DECLINING,0.0,6034338,RECONSIDER,5,66.61
S00711,Song_00711,A0339,Gujarati,Hip-Hop,507164,363087,0.325494991558497,0.239912533223967,0.7060280303807053,0.10276600374015044,0.03883642212472493,0.06589880662210434,0.0,0.0,0.0,51.99787970436371,STABLE,0.78,7374323,MAINTAIN,6,43.48
S00712,Song_00712,A0261,Hindi,Devotional,629019,452078,0.2783236521131309,0.24300219866172565,0.7087146811145609,0.09157269320780927,0.03669720711912546,0.06286968178057768,0.0,0.0,0.0,47.95109580943855,STABLE,82.41,8008139,PROMOTE,6,77.93
S00713,Song_00713,A0364,Hindi,Folk,482560,365355,0.19345841715591686,0.31256009615384617,0.6035705404509284,0.04855825156354778,0.015346717576056164,0.024102585156902192,0.0,0.0,0.0,26.13213032482859,DECLINING,0.0,5849979,RECONSIDER,4,42.6
S00714,Song_00714,A0382,Hindi,Lo-Fi,622694,455856,0.4535774455091081,0.14679601859019037,0.8495681667078854,0.17088729774314695,0.06470903092204555,0.10859569688673616,0.0,0.0,0.0,81.5629372761495,BREAKOUT,96.8,9151694,PROMOTE,7,23.58
S00715,Song_00715,A0460,Bengali,Indie,364804,273851,0.17309777944940863,0.33302540542318615,0.5779267771186719,0.03398563452388342,0.008406031016866836,0.01646150643963323,0.0,0.0,0.0,20.18964702230878,DECLINING,0.0,5203175,RECONSIDER,3,27.37
S00716,Song_00716,A0399,Hindi,Rock,457962,355287,0.27045740485860725,0.2839995458138448,0.6519951437018792,0.07724740843318219,0.028636004131870854,0.04675938044454202,0.0,0.0,0.0,40.153943510517465,STABLE,1.75,6032907,MAINTAIN,6,4.53
S00717,Song_00717,A0259,Punjabi,Devotional,452148,324571,0.20644173385792322,0.3025491653175509,0.6166100480373683,0.056773402429668704,0.01863074643144335,0.03282178629637275,0.0,0.0,0.0,29.749544022476474,DECLINING,0.0,6659516,RECONSIDER,3,53.99
S00718,Song_00718,A0246,Gujarati,Classical,647436,478650,0.3003363626867231,0.24091184302386645,0.7032447994859724,0.09992896688603363,0.03666562206204951,0.06316097357150319,0.0,0.0,0.0,49.598257512338435,STABLE,89.49,8269843,PROMOTE,3,83.09
S00719,Song_00719,A0118,Hindi,Devotional,574358,413488,0.20656947722787602,0.2867253524805087,0.6530735186068619,0.06690641566381612,0.02456419533335913,0.042876697751809,0.0,0.0,0.0,34.76108458485853,DECLINING,33.42,7377964,RECONSIDER,2,76.91
S00720,Song_00720,A0300,Punjabi,Electronic,633802,468887,0.3547315237999774,0.23599483750445724,0.7273028485236714,0.11758056845252694,0.04134898173760416,0.0743420056431507,0.0,0.0,0.0,57.2174909195308,STABLE,93.42,7670675,PROMOTE,2,43.78
S00721,Song_00721,A0070,Punjabi,Electronic,460920,323454,0.24971093262102184,0.29912132257224683,0.612728890045995,0.053868556270752564,0.0191866540528174,0.031723212574276405,0.0,0.0,0.0,31.431706459581875,DECLINING,0.39,5800562,RECONSIDER,4,19.61
S00722,Song_00722,A0465,Telugu,Hip-Hop,776595,587267,0.4326141261129946,0.17305545361481853,0.8178870582478641,0.1464035949576598,0.05466338139210955,0.09603638549416194,0.0,0.0,0.0,73.16225517105971,RISING,99.92,10036653,PROMOTE,8,86.35
S00723,Song_00723,A0422,English,Electronic,370738,257963,0.1828207921291038,0.3343762980865193,0.5719079241944446,0.03296209146272915,0.010187507510767049,0.015789086031717726,0.0,0.0,0.0,20.647786807911174,DECLINING,0.0,4688009,RECONSIDER,7,5.68
S00724,Song_00724,A0060,English,Indie,486625,361558,0.23169449991425994,0.28999948625738503,0.6284222964294889,0.05846088317780273,0.020165505949252954,0.03763434912240913,0.0,0.0,0.0,32.50167197923718,DECLINING,0.23,6424137,RECONSIDER,6,39.92
S00725,Song_00725,A0393,Hindi,Lo-Fi,604811,421511,0.24318938295797737,0.2861571631468343,0.6416318486270918,0.0644538339450216,0.021282955842196288,0.03518057654485885,0.0,0.0,0.0,34.29000996203144,DECLINING,25.73,7465155,RECONSIDER,4,85.66
S00726,Song_00726,A0059,Tamil,Devotional,440870,309575,0.19902123879512235,0.2997641027967428,0.6139179349921746,0.05177420657352822,0.0170944036178632,0.031611079706048616,0.0,0.0,0.0,28.303398735538366,DECLINING,0.0,6103801,RECONSIDER,5,39.32
S00727,Song_00727,A0360,Telugu,Folk,454937,322344,0.19836572109299383,0.3131334668316712,0.6217542209141046,0.0487863896954806,0.016513414240686967,0.029090040453676816,0.0,0.0,0.0,27.973979820241627,DECLINING,0.11,5488222,RECONSIDER,5,11.79
S00728,Song_00728,A0044,Hindi,Lo-Fi,495511,377657,0.2616236426175074,0.2740120804583551,0.6682717437150739,0.07824295590972762,0.027924810078987016,0.046388654255051544,0.0,0.0,0.0,40.36850561885408,STABLE,0.79,6377565,MAINTAIN,2,26.59
S00729,Song_00729,A0244,English,Lo-Fi,587749,434118,0.32583306842839965,0.2646265667827593,0.673724668183187,0.08158150548929093,0.03060688568545879,0.05806255442068746,0.0,0.0,0.0,45.79536124197274,STABLE,21.27,7388791,MAINTAIN,5,60.0
S00730,Song_00730,A0329,Kannada,Electronic,414982,295494,0.27393449613190113,0.262768023673316,0.6880828566058287,0.08490527726451298,0.03308696623281691,0.05958158202873832,0.0,0.0,0.0,44.977072302595005,STABLE,3.21,6538428,MAINTAIN,5,15.2
S00731,Song_00731,A0364,Hindi,Indie,549172,385546,0.1920964035419898,0.31519997377870684,0.6109160700108527,0.0467000046687036,0.01716007947171025,0.03254086412516276,0.0,0.0,0.0,27.4386900419817,DECLINING,2.22,6471699,RECONSIDER,5,65.49
S00732,Song_00732,A0209,Hindi,Romantic,437905,321698,0.2204707520718189,0.31152418903643486,0.5931560498281591,0.04453555819433133,0.012751089531175201,0.026565287940863793,0.0,0.0,0.0,26.192330099940968,DECLINING,0.1,5653895,RECONSIDER,3,43.82
S00733,Song_00733,A0460,Punjabi,Rock,326155,233198,0.17429823583392653,0.33532829482914567,0.5580935444803851,0.024284084769166117,0.005724748925805539,0.014639919724868996,0.0,0.0,0.0,17.589095938309477,DECLINING,0.0,5279618,RECONSIDER,3,33.44
S00734,Song_00734,A0387,English,Classical,519452,372259,0.3010457772679774,0.24904322247291377,0.7050083549586872,0.09745634088094579,0.03486013769982727,0.0632597197112763,0.0,0.0,0.0,49.056217490076506,STABLE,1.36,6701541,MAINTAIN,5,24.09
S00735,Song_00735,A0104,Hindi,Electronic,673522,477508,0.2827156822503497,0.2644501590148503,0.6750351139235244,0.0802248339294839,0.027773356676746776,0.05244310042973102,0.0,0.0,0.0,42.427049539872634,STABLE,68.23,8003858,MONITOR,5,82.33
S00736,Song_00736,A0335,English,Indie,376641,256719,0.20729669405069356,0.3179791897323977,0.5887117971755598,0.04529466069905227,0.01240656125958733,0.018759811311200185,0.0,0.0,0.0,24.611944812187083,DECLINING,0.0,5803657,RECONSIDER,8,39.67
S00737,Song_00737,A0365,Hindi,Classical,464459,331862,0.2184371817201126,0.3275402134526406,0.5818425307723609,0.04055300094617642,0.012309333397617082,0.020927373426303703,0.0,0.0,0.0,24.55812682544066,DECLINING,0.11,6378536,RECONSIDER,5,73.85
S00738,Song_00738,A0167,Punjabi,Romantic,505575,367902,0.2062859130964224,0.24770409929288434,0.6875102605943727,0.0896515920000435,0.034723921044191114,0.055435958488945426,0.0,0.0,0.0,42.1115962910415,STABLE,5.87,6998094,MAINTAIN,4,44.04
S00739,Song_00739,A0369,Tamil,Electronic,484225,337962,0.2022327954030335,0.3041127574990965,0.6166513500955134,0.05505056781531652,0.020543729768435503,0.03511637403021641,0.0,0.0,0.0,30.046731417423864,DECLINING,0.0,5725544,RECONSIDER,4,9.19
S00740,Song_00740,A0449,Punjabi,Classical,430274,319879,0.2533457963792559,0.284939364219079,0.6345282308482502,0.05795941590413875,0.021345571294145597,0.03428483895472976,0.0,0.0,0.0,33.76229769945709,DECLINING,0.59,6386123,RECONSIDER,5,44.05
S00741,Song_00741,A0408,Hindi,Pop,502070,378148,0.24866718850820313,0.31273129244926007,0.643481984583823,0.0659741688439447,0.02349609147741096,0.040727440049927545,0.0,0.0,0.0,35.82923244227946,DECLINING,1.3,6932605,RECONSIDER,5,50.77
S00742,Song_00742,A0381,Bengali,Hip-Hop,501783,341728,0.2590217951119019,0.27071861741031483,0.6883194528312039,0.08607430471017885,0.029415207416424758,0.05551198614102444,0.0,0.0,0.0,43.123888039505225,STABLE,5.86,7008373,MAINTAIN,4,45.78
S00743,Song_00743,A0317,Hindi,Folk,542313,384222,0.21006345289962575,0.3134887048623212,0.611014303547951,0.052178167830056583,0.018353972443014715,0.037561618022913836,0.0,0.0,0.0,29.597519763126368,DECLINING,2.28,7299249,RECONSIDER,6,81.62
S00744,Song_00744,A0135,Telugu,Romantic,497966,364789,0.17247504721907733,0.3398163730053859,0.5822345300683179,0.03637445208051778,0.010817212141813486,0.01864913689831656,0.0,0.0,0.0,21.36437363311017,DECLINING,0.0,6841254,RECONSIDER,6,91.09
S00745,Song_00745,A0397,English,Classical,543334,398257,0.22651704803682043,0.2943640559950233,0.6200348220431632,0.05003050793834132,0.017157262772531306,0.031956751544856714,0.0,0.0,0.0,29.80698119043895,DECLINING,1.54,7043480,RECONSIDER,5,78.68
S00746,Song_00746,A0182,Telugu,Indie,556765,419428,0.26363523656026777,0.2837768178675025,0.6590231066967213,0.06572284158425284,0.025079393841136024,0.03825686411016909,0.0,0.0,0.0,37.40145944644586,DECLINING,17.81,6831605,RECONSIDER,7,58.28
S00747,Song_00747,A0266,Hindi,Pop,455116,342675,0.22765886043627342,0.3210544125014282,0.6094622030427408,0.04836944626833005,0.017856569635952432,0.02792733639746115,0.0,0.0,0.0,29.006081411468745,DECLINING,0.0,6284895,RECONSIDER,5,54.14
S00748,Song_00748,A0157,Hindi,Romantic,561899,419870,0.21253959558911092,0.2942379324398157,0.617173193047149,0.054871746016624194,0.02064924857694048,0.034970347964846264,0.0,0.0,0.0,30.56816953136795,DECLINING,4.69,7065702,RECONSIDER,8,64.46
S00749,Song_00749,A0157,English,Lo-Fi,513663,358512,0.2585269112330968,0.3009580211150112,0.6352063512458558,0.06363245860668541,0.020847279867898423,0.03951332172981657,0.0,0.0,0.0,34.96010127265474,DECLINING,1.06,6150326,RECONSIDER,3,28.78
S00750,Song_00750,A0079,Hindi,Indie,577441,431876,0.2641568413155628,0.28508367088585673,0.6596847123775416,0.07521140327316174,0.026880400855801203,0.04166242162102085,0.0,0.0,0.0,39.116422022069784,DECLINING,32.0,7680560,RECONSIDER,5,81.18
S00751,Song_00751,A0480,Hindi,Hip-Hop,647961,463825,0.3720562712229828,0.23915019576795518,0.7458797674551401,0.10809464776585997,0.04215167358378699,0.06761386298711798,0.0,0.0,0.0,57.574152178067806,STABLE,91.45,8328866,PROMOTE,4,85.68
S00752,Song_00752,A0074,Tamil,Romantic,538946,400325,0.21379129457315932,0.29396822687245105,0.629371031606135,0.05805782801473802,0.019938799725223257,0.03200399675263848,0.0,0.0,0.0,31.057326929632506,DECLINING,4.12,6119357,RECONSIDER,7,26.72
S00753,Song_00753,A0044,Bengali,Classical,538543,358321,0.14788695052759956,0.33366880639057606,0.5754378016240115,0.033149047920719134,0.010722229509294738,0.02253286857315089,0.0,0.0,0.0,19.876036622957212,DECLINING,0.0,6555212,RECONSIDER,5,90.28
S00754,Song_00754,A0468,Hindi,Electronic,618238,430220,0.35178745757984287,0.2360256082608963,0.7201255827043954,0.10625261494119288,0.03939379852168658,0.0709985588768537,0.0,0.0,0.0,54.87455829146273,STABLE,81.45,8516990,PROMOTE,5,84.87
S00755,Song_00755,A0277,Kannada,Electronic,404558,292141,0.17244755101132672,0.3273127709747428,0.5685488854502939,0.03338114129820874,0.00986167638229485,0.015252908698197103,0.0,0.0,0.0,19.899513113407213,DECLINING,0.0,5605841,RECONSIDER,5,42.45
S00756,Song_00756,A0219,Telugu,Romantic,669219,464875,0.31190104866899704,0.2584848905963519,0.6768860417890108,0.08605324011831138,0.03318741597203549,0.05553535896746437,0.0,0.0,0.0,46.0718211540315,STABLE,83.79,8251724,PROMOTE,4,90.9
S00757,Song_00757,A0369,Bengali,Electronic,478521,350951,0.24106214257830866,0.29470806923834064,0.6175674630789454,0.05500198033343686,0.019281894053585828,0.03489376009756348,0.0,0.0,0.0,31.6591924022656,DECLINING,0.15,5518924,RECONSIDER,5,12.04
S00758,Song_00758,A0192,Tamil,Folk,660479,478574,0.40586617743546455,0.15654093468528144,0.8508688391303887,0.16711313192944038,0.06392532816241585,0.10536719504193709,0.0,0.0,0.0,78.44505984269124,RISING,99.68,8259322,PROMOTE,7,2.8
S00759,Song_00759,A0064,Marathi,Hip-Hop,630973,460663,0.3354491244141596,0.21816781383672518,0.745878191301371,0.11057106822123765,0.044611787792811664,0.07617282047831062,0.0,0.0,0.0,57.40377547220149,STABLE,85.44,8001321,PROMOTE,8,34.79
S00760,Song_00760,A0365,Punjabi,Pop,464377,328321,0.20481480014985334,0.3167361863313644,0.6177200851894042,0.04771854374225225,0.018859591680093567,0.030924004251936366,0.0,0.0,0.0,28.726224357663227,DECLINING,0.0,6027448,RECONSIDER,7,56.54
S00761,Song_00761,A0088,Marathi,Lo-Fi,452653,340556,0.24510212710978518,0.3050769574044577,0.6107592349989948,0.054405149226558924,0.017809112157765535,0.03098168876777975,0.0,0.0,0.0,30.77157574209985,DECLINING,0.17,5986897,RECONSIDER,6,35.14
S00762,Song_00762,A0276,Kannada,Indie,606389,463012,0.20434243604917368,0.3120439190024885,0.6194884801670215,0.053657356612787574,0.016729588002038824,0.03305745855398996,0.0,0.0,0.0,29.049871942257653,DECLINING,2.57,7552581,RECONSIDER,6,94.21
S00763,Song_00763,A0474,Hindi,Electronic,735376,529788,0.4630757963562784,0.1554238919953874,0.8576605709188225,0.17174605691333136,0.06392557022809124,0.11632200049831254,0.0,0.0,0.0,83.01356813767251,BREAKOUT,100.0,8928182,PROMOTE,7,25.47
S00764,Song_00764,A0468,English,Rock,468625,347220,0.2840302977939059,0.27691864497199253,0.6408343558282209,0.06855883877656817,0.025050400322562064,0.041581706122919185,0.0,0.0,0.0,38.13037821385338,DECLINING,1.91,6032301,RECONSIDER,6,28.12
S00765,Song_00765,A0181,Hindi,Hip-Hop,465653,356258,0.1694053186174065,0.32948998503177257,0.5844480761425354,0.039513498644240974,0.011646054264044596,0.02432506778795143,0.0,0.0,0.0,22.342640131644977,DECLINING,0.0,6053108,RECONSIDER,7,63.48
S00766,Song_00766,A0390,Malayalam,Hip-Hop,452344,325501,0.20216220533884688,0.3023583821162655,0.6341456944272501,0.05936387292204939,0.0220460152196153,0.03393845180199139,0.0,0.0,0.0,31.516349249111144,DECLINING,0.11,5401092,RECONSIDER,5,0.39
S00767,Song_00767,A0306,English,Hip-Hop,527069,378327,0.21241148530239715,0.3200567667610882,0.6173821643845493,0.052827316051986775,0.015658411902930533,0.03224194942470403,0.0,0.0,0.0,28.93619592814649,DECLINING,0.1,6902703,RECONSIDER,5,72.76
S00768,Song_00768,A0240,Marathi,Classical,377637,287857,0.15978419840406868,0.3229794749984774,0.5779253621864383,0.0383593242478036,0.01030025325074603,0.018127056142459623,0.0,0.0,0.0,20.56604981157773,DECLINING,0.0,5337382,RECONSIDER,5,37.75
S00769,Song_00769,A0070,Bengali,Romantic,695313,510167,0.3654489608304732,0.23295120327104485,0.7334466635889161,0.10798620843762925,0.03981833399651487,0.06600975758918158,0.0,0.0,0.0,55.96332206945597,STABLE,91.22,8739299,PROMOTE,4,97.77
S00770,Song_00770,A0188,Gujarati,Folk,737139,519506,0.41745427386786677,0.1628268209930556,0.8149372099427652,0.1582792114046806,0.059071502542800275,0.10289005324288844,0.0,0.0,0.0,75.11385165047318,RISING,99.92,9715013,PROMOTE,4,69.14
S00771,Song_00771,A0326,Hindi,Indie,371380,268761,0.18048377554779152,0.3344256556626636,0.5581641445419786,0.02561011456275278,0.008948470946305454,0.01462637808312962,0.0,0.0,0.0,18.786561033359035,DECLINING,0.0,4626264,RECONSIDER,6,5.22
S00772,Song_00772,A0493,Telugu,Lo-Fi,445624,318482,0.23963991685558367,0.30109913290128,0.6311576575767912,0.055886988903611504,0.020418736380705974,0.03824705948844832,0.0,0.0,0.0,32.88452199400733,DECLINING,0.26,5444498,RECONSIDER,8,9.26
S00773,Song_00773,A0003,Kannada,Indie,302942,229011,0.22277969180519713,0.31341642954757015,0.5988869156472196,0.04367475798105768,0.017689106636799106,0.028688578277899314,0.0,0.0,0.0,27.85653303175002,DECLINING,0.0,5223262,RECONSIDER,4,8.82
S00774,Song_00774,A0359,Hindi,Rock,490680,353067,0.17177192997363105,0.329253281160838,0.5805290617102796,0.035879875491054106,0.012581181475470661,0.02082324318047283,0.0,0.0,0.0,21.82383372473445,DECLINING,0.0,6675743,RECONSIDER,7,95.26
S00775,Song_00775,A0423,Telugu,Indie,497223,376599,0.22310733698177637,0.318203301134501,0.604533579500546,0.04778026495025212,0.015223088749571826,0.026375534719954116,0.0,0.0,0.0,27.72988550859612,DECLINING,0.0,6434534,RECONSIDER,6,68.41
S00776,Song_00776,A0475,English,Romantic,435749,311890,0.1602616307031325,0.34741330444820295,0.5695205267252478,0.025759081727532142,0.006662605405752028,0.016149924652922504,0.0,0.0,0.0,17.93758494523864,DECLINING,0.0,5514333,RECONSIDER,7,42.76
S00777,Song_00777,A0212,Marathi,Folk,376597,276414,0.19190417272641763,0.3044076293756987,0.593854969635977,0.046698068838770826,0.014594050952556671,0.028641819878877338,0.0,0.0,0.0,25.669238599989324,DECLINING,0.0,5515422,RECONSIDER,5,20.05
S00778,Song_00778,A0060,Punjabi,Electronic,508436,375993,0.1877268991709952,0.32456592373474735,0.5820044214021037,0.03292880452561617,0.011678408906548792,0.020066862946916564,0.0,0.0,0.0,22.101508299410238,DECLINING,0.0,6405661,RECONSIDER,3,87.36
S00779,Song_00779,A0136,Hindi,Romantic,474494,328342,0.20725645820516414,0.30992804966975346,0.6185431217254591,0.05085551041292311,0.015538676136467464,0.030510869763843797,0.0,0.0,0.0,28.359189894831605,DECLINING,0.0,5873500,RECONSIDER,5,20.16
S00780,Song_00780,A0425,Hindi,Indie,538280,391371,0.1766865710540638,0.31583005127442965,0.6187467489039162,0.04750990747909273,0.015586234033691816,0.02445761183122919,0.0,0.0,0.0,26.004181888932063,DECLINING,0.08,6448743,RECONSIDER,7,70.67
S00781,Song_00781,A0439,Hindi,Indie,555278,400149,0.2490472299068597,0.30453214425927194,0.6636783737155083,0.0692017223584215,0.026592594258638656,0.04656765354905298,0.0,0.0,0.0,38.36999208798538,DECLINING,12.15,7521414,RECONSIDER,4,76.33
S00782,Song_00782,A0318,Hindi,Hip-Hop,612084,430765,0.31468434064977424,0.24032158984714516,0.6978927728873815,0.09333627383840377,0.035072487319071886,0.06143488909266073,0.0,0.0,0.0,48.87648317798297,STABLE,61.19,6837910,MONITOR,4,29.47
S00783,Song_00783,A0062,Marathi,Romantic,510120,370370,0.19221859221859222,0.313612483337254,0.6046969340547322,0.05133245133245133,0.014515214515214515,0.031158031158031157,0.0,0.0,0.0,26.847722280166366,DECLINING,0.0,5599315,RECONSIDER,5,50.49
S00784,Song_00784,A0061,English,Electronic,471751,344935,0.22239552379433805,0.3055001473234821,0.604416312843004,0.05012828503921029,0.01778306057663038,0.02941133836809834,0.0,0.0,0.0,28.805575837351917,DECLINING,0.0,5922228,RECONSIDER,5,22.3
S00785,Song_00785,A0239,Hindi,Hip-Hop,462801,328136,0.2900504668795865,0.2568685028770465,0.703179120183405,0.09697503474169247,0.03467769461442816,0.058155764682936345,0.0,0.0,0.0,47.8722560607414,STABLE,1.47,7305138,MAINTAIN,6,37.89
S00786,Song_00786,A0294,Tamil,Indie,777456,541566,0.38794902191053354,0.16022257208124963,0.8417248050050421,0.1634851523175384,0.06275135440555722,0.10681431256762795,0.0,0.0,0.0,76.65284127136901,RISING,99.99,10169681,PROMOTE,4,96.51
S00787,Song_00787,A0017,Tamil,Hip-Hop,486044,373755,0.24073791654961138,0.27849536255976826,0.6630469669412645,0.07334483819614453,0.026509344356597235,0.04661609878128721,0.0,0.0,0.0,38.31975916551758,DECLINING,0.94,7123443,RECONSIDER,3,69.31
S00788,Song_00788,A0343,Punjabi,Devotional,630625,446590,0.27379027743567924,0.2418822596630327,0.7101129831516353,0.09799144629302044,0.03446337804249983,0.06513804608253655,0.0,0.0,0.0,48.09358121051788,STABLE,74.91,8154506,MONITOR,5,84.66
S00789,Song_00789,A0272,Malayalam,Pop,481612,338387,0.20641454902227332,0.2862096459390547,0.6580899147031221,0.07283081205838286,0.02715825371542051,0.042285903418275525,0.0,0.0,0.0,36.118566318685474,DECLINING,3.3,6817778,RECONSIDER,7,54.06
S00790,Song_00790,A0007,English,Rock,453937,331892,0.18808829378231473,0.3220182536343149,0.5944062722360152,0.0375122027647548,0.011124100611042147,0.02356489460426886,0.0,0.0,0.0,23.32757555904796,DECLINING,0.0,5195958,RECONSIDER,5,23.9
S00791,Song_00791,A0048,Bengali,Indie,616364,448482,0.4040563500876289,0.23385369684147678,0.7415536922987066,0.11950089412730054,0.04359595256888794,0.07720934173500832,0.0,0.0,0.0,61.26862621010943,RISING,83.62,9088902,PROMOTE,5,71.29
S00792,Song_00792,A0227,Hindi,Classical,568901,412423,0.24968054642927287,0.2667986169825681,0.660269537230555,0.08143823210635683,0.030107438236955747,0.044313726441056876,0.0,0.0,0.0,40.04989223689283,STABLE,18.58,7274156,MAINTAIN,6,50.06
S00793,Song_00793,A0361,Tamil,Devotional,447945,333191,0.2198738861493858,0.27736664099387204,0.6506423779705097,0.06718968999762899,0.023506037077832234,0.04327247734782752,0.0,0.0,0.0,35.11066031138812,DECLINING,1.16,6165689,RECONSIDER,5,17.68
S00794,Song_00794,A0412,Gujarati,Romantic,593611,401655,0.35695061682289525,0.2405363108163427,0.7355524072161735,0.11391617183901608,0.041762208860838285,0.07303033698074218,0.0,0.0,0.0,57.3303799628349,STABLE,36.62,7414945,MAINTAIN,3,41.24
S00795,Song_00795,A0216,Bengali,Classical,551581,394217,0.22028730369314362,0.2894370908352536,0.6477235437768886,0.06706458625579313,0.023205493421136075,0.04084806083958835,0.0,0.0,0.0,34.68772258523391,DECLINING,6.72,6988646,RECONSIDER,4,63.48
S00796,Song_00796,A0148,Punjabi,Electronic,463159,332321,0.20444690525124803,0.31906537495762793,0.6011348154737358,0.04849227102710933,0.01752823324436313,0.02374511391094755,0.0,0.0,0.0,27.0343636629299,DECLINING,0.0,6512392,RECONSIDER,5,73.53
S00797,Song_00797,A0484,Marathi,Rock,464091,333788,0.17503325464067013,0.3309394062802338,0.5735534625752277,0.03293108200414634,0.009278344338322529,0.022301580644001583,0.0,0.0,0.0,20.728382438959216,DECLINING,0.0,4926812,RECONSIDER,5,24.32
S00798,Song_00798,A0229,English,Romantic,500537,346170,0.23169829852384666,0.31807838381578185,0.6024050170117294,0.05213045613426929,0.01576393101655256,0.024710402403443396,0.0,0.0,0.0,28.444638465039503,DECLINING,0.0,6883036,RECONSIDER,3,87.6
S00799,Song_00799,A0158,Marathi,Folk,640062,464791,0.3781957912265943,0.20914536404285836,0.7596639075589552,0.12613626339580586,0.047124406453653366,0.08275547504147025,0.0,0.0,0.0,62.83638301042581,RISING,88.89,8130801,PROMOTE,4,37.96
S00800,Song_00800,A0221,Telugu,Electronic,503075,352486,0.23089143966001485,0.2749967698653282,0.6563335486756448,0.07619877101501904,0.02917278984129866,0.048762220343503006,0.0,0.0,0.0,38.63547188204997,DECLINING,2.66,6549033,RECONSIDER,1,27.11
S00801,Song_00801,A0007,Gujarati,Devotional,490178,347688,0.3247336692666989,0.25595803973250536,0.6902941380478113,0.09070200869745289,0.03175835806815306,0.058437449667518,0.0,0.0,0.0,47.69643508781575,STABLE,6.25,6556266,MAINTAIN,6,19.51
S00802,Song_00802,A0151,English,Electronic,520711,361082,0.1755030713245191,0.3326451716979284,0.5754113126091056,0.03356301338754078,0.008992417234866318,0.013146598279615156,0.0,0.0,0.0,19.98199630263433,DECLINING,0.0,6176722,RECONSIDER,7,80.42
S00803,Song_00803,A0258,Hindi,Electronic,428416,317362,0.18865522652365438,0.3108917500746938,0.5738231065132955,0.040039450217732434,0.014006087685356154,0.02568675518808175,0.0,0.0,0.0,23.528092716605745,DECLINING,0.08,5588123,RECONSIDER,3,35.42
S00804,Song_00804,A0459,Punjabi,Electronic,423403,295568,0.18649177177502302,0.3214596967900558,0.5856075653691637,0.03794727440047637,0.010840145076598279,0.01941008498890272,0.0,0.0,0.0,22.43221559906411,DECLINING,0.0,5766880,RECONSIDER,5,48.34
S00805,Song_00805,A0369,Hindi,Indie,480540,349944,0.2626020163226116,0.26221958629874725,0.661162442252466,0.0823360309078024,0.031330727202066616,0.051842580527170064,0.0,0.0,0.0,41.79663067746626,STABLE,0.66,6264630,MAINTAIN,4,22.28
S00806,Song_00806,A0390,Hindi,Pop,596582,430807,0.1945279440677612,0.3196693832532661,0.5950531527937484,0.040245399912257694,0.013697549018469988,0.024632840227758603,0.0,0.0,0.0,24.64566319929473,DECLINING,3.74,6178243,RECONSIDER,5,68.61
S00807,Song_00807,A0272,English,Indie,513749,367752,0.22931758358894036,0.28564143190546354,0.6674679658743862,0.07771813613522156,0.02609639104613979,0.04890795971197981,0.0,0.0,0.0,38.50318512291314,DECLINING,14.07,7716303,RECONSIDER,3,78.1
S00808,Song_00808,A0056,Tamil,Hip-Hop,539026,394452,0.22267601634672912,0.2829362591043846,0.6348803211718915,0.06421313619908126,0.024241225801871963,0.038405179844442416,0.0,0.0,0.0,33.95469309091312,DECLINING,4.72,6162806,RECONSIDER,6,33.94
S00809,Song_00809,A0196,Hindi,Electronic,641748,465814,0.2752343209950753,0.26655166825607557,0.6913025050331283,0.07639959297058482,0.028998699051552765,0.051788911453927965,0.0,0.0,0.0,42.675650013624384,STABLE,66.55,8145848,MONITOR,6,94.51
S00810,Song_00810,A0498,Hindi,Classical,442860,322621,0.2352729673517843,0.3061531861084767,0.6212008309623809,0.05475155058102232,0.017565502555630292,0.030791547977348035,0.0,0.0,0.0,30.732796113510684,DECLINING,0.0,5418710,RECONSIDER,5,3.06
S00811,Song_00811,A0023,Hindi,Lo-Fi,391849,284521,0.2176675886841393,0.309772386812267,0.6130703408711009,0.05214729316992419,0.016097230081435113,0.03264082440311963,0.0,0.0,0.0,29.068832579749795,DECLINING,0.17,5033782,RECONSIDER,8,13.29
S00812,Song_00812,A0439,Kannada,Indie,574855,411469,0.2513506485300229,0.29473693366153203,0.6430021483678493,0.0660754516136088,0.0227040190147982,0.03839414390877563,0.0,0.0,0.0,35.543456886038925,DECLINING,20.44,7096895,RECONSIDER,6,58.88
S00813,Song_00813,A0342,Tamil,Indie,477971,338574,0.256215775576388,0.29045486023210615,0.6352289155618228,0.06895686024325554,0.024408253439425355,0.03852924323781507,0.0,0.0,0.0,36.116650635201175,DECLINING,0.95,7123259,RECONSIDER,6,70.14
S00814,Song_00814,A0142,Hindi,Lo-Fi,462094,339335,0.25520798031443853,0.28021787774781753,0.655844914671041,0.07741022882991734,0.0253702093801111,0.043921198815329986,0.0,0.0,0.0,38.564880101625945,DECLINING,0.47,6429331,RECONSIDER,4,25.07
S00815,Song_00815,A0389,Hindi,Classical,450835,325929,0.18858401676438732,0.3373628932979915,0.6120154823826899,0.04041064158144872,0.012689880311356155,0.024361133866578302,0.0,0.0,0.0,24.89162724223948,DECLINING,0.0,6217752,RECONSIDER,3,55.41
S00816,Song_00816,A0418,Punjabi,Rock,417666,300379,0.2041088092043718,0.3176341861678949,0.5981765334022879,0.03915053981802989,0.013196661550907353,0.02100013649422896,0.0,0.0,0.0,24.696511888115868,DECLINING,0.0,5358807,RECONSIDER,5,31.84
S00817,Song_00817,A0022,Hindi,Rock,637651,458500,0.352567066521265,0.22058304621179925,0.7371148167257637,0.11380588876772083,0.043151581243184294,0.08085496183206106,0.0,0.0,0.0,58.23308439343337,STABLE,83.71,7952786,PROMOTE,3,55.41
S00818,Song_00818,A0054,Punjabi,Folk,670869,471541,0.28980300758576666,0.2430862060998496,0.6840649962958492,0.09654303655461562,0.03610290515564924,0.06376539897909196,0.0,0.0,0.0,47.79263545504688,STABLE,86.61,8058713,PROMOTE,4,65.93
S00819,Song_00819,A0333,English,Electronic,628547,458411,0.29607055677110716,0.26784790954375726,0.6868014643296364,0.08541243556546418,0.03206729332411308,0.05356110564537064,0.0,0.0,0.0,45.247058525681695,STABLE,74.89,8281025,MONITOR,6,97.28
S00820,Song_00820,A0499,Malayalam,Romantic,506713,349757,0.19028925797053384,0.33292613372856034,0.5901782665927261,0.03607075769748711,0.010249973553066843,0.01747213065070892,0.0,0.0,0.0,22.328160474559862,DECLINING,0.02,5624980,RECONSIDER,5,45.57
S00821,Song_00821,A0012,Hindi,Classical,595942,442838,0.29349333164723895,0.2618711216863386,0.676288967718335,0.08023475853472375,0.0289586711167515,0.053410050627994886,0.0,0.0,0.0,43.38311550807429,STABLE,27.57,7327106,MAINTAIN,8,64.82
S00822,Song_00822,A0333,Marathi,Rock,563303,418513,0.28880584354607863,0.2627662199562225,0.6889187524298646,0.09097925273527943,0.03385557915763668,0.056012596980261065,0.0,0.0,0.0,46.1794808077279,STABLE,25.5,7182166,MAINTAIN,5,57.8
S00823,Song_00823,A0069,Hindi,Devotional,390764,275584,0.16832254412447747,0.32977705213376873,0.5933120758309364,0.034243642591732466,0.010595680445889457,0.022356160009289364,0.0,0.0,0.0,21.75938540694929,DECLINING,0.0,5338975,RECONSIDER,4,31.76
S00824,Song_00824,A0325,Malayalam,Pop,469201,346406,0.20353862231023712,0.31004622752295924,0.61435930443456,0.053269862531249455,0.018781429882854223,0.030259291120823543,0.0,0.0,0.0,28.964007843000168,DECLINING,0.0,5919035,RECONSIDER,4,25.31
S00825,Song_00825,A0312,Gujarati,Electronic,875866,647568,0.4459300027178613,0.1513804623081613,0.8512831871541994,0.17076507795320336,0.06638221777481283,0.11083469226397845,0.0,0.0,0.0,81.86207814718416,BREAKOUT,100.0,10716127,PROMOTE,5,98.79
S00826,Song_00826,A0046,Tamil,Electronic,542818,380378,0.2972727129329246,0.2606361616600776,0.6866666175403173,0.09689046159346755,0.03459979283765097,0.05767420828754555,0.0,0.0,0.0,47.3896576490616,STABLE,9.43,6647917,MAINTAIN,5,20.69
S00827,Song_00827,A0340,English,Hip-Hop,458531,340645,0.16484022956450264,0.3403194113375104,0.5685504360664819,0.028595752176019024,0.011795270736397129,0.019897547299975046,0.0,0.0,0.0,19.95613528324637,DECLINING,0.0,6323939,RECONSIDER,6,79.03
S00828,Song_00828,A0448,Hindi,Romantic,362525,273729,0.18978990169108864,0.3106682297772567,0.5934597613957658,0.04098213926913115,0.01437918525256732,0.02470326490799294,0.0,0.0,0.0,24.58021978706676,DECLINING,0.08,5022459,RECONSIDER,6,14.66
S00829,Song_00829,A0431,Telugu,Devotional,682838,500203,0.3350399737706491,0.23307724526168724,0.7338534176481099,0.10963148961521622,0.04087940296239727,0.06794641375601505,0.0,0.0,0.0,55.088231341906564,STABLE,95.63,8307611,PROMOTE,2,80.44
S00830,Song_00830,A0015,Tamil,Hip-Hop,567345,410106,0.28338039433707385,0.28965796825564694,0.6522821211079678,0.06923819695395825,0.02285506673884313,0.04053829985418404,0.0,0.0,0.0,38.07567921277671,DECLINING,25.1,5980952,RECONSIDER,4,18.57
S00831,Song_00831,A0123,Hindi,Lo-Fi,539162,390230,0.1945929323732158,0.32495242617246767,0.5847852778942136,0.033662199215847066,0.011641852240986085,0.017564000717525563,0.0,0.0,0.0,22.39540363974643,DECLINING,0.0,6784162,RECONSIDER,3,96.72
S00832,Song_00832,A0121,English,Electronic,572229,420150,0.28451505414732836,0.2600305122599519,0.6920376282921697,0.09027728192312269,0.03439247887659169,0.05989051529215756,0.0,0.0,0.0,46.53344404273798,STABLE,61.62,7800047,MONITOR,5,68.6
S00833,Song_00833,A0227,English,Lo-Fi,397093,291854,0.22865884997293168,0.3141757724261067,0.6181725691462705,0.04911702426555744,0.016439726712671403,0.022411890876945322,0.0,0.0,0.0,28.68236318145428,DECLINING,0.03,5179057,RECONSIDER,3,9.01
S00834,Song_00834,A0072,Bengali,Indie,451234,345964,0.2068018637777341,0.3098746991583081,0.600486665455174,0.0466146766715612,0.016435236036119363,0.025612491473101247,0.0,0.0,0.0,26.85159450651321,DECLINING,0.0,6312149,RECONSIDER,4,69.32
S00835,Song_00835,A0427,Tamil,Lo-Fi,502695,367646,0.20480298983261072,0.30963307771113696,0.6126259461502501,0.05188414942635035,0.01825941258710825,0.02916664399993472,0.0,0.0,0.0,28.586599245920446,DECLINING,0.0,6717426,RECONSIDER,6,60.36
S00836,Song_00836,A0388,Marathi,Pop,551357,402977,0.29156502728443556,0.26538884969266735,0.6801600414976141,0.0865260300215645,0.033696712219307805,0.05461850180035089,0.0,0.0,0.0,45.31237442241448,STABLE,7.97,6840116,MAINTAIN,3,33.75
S00837,Song_00837,A0404,Marathi,Hip-Hop,376806,277677,0.12650309532298318,0.349216838373062,0.5558642909083189,0.021326937412893397,0.007274639239115951,0.014635709835528329,0.0,0.0,0.0,15.235667574854537,DECLINING,0.0,4849895,RECONSIDER,6,26.07
S00838,Song_00838,A0099,Hindi,Pop,636931,481225,0.35462205828874227,0.23266884481992556,0.7367595548026395,0.11481531508130292,0.04232739363083796,0.07243597069977661,0.0,0.0,0.0,57.43848683819496,STABLE,93.75,8185393,PROMOTE,5,71.88
S00839,Song_00839,A0008,English,Devotional,584497,412075,0.3282242310259055,0.2533648590155296,0.6903012333681781,0.09215070072195596,0.0335545713765698,0.05925134987562944,0.0,0.0,0.0,48.508919973716246,STABLE,54.27,8004028,MONITOR,6,74.14
S00840,Song_00840,A0455,Hindi,Indie,441595,311710,0.24768534856116262,0.283404476952864,0.6370905467679662,0.06621860062237336,0.025453145551955342,0.03713387443457059,0.0,0.0,0.0,35.64105603493044,DECLINING,1.17,6162623,RECONSIDER,3,32.72
S00841,Song_00841,A0145,Telugu,Hip-Hop,514070,368535,0.21485069260721507,0.30235571031182523,0.6057521349232595,0.045718859809787404,0.014554926940453418,0.02777755165723744,0.0,0.0,0.0,27.15559624323403,DECLINING,0.0,6826161,RECONSIDER,4,87.62
S00842,Song_00842,A0328,English,Rock,424652,316281,0.15862792896190414,0.3364425458964046,0.5600350404566563,0.028923647010095452,0.008919283801429742,0.015264906839171496,0.0,0.0,0.0,18.178397817878402,DECLINING,0.0,5063883,RECONSIDER,4,26.88
S00843,Song_00843,A0454,English,Devotional,388610,280669,0.14335035219422165,0.34204215022773476,0.570767607627184,0.03252229494529143,0.007225593136399104,0.012794430450103146,0.0,0.0,0.0,17.645308706675547,DECLINING,0.0,4656425,RECONSIDER,5,6.99
S00844,Song_00844,A0019,Hindi,Romantic,687373,482594,0.3576360253132032,0.21814938905077738,0.7606423295648796,0.12723117154378213,0.04854805488671637,0.07726370406594363,0.0,0.0,0.0,61.81309282456259,RISING,95.33,8802619,PROMOTE,4,59.99
S00845,Song_00845,A0003,Hindi,Indie,674925,490136,0.4506320694664338,0.15478016075860282,0.8491862058747268,0.1686246266342403,0.06294171413648457,0.10490557722754501,0.0,0.0,0.0,80.42151945249131,BREAKOUT,100.0,8283817,PROMOTE,8,10.71
S00846,Song_00846,A0003,Punjabi,Devotional,514255,378221,0.3113999487072373,0.24867624038657865,0.7121505867711544,0.10282612546632788,0.0382025323818614,0.06408158193225653,0.0,0.0,0.0,51.280038426520484,STABLE,1.53,7176706,MAINTAIN,5,27.67
S00847,Song_00847,A0079,Hindi,Hip-Hop,464286,347886,0.22720086465106384,0.29211305100735324,0.6278823828416106,0.05952524677624279,0.021920974112209172,0.03848962016292694,0.0,0.0,0.0,32.85625396116507,DECLINING,0.68,6840148,RECONSIDER,3,50.72
S00848,Song_00848,A0026,Hindi,Hip-Hop,492539,360022,0.2599785568659693,0.29147133526482166,0.6587681381575875,0.06983184360955719,0.024556832638005455,0.044105637988789574,0.0,0.0,0.0,38.02556115222246,DECLINING,1.43,6399450,RECONSIDER,8,28.64
S00849,Song_00849,A0410,Telugu,Rock,438064,325936,0.19702641009277896,0.30715831476679206,0.6079956353409548,0.05525011045113151,0.018963845662952235,0.03596411565460704,0.0,0.0,0.0,29.11485375460522,DECLINING,0.23,5921917,RECONSIDER,6,21.5
S00850,Song_00850,A0303,English,Indie,461456,312734,0.18719742656698665,0.3317217676224819,0.5880799036094448,0.033472535765219004,0.011210805348954703,0.025568054640685053,0.0,0.0,0.0,22.807863785187543,DECLINING,0.0,6068994,RECONSIDER,5,70.32
S00851,Song_00851,A0490,English,Hip-Hop,590392,443405,0.2715959450164071,0.2822988793886096,0.6760203390289842,0.08259942941554561,0.02849990415083276,0.0561450592573381,0.0,0.0,0.0,42.67464163613604,STABLE,20.27,6877389,MAINTAIN,7,54.7
S00852,Song_00852,A0400,English,Rock,519844,387100,0.16095582536812192,0.3273886011957433,0.5770615800124653,0.03494962541978817,0.01026091449237923,0.020643244639628,0.0,0.0,0.0,20.478068318510537,DECLINING,0.0,6304679,RECONSIDER,5,83.98
S00853,Song_00853,A0481,Telugu,Indie,462375,341625,0.16397219173069885,0.33754420113544203,0.5623833468505002,0.0317628979143798,0.009144529820709842,0.017290889132821077,0.0,0.0,0.0,19.063052547377275,DECLINING,0.0,5866005,RECONSIDER,7,58.12
S00854,Song_00854,A0120,English,Romantic,479676,347044,0.2065674669494358,0.2967648996405907,0.6361752516281823,0.05998662993741428,0.02288182478302463,0.042804370627355606,0.0,0.0,0.0,32.90536014114904,DECLINING,1.95,6561036,RECONSIDER,1,48.34
S00855,Song_00855,A0144,Telugu,Indie,677535,506823,0.4061023276370646,0.15958732759193253,0.8310006125144827,0.16425458197437764,0.0634679168072483,0.10642966084806728,0.0,0.0,0.0,77.25154606323315,RISING,99.99,8842090,PROMOTE,6,26.13
S00856,Song_00856,A0424,Malayalam,Romantic,425259,292606,0.2036595285127441,0.3427017417620791,0.5617423734712258,0.033495553748043444,0.009661456019357088,0.017702986268224166,0.0,0.0,0.0,21.298503652635844,DECLINING,0.0,6321075,RECONSIDER,5,79.21
S00857,Song_00857,A0123,Marathi,Romantic,536113,379061,0.35294847003516583,0.2256352671918047,0.7298368067925979,0.1121481766786876,0.04156586934556707,0.07460540651768449,0.0,0.0,0.0,56.79939104523848,STABLE,6.25,6975463,MAINTAIN,5,19.69
S00858,Song_00858,A0029,English,Hip-Hop,668997,487716,0.3427322458151875,0.21678124117148506,0.7551169885664659,0.1236190733951726,0.044903181359643725,0.07750617162446997,0.0,0.0,0.0,59.63841415489712,STABLE,94.19,7942696,PROMOTE,5,24.22
S00859,Song_00859,A0334,Tamil,Hip-Hop,531027,381091,0.2012196561976011,0.31387292924841864,0.6022838763377381,0.041425801186593225,0.013414118937471627,0.026694411570989608,0.0,0.0,0.0,25.544339008770656,DECLINING,0.08,6674657,RECONSIDER,8,84.16
S00860,Song_00860,A0400,English,Pop,632857,469390,0.25875924071667483,0.28255672292476813,0.6448075947646941,0.0775858028505081,0.026189309529389207,0.049063678391103344,0.0,0.0,0.0,38.91564949639596,DECLINING,66.11,7504116,MONITOR,3,74.12
S00861,Song_00861,A0484,English,Lo-Fi,655288,488290,0.3626471973622233,0.20563324828167157,0.7636077571998877,0.1290790309037662,0.047637674332875954,0.08381699399946753,0.0,0.0,0.0,62.764180471205286,RISING,93.07,8632316,PROMOTE,4,61.29
S00862,Song_00862,A0463,Punjabi,Rock,506843,356661,0.30278331524893387,0.23699252036626728,0.7208464948711929,0.1029997672860223,0.03824359826277614,0.06698517639999887,0.0,0.0,0.0,51.557299979085414,STABLE,3.53,6230300,MAINTAIN,4,3.89
S00863,Song_00863,A0060,English,Folk,360830,275843,0.15085755302835308,0.3641326940664579,0.5501648975972064,0.021523112785171276,0.007700032264730299,0.013558437226973315,0.0,0.0,0.0,16.180799940995364,DECLINING,0.0,4601701,RECONSIDER,5,12.73
S00864,Song_00864,A0386,Hindi,Lo-Fi,583562,415862,0.22139315445989294,0.3103320641165806,0.6154341783735061,0.051998018573469085,0.018631180535850837,0.03343657270921604,0.0,0.0,0.0,30.021127540510925,DECLINING,4.77,6437335,RECONSIDER,5,50.0
S00865,Song_00865,A0423,English,Folk,483328,346733,0.21905039324206232,0.3225014896716102,0.5931003376588984,0.04052109259862776,0.012046733365442574,0.024105002985005754,0.0,0.0,0.0,25.337796076521776,DECLINING,0.11,6563264,RECONSIDER,5,74.63
S00866,Song_00866,A0349,Hindi,Folk,598311,430695,0.31366744447927186,0.24042345870291537,0.7376682026571465,0.11296857404892093,0.044314422038797756,0.0704744656891768,0.0,0.0,0.0,55.593657210123084,STABLE,52.06,7646127,MONITOR,4,46.41
S00867,Song_00867,A0410,English,Romantic,470714,340681,0.3081152162873773,0.2439018172393428,0.6995096810377427,0.09580810200744978,0.03438113660579838,0.06314411428873345,0.0,0.0,0.0,48.863378445006255,STABLE,0.83,6082991,MAINTAIN,4,1.73
S00868,Song_00868,A0419,Punjabi,Rock,588900,411518,0.3414018341846529,0.20318729835286126,0.7653846153846153,0.1277489684533848,0.0469043881434105,0.0809101910487512,0.0,0.0,0.0,61.23763562101145,RISING,68.09,7932113,MONITOR,6,18.43
S00869,Song_00869,A0223,Malayalam,Electronic,585369,430088,0.29441881661427427,0.2549127131775,0.6892028788678595,0.0906977176763825,0.03179349342460148,0.0546841576607578,0.0,0.0,0.0,45.826572202827975,STABLE,43.48,7564064,MAINTAIN,6,58.88
S00870,Song_00870,A0021,Hindi,Indie,570063,412597,0.22088381641165591,0.3021823903673804,0.6342527054027361,0.05437266873001985,0.018933729522997017,0.03693434513581049,0.0,0.0,0.0,31.491844473391353,DECLINING,10.52,6867328,RECONSIDER,6,69.42
S00871,Song_00871,A0228,Marathi,Pop,472703,345519,0.23755278291497717,0.28489347433800927,0.6391307015187125,0.06646523056619173,0.021830926808655966,0.03620640254226251,0.0,0.0,0.0,34.318508102423394,DECLINING,0.34,5610706,RECONSIDER,6,3.34
S00872,Song_00872,A0101,English,Indie,458353,333854,0.20883979224451407,0.30701882610128,0.6216845968063915,0.04903041449256262,0.01838228686791232,0.03180432164958335,0.0,0.0,0.0,29.200853276851614,DECLINING,0.0,5205903,RECONSIDER,6,4.33
S00873,Song_00873,A0057,Hindi,Folk,568046,396773,0.2826578421414764,0.24850452252106345,0.7081873651077554,0.09903143611082407,0.03664815902291738,0.06609068661426054,0.0,0.0,0.0,49.14479325768462,STABLE,23.59,6817662,MAINTAIN,3,26.13
S00874,Song_00874,A0063,Hindi,Folk,663177,439346,0.38188807909938866,0.2109557478621846,0.7818938232176327,0.13330040560287337,0.04928234239073532,0.08275254582948291,0.0,0.0,0.0,65.24838127860305,RISING,85.14,7452027,PROMOTE,3,8.35
S00875,Song_00875,A0348,Hindi,Rock,526595,367569,0.24889204475894322,0.27106410049468754,0.6704659178305908,0.07586602787503843,0.02830488969417987,0.051968473946388295,0.0,0.0,0.0,40.22657214310427,STABLE,2.01,7004610,MAINTAIN,7,54.19
S00876,Song_00876,A0252,Hindi,Hip-Hop,490911,353715,0.33288947316342254,0.2375990760035933,0.7038526331656858,0.09608017754406796,0.037001540788487906,0.06456327834556069,0.0,0.0,0.0,51.05346505702945,STABLE,0.63,6451716,MAINTAIN,8,12.37
S00877,Song_00877,A0270,Hindi,Rock,623941,442603,0.32319934568902603,0.2388847663481002,0.6967469680626854,0.09608610877016198,0.03503817190574849,0.057227357247917436,0.0,0.0,0.0,49.10637795189677,STABLE,51.27,7618026,MONITOR,9,64.82
S00878,Song_00878,A0372,English,Hip-Hop,564811,412510,0.22554604736854864,0.2803415655856561,0.6499537013266384,0.07735570046786745,0.026653899299410925,0.04549465467503818,0.0,0.0,0.0,37.29012332713242,DECLINING,24.44,7503934,RECONSIDER,6,77.72
S00879,Song_00879,A0274,Punjabi,Rock,517416,384577,0.21255561305018242,0.32339742103066005,0.5966127835242822,0.04564495536654558,0.012840081440127724,0.024720667122578834,0.0,0.0,0.0,25.923182806439726,DECLINING,0.0,6924945,RECONSIDER,3,97.05
S00880,Song_00880,A0315,Hindi,Rock,603275,435483,0.2555300666156888,0.28137913886701754,0.6610617048609673,0.0775116365047545,0.027883981693889313,0.04917298723486336,0.0,0.0,0.0,39.91533888815202,DECLINING,63.48,8116119,MONITOR,4,94.84
S00881,Song_00881,A0043,Hindi,Classical,436877,315069,0.15621657478203188,0.3255561634052605,0.5805455540117699,0.03244686084635429,0.010934112845122815,0.020144793680114514,0.0,0.0,0.0,20.2801065638146,DECLINING,0.0,5334759,RECONSIDER,7,27.34
S00882,Song_00882,A0425,Hindi,Pop,578795,390943,0.3634468451922659,0.21622508833006504,0.762148947382061,0.12184384935911373,0.04759517372097723,0.08019071834001376,0.0,0.0,0.0,61.69144905357157,RISING,41.49,7263750,MAINTAIN,5,2.94
S00883,Song_00883,A0224,Punjabi,Hip-Hop,424739,311921,0.23629059922223897,0.3162318506188506,0.5994104614834052,0.04268388470157508,0.01760702229090058,0.027737792582096108,0.0,0.0,0.0,28.336942107577627,DECLINING,0.0,5470657,RECONSIDER,5,32.94
S00884,Song_00884,A0078,English,Rock,496211,377206,0.14237843512563428,0.333908357533388,0.5693223245756341,0.03333722157123694,0.009148847049092539,0.017417538427278462,0.0,0.0,0.0,18.494806816205536,DECLINING,0.0,6281572,RECONSIDER,5,70.85
S00885,Song_00885,A0406,Punjabi,Romantic,393191,292950,0.20248506571087216,0.33205744790699687,0.5847616044110877,0.03719747397166752,0.01310121181088923,0.02103771974739717,0.0,0.0,0.0,23.789097951546935,DECLINING,0.0,4593650,RECONSIDER,4,5.98
S00886,Song_00886,A0367,Hindi,Folk,403327,301888,0.1843067627729489,0.3344234330952304,0.5795793487666335,0.03186943502225991,0.0119812645749417,0.01881492474030104,0.0,0.0,0.0,21.67610703748219,DECLINING,0.0,5277382,RECONSIDER,3,35.97
S00887,Song_00887,A0027,Hindi,Devotional,400565,292273,0.22095780314979488,0.32216743849312846,0.599293497934168,0.0426450612954327,0.01311445121513106,0.025859384890154068,0.0,0.0,0.0,26.338452469496733,DECLINING,0.0,5417047,RECONSIDER,3,29.8
S00888,Song_00888,A0097,Malayalam,Lo-Fi,549483,388411,0.3322356987829902,0.2354303954808429,0.7024038960259007,0.09972426115635243,0.0353697500843179,0.06352291773404975,0.0,0.0,0.0,50.82224354856414,STABLE,7.15,6525589,MAINTAIN,7,21.93
S00889,Song_00889,A0008,Hindi,Indie,560888,395402,0.26220656445844986,0.28809673232445693,0.6386765272211208,0.06752115568459441,0.02117844623952332,0.041972473583846315,0.0,0.0,0.0,35.981968439402614,DECLINING,9.57,7195936,RECONSIDER,4,70.61
S00890,Song_00890,A0136,Hindi,Romantic,614184,455502,0.2856672418562377,0.27054433199171585,0.6789675406718508,0.07927517332525434,0.028153553661674373,0.04945971697160496,0.0,0.0,0.0,42.47520591529397,STABLE,54.19,7566385,MONITOR,5,65.91
S00891,Song_00891,A0050,Hindi,Lo-Fi,412393,298374,0.17212625764979522,0.33775064077227307,0.5472328579777057,0.020155911708124703,0.005526620952227741,0.011297901291667505,0.0,0.0,0.0,16.225636172104345,DECLINING,0.0,5710377,RECONSIDER,7,53.55
S00892,Song_00892,A0355,Gujarati,Classical,554295,396724,0.17665429870640545,0.33625055250363073,0.5999981959065118,0.036713180951996854,0.013664411530434257,0.02486615379961888,0.0,0.0,0.0,23.674975350551705,DECLINING,0.81,6751538,RECONSIDER,5,91.08
S00893,Song_00893,A0261,Marathi,Devotional,401918,292346,0.2097514588877563,0.305333426221269,0.6134435382341672,0.052297619943491615,0.019712942882748524,0.03348087540106586,0.0,0.0,0.0,29.650798502652282,DECLINING,0.04,5206425,RECONSIDER,5,10.31
S00894,Song_00894,A0490,Marathi,Rock,496110,360329,0.264408360137541,0.2860575275644514,0.6436455624760637,0.06977512218000771,0.025621029670107043,0.038981042325208354,0.0,0.0,0.0,37.31466001886585,DECLINING,1.39,6123834,RECONSIDER,6,14.97
S00895,Song_00895,A0374,Gujarati,Classical,469159,324582,0.1894590581116636,0.30734356582736344,0.6170956967680467,0.044392480174501356,0.01820187194607218,0.028405764953078113,0.0,0.0,0.0,27.237398597116385,DECLINING,0.0,6154768,RECONSIDER,7,38.34
S00896,Song_00896,A0306,Hindi,Classical,512336,355184,0.18994943465921887,0.32301653602323477,0.6132986946066644,0.04755000225235371,0.0161212216766521,0.026042839767557096,0.0,0.0,0.0,26.677292513077752,DECLINING,0.05,6274234,RECONSIDER,7,65.59
S00897,Song_00897,A0255,Gujarati,Hip-Hop,727424,501410,0.4224147902913783,0.1671597307759986,0.8146376803624846,0.15566901338226202,0.058674537803394426,0.1001096906723041,0.0,0.0,0.0,74.73831052260229,RISING,99.92,9359041,PROMOTE,5,58.41
S00898,Song_00898,A0028,Hindi,Indie,342941,261097,0.17005557321608444,0.3339145800589606,0.577539576778513,0.03423631830315936,0.009617115478155629,0.020406209186624127,0.0,0.0,0.0,20.700601339972977,DECLINING,0.0,4780634,RECONSIDER,7,7.4
S00899,Song_00899,A0036,Marathi,Electronic,588929,439723,0.22025229519492953,0.2981632760485559,0.6142981581820559,0.05598297109771379,0.01940539839853726,0.031465263358978264,0.0,0.0,0.0,30.2986363788221,DECLINING,22.96,7945886,RECONSIDER,8,95.84
S00900,Song_00900,A0308,English,Pop,509066,365360,0.27880172980074447,0.24721155999418543,0.6904919990728118,0.10109481059776658,0.035983687322093276,0.05953580030654697,0.0,0.0,0.0,47.57198907924141,STABLE,2.95,6942199,MAINTAIN,6,30.51
S00901,Song_00901,A0003,English,Romantic,546119,384214,0.37075952463991424,0.24002277891814788,0.7104935005008066,0.10932969647123739,0.03889499081241183,0.06583310342673614,0.0,0.0,0.0,55.05477497441506,STABLE,5.57,7517600,MAINTAIN,8,35.9
S00902,Song_00902,A0022,Malayalam,Folk,468178,325034,0.20517853516862852,0.309978256133351,0.6176411535783398,0.053142132823027745,0.017622771771568513,0.03283348818892793,0.0,0.0,0.0,29.14688244441063,DECLINING,0.0,6680500,RECONSIDER,3,62.36
S00903,Song_00903,A0110,Hindi,Indie,510960,374840,0.17687546686586278,0.328732190386723,0.5765891654924065,0.03375306797566962,0.010796606552128909,0.01750080034147903,0.0,0.0,0.0,20.9537522700816,DECLINING,0.07,6696012,RECONSIDER,6,94.52
S00904,Song_00904,A0442,Gujarati,Lo-Fi,443161,325021,0.2146353620227616,0.31896985519935195,0.6015263075947568,0.052651982487285434,0.016075884327474223,0.024832241609003727,0.0,0.0,0.0,27.706932804527284,DECLINING,0.0,6252769,RECONSIDER,5,66.27
S00905,Song_00905,A0230,English,Devotional,538391,394677,0.2071896766216425,0.3187033215636963,0.5906952382190639,0.03992631949670237,0.015468345001102167,0.029758511390326772,0.0,0.0,0.0,25.92676407338849,DECLINING,0.0,6899935,RECONSIDER,6,95.48
S00906,Song_00906,A0355,Marathi,Devotional,419547,305949,0.18203687542695024,0.3173089069877749,0.6002402591366403,0.039696158510078475,0.012534768866706543,0.026739750742770855,0.0,0.0,0.0,24.14204662352545,DECLINING,0.0,5084783,RECONSIDER,6,18.76
S00907,Song_00907,A0206,Gujarati,Folk,471465,337891,0.2772343743988446,0.27913843021221085,0.6544748814864306,0.07043987558117855,0.022593084752183395,0.04200467014510596,0.0,0.0,0.0,38.066764682189365,DECLINING,1.8,7195916,RECONSIDER,2,61.88
S00908,Song_00908,A0087,Hindi,Devotional,831287,597268,0.4228168929190916,0.15800198968587262,0.8537292174664105,0.17230121151643818,0.06285285667405587,0.11041274603695493,0.0,0.0,0.0,80.11811299381502,BREAKOUT,100.0,10505550,PROMOTE,7,82.89
S00909,Song_00909,A0186,Malayalam,Rock,504140,356741,0.25236796443358067,0.29293846947276553,0.6306244297219027,0.060749955850322786,0.02082182872167763,0.03874239294053669,0.0,0.0,0.0,34.09194091029557,DECLINING,0.84,6835193,RECONSIDER,5,50.9
S00910,Song_00910,A0046,Punjabi,Indie,635113,441578,0.35448323965414946,0.21204258139890067,0.7518945447503043,0.11412479788395255,0.04282822060881656,0.07569897051030622,0.0,0.0,0.0,58.48646083872367,STABLE,89.67,8071481,PROMOTE,6,36.22
S00911,Song_00911,A0385,Tamil,Hip-Hop,571210,406702,0.17286612802494208,0.3343061220917001,0.5958509129742127,0.03198902390448043,0.010105679342614493,0.01686738693195509,0.0,0.0,0.0,21.256034473794347,DECLINING,2.88,6793216,RECONSIDER,6,98.48
S00912,Song_00912,A0092,Hindi,Rock,454825,335663,0.2712750586153374,0.26725443852031,0.6733512889572912,0.07669597185272133,0.02904401140429538,0.04816437915409205,0.0,0.0,0.0,41.35557197632281,STABLE,0.05,6141259,MAINTAIN,7,14.1
S00913,Song_00913,A0188,Punjabi,Devotional,356413,273025,0.16807984616793334,0.33878393885744906,0.5748303232485908,0.03170771907334493,0.010167567072612398,0.01771998901199524,0.0,0.0,0.0,20.11667294758868,DECLINING,0.0,5293097,RECONSIDER,2,41.09
S00914,Song_00914,A0490,Marathi,Romantic,495319,354056,0.18796179135503988,0.33882205205130433,0.5675493974590112,0.02958853966604153,0.009374223286711707,0.01628838375850148,0.0,0.0,0.0,20.224670953629094,DECLINING,0.0,6339948,RECONSIDER,8,87.34
S00915,Song_00915,A0296,English,Devotional,517524,375147,0.18297094205738018,0.3121497746964392,0.5815111956160487,0.03896872426009004,0.01233916304808515,0.02107440549971078,0.0,0.0,0.0,22.679691788485087,DECLINING,0.0,6686385,RECONSIDER,7,90.05
S00916,Song_00916,A0229,Hindi,Indie,804583,586113,0.47802727460404393,0.1543569774653454,0.8455286775882662,0.17044153601779863,0.06421116747111905,0.1073871420698739,0.0,0.0,0.0,82.29612838286506,BREAKOUT,100.0,10495657,PROMOTE,3,98.04
S00917,Song_00917,A0271,Hindi,Rock,637928,470884,0.35690743367793343,0.20151176935328124,0.7785910008653014,0.13083689401211337,0.05067914815538434,0.08445604437610961,0.0,0.0,0.0,64.12828120980058,RISING,96.24,9676897,PROMOTE,3,88.48
S00918,Song_00918,A0392,Bengali,Pop,470117,337414,0.24698441676990285,0.2972175011752394,0.622562043065875,0.05511330294534311,0.017705252301327152,0.03634407582376546,0.0,0.0,0.0,31.949950342283213,DECLINING,0.0,5628312,RECONSIDER,6,5.1
S00919,Song_00919,A0127,Hindi,Electronic,523705,391480,0.20273577194237252,0.3083033387116793,0.6069466589014808,0.04562940635536937,0.013081128026974559,0.026404924900378053,0.0,0.0,0.0,26.133737607394096,DECLINING,0.12,6848387,RECONSIDER,5,92.98
S00920,Song_00920,A0318,Tamil,Folk,583458,400374,0.21537612332469142,0.2949346825307049,0.6368924584117451,0.06411505242598171,0.0204633667520868,0.03584898120257559,0.0,0.0,0.0,32.54794956865161,DECLINING,24.89,6584374,RECONSIDER,3,42.82
S00921,Song_00921,A0436,Gujarati,Electronic,437425,313022,0.1958424647468868,0.32833514316740015,0.5970920729267875,0.04568049530064979,0.01332174735322118,0.025761767543495344,0.0,0.0,0.0,25.343954872239824,DECLINING,0.0,6593365,RECONSIDER,4,65.16
S00922,Song_00922,A0286,Hindi,Classical,455989,332345,0.1768282958973356,0.3322075751827347,0.5699019055284228,0.02529299372639877,0.006736975131264198,0.014704599136439542,0.0,0.0,0.0,18.6025262181601,DECLINING,0.0,5308187,RECONSIDER,6,39.43
S00923,Song_00923,A0223,Hindi,Devotional,533319,382756,0.19486827117014494,0.30720263107071005,0.6205029260161367,0.0519286438357596,0.017896518931120608,0.025961709287378905,0.0,0.0,0.0,28.087218774051177,DECLINING,0.0,7114454,RECONSIDER,5,81.37
S00924,Song_00924,A0073,Marathi,Classical,605623,440883,0.2650680566045867,0.28494129185978734,0.6515356913459364,0.06988021765411685,0.025927513648745813,0.04217218627164123,0.0,0.0,0.0,38.090449428005535,DECLINING,35.01,7091518,RECONSIDER,4,57.59
S00925,Song_00925,A0124,Hindi,Rock,502391,368260,0.187655460815728,0.30025219400825254,0.6177857485504319,0.05355726932058871,0.019059903329169608,0.03217835225112692,0.0,0.0,0.0,28.619012123461342,DECLINING,0.21,7423578,RECONSIDER,5,84.55
S00926,Song_00926,A0473,Punjabi,Rock,457349,334136,0.313165896521177,0.2375232043800249,0.7184994391591542,0.1074502597744631,0.04051045083439079,0.06735281442286974,0.0,0.0,0.0,52.95734238994174,STABLE,4.18,6973882,MAINTAIN,7,19.38
S00927,Song_00927,A0271,Tamil,Hip-Hop,420057,313173,0.21411488218971622,0.27602206367231114,0.6394489319306665,0.0669214779051834,0.023089474507700217,0.038365376325545306,0.0,0.0,0.0,33.73231203294388,DECLINING,0.82,5961245,RECONSIDER,3,18.5
S00928,Song_00928,A0151,Punjabi,Lo-Fi,418642,295830,0.2168272318561336,0.31741201312816203,0.6100582359151734,0.049301963965791167,0.01652638339586925,0.030825136057871075,0.0,0.0,0.0,28.5476028551677,DECLINING,0.0,5688683,RECONSIDER,5,44.04
S00929,Song_00929,A0209,English,Devotional,473284,355624,0.23610892403212383,0.3136340970749064,0.6373298062051538,0.06543146694261355,0.022186354126830586,0.037238769036960384,0.0,0.0,0.0,34.24505752357784,DECLINING,0.8,5804704,RECONSIDER,6,0.48
S00930,Song_00930,A0289,Tamil,Romantic,820821,600803,0.48890401679086154,0.14897645162587214,0.849482408466645,0.16789530012333492,0.06337351844115292,0.11047714475460342,0.0,0.0,0.0,82.85154483354833,BREAKOUT,100.0,9919973,PROMOTE,6,69.29
S00931,Song_00931,A0269,Punjabi,Folk,390558,278982,0.15868765726821085,0.3394041345971661,0.5726678239851699,0.03405237613896237,0.012276777713257487,0.018395452036332093,0.0,0.0,0.0,20.348018512955797,DECLINING,0.0,5209788,RECONSIDER,3,29.61
S00932,Song_00932,A0350,Hindi,Romantic,483718,352067,0.25814404644570493,0.2893173295184384,0.648094550957376,0.0699383924082632,0.023674471052384915,0.04196076315019584,0.0,0.0,0.0,37.04428984462749,DECLINING,0.4,6717203,RECONSIDER,5,55.73
S00933,Song_00933,A0129,Punjabi,Indie,345195,259463,0.162701425636796,0.34831906603513957,0.5749272150523617,0.030852183162917254,0.007908642079988284,0.010606521931836138,0.0,0.0,0.0,18.580472329706787,DECLINING,0.0,4747432,RECONSIDER,5,7.0
S00934,Song_00934,A0324,Kannada,Romantic,613779,431915,0.3315768148825579,0.20900193717934307,0.7596056561074914,0.12359376266163481,0.04516860956438188,0.07309771598578424,0.0,0.0,0.0,58.95369198337009,STABLE,79.33,7707818,MONITOR,4,17.06
S00935,Song_00935,A0221,Marathi,Rock,487257,344437,0.16770265679935664,0.3359787545381595,0.5544609928641353,0.026408312695790522,0.008489215734662653,0.013526421377494288,0.0,0.0,0.0,17.857510646501666,DECLINING,0.0,5844760,RECONSIDER,5,62.29
S00936,Song_00936,A0470,English,Devotional,437296,308568,0.16757408415649064,0.33467491127291354,0.5684479162855366,0.028596614036452257,0.009310751600943714,0.019013637188561354,0.0,0.0,0.0,19.412942368199737,DECLINING,0.0,5314721,RECONSIDER,5,30.57
S00937,Song_00937,A0079,English,Lo-Fi,497021,331898,0.260221513838589,0.2808613720547019,0.6431901267753274,0.06303743921325226,0.021214348986736888,0.04201290758003965,0.0,0.0,0.0,35.67347991449392,DECLINING,0.67,6211372,RECONSIDER,3,21.47
S00938,Song_00938,A0075,Hindi,Lo-Fi,370575,272168,0.17602730666353134,0.3198677730553869,0.6009363826485866,0.039115546280238674,0.01406851650451192,0.024448134975456337,0.0,0.0,0.0,23.97682722995026,DECLINING,0.0,5121123,RECONSIDER,8,22.88
S00939,Song_00939,A0231,Hindi,Folk,336701,235550,0.16331139885374654,0.35513408038586164,0.5536841292422654,0.02791763956697092,0.006397792400764169,0.016272553597962217,0.0,0.0,0.0,17.51066973013775,DECLINING,0.0,4770740,RECONSIDER,4,21.48
S00940,Song_00940,A0254,Hindi,Hip-Hop,703040,514444,0.26973781402834907,0.2589738848429677,0.6928766499772417,0.09179424777040844,0.03265661568606107,0.05458514435001672,0.0,0.0,0.0,45.0935621248481,STABLE,66.19,7344738,MONITOR,5,62.29
S00941,Song_00941,A0345,Gujarati,Pop,465646,341697,0.2071220994038578,0.2770044196664419,0.642969122466423,0.07102198731624802,0.025554804402731075,0.04109781473059465,0.0,0.0,0.0,34.788231733159535,DECLINING,0.75,6056481,RECONSIDER,6,16.77
S00942,Song_00942,A0202,Hindi,Lo-Fi,563013,414719,0.273780559848958,0.26383049769721123,0.6838687561388458,0.08689015936091667,0.03027351049746937,0.05372071209662446,0.0,0.0,0.0,43.75490718437086,STABLE,17.1,6923295,MAINTAIN,4,36.27
S00943,Song_00943,A0456,Telugu,Lo-Fi,400327,293322,0.16373132598304935,0.3419554514184654,0.5547165192455168,0.0265885272840087,0.008427598339026735,0.01506194557516995,0.0,0.0,0.0,17.82055022614478,DECLINING,0.0,5951083,RECONSIDER,8,68.79
S00944,Song_00944,A0237,Hindi,Hip-Hop,462876,317772,0.20134247196102867,0.32448431113300324,0.6122741295724989,0.04781415606157874,0.01573769872738945,0.030635172387749706,0.0,0.0,0.0,27.545885072577452,DECLINING,0.0,5969200,RECONSIDER,3,51.37
S00945,Song_00945,A0065,Hindi,Pop,709282,526458,0.43173434537987837,0.19821453244266737,0.7822093328182584,0.14045944785718897,0.051922470548457805,0.08877061418004856,0.0,0.0,0.0,69.5712189173897,RISING,96.91,9295122,PROMOTE,8,59.73
S00946,Song_00946,A0060,English,Devotional,559617,415165,0.329261859742512,0.22807205642430448,0.7175478943634664,0.10600122842725182,0.03984199053388412,0.06907855912709404,0.0,0.0,0.0,53.56022858000802,STABLE,16.68,7129820,MAINTAIN,7,25.09
S00947,Song_00947,A0486,English,Pop,472139,359264,0.21698806448739646,0.3108131291844139,0.6128152938011899,0.0503223256435379,0.0181036786318696,0.026746348089427274,0.0,0.0,0.0,28.778087601283055,DECLINING,0.0,6959867,RECONSIDER,4,93.27
S00948,Song_00948,A0067,Telugu,Pop,476720,345870,0.15714863966230086,0.3344017452592717,0.5744776808189294,0.03720473010090496,0.009810044236273744,0.021346170526498395,0.0,0.0,0.0,20.348402434517165,DECLINING,0.0,5574849,RECONSIDER,6,41.39
S00949,Song_00949,A0473,Malayalam,Lo-Fi,492095,346470,0.23736831471700293,0.2908747294729676,0.6399943100417602,0.06602303229716859,0.023560481426963372,0.042947441336912286,0.0,0.0,0.0,35.3421808393907,DECLINING,0.74,6281577,RECONSIDER,5,28.7
S00950,Song_00950,A0139,Kannada,Classical,533285,392100,0.16127773527161438,0.3335289760634558,0.5532688899931556,0.027730170874776843,0.006013771996939556,0.01428207090028054,0.0,0.0,0.0,17.098473450196597,DECLINING,0.08,6320884,RECONSIDER,5,90.43
S00951,Song_00951,A0047,Hindi,Romantic,566565,403672,0.220547870548366,0.29911660621464436,0.6157793015805777,0.052183455875066884,0.015148437345171328,0.03103014328464694,0.0,0.0,0.0,28.963618844061035,DECLINING,4.38,6839743,RECONSIDER,6,65.53
S00952,Song_00952,A0153,Telugu,Devotional,673404,502332,0.4360403080034718,0.18666654786725353,0.7953442509994001,0.13963872498666222,0.05565840917958641,0.0925005773074381,0.0,0.0,0.0,71.54262819234233,RISING,99.86,9045858,PROMOTE,4,61.39
S00953,Song_00953,A0307,Hindi,Rock,414314,298323,0.1632157091474677,0.3396747394488238,0.5668599178400923,0.034211240836274776,0.008427107531098843,0.018402872054786256,0.0,0.0,0.0,19.40211138032403,DECLINING,0.0,6601483,RECONSIDER,4,88.67
S00954,Song_00954,A0214,Kannada,Indie,492097,335678,0.242845822484643,0.2966203817540038,0.6353279942775509,0.0653662140503697,0.023766824158866533,0.03685972866854545,0.0,0.0,0.0,34.81518925347593,DECLINING,0.4,5799143,RECONSIDER,5,5.85
S00955,Song_00955,A0393,Punjabi,Folk,449143,319710,0.1676800850771011,0.3357995115141503,0.5580672525231385,0.026208126114291075,0.007394200994651403,0.01165118388539614,0.0,0.0,0.0,17.5700795167457,DECLINING,0.0,6476998,RECONSIDER,5,83.77
S00956,Song_00956,A0305,English,Hip-Hop,749244,555411,0.34188015721690784,0.17360699585181863,0.805529306874663,0.15041653838328733,0.05677057170275706,0.09706685679613836,0.0,0.0,0.0,69.1454992769164,RISING,99.83,9337201,PROMOTE,3,67.79
S00957,Song_00957,A0200,Hindi,Devotional,477010,349685,0.2562105895305775,0.2824594872224901,0.6743129074862162,0.08075839684287286,0.029812545576733344,0.049410183450820024,0.0,0.0,0.0,41.35479471947706,STABLE,1.26,6801677,MAINTAIN,9,36.0
S00958,Song_00958,A0317,Hindi,Folk,464776,348349,0.24313834688774763,0.2906604471831592,0.6415520594867204,0.06543724827687175,0.021630606087573095,0.04612328440730417,0.0,0.0,0.0,35.47526899236596,DECLINING,0.53,6360848,RECONSIDER,6,25.64
S00959,Song_00959,A0485,Hindi,Classical,451719,324922,0.2135620241165572,0.29888935377967274,0.6168148782760964,0.049061005410529296,0.01909381328441903,0.026624851502822216,0.0,0.0,0.0,28.898061519782413,DECLINING,0.0,5621171,RECONSIDER,8,10.48
S00960,Song_00960,A0206,Kannada,Lo-Fi,768156,561148,0.3928446684297191,0.2039885127500143,0.7543389623982628,0.1301350089459465,0.04585243108769879,0.07996464390855888,0.0,0.0,0.0,63.13018913225581,RISING,91.04,9473438,PROMOTE,4,94.11
S00961,Song_00961,A0077,Telugu,Classical,480460,339645,0.1810861340517305,0.304672605419806,0.6239791033592806,0.053211441357888384,0.020486095776472493,0.03213943970910804,0.0,0.0,0.0,28.88660576416958,DECLINING,0.29,5678686,RECONSIDER,4,14.19
S00962,Song_00962,A0204,Gujarati,Classical,379650,298147,0.2031380493514944,0.3217121032529962,0.5778480179112341,0.0373808892928656,0.011963897003826971,0.020446289917389743,0.0,0.0,0.0,23.19396537634894,DECLINING,0.0,5234899,RECONSIDER,4,25.94
S00963,Song_00963,A0420,Hindi,Folk,600342,437177,0.3345555690258179,0.2257763075047223,0.7486549333546545,0.11498088874757821,0.04297572836631387,0.07486670158768645,0.0,0.0,0.0,57.404554945359195,STABLE,74.62,8076973,MONITOR,5,69.11
S00964,Song_00964,A0109,Punjabi,Devotional,822411,598135,0.39591229404733047,0.17397870407861762,0.8375228444172075,0.15892398873164085,0.06327334130254876,0.10445133623680272,0.0,0.0,0.0,76.31200078243847,RISING,99.99,9825476,PROMOTE,4,71.02
S00965,Song_00965,A0474,Hindi,Folk,559917,386005,0.26585147860779007,0.25862940400095014,0.6850265307179457,0.08228390823953058,0.029484074040491703,0.056421548943666536,0.0,0.0,0.0,43.03977608392266,STABLE,9.58,6350540,MAINTAIN,7,16.08
S00966,Song_00966,A0294,Punjabi,Electronic,701006,518265,0.35071633237822347,0.21532768621095968,0.7585056333326676,0.12354876366337685,0.0451332812364331,0.08144675021465853,0.0,0.0,0.0,60.59783133757535,RISING,87.05,9337151,PROMOTE,8,81.41
S00967,Song_00967,A0301,English,Electronic,505540,358109,0.2144067867604556,0.29710013055346757,0.6280867982751117,0.05882566481155179,0.021328701596441308,0.035346779891038765,0.0,0.0,0.0,31.741899013290112,DECLINING,0.0,6537852,RECONSIDER,6,51.03
S00968,Song_00968,A0159,Hindi,Hip-Hop,604268,475807,0.27766510370801606,0.25261473385981054,0.7061171533160783,0.09102850525528208,0.034591756741704095,0.05850481392665514,0.0,0.0,0.0,46.8418031868905,STABLE,79.53,8001474,MONITOR,3,84.85
S00969,Song_00969,A0460,Punjabi,Rock,366820,261085,0.2059329337189038,0.3022817730767134,0.6145902622539665,0.051040848765727634,0.017634103835915505,0.029542103146484863,0.0,0.0,0.0,28.53751706476775,DECLINING,0.0,5210636,RECONSIDER,5,8.73
S00970,Song_00970,A0018,Hindi,Folk,412590,294674,0.16416786007588047,0.3030344894447272,0.6058363023825105,0.05351337410154951,0.017249570712041102,0.029181400462884408,0.0,0.0,0.0,26.208079674117645,DECLINING,0.0,5278558,RECONSIDER,3,4.28
S00971,Song_00971,A0150,English,Devotional,503686,359123,0.22001654029399398,0.2888049300556299,0.6409131879782245,0.06361608696741784,0.022624560387388165,0.036736716946561485,0.0,0.0,0.0,33.507787918818835,DECLINING,2.52,6878743,RECONSIDER,4,63.7
S00972,Song_00972,A0209,Marathi,Hip-Hop,588490,428262,0.3901256707342701,0.19313667182110147,0.7725008071505038,0.1324656401922188,0.05001611163259874,0.08614119394202614,0.0,0.0,0.0,65.62365315696853,RISING,71.77,7783533,PROMOTE,6,15.0
S00973,Song_00973,A0239,Hindi,Rock,525230,385432,0.21363301438386018,0.2908421072672924,0.6325228947318318,0.0673996969634073,0.024512754519603976,0.04607816683617344,0.0,0.0,0.0,34.48727797773342,DECLINING,4.6,6802395,RECONSIDER,6,52.49
S00974,Song_00974,A0237,Malayalam,Electronic,377729,283792,0.20970288098325535,0.30303206796406945,0.6051163664955563,0.05760557027682246,0.01741416248520043,0.030184078480013532,0.0,0.0,0.0,28.924010598042145,DECLINING,0.23,5580130,RECONSIDER,5,1.41
S00975,Song_00975,A0074,Punjabi,Romantic,470611,342897,0.20595689084477262,0.3129421114253598,0.6043632639271075,0.03979912335191034,0.01533988340522081,0.0265677448329965,0.0,0.0,0.0,26.160374660272264,DECLINING,0.0,6395391,RECONSIDER,5,77.99
S00976,Song_00976,A0113,Telugu,Romantic,606963,462053,0.3050559134991008,0.26304074548201456,0.6875031921220898,0.08790766427228046,0.031409816622768386,0.05524041614273687,0.0,0.0,0.0,45.958293801450125,STABLE,86.11,8085764,PROMOTE,7,89.95
S00977,Song_00977,A0048,Marathi,Electronic,506599,362040,0.1760910396641255,0.34175748471670886,0.5812486799223844,0.035598276433543255,0.011730747983648216,0.015956800353552094,0.0,0.0,0.0,21.387833188092063,DECLINING,0.0,6565026,RECONSIDER,7,83.89
S00978,Song_00978,A0286,Tamil,Hip-Hop,608640,450690,0.2867447691317757,0.2729429547844374,0.6546431388012618,0.07374026492711176,0.026794470700481483,0.04758481439570436,0.0,0.0,0.0,40.37204937219765,STABLE,68.11,7972853,MONITOR,6,95.84
S00979,Song_00979,A0176,Tamil,Electronic,634295,459530,0.25689073618697367,0.2720122340551321,0.6677208554379271,0.07378190760124476,0.025972188975692555,0.042665331969621134,0.0,0.0,0.0,38.87281324181889,DECLINING,48.27,7617262,RECONSIDER,5,90.31
S00980,Song_00980,A0283,Kannada,Indie,476497,339611,0.2086504854083054,0.3007133308289454,0.6124907397108481,0.05345822131791962,0.016557178654401653,0.03378865820011719,0.0,0.0,0.0,28.94403519050913,DECLINING,0.17,6275895,RECONSIDER,5,44.4
S00981,Song_00981,A0295,Marathi,Lo-Fi,390555,290783,0.21158389589487694,0.3235370178335958,0.6017539143014429,0.04611686377814384,0.013632158688781669,0.02903539753011696,0.0,0.0,0.0,26.747028968479565,DECLINING,0.0,5701328,RECONSIDER,7,39.83
S00982,Song_00982,A0351,Hindi,Indie,680044,496926,0.31992288590252876,0.253117445341772,0.6994194493297492,0.09359139992674965,0.03546604524617347,0.05930862945388247,0.0,0.0,0.0,49.123830479881235,STABLE,87.03,8175269,PROMOTE,5,89.62
S00983,Song_00983,A0273,Hindi,Folk,663056,481413,0.29581668961993135,0.26044557322458434,0.6719130812480394,0.09064773905150048,0.03117074113079622,0.051286525291174105,0.0,0.0,0.0,44.62748784908923,STABLE,79.14,8120112,MONITOR,7,92.69
S00984,Song_00984,A0324,Marathi,Folk,622633,453633,0.35230020743640783,0.23778212847696797,0.709599394828093,0.10661481858683121,0.03710708876999689,0.06371009163795403,0.0,0.0,0.0,53.22919204650964,STABLE,80.16,8637039,PROMOTE,4,97.28
S00985,Song_00985,A0293,Hindi,Hip-Hop,392998,279402,0.14199254121301924,0.3388948544267401,0.5629443406836676,0.0249819256841397,0.007197514692092398,0.01190041588821841,0.0,0.0,0.0,16.400043522289646,DECLINING,0.0,6108699,RECONSIDER,6,76.83
S00986,Song_00986,A0326,Hindi,Lo-Fi,368509,274888,0.19038299234597364,0.3377719404410747,0.5856084926012661,0.038401094263845637,0.010869881551759261,0.023867902563953318,0.0,0.0,0.0,23.086098075255332,DECLINING,0.0,5319878,RECONSIDER,5,20.2
S00987,Song_00987,A0308,Hindi,Electronic,460946,348890,0.14139126945455588,0.3408034780646757,0.5721819909490483,0.02750437100518788,0.006870360285476797,0.012556966379087965,0.0,0.0,0.0,17.024539491548115,DECLINING,0.0,6534041,RECONSIDER,5,94.5
S00988,Song_00988,A0158,Punjabi,Romantic,548021,390231,0.24936255704954244,0.2807082210353253,0.6548818384696937,0.07230589061350841,0.02707627020918379,0.0468158603493828,0.0,0.0,0.0,38.41590032286268,DECLINING,34.23,7833366,RECONSIDER,3,94.71
S00989,Song_00989,A0123,Hindi,Pop,517307,372965,0.24535546230879574,0.2719410330809365,0.6438536497669662,0.07282184655396619,0.02641534728459775,0.045344737441851114,0.0,0.0,0.0,37.46672086120254,DECLINING,0.66,7499049,RECONSIDER,4,66.61
S00990,Song_00990,A0393,Marathi,Hip-Hop,603638,421842,0.23107940887820558,0.30612552556333433,0.6279442314764809,0.05529321404696545,0.01968746592326037,0.03738840608569085,0.0,0.0,0.0,32.00755082901643,DECLINING,10.8,7343499,RECONSIDER,7,85.73
S00991,Song_00991,A0172,Telugu,Pop,563855,416196,0.25338542417514825,0.28404820388220375,0.6624593202153036,0.06961143307480129,0.026547588155580545,0.042568885813414836,0.0,0.0,0.0,38.183641128720275,DECLINING,18.62,7148756,RECONSIDER,5,56.12
S00992,Song_00992,A0275,Bengali,Rock,595767,418230,0.24525261219902925,0.28189543898873215,0.6462509672405488,0.06753461014274442,0.02557205365468761,0.042749204982904146,0.0,0.0,0.0,36.62160864736782,DECLINING,54.6,7836702,MONITOR,5,94.41
S00993,Song_00993,A0099,English,Lo-Fi,520261,377408,0.37891353654400545,0.21945139074426107,0.7464003644324676,0.11478029082584365,0.04476057741224351,0.0740551339664236,0.0,0.0,0.0,59.79450269832729,STABLE,15.94,6905351,MAINTAIN,6,9.39
S00994,Song_00994,A0216,Punjabi,Classical,569891,409393,0.27447220641290887,0.27366636777910164,0.6329385794827432,0.06887758217653941,0.023525072485362477,0.041603056232031324,0.0,0.0,0.0,36.96914911648793,DECLINING,46.38,7716523,RECONSIDER,4,86.4
S00995,Song_00995,A0265,Punjabi,Pop,441922,312327,0.25094212155849477,0.26896601662736863,0.6610216282511393,0.07910619318854918,0.02640181604536271,0.04343524575204833,0.0,0.0,0.0,38.959759347392264,DECLINING,0.83,5848377,RECONSIDER,5,5.55
S00996,Song_00996,A0313,English,Classical,395407,289848,0.20027048659987304,0.33138765879208004,0.5910163451835704,0.0449373464712539,0.01491126383483757,0.02710731141839861,0.0,0.0,0.0,25.70949794432487,DECLINING,0.0,5477802,RECONSIDER,4,33.91
S00997,Song_00997,A0263,Marathi,Hip-Hop,430783,316347,0.26411819931910213,0.2760136774199539,0.6632480854629825,0.07625487202344261,0.02556370061988892,0.04634467847016093,0.0,0.0,0.0,39.50121690921536,DECLINING,0.79,5956401,RECONSIDER,5,13.53
S00998,Song_00998,A0180,Hindi,Folk,573069,413043,0.23831174962413115,0.2753089069553579,0.6533401736963612,0.0730940846352559,0.026878557438329665,0.044820999266420206,0.0,0.0,0.0,37.649504341106415,DECLINING,24.31,6858052,RECONSIDER,5,47.91
S00999,Song_00999,A0480,Gujarati,Pop,416988,300972,0.20083595816222108,0.32622761326465033,0.5953648546241139,0.04449583349946174,0.01278856504924046,0.025185067049426524,0.0,0.0,0.0,25.213389508164543,DECLINING,0.0,5080929,RECONSIDER,5,23.22
S01000,Song_01000,A0256,Hindi,Electronic,565341,407168,0.22628742926752593,0.29409683713015683,0.6066621738030675,0.051391563187676834,0.017958189248663943,0.03218327569946558,0.0,0.0,0.0,29.519753717253995,DECLINING,6.12,7600580,RECONSIDER,3,95.21
S01001,Song_01001,A0404,Bengali,Classical,722952,487490,0.42071016841371106,0.1605556108842634,0.8237365689561686,0.16613058729409835,0.06332847853289299,0.10405546780446778,0.0,0.0,0.0,77.55639506697935,RISING,100.0,9509757,PROMOTE,6,55.93
S01002,Song_01002,A0368,Punjabi,Pop,578255,438822,0.1962800406542972,0.30869080250062686,0.6119566627180051,0.05541198937154473,0.019331300618474004,0.03162785822041739,0.0,0.0,0.0,28.962726524470245,DECLINING,7.33,7425050,RECONSIDER,6,89.77
S01003,Song_01003,A0279,Hindi,Devotional,637097,447962,0.3308160067148553,0.20772190106059202,0.7782394203708384,0.1285577794545073,0.04817819368607159,0.08483085618869457,0.0,0.0,0.0,62.059465330238226,RISING,96.16,8212829,PROMOTE,5,27.81
S01004,Song_01004,A0443,Tamil,Classical,512593,364997,0.2983065614237925,0.27860310226632046,0.6571587985009549,0.07677597350115206,0.025096096680246687,0.048055189494708175,0.0,0.0,0.0,40.98585863814737,STABLE,3.82,5787252,MAINTAIN,3,2.6
S01005,Song_01005,A0065,Hindi,Electronic,576538,415233,0.2340324588845299,0.2837662044826187,0.6419784992489653,0.06669267616013178,0.02165531159614,0.04100107650403508,0.0,0.0,0.0,34.702952150532006,DECLINING,26.98,7228653,RECONSIDER,2,77.57
S01006,Song_01006,A0460,Telugu,Devotional,543810,403179,0.24742112064368432,0.3019013993858149,0.6320479579264817,0.06064055915610684,0.020065529206630305,0.035309378712680965,0.0,0.0,0.0,33.40807072386086,DECLINING,6.86,7162630,RECONSIDER,7,70.24
S01007,Song_01007,A0425,Punjabi,Electronic,425747,322480,0.1992123542545274,0.3069733902998729,0.6077858446448243,0.04364611758868767,0.015635078144381045,0.03149652691639791,0.0,0.0,0.0,26.887559736298105,DECLINING,0.0,6116415,RECONSIDER,6,54.55
S01008,Song_01008,A0252,Hindi,Classical,526982,371099,0.22702836709341712,0.30082241898205253,0.6305832077755976,0.06500691190221478,0.023363037895548087,0.0410645137820366,0.0,0.0,0.0,34.08279878382287,DECLINING,2.56,7319786,RECONSIDER,3,81.53
S01009,Song_01009,A0366,Hindi,Pop,487259,364248,0.15647306230919594,0.33243305921491445,0.571597446122083,0.02962816542575388,0.008082405394127079,0.019360435747073423,0.0,0.0,0.0,18.856789910176463,DECLINING,0.0,6605077,RECONSIDER,5,84.01
S01010,Song_01010,A0260,Telugu,Romantic,468684,339013,0.1784267859934575,0.343894820390711,0.5659122137730326,0.028653768439558365,0.007601478409382531,0.017090790028700963,0.0,0.0,0.0,19.246720284273508,DECLINING,0.0,5865163,RECONSIDER,5,58.79
S01011,Song_01011,A0135,Hindi,Classical,679667,508915,0.30611988249511213,0.2402853161916056,0.7207706126676741,0.10028786732558483,0.03776072625094564,0.0641423420414018,0.0,0.0,0.0,51.07684148227742,STABLE,88.13,8496161,PROMOTE,5,96.59
S01012,Song_01012,A0400,Kannada,Rock,568922,426978,0.220041782012188,0.31393758722636844,0.6162690140300427,0.05554852943242977,0.01799390132512682,0.03157773936830469,0.0,0.0,0.0,30.012805823895324,DECLINING,6.93,7085946,RECONSIDER,5,71.97
S01013,Song_01013,A0123,Telugu,Electronic,546175,406850,0.23906599483839253,0.29672357760790957,0.6415159976198105,0.06399164311171193,0.023074843308344598,0.04149195035025194,0.0,0.0,0.0,35.04919730408946,DECLINING,8.76,7207425,RECONSIDER,5,67.69
S01014,Song_01014,A0157,Tamil,Classical,541580,405471,0.31183981098524927,0.2583902655194062,0.7039218582665534,0.09572324531224181,0.03563510090733986,0.057217408889908276,0.0,0.0,0.0,48.98968164232518,STABLE,8.71,7172823,MAINTAIN,7,36.14
S01015,Song_01015,A0260,Hindi,Folk,382114,283369,0.1384131644604738,0.34106575524581667,0.5700288395609687,0.02813645811644887,0.00725202827408785,0.015068691352970861,0.0,0.0,0.0,17.16397690894006,DECLINING,0.0,4467139,RECONSIDER,1,0.23
S01016,Song_01016,A0418,Tamil,Romantic,396768,296142,0.20488819552782112,0.3111415235099605,0.607538914428583,0.04773048064779734,0.013611713299700819,0.02741590183087843,0.0,0.0,0.0,26.68861779030558,DECLINING,0.08,5284676,RECONSIDER,8,24.09
S01017,Song_01017,A0192,Malayalam,Rock,459398,347212,0.1699163623377072,0.32916120662257997,0.5895258577529724,0.0401858230706312,0.016753453221662846,0.02316164187873691,0.0,0.0,0.0,23.772498709504028,DECLINING,0.0,6667232,RECONSIDER,5,76.39
S01018,Song_01018,A0247,Hindi,Electronic,621589,435155,0.21528650710666314,0.2684973511436013,0.6804576657566334,0.08163987544667992,0.03162091668485942,0.04991324930197286,0.0,0.0,0.0,40.202861606374164,STABLE,34.63,7547254,MAINTAIN,5,70.99
S01019,Song_01019,A0021,English,Romantic,391355,285735,0.26580222933837294,0.27819498920417524,0.6450588340509257,0.06305142877141408,0.022534866222198892,0.041723975011811645,0.0,0.0,0.0,36.32047682601124,DECLINING,1.0,6214464,RECONSIDER,6,33.1
S01020,Song_01020,A0058,Hindi,Rock,652908,471280,0.3122856900356476,0.23553548126229115,0.742931622832007,0.10711042267866237,0.04169495841113563,0.07226277372262774,0.0,0.0,0.0,54.74800136755126,STABLE,95.97,7566268,PROMOTE,8,62.56
S01021,Song_01021,A0028,English,Electronic,358894,264836,0.16420728299777976,0.32457773047194993,0.5891739622284017,0.029882644353486688,0.009311422918334365,0.0177506079233941,0.0,0.0,0.0,20.21454375446242,DECLINING,0.0,5118117,RECONSIDER,4,19.53
S01022,Song_01022,A0036,Tamil,Indie,440386,308783,0.23371105274577939,0.3180755064874905,0.6199402342490452,0.06349118960564538,0.02278946703672158,0.036520792919299314,0.0,0.0,0.0,33.213137376211414,DECLINING,1.6,6047952,RECONSIDER,4,26.36
S01023,Song_01023,A0434,English,Electronic,711134,512332,0.23295636423256794,0.280086453467279,0.6598461049534968,0.07069829719791074,0.026785365739403356,0.04444969277733969,0.0,0.0,0.0,37.40134718748751,DECLINING,75.14,7950891,MONITOR,3,94.74
S01024,Song_01024,A0421,Punjabi,Indie,551009,386150,0.29209374595364496,0.2656544629942524,0.6886584429655414,0.09632267253657904,0.03465233717467305,0.05673960896024861,0.0,0.0,0.0,47.100116907058315,STABLE,10.16,7030623,MAINTAIN,5,41.32
S01025,Song_01025,A0411,English,Folk,485677,340873,0.2941711429183303,0.2507098339019554,0.6883916677133156,0.0851519480862374,0.030993947892616898,0.055114368107770345,0.0,0.0,0.0,45.09179482750226,STABLE,2.92,6443285,MAINTAIN,7,24.5
S01026,Song_01026,A0028,Hindi,Folk,488386,355083,0.2368516656669004,0.2858476696711208,0.6354072393557555,0.07082287803133352,0.024549189907711717,0.0399399577000307,0.0,0.0,0.0,35.52408276741761,DECLINING,2.48,6920134,RECONSIDER,3,48.71
S01027,Song_01027,A0039,Hindi,Lo-Fi,504927,361578,0.2992466355807046,0.2821893065730294,0.6790130058404482,0.07766788908617228,0.027313608681944143,0.04880274795479814,0.0,0.0,0.0,42.724601794558076,STABLE,3.3,6715355,MAINTAIN,6,38.7
S01028,Song_01028,A0141,Bengali,Romantic,635252,486838,0.2585849913112781,0.291119114933916,0.6505150711843489,0.06993702217164642,0.024307880650236834,0.04373323364240261,0.0,0.0,0.0,37.49231304844067,DECLINING,39.11,7592612,RECONSIDER,4,72.95
S01029,Song_01029,A0283,Marathi,Indie,504215,357499,0.19015437805420435,0.32096228791289433,0.5925210475689934,0.04193298442792847,0.012774860908701842,0.02717769839915636,0.0,0.0,0.0,24.49461236770734,DECLINING,0.26,7051654,RECONSIDER,6,96.21
S01030,Song_01030,A0167,English,Romantic,717658,518086,0.37639503866153495,0.20911910687263294,0.75737607606966,0.12190640163988219,0.04727400470192208,0.07691966198661998,0.0,0.0,0.0,61.729272996394236,RISING,95.28,8512253,PROMOTE,5,59.17
S01031,Song_01031,A0244,Telugu,Hip-Hop,472737,337476,0.23990743045431379,0.31582888582869545,0.597499243765561,0.044957271035569936,0.013992106105323044,0.028464246346406857,0.0,0.0,0.0,27.853229627845263,DECLINING,0.24,6107564,RECONSIDER,1,59.11
S01032,Song_01032,A0087,Hindi,Rock,457643,318085,0.15797035383623875,0.34475562829541806,0.5802863804319087,0.038467705173145544,0.009107628464089787,0.020485090463240957,0.0,0.0,0.0,20.532455634282716,DECLINING,0.0,5443659,RECONSIDER,2,36.48
S01033,Song_01033,A0365,Hindi,Devotional,411045,297592,0.19597637033253582,0.3128903161454342,0.5866754248318311,0.042588510443829136,0.01502392537433802,0.026751391166429207,0.0,0.0,0.0,25.066252188739174,DECLINING,0.0,6066418,RECONSIDER,5,56.46
S01034,Song_01034,A0157,Hindi,Classical,487493,350905,0.23710405950328436,0.28727591985936207,0.6481590504889301,0.06848292272837378,0.024023596130006698,0.04076031974466023,0.0,0.0,0.0,35.85164133492726,DECLINING,0.21,6286052,RECONSIDER,3,31.93
S01035,Song_01035,A0034,Gujarati,Folk,452724,322066,0.25911769637279314,0.26918608246967246,0.6645881375849303,0.07588817198959219,0.028708401383567343,0.048195090447299624,0.0,0.0,0.0,40.20207333674084,STABLE,0.02,6095137,MAINTAIN,5,0.11
S01036,Song_01036,A0371,Tamil,Hip-Hop,523808,362016,0.19395551577830814,0.325957220966461,0.5975051927423789,0.039083907893573765,0.011383474763546363,0.02165373906125696,0.0,0.0,0.0,23.79344002949051,DECLINING,0.0,6586303,RECONSIDER,5,86.61
S01037,Song_01037,A0451,Marathi,Devotional,534472,413096,0.2970399132405058,0.2554352706970618,0.7025569159843733,0.09508201483432423,0.03469411468520634,0.06358328330460716,0.0,0.0,0.0,48.508756905743866,STABLE,8.24,7284863,MAINTAIN,9,42.94
S01038,Song_01038,A0008,Hindi,Electronic,470933,343940,0.23007792056754084,0.30204296577220113,0.605676391333799,0.058036285398616036,0.01958481130429726,0.03404372855730651,0.0,0.0,0.0,30.859046335391145,DECLINING,0.47,6677416,RECONSIDER,3,49.21
S01039,Song_01039,A0218,Hindi,Lo-Fi,399150,305603,0.20706603011096095,0.32328698484279095,0.5975548039584117,0.04047407911571549,0.012503149510966843,0.02415552203348789,0.0,0.0,0.0,25.067480146100216,DECLINING,0.0,4802959,RECONSIDER,6,8.35
S01040,Song_01040,A0413,Marathi,Hip-Hop,542716,381358,0.2037639173689814,0.3085241636509703,0.6190549016428482,0.05366873121843517,0.017880836379464964,0.03293493253058806,0.0,0.0,0.0,29.26473874093953,DECLINING,1.05,7364467,RECONSIDER,4,83.71
S01041,Song_01041,A0353,English,Electronic,487430,387352,0.27385685371445095,0.27758447366801386,0.6610918490860226,0.07717011916809517,0.028217228773828457,0.050594807823375124,0.0,0.0,0.0,40.98911634702541,STABLE,2.68,6277249,MAINTAIN,6,17.03
S01042,Song_01042,A0428,Malayalam,Pop,414878,316048,0.1842156887561383,0.330509209936415,0.5751184685618422,0.03730446008201286,0.01260884422619349,0.02000645471573938,0.0,0.0,0.0,22.249234988090947,DECLINING,0.0,5601944,RECONSIDER,7,41.06
S01043,Song_01043,A0208,Telugu,Indie,545921,412089,0.23010805918139043,0.32296614345299046,0.597806275999641,0.0433158856460619,0.01567865194169221,0.026914088946805182,0.0,0.0,0.0,27.487683594779075,DECLINING,1.22,6707388,RECONSIDER,0,84.03
S01044,Song_01044,A0186,English,Classical,423175,312614,0.20164803879544743,0.3275169846990016,0.5892148638270219,0.042320561459179694,0.013601438195346338,0.027941806828868827,0.0,0.0,0.0,25.20714421803073,DECLINING,0.0,5871478,RECONSIDER,3,45.78
S01045,Song_01045,A0354,Tamil,Lo-Fi,589565,431579,0.2628696020890729,0.30170040623171324,0.6248674870455335,0.05872389527757375,0.020181704855889653,0.03438767873320991,0.0,0.0,0.0,33.58713406857348,DECLINING,5.16,7541495,RECONSIDER,3,93.12
S01046,Song_01046,A0077,Gujarati,Electronic,404466,287882,0.17483899653330184,0.32053374078414504,0.6031335143126987,0.04333372701315122,0.014096053244037487,0.023822260509514314,0.0,0.0,0.0,24.3760435125914,DECLINING,0.0,5090334,RECONSIDER,5,20.93
S01047,Song_01047,A0120,English,Lo-Fi,594127,430182,0.2804254943256575,0.2603820395302688,0.6897431020640368,0.09147058686788383,0.03336494785927817,0.05846130242548503,0.0,0.0,0.0,45.966400121073214,STABLE,69.94,7946881,MONITOR,5,71.52
S01048,Song_01048,A0300,Marathi,Folk,480119,345586,0.19055170058972296,0.3161091312778707,0.5856298126089574,0.04630106543667857,0.016812023635216704,0.027046813238962228,0.0,0.0,0.0,25.56341547843651,DECLINING,0.0,7025380,RECONSIDER,6,97.8
S01049,Song_01049,A0334,Kannada,Classical,461855,323762,0.20911348459670992,0.3221357352415801,0.5978716263762436,0.0389977823215819,0.01316090214416763,0.03114633588870837,0.0,0.0,0.0,25.843603899135886,DECLINING,0.0,6021986,RECONSIDER,7,54.96
S01050,Song_01050,A0060,Hindi,Electronic,482312,344637,0.17085223002753622,0.3086487584799881,0.6174488712700492,0.04454542025377426,0.017572112106361185,0.026500346741644108,0.0,0.0,0.0,26.03425632435663,DECLINING,0.0,6298170,RECONSIDER,6,69.22
S01051,Song_01051,A0254,Kannada,Pop,470851,343192,0.1743805216904823,0.3448479455284156,0.5746233946620056,0.02411478123033171,0.009860369705587542,0.012133149956875451,0.0,0.0,0.0,19.091270994106456,DECLINING,0.0,5205260,RECONSIDER,5,39.32
S01052,Song_01052,A0183,Hindi,Indie,484992,342683,0.2177872844582311,0.33339519002375295,0.5885725950118765,0.040144973634525204,0.012939071970304918,0.02254561796178976,0.0,0.0,0.0,25.097848669728847,DECLINING,0.0,6594949,RECONSIDER,8,75.13
S01053,Song_01053,A0251,Marathi,Pop,560875,397515,0.22369973460121,0.29559884109650103,0.623602406953421,0.062299535866571075,0.019141416047193188,0.040433694326000275,0.0,0.0,0.0,32.27513295764921,DECLINING,7.55,7900856,RECONSIDER,4,90.89
S01054,Song_01054,A0479,Telugu,Electronic,524386,374733,0.18770431213690814,0.3100254392756481,0.6220741972516429,0.049597980428731925,0.018394430167612674,0.031742600731720985,0.0,0.0,0.0,28.239283210877623,DECLINING,0.11,7019376,RECONSIDER,4,70.31
S01055,Song_01055,A0039,Marathi,Lo-Fi,599657,434088,0.23520806841009195,0.3027163862007781,0.6197793071705991,0.05909170490776064,0.01957897937745342,0.03292189602108328,0.0,0.0,0.0,31.758272416001475,DECLINING,7.12,7589733,RECONSIDER,3,93.59
S01056,Song_01056,A0497,English,Devotional,478398,359402,0.18824324850724258,0.330670278721901,0.5755709681060539,0.03658855543374828,0.010656590670057484,0.01660814352730369,0.0,0.0,0.0,21.619107535662668,DECLINING,0.0,5913031,RECONSIDER,3,58.87
S01057,Song_01057,A0225,Marathi,Folk,547159,402512,0.296791151568152,0.25762164197244314,0.6828307676562023,0.08496889533728187,0.030481078824979132,0.05077115713320348,0.0,0.0,0.0,44.420521555963845,STABLE,6.37,7186505,MAINTAIN,5,57.71
S01058,Song_01058,A0386,Hindi,Hip-Hop,365351,278664,0.15694528177303133,0.3453172428705546,0.554288889314659,0.024168891568340366,0.006430683547210978,0.013966640829098842,0.0,0.0,0.0,16.660343094997117,DECLINING,0.0,5222576,RECONSIDER,4,30.46
S01059,Song_01059,A0212,Hindi,Lo-Fi,531641,397059,0.236080783964096,0.2827114537817813,0.6725892096358257,0.07044545017239251,0.02588784034614503,0.04577153521265102,0.0,0.0,0.0,38.02820827766203,DECLINING,4.86,7373139,RECONSIDER,8,70.96
S01060,Song_01060,A0156,Hindi,Indie,743051,535605,0.32192193874217007,0.21523287096040514,0.746846447955793,0.12260714519095228,0.045285238188590475,0.07928790806657891,0.0,0.0,0.0,58.39838957926734,STABLE,90.93,9206252,PROMOTE,4,88.2
S01061,Song_01061,A0385,Punjabi,Devotional,445690,324656,0.1700538416046523,0.32773003657250555,0.6069981377190424,0.043892612488295304,0.01583214232911143,0.023283105810457838,0.0,0.0,0.0,24.737542677305186,DECLINING,0.0,6088382,RECONSIDER,4,64.63
S01062,Song_01062,A0344,English,Electronic,485522,352664,0.2440198035523898,0.2813384357454451,0.6841461354995242,0.08098359911984211,0.02975636866819409,0.05131229725744618,0.0,0.0,0.0,41.39930723477519,STABLE,1.69,6409906,MAINTAIN,7,23.3
S01063,Song_01063,A0072,Hindi,Devotional,517437,386927,0.22429812341862934,0.3192098748253411,0.5865081159638758,0.04215782305189351,0.014674602702835418,0.022919051914185362,0.0,0.0,0.0,25.961129430510677,DECLINING,0.0,5877429,RECONSIDER,6,54.41
S01064,Song_01064,A0352,Kannada,Rock,567912,384378,0.2618177939424213,0.2680873093014411,0.6687902351068475,0.07968718292930396,0.02834189261612267,0.04956058879540452,0.0,0.0,0.0,40.9343005889568,STABLE,13.12,7318011,MAINTAIN,1,75.59
S01065,Song_01065,A0376,English,Devotional,568410,373084,0.2512544091947122,0.27211167994933233,0.6529652891398814,0.0744121967170932,0.027902563497764578,0.04571624620728844,0.0,0.0,0.0,38.71717692040719,DECLINING,20.42,8092033,RECONSIDER,3,93.94
S01066,Song_01066,A0194,English,Devotional,436129,294819,0.19591342484710958,0.2844823435268006,0.6397992337129611,0.06315400296453078,0.021416530142222855,0.037823206781109765,0.0,0.0,0.0,32.04909029593919,DECLINING,0.79,5923307,RECONSIDER,4,15.66
S01067,Song_01067,A0462,English,Folk,529684,396889,0.3210267858267677,0.255120033831492,0.6942365636870285,0.0887401767244746,0.03255066277976966,0.05664808044566617,0.0,0.0,0.0,47.530929147860036,STABLE,6.6,6230204,MAINTAIN,8,12.75
S01068,Song_01068,A0320,Hindi,Classical,580513,429982,0.26806703536427107,0.25106242237469273,0.699681144091519,0.09516444874436604,0.03361536064300366,0.057862887283653734,0.0,0.0,0.0,46.18339646739088,STABLE,38.5,7012698,MAINTAIN,6,41.29
S01069,Song_01069,A0167,Tamil,Indie,394977,299701,0.1885445827674916,0.31300556741278607,0.6027566162080323,0.0424423008264904,0.011738365904685003,0.03024013933887441,0.0,0.0,0.0,24.976260615400946,DECLINING,0.0,4929810,RECONSIDER,4,12.56
S01070,Song_01070,A0006,English,Indie,635756,428734,0.25321294788843435,0.3014364001283511,0.6320475150844035,0.0628804806709988,0.022827674035649143,0.04208436932923444,0.0,0.0,0.0,35.190643691166336,DECLINING,27.03,7594095,RECONSIDER,2,98.04
S01071,Song_01071,A0337,Hindi,Romantic,621518,445549,0.3754222318981751,0.22814785734282836,0.7286949050550426,0.11033129913881526,0.041499363706348796,0.06969603792175495,0.0,0.0,0.0,57.197379415133476,STABLE,85.31,7682828,PROMOTE,7,42.43
S01072,Song_01072,A0105,Gujarati,Pop,431429,318762,0.18548007604419597,0.31356955605673237,0.605483173361086,0.043741098374335714,0.014098292770154536,0.022270534128911227,0.0,0.0,0.0,24.900124498225054,DECLINING,0.0,5992622,RECONSIDER,1,53.36
S01073,Song_01073,A0378,Telugu,Pop,530301,386626,0.30781168364259,0.2554756638211129,0.6838983897824066,0.08564607657012203,0.032087857516049104,0.055984336283643625,0.0,0.0,0.0,45.93777643422163,STABLE,2.83,6556091,MAINTAIN,5,22.71
S01074,Song_01074,A0263,Tamil,Devotional,510572,359556,0.25238071399170087,0.2595148186739578,0.6792754009228865,0.0870768392128069,0.030557131573384952,0.05224499104451045,0.0,0.0,0.0,42.446639308714104,STABLE,1.58,6997955,MAINTAIN,5,44.91
S01075,Song_01075,A0233,Bengali,Classical,621982,443266,0.21896558725460558,0.3090089423809692,0.6199343389358535,0.05588066759011519,0.01892768676144798,0.033183235348526616,0.0,0.0,0.0,30.53241089513965,DECLINING,4.24,7471780,RECONSIDER,7,98.47
S01076,Song_01076,A0082,Kannada,Folk,518870,408886,0.31335629001726645,0.22384412280532695,0.7328656503555804,0.11213149875515425,0.04192855710393606,0.06770102180069751,0.0,0.0,0.0,54.451930954932706,STABLE,31.27,7888881,MAINTAIN,6,48.87
S01077,Song_01077,A0356,English,Electronic,403685,299236,0.22258685452285154,0.3178047239803312,0.6115461312657146,0.051253859829699634,0.015653196807870712,0.03071154540229117,0.0,0.0,0.0,28.867975913585624,DECLINING,0.06,5141659,RECONSIDER,6,0.88
S01078,Song_01078,A0083,Marathi,Romantic,490746,364497,0.22660817510157835,0.276026702204399,0.6488448199272129,0.07218166404661767,0.025177161951950223,0.04341873870018135,0.0,0.0,0.0,36.24832055073152,DECLINING,1.8,6168294,RECONSIDER,7,24.25
S01079,Song_01079,A0209,Marathi,Romantic,802632,573677,0.34715005133550764,0.17429905610541319,0.8147993102692143,0.15438304132813413,0.05749925480714758,0.09922133883701106,0.0,0.0,0.0,70.58693773641106,RISING,99.56,10194190,PROMOTE,4,97.85
S01080,Song_01080,A0418,Hindi,Rock,654152,442722,0.2034482135516193,0.2874270811676797,0.6391236287590651,0.06466812130411409,0.020656303504230644,0.03974503187101612,0.0,0.0,0.0,32.52921704132932,DECLINING,46.14,7731117,RECONSIDER,5,98.91
S01081,Song_01081,A0460,Hindi,Lo-Fi,518451,392100,0.1983652129558786,0.28392268507534946,0.626022517074902,0.06041826064779393,0.023621525121142566,0.0427008416220352,0.0,0.0,0.0,32.2431550145225,DECLINING,6.0,6059789,RECONSIDER,4,21.05
S01082,Song_01082,A0494,Hindi,Pop,523171,390853,0.1694089593785899,0.31643764658209267,0.6150780528737257,0.04693068749632215,0.017072914881042234,0.025707874827620613,0.0,0.0,0.0,25.89233358506851,DECLINING,0.0,6236452,RECONSIDER,6,61.53
S01083,Song_01083,A0479,Marathi,Romantic,507924,360695,0.25479698914595433,0.2548078058922201,0.6931548814389554,0.09061672604277853,0.03263699247286488,0.0603362952078626,0.0,0.0,0.0,44.791870694958575,STABLE,4.17,6133348,MAINTAIN,5,7.69
S01084,Song_01084,A0278,Telugu,Pop,492473,349523,0.24917101306637904,0.2703072046589356,0.6663086098121115,0.07712797154979786,0.027963824984335795,0.04996809938115661,0.0,0.0,0.0,39.90330000330434,DECLINING,0.48,7291937,RECONSIDER,3,57.74
S01085,Song_01085,A0101,Telugu,Classical,561592,398046,0.2844872200700422,0.24753913873417,0.7078893573982535,0.09662953527984203,0.037437884063650936,0.06277666400365788,0.0,0.0,0.0,48.86898592963031,STABLE,14.24,6763424,MAINTAIN,7,12.59
S01086,Song_01086,A0419,English,Lo-Fi,470728,341932,0.20402302212135745,0.32774765894529323,0.5860751856698561,0.03837897593673596,0.012932395914977248,0.019948410795128855,0.0,0.0,0.0,23.89789848508629,DECLINING,0.0,6274963,RECONSIDER,5,81.87
S01087,Song_01087,A0401,Hindi,Devotional,642137,480270,0.27429154433964226,0.2658809568674598,0.6886630111642843,0.09294147042288713,0.033068898744456246,0.057640493888854186,0.0,0.0,0.0,45.61263689464875,STABLE,83.62,8315438,PROMOTE,7,93.96
S01088,Song_01088,A0495,English,Classical,436658,333865,0.31532505653482695,0.23260537995410596,0.7449926487090583,0.11472301678822279,0.04369730280203076,0.07528791577433992,0.0,0.0,0.0,56.48211778499664,STABLE,13.17,6923559,MAINTAIN,5,17.3
S01089,Song_01089,A0325,Punjabi,Romantic,425337,313073,0.19442749774014367,0.3254196084516513,0.6081083940498946,0.05000431209334564,0.015718378780667768,0.028264973344874836,0.0,0.0,0.0,27.00283232910829,DECLINING,0.0,5878894,RECONSIDER,6,46.27
S01090,Song_01090,A0071,Kannada,Rock,383848,266788,0.18651888390782195,0.3159167170338259,0.6099784289614639,0.05398668605784368,0.019048832781084605,0.03206665966985022,0.0,0.0,0.0,28.230865852444268,DECLINING,0.39,5611355,RECONSIDER,4,10.2
S01091,Song_01091,A0251,Kannada,Indie,552909,428220,0.30745177712390825,0.24434762320743558,0.7012709143819327,0.09160478258838915,0.03510345149689412,0.05867311195180048,0.0,0.0,0.0,48.26411213722235,STABLE,32.86,7036859,MAINTAIN,8,33.91
S01092,Song_01092,A0224,Kannada,Hip-Hop,409903,309629,0.20801346127139253,0.3102246141160226,0.6057335515963533,0.046891602530770696,0.016526229778218448,0.026321823860168136,0.0,0.0,0.0,27.26748675302644,DECLINING,0.0,5087984,RECONSIDER,7,6.51
S01093,Song_01093,A0421,Bengali,Electronic,476358,340193,0.22848794654798893,0.29139638675114093,0.6455648902716025,0.06731766967574289,0.025162187346594433,0.047205556845672896,0.0,0.0,0.0,36.06633211672381,DECLINING,1.88,6436327,RECONSIDER,5,26.45
S01094,Song_01094,A0196,Gujarati,Lo-Fi,536651,405336,0.13789547437187913,0.3538556715630829,0.5605654326554874,0.024066453510174276,0.008679219215663055,0.015619140663548267,0.0,0.0,0.0,16.6981882756617,DECLINING,0.18,6656242,RECONSIDER,7,99.02
S01095,Song_01095,A0164,English,Hip-Hop,669670,500366,0.40778749955032917,0.18980990637179507,0.7644944524915257,0.12742872217536763,0.04904409971900569,0.08734806121918756,0.0,0.0,0.0,65.51024784073041,RISING,79.79,7429400,PROMOTE,3,4.46
S01096,Song_01096,A0040,Hindi,Hip-Hop,491839,359910,0.17603845405795893,0.320194209893888,0.5924581011265881,0.03931816287405185,0.01487038426273235,0.022802922952960464,0.0,0.0,0.0,23.642741744743233,DECLINING,0.0,6756885,RECONSIDER,3,85.9
S01097,Song_01097,A0417,Hindi,Romantic,424881,318148,0.17430566905968292,0.3364518535778253,0.5636495865901275,0.03336183160038724,0.011079749047613061,0.018849717741428518,0.0,0.0,0.0,20.384288455199165,DECLINING,0.0,4824833,RECONSIDER,2,7.75
S01098,Song_01098,A0377,English,Electronic,611819,440372,0.3550793420108454,0.20154653582186888,0.7766234785124358,0.13035115765761673,0.04864296549281062,0.0852461101069096,0.0,0.0,0.0,63.4908108961353,RISING,85.33,8678935,PROMOTE,6,52.9
S01099,Song_01099,A0021,Hindi,Classical,422360,298113,0.18660373750893117,0.3151434794961644,0.5911592006818828,0.04200420645862475,0.013947731229433134,0.021880964600671557,0.0,0.0,0.0,24.0529402035145,DECLINING,0.0,5855630,RECONSIDER,5,45.21
S01100,Song_01100,A0217,Hindi,Hip-Hop,555630,401579,0.23951949678643555,0.2820060111944999,0.6530118964058816,0.06588740945119143,0.02185373239138501,0.042238264451079366,0.0,0.0,0.0,35.56516638576107,DECLINING,35.43,7687891,RECONSIDER,5,93.16
S01101,Song_01101,A0240,Malayalam,Hip-Hop,534959,382701,0.2475013130355029,0.26312109900011027,0.6840711157303644,0.07973326434997557,0.031105223137645317,0.05317728461644992,0.0,0.0,0.0,41.9382588059952,STABLE,1.93,6717579,MAINTAIN,3,19.9
S01102,Song_01102,A0235,Hindi,Pop,403750,302757,0.21900732270434706,0.2958860681114551,0.6266130030959752,0.05642809249662271,0.019989628646075897,0.03623037617627338,0.0,0.0,0.0,31.43075835785795,DECLINING,0.25,5767446,RECONSIDER,7,17.97
S01103,Song_01103,A0459,Malayalam,Classical,509240,375511,0.26659938057739985,0.26748095200691224,0.6582711491634593,0.07368093078498367,0.02766630005512488,0.04972956850797979,0.0,0.0,0.0,39.956729777567354,DECLINING,0.68,7319284,RECONSIDER,5,74.87
S01104,Song_01104,A0076,Telugu,Devotional,511502,367934,0.2432800447906418,0.2905267232581691,0.6423298442625835,0.06639234210483402,0.023452575733691368,0.04248316274114379,0.0,0.0,0.0,35.70572540500845,DECLINING,1.6,7106324,RECONSIDER,8,72.57
S01105,Song_01105,A0153,Marathi,Hip-Hop,601403,443725,0.27705448194264465,0.2773414831651987,0.6607549347110008,0.07234886472477323,0.026419516592484083,0.043085244239112065,0.0,0.0,0.0,39.541561803719716,DECLINING,30.66,7348545,RECONSIDER,4,69.92
S01106,Song_01106,A0091,Marathi,Pop,366137,270133,0.19849851739698593,0.31142168095548933,0.6120850938309977,0.050116053943798054,0.015929190435822353,0.02917821961774385,0.0,0.0,0.0,27.53093766610771,DECLINING,0.0,5517754,RECONSIDER,5,2.61
S01107,Song_01107,A0122,English,Classical,566838,411229,0.29761762910689665,0.25459831556811646,0.6981465603929164,0.0984682500504585,0.03544010757996153,0.0611022082586588,0.0,0.0,0.0,48.606971230103255,STABLE,22.07,6779062,MAINTAIN,8,26.0
S01108,Song_01108,A0453,Marathi,Devotional,495313,365115,0.18455007326458786,0.3203731781721861,0.5952357398251207,0.03970529833066294,0.011221122112211221,0.021160456294592116,0.0,0.0,0.0,23.205124387092855,DECLINING,0.0,6643083,RECONSIDER,8,83.99
S01109,Song_01109,A0470,Hindi,Rock,453234,312031,0.225625018027055,0.3167635261255775,0.5949686034145717,0.04231951312529845,0.014915184709211585,0.02961244235348411,0.0,0.0,0.0,27.110201475063608,DECLINING,0.0,6106559,RECONSIDER,4,60.09
S01110,Song_01110,A0023,Malayalam,Hip-Hop,558976,397949,0.289192836267964,0.2628789071444928,0.6863067466223952,0.08560393417246934,0.029199721572362287,0.05506484499270007,0.0,0.0,0.0,44.365297680062056,STABLE,8.66,7387053,MAINTAIN,5,60.22
S01111,Song_01111,A0316,English,Romantic,637895,427151,0.38751869947629763,0.16547864460451955,0.8205143479726287,0.15594017104021762,0.05927646195373533,0.1041013599406299,0.0,0.0,0.0,73.84602221208272,RISING,93.64,8573211,PROMOTE,6,29.59
S01112,Song_01112,A0117,Hindi,Electronic,443132,316094,0.1932494764215708,0.3137011093759873,0.6118131843333363,0.04941568014577942,0.020380013540275993,0.02605870405638829,0.0,0.0,0.0,27.962571154768245,DECLINING,0.29,5628089,RECONSIDER,7,26.02
S01113,Song_01113,A0097,Tamil,Folk,904024,628699,0.4266111446017888,0.15446824420590605,0.8547140341406866,0.1680772515941651,0.06561327439680992,0.10679832479453602,0.0,0.0,0.0,80.26190787926367,BREAKOUT,100.0,10835786,PROMOTE,5,94.66
S01114,Song_01114,A0146,Marathi,Electronic,642188,494552,0.2527378314110549,0.2643711810248712,0.6732452179112659,0.08200957634384251,0.03168322036914217,0.05305205519338715,0.0,0.0,0.0,42.03838987342381,STABLE,45.01,7646856,MAINTAIN,4,72.78
S01115,Song_01115,A0097,English,Indie,472781,332339,0.18894863377454948,0.3151311072145454,0.6159236517541948,0.05317762886690999,0.020409882680034543,0.0292652983850827,0.0,0.0,0.0,28.610038236175676,DECLINING,0.29,5598500,RECONSIDER,5,12.69
S01116,Song_01116,A0245,Marathi,Electronic,514365,357120,0.20730286738351256,0.3182739883156902,0.6097051704528885,0.04937556003584229,0.015412186379928316,0.027315748207885304,0.0,0.0,0.0,27.48373069136185,DECLINING,0.0,6796016,RECONSIDER,7,93.77
S01117,Song_01117,A0497,Hindi,Rock,467442,329515,0.16004127277969135,0.3302677123578968,0.5750125149216373,0.025288681850598606,0.007687055217516653,0.012709588334370211,0.0,0.0,0.0,18.05998314747932,DECLINING,0.0,5698629,RECONSIDER,3,58.24
S01118,Song_01118,A0293,Marathi,Pop,494727,376192,0.2514141714869003,0.25589062250493705,0.6771269811431355,0.0821123256209595,0.029349374787342633,0.05442167829193603,0.0,0.0,0.0,41.735898647804824,STABLE,0.73,6702748,MAINTAIN,3,33.34
S01119,Song_01119,A0361,Hindi,Rock,468796,348238,0.2665045170257123,0.300322528349218,0.6267864913523153,0.06069986618347222,0.021238348485805685,0.038634497096813096,0.0,0.0,0.0,34.68844223610511,DECLINING,0.3,6562606,RECONSIDER,4,39.71
S01120,Song_01120,A0247,Hindi,Electronic,681571,529377,0.30162814024787626,0.19034407273783654,0.7618795400625907,0.12660731388027813,0.0485797456255183,0.08019804411600806,0.0,0.0,0.0,59.35606845428647,STABLE,92.49,9215620,PROMOTE,5,72.54
S01121,Song_01121,A0007,Hindi,Devotional,436207,329267,0.18715510512744976,0.32557019946951793,0.5860428649700715,0.03899874569877941,0.012342566974522197,0.02084934111222807,0.0,0.0,0.0,23.076367228805985,DECLINING,0.0,5452053,RECONSIDER,7,37.63
S01122,Song_01122,A0042,English,Lo-Fi,437780,338489,0.2079653991710218,0.3269084928502901,0.5882612271003701,0.03277211371713704,0.009766934819152173,0.019622498810891936,0.0,0.0,0.0,22.868410856245035,DECLINING,0.0,5796828,RECONSIDER,5,57.87
S01123,Song_01123,A0135,English,Lo-Fi,566824,405513,0.22492990360358361,0.30445429269050006,0.618103679449,0.055445818013232624,0.020556677591100657,0.03527630433549603,0.0,0.0,0.0,31.277684293244043,DECLINING,5.76,7136204,RECONSIDER,8,71.05
S01124,Song_01124,A0122,English,Hip-Hop,477848,337109,0.26063973373597266,0.26103488975573824,0.6658665517068189,0.08023517615963977,0.030411528615373662,0.05293243431649704,0.0,0.0,0.0,41.59841464761182,STABLE,0.23,6373597,MAINTAIN,5,19.54
S01125,Song_01125,A0420,Hindi,Pop,571496,415874,0.2278815218070858,0.285935509609866,0.638541652085054,0.06502931176269736,0.02400967600763693,0.04024536277814915,0.0,0.0,0.0,34.57238961807816,DECLINING,47.85,8046546,RECONSIDER,7,94.42
S01126,Song_01126,A0421,Hindi,Hip-Hop,428020,293127,0.2612144224175869,0.28653100322414843,0.628965936171207,0.06327291583511584,0.021495802160838136,0.037802727145571716,0.0,0.0,0.0,34.76342766945144,DECLINING,1.12,6296361,RECONSIDER,4,35.62
S01127,Song_01127,A0427,Punjabi,Folk,453180,323293,0.17452280129789385,0.3525067302175736,0.5654088883004545,0.023520459768692797,0.005700711119634511,0.017402170786252717,0.0,0.0,0.0,18.11499459944199,DECLINING,0.0,5462165,RECONSIDER,6,41.94
S01128,Song_01128,A0319,Hindi,Folk,738015,561914,0.372149474830668,0.22078006544582426,0.7452382404151677,0.11713536235082236,0.04568314724317244,0.07288481867332011,0.0,0.0,0.0,59.74853963165659,STABLE,83.63,8981245,PROMOTE,6,69.85
S01129,Song_01129,A0278,Tamil,Pop,513076,371200,0.20054418103448277,0.30053637277908146,0.6246404041506521,0.060492995689655174,0.018882004310344827,0.039946120689655175,0.0,0.0,0.0,30.91191987333854,DECLINING,2.5,6760445,RECONSIDER,1,60.88
S01130,Song_01130,A0324,Malayalam,Romantic,594566,422488,0.31890609910814033,0.25388098209450255,0.7094519363703945,0.09608320236314404,0.03467317414932495,0.05550926890231202,0.0,0.0,0.0,49.238354994373694,STABLE,32.21,7219240,MAINTAIN,2,44.01
S01131,Song_01131,A0203,English,Indie,577647,426559,0.31543350392325564,0.2535527753108732,0.6685016974034315,0.08361094244875855,0.03065929918252809,0.05431605006575878,0.0,0.0,0.0,44.907334031973754,STABLE,18.75,7527647,MAINTAIN,5,64.97
S01132,Song_01132,A0335,Kannada,Devotional,527410,383458,0.16192386128337394,0.3282285129216359,0.5779867655144953,0.04168644284380558,0.011539725341497635,0.019650131174731002,0.0,0.0,0.0,21.429868442670777,DECLINING,0.0,6948383,RECONSIDER,6,90.28
S01133,Song_01133,A0397,Hindi,Lo-Fi,650240,475345,0.2561844555007416,0.2610466904527559,0.6852485236220472,0.09005879939833174,0.03439186275231674,0.05774963447601216,0.0,0.0,0.0,44.61711623624199,STABLE,78.41,8134023,MONITOR,7,80.03
S01134,Song_01134,A0381,Hindi,Electronic,654539,455475,0.20828585542565453,0.29403901066246624,0.6264867334108434,0.05698885778582798,0.018934079806795102,0.031709753553982103,0.0,0.0,0.0,30.286186491369996,DECLINING,10.55,7395191,RECONSIDER,8,82.43
S01135,Song_01135,A0307,Tamil,Hip-Hop,632862,442392,0.4341986292699687,0.19751225385629095,0.7819208611040006,0.13896046944791046,0.05297112063509286,0.08694551438543192,0.0,0.0,0.0,69.61342826553644,RISING,91.62,8052236,PROMOTE,4,25.84
S01136,Song_01136,A0029,Telugu,Pop,482619,364050,0.20351874742480427,0.3138210472443066,0.6104111110420435,0.043112209861282794,0.015822002472187888,0.028018129377832716,0.0,0.0,0.0,26.889723847196915,DECLINING,0.0,5944662,RECONSIDER,6,41.94
S01137,Song_01137,A0362,Bengali,Devotional,526902,399014,0.2419589287593919,0.27898167021571374,0.652645083905546,0.07115539805620856,0.024457788448525617,0.04023918960236984,0.0,0.0,0.0,36.60880098783588,DECLINING,8.33,6915786,RECONSIDER,5,55.38
S01138,Song_01138,A0183,Hindi,Indie,426049,310005,0.2436928436638119,0.285812195310868,0.6401892740036944,0.06314414283640586,0.022318994854921694,0.042321898033902676,0.0,0.0,0.0,35.02925985970564,DECLINING,1.33,5646481,RECONSIDER,4,4.42
S01139,Song_01139,A0372,Telugu,Lo-Fi,581170,409587,0.32182417899005583,0.2776984359137602,0.6833714747836261,0.08383811009626771,0.03017673900782984,0.050892728528981634,0.0,0.0,0.0,45.497147690755796,STABLE,18.56,7567240,MAINTAIN,1,76.98
S01140,Song_01140,A0270,English,Indie,378763,271236,0.1793899039950449,0.31943194028983823,0.5953907852667764,0.03621938090813904,0.011934256514621953,0.023249126222182896,0.0,0.0,0.0,22.986981240832336,DECLINING,0.0,5110650,RECONSIDER,8,32.35
S01141,Song_01141,A0440,English,Indie,441426,299774,0.2597890410776118,0.27978188869708626,0.6656495086379144,0.07645759805720309,0.02757744167272679,0.047959462795305795,0.0,0.0,0.0,40.0484518307494,STABLE,0.08,6484917,MAINTAIN,5,28.26
S01142,Song_01142,A0169,Hindi,Rock,481429,348508,0.23904185843653517,0.27818432209110794,0.6470964565906915,0.0672208385460305,0.025362402010857713,0.04414819745888186,0.0,0.0,0.0,36.4071655037464,DECLINING,0.46,6286831,RECONSIDER,5,25.93
S01143,Song_01143,A0465,Gujarati,Pop,463592,366181,0.1828713122745309,0.3218066748347685,0.5993653902569501,0.04319994756691363,0.015374910221994042,0.027205125334192653,0.0,0.0,0.0,25.19804119674552,DECLINING,0.0,5453850,RECONSIDER,6,28.34
S01144,Song_01144,A0422,Hindi,Folk,319386,230336,0.15925430675187552,0.3416586825972334,0.5675358343822209,0.03210093081411503,0.008201062795220895,0.015620658516254516,0.0,0.0,0.0,18.724911058004437,DECLINING,0.0,5082861,RECONSIDER,3,33.8
S01145,Song_01145,A0166,Bengali,Folk,454459,330165,0.1948147138551936,0.3142439692029424,0.6031347162230256,0.04616782517831993,0.01664622234337377,0.02620810806717853,0.0,0.0,0.0,26.451225107928913,DECLINING,0.0,6254161,RECONSIDER,5,60.48
S01146,Song_01146,A0241,Marathi,Romantic,435305,309172,0.16357561486809932,0.340880532040753,0.5769380089822079,0.03113153843168204,0.009667757752965987,0.015560917547514005,0.0,0.0,0.0,19.6199695254743,DECLINING,0.0,5697778,RECONSIDER,7,58.36
S01147,Song_01147,A0266,Tamil,Electronic,498671,349798,0.31975883224032153,0.22890041730920788,0.7355651321211781,0.11006923996134912,0.03996020560437738,0.06800782165707066,0.0,0.0,0.0,54.25123567986831,STABLE,8.54,7198895,MAINTAIN,5,25.57
S01148,Song_01148,A0384,Tamil,Rock,489682,368690,0.18776750115272994,0.31630527566869926,0.6144824600454989,0.0507445279231875,0.018308063684938567,0.030963682226260544,0.0,0.0,0.0,27.909154906491267,DECLINING,0.0,5744579,RECONSIDER,7,20.64
S01149,Song_01149,A0344,Bengali,Classical,547543,395832,0.19635602983083733,0.30434869955419025,0.6170346438544553,0.04614583964914408,0.017019846803694498,0.03226368762505305,0.0,0.0,0.0,27.81713878285162,DECLINING,1.6,6781920,RECONSIDER,3,82.64
S01150,Song_01150,A0426,Hindi,Folk,700960,527337,0.3575265911551816,0.21894829947500571,0.7540958114585711,0.1238676595801167,0.04592509154487548,0.08063155060236622,0.0,0.0,0.0,60.869511380776835,RISING,75.08,7315843,PROMOTE,5,9.27
S01151,Song_01151,A0185,Hindi,Folk,479413,365462,0.16171585554722515,0.32885007290165263,0.6063644498584727,0.04485828896027494,0.013741510745303205,0.024681088594710257,0.0,0.0,0.0,24.02750793225887,DECLINING,0.0,5935612,RECONSIDER,6,51.28
S01152,Song_01152,A0252,Punjabi,Romantic,487925,356370,0.2919072873698684,0.27710611261976736,0.6610790592816519,0.07449841456912759,0.025961781294721778,0.04612621713387771,0.0,0.0,0.0,40.66194925544838,STABLE,1.43,7093900,MAINTAIN,3,52.06
S01153,Song_01153,A0216,English,Rock,620589,427716,0.3632690850938473,0.2215524284188086,0.7353417479201211,0.11744007706047939,0.043084663655322694,0.07293624741651002,0.0,0.0,0.0,58.27440818096698,STABLE,79.77,8124503,MONITOR,7,57.41
S01154,Song_01154,A0454,Hindi,Folk,433872,328724,0.1905975833830204,0.3265709702400708,0.6032677840469078,0.04264063469658437,0.01571531132500213,0.028717100059624488,0.0,0.0,0.0,25.922607400028944,DECLINING,0.0,6671329,RECONSIDER,6,88.57
S01155,Song_01155,A0153,Hindi,Lo-Fi,398594,271987,0.17571795710824414,0.33035118441321243,0.5627982357988329,0.025251206859151356,0.00652237055447503,0.0159051719383647,0.0,0.0,0.0,18.275999267063035,DECLINING,0.0,5999351,RECONSIDER,3,62.39
S01156,Song_01156,A0293,English,Pop,505075,359856,0.19745120270330355,0.3216888580903826,0.5954897787457308,0.04110810991063092,0.014275154506246944,0.025615801876306077,0.0,0.0,0.0,25.12003924460934,DECLINING,0.07,6686724,RECONSIDER,8,97.36
S01157,Song_01157,A0060,Hindi,Folk,529115,390838,0.1718614873681679,0.3330296816382072,0.562694310310613,0.03287551363992242,0.00855853320301506,0.01608083144423009,0.0,0.0,0.0,19.318541881003252,DECLINING,0.0,6370832,RECONSIDER,6,87.14
S01158,Song_01158,A0425,Hindi,Classical,499908,359804,0.24110348967771342,0.2704937708538371,0.6731418581018908,0.07846216273304354,0.029307623039210237,0.04581383197518649,0.0,0.0,0.0,39.88857970145148,DECLINING,0.65,6439866,RECONSIDER,5,21.47
S01159,Song_01159,A0192,Kannada,Indie,427637,299171,0.1589859979744026,0.31367725430680693,0.5807168229128911,0.03921168829866531,0.01367779631047127,0.021740075074121488,0.0,0.0,0.0,21.875397989766267,DECLINING,0.0,5099908,RECONSIDER,6,24.12
S01160,Song_01160,A0170,English,Pop,508050,394047,0.22360023042936503,0.2909438047436276,0.6521366007282747,0.07094585163698747,0.027336840529175455,0.044596202991013766,0.0,0.0,0.0,36.75654450576255,DECLINING,4.08,6483850,RECONSIDER,5,34.48
S01161,Song_01161,A0291,Gujarati,Devotional,386942,274464,0.16876894601842135,0.32671304743346546,0.560978131089414,0.03159612918269791,0.008645942637285764,0.013801445726944153,0.0,0.0,0.0,18.77431588334456,DECLINING,0.0,5342696,RECONSIDER,6,39.15
S01162,Song_01162,A0249,Gujarati,Devotional,493347,364614,0.19997860751369942,0.30060180765262584,0.6334121825003497,0.06622345823254182,0.023380890475955395,0.03831449148963013,0.0,0.0,0.0,32.760290204398515,DECLINING,1.06,6972037,RECONSIDER,6,55.3
S01163,Song_01163,A0424,Hindi,Devotional,416783,299372,0.2499064708790401,0.2688449384931727,0.6728873298575038,0.08061208129016742,0.029655411995777828,0.04473698275055783,0.0,0.0,0.0,40.49671079706847,STABLE,0.39,6259740,MAINTAIN,6,23.25
S01164,Song_01164,A0266,Tamil,Electronic,402720,293888,0.13931497713414634,0.34113031386571313,0.5608785260230433,0.03355700130662021,0.005440848214285714,0.015291539634146341,0.0,0.0,0.0,16.898304113146263,DECLINING,0.0,5020934,RECONSIDER,7,22.23
S01165,Song_01165,A0258,Marathi,Lo-Fi,357161,258708,0.15246919306708723,0.3457656351057366,0.5696030641643405,0.026226479273930455,0.00790466471852436,0.01153423937412063,0.0,0.0,0.0,17.47347059797861,DECLINING,0.0,5028694,RECONSIDER,5,38.14
S01166,Song_01166,A0053,Tamil,Folk,514551,364856,0.23324544477821388,0.2999216792893222,0.6347125940868835,0.05492577893744381,0.018437410923761704,0.034155940973973294,0.0,0.0,0.0,31.79447672695745,DECLINING,0.13,6871376,RECONSIDER,4,67.2
S01167,Song_01167,A0011,Hindi,Electronic,521688,385405,0.1945589704336996,0.32280980202726534,0.5762754749965496,0.03745410671890609,0.012887741466768724,0.022864259674887456,0.0,0.0,0.0,23.15304858240432,DECLINING,0.07,6092964,RECONSIDER,5,68.81
S01168,Song_01168,A0199,Hindi,Lo-Fi,659767,518380,0.2766175392569158,0.2735920408265342,0.6749034128715138,0.08083645202361202,0.028781974613218103,0.052490451020486904,0.0,0.0,0.0,42.426281506074595,STABLE,65.01,7884485,MONITOR,5,97.61
S01169,Song_01169,A0499,Hindi,Devotional,491841,363925,0.2610208147283094,0.3142661957827835,0.6111588907797438,0.05721783334478258,0.01939685374733805,0.03036065123308374,0.0,0.0,0.0,32.157921588836345,DECLINING,0.82,5956529,RECONSIDER,6,20.24
S01170,Song_01170,A0458,Marathi,Devotional,352309,254218,0.20695623441298414,0.3247291440184611,0.5969504043325603,0.04524856619122171,0.014165007985272482,0.02854243208584758,0.0,0.0,0.0,26.296065603658924,DECLINING,0.0,5601111,RECONSIDER,3,39.29
S01171,Song_01171,A0314,Gujarati,Indie,611648,453728,0.2514281684180831,0.29507494506644344,0.6394527571413624,0.06740822695535652,0.024428732632766768,0.03947960011284294,0.0,0.0,0.0,36.02185619667117,DECLINING,39.61,7940277,RECONSIDER,5,96.47
S01172,Song_01172,A0315,Marathi,Electronic,486132,364867,0.20738789750785902,0.30670476331531354,0.6108052956810085,0.05425264548451902,0.01963455176817854,0.032189811629991204,0.0,0.0,0.0,29.46381168513842,DECLINING,0.38,6758386,RECONSIDER,4,69.0
S01173,Song_01173,A0196,Tamil,Pop,399123,300790,0.1982080521293926,0.3172029675062575,0.5989882818078638,0.043478839057149506,0.015705309352039627,0.02648691778317098,0.0,0.0,0.0,25.967940535935583,DECLINING,0.0,6095732,RECONSIDER,2,59.23
S01174,Song_01174,A0089,Gujarati,Indie,518853,384082,0.197145401242443,0.2916201698747044,0.6349717550057531,0.0586827812810806,0.02027431642201405,0.03401357001890221,0.0,0.0,0.0,30.83018508083171,DECLINING,0.46,6684709,RECONSIDER,5,53.96
S01175,Song_01175,A0005,Marathi,Classical,392012,275781,0.23334820020233446,0.31358733916308684,0.5894130791914534,0.04600389439446517,0.014765339164046834,0.027402177815005386,0.0,0.0,0.0,27.345290804695463,DECLINING,0.0,4892247,RECONSIDER,6,7.55
S01176,Song_01176,A0170,Hindi,Lo-Fi,607179,442334,0.33297463003070077,0.25894340878060673,0.7028619237490098,0.09484914114673527,0.034817581284730545,0.061121234180506134,0.0,0.0,0.0,50.055381622520954,STABLE,78.31,8171582,MONITOR,5,89.34
S01177,Song_01177,A0158,Bengali,Pop,458930,327844,0.17621795732116494,0.3164818163990151,0.5997908177717735,0.044386964531911516,0.013722990202657362,0.02912665780066129,0.0,0.0,0.0,24.793278360200784,DECLINING,0.0,6245294,RECONSIDER,8,62.55
S01178,Song_01178,A0096,English,Devotional,459401,324033,0.14211824104335052,0.3518385898158689,0.5626152315732879,0.02678430900556425,0.007915860421623724,0.015899615162653185,0.0,0.0,0.0,17.106056329930656,DECLINING,0.0,5576773,RECONSIDER,4,57.17
S01179,Song_01179,A0130,Hindi,Romantic,513559,375274,0.23723466054136444,0.29168216310102635,0.6382363078049454,0.06227183338041005,0.022290379829138177,0.037481946524406166,0.0,0.0,0.0,34.08427714634497,DECLINING,1.33,6660361,RECONSIDER,9,53.95
S01180,Song_01180,A0013,Punjabi,Folk,448580,322149,0.1725226525613924,0.3435998038254046,0.5941281376788978,0.03569776718226659,0.009815333898289301,0.017038699483779247,0.0,0.0,0.0,21.464381084638,DECLINING,0.0,5397782,RECONSIDER,6,39.19
S01181,Song_01181,A0304,Malayalam,Folk,440803,306594,0.26461378891954834,0.25075827523859867,0.6680149636005199,0.0895777477706674,0.030333274623769547,0.05586541158665858,0.0,0.0,0.0,43.04645974319609,STABLE,5.64,6483181,MAINTAIN,6,25.47
S01182,Song_01182,A0463,Hindi,Hip-Hop,633432,435937,0.21741673682206375,0.29960279872188333,0.6091166849796031,0.057900568201368546,0.015667401482324282,0.03148390707831636,0.0,0.0,0.0,29.2195942681892,DECLINING,5.98,7189068,RECONSIDER,7,75.53
S01183,Song_01183,A0345,English,Folk,379633,290336,0.1740569547007605,0.3573214130489183,0.5488932732402083,0.023903339578970572,0.005545299239501819,0.013088283919321063,0.0,0.0,0.0,16.928617648469846,DECLINING,0.0,5281102,RECONSIDER,3,50.96
S01184,Song_01184,A0224,Hindi,Classical,396858,276992,0.22101360328096117,0.31148924804338074,0.6352196503535269,0.06129418900184843,0.021506036275415898,0.03571944316081331,0.0,0.0,0.0,32.70913258642091,DECLINING,0.83,5526355,RECONSIDER,7,3.39
S01185,Song_01185,A0210,Hindi,Lo-Fi,514986,376919,0.19650110501195217,0.31558916164711276,0.5966278694954814,0.050719120023134945,0.014645056364895376,0.028764800925397765,0.0,0.0,0.0,26.433380461847552,DECLINING,0.0,5606041,RECONSIDER,4,39.91
S01186,Song_01186,A0154,Hindi,Electronic,564571,369418,0.17306141010995674,0.32926416695154376,0.5652964817534022,0.03441900502953294,0.010562560568245186,0.01986367746022121,0.0,0.0,0.0,20.472881116369113,DECLINING,2.09,6726572,RECONSIDER,6,92.86
S01187,Song_01187,A0072,Tamil,Pop,561496,404333,0.27445447193278805,0.26381844216165384,0.6745212788693062,0.07953098065208627,0.027959627336873318,0.04998107995142618,0.0,0.0,0.0,41.74923713120843,STABLE,3.17,6757639,MAINTAIN,7,37.39
S01188,Song_01188,A0299,Bengali,Hip-Hop,610691,411447,0.23877437434226037,0.2685891883129111,0.6789129035797155,0.08515556074050849,0.02944972256451013,0.055010730422144286,0.0,0.0,0.0,41.573693518830616,STABLE,42.51,6981906,MAINTAIN,6,41.32
S01189,Song_01189,A0283,Hindi,Classical,574554,384373,0.3303587921107882,0.20609725108518956,0.7586719438033674,0.12623675440262452,0.04898887278763076,0.08362189852044759,0.0,0.0,0.0,60.98857811198836,RISING,64.88,8774971,MONITOR,6,62.4
S01190,Song_01190,A0004,Hindi,Hip-Hop,433584,317689,0.21404266436672342,0.3070247057086977,0.6081774235211631,0.0443232217672,0.01500209324213303,0.028181649348891526,0.0,0.0,0.0,27.23731368761629,DECLINING,0.0,6516013,RECONSIDER,6,80.17
S01191,Song_01191,A0208,Hindi,Romantic,390990,274370,0.15287021175784524,0.34959973400854244,0.5601242998542162,0.02069468236323213,0.006542260451215512,0.0159711338703211,0.0,0.0,0.0,16.608372305199918,DECLINING,0.0,5774399,RECONSIDER,5,66.85
S01192,Song_01192,A0139,Hindi,Lo-Fi,601436,417507,0.2948190090226032,0.25492487978770806,0.6997535897418844,0.09258048368051314,0.035879637946190125,0.060480423082726754,0.0,0.0,0.0,48.023341014968636,STABLE,68.34,7969293,MONITOR,5,85.01
S01193,Song_01193,A0085,Punjabi,Folk,496498,361057,0.2732477143498118,0.2895379236170136,0.6484155021772494,0.07390522826035778,0.025264708896379242,0.04094367371356877,0.0,0.0,0.0,38.46248250506435,DECLINING,2.57,5677407,RECONSIDER,5,11.4
S01194,Song_01194,A0351,Tamil,Classical,682814,498842,0.3213923446702563,0.2295193127264526,0.7251638074204688,0.11158042025330665,0.040431639677493074,0.07311333047337634,0.0,0.0,0.0,54.58071391662758,STABLE,94.22,8724842,PROMOTE,7,92.46
S01195,Song_01195,A0263,Marathi,Hip-Hop,482742,345060,0.24070306613342607,0.3093329356053544,0.6211806720774243,0.052159044803802235,0.018173650959253464,0.03136266156610445,0.0,0.0,0.0,30.944066611284146,DECLINING,0.14,6880664,RECONSIDER,6,90.39
S01196,Song_01196,A0317,English,Romantic,441306,327102,0.16382963112423649,0.34737800981631795,0.5761467099926129,0.031916649852339635,0.00949856619647694,0.0153591234538462,0.0,0.0,0.0,19.61264432971551,DECLINING,0.0,5820735,RECONSIDER,7,51.91
S01197,Song_01197,A0357,Punjabi,Lo-Fi,655814,463747,0.3415763336474414,0.21198388567490173,0.7519113651126691,0.12424878220236465,0.04480244616137678,0.07691478327622604,0.0,0.0,0.0,59.415761884258735,STABLE,92.76,8630974,PROMOTE,8,62.47
S01198,Song_01198,A0490,Hindi,Rock,438919,316012,0.16618672708631319,0.3293842371827148,0.5734087610698102,0.030413402022707998,0.009031302608761692,0.012844448944976774,0.0,0.0,0.0,19.111991716020754,DECLINING,0.0,5026256,RECONSIDER,4,21.28
S01199,Song_01199,A0401,Hindi,Pop,422610,305242,0.24387535136055982,0.3026028726248787,0.6300134876126926,0.052358456568886325,0.016734263305836026,0.04058746830383761,0.0,0.0,0.0,32.03965314742254,DECLINING,0.94,6502164,RECONSIDER,3,44.79
S01200,Song_01200,A0310,Malayalam,Rock,459849,338473,0.19975300836403495,0.3061678942435452,0.6151475810537806,0.05208391806731999,0.018394377099502767,0.03314887745846788,0.0,0.0,0.0,28.877107752915386,DECLINING,0.0,5685015,RECONSIDER,6,20.27
S01201,Song_01201,A0439,Telugu,Classical,451005,314250,0.2993953858392999,0.25893947960665625,0.709630713628452,0.08814956245027844,0.03378838504375497,0.060521877486077964,0.0,0.0,0.0,47.783184035745435,STABLE,1.63,6186029,MAINTAIN,6,2.2
S01202,Song_01202,A0239,Malayalam,Devotional,860807,609794,0.4719495436163688,0.1535721712300202,0.8522920933496126,0.16514429463064575,0.06422168797987517,0.11063080318927375,0.0,0.0,0.0,82.10425179681447,BREAKOUT,100.0,10498050,PROMOTE,4,98.09
S01203,Song_01203,A0492,Kannada,Rock,504487,358686,0.2445286406494817,0.2930442211593163,0.6502784016238278,0.06586819669571714,0.023232019091907686,0.04242708106812086,0.0,0.0,0.0,36.026174740529044,DECLINING,2.19,6233117,RECONSIDER,4,25.91
S01204,Song_01204,A0380,Marathi,Lo-Fi,424151,283082,0.17255070968835884,0.31418292070512627,0.6001659786255367,0.04697225538889792,0.01727767925901329,0.026617729138553495,0.0,0.0,0.0,25.49284936668669,DECLINING,0.0,6109016,RECONSIDER,8,59.31
S01205,Song_01205,A0325,Malayalam,Devotional,551934,375957,0.38477006678955306,0.2243583471936862,0.7434530215569253,0.11810127221996132,0.042526139957495136,0.0753384030620523,0.0,0.0,0.0,59.85271105671973,STABLE,19.15,7495989,MAINTAIN,6,30.03
S01206,Song_01206,A0451,English,Lo-Fi,642143,464919,0.4191912999898907,0.16982665854801812,0.8295691146676052,0.1569800330810313,0.06129024625795031,0.10227157849001654,0.0,0.0,0.0,76.21969773902022,RISING,99.25,8898470,PROMOTE,6,37.06
S01207,Song_01207,A0258,Hindi,Rock,502836,361660,0.2460404800088481,0.3018081442060632,0.6254882307551568,0.06128684399712437,0.021611458275728586,0.04226621688879058,0.0,0.0,0.0,34.11141307833753,DECLINING,2.08,6436027,RECONSIDER,3,39.78
S01208,Song_01208,A0360,Hindi,Devotional,436411,311547,0.17641639945176812,0.31380281431952906,0.5828863158811304,0.02966165618670698,0.01180560236497222,0.01925873142736088,0.0,0.0,0.0,21.230345517351196,DECLINING,0.0,5484052,RECONSIDER,7,33.5
S01209,Song_01209,A0143,Hindi,Rock,604536,449772,0.35751002730272224,0.21133067344211098,0.7646757182367965,0.1244986348638866,0.044756009711587205,0.08261519169712654,0.0,0.0,0.0,61.32513212828674,RISING,81.82,8792364,PROMOTE,5,63.74
S01210,Song_01210,A0481,Hindi,Devotional,727681,508341,0.2623888295455216,0.2762597896605793,0.6599059203139838,0.0787522548840247,0.029431031531983454,0.04647667608947537,0.0,0.0,0.0,40.433901678012745,STABLE,74.72,8166290,MONITOR,5,96.09
S01211,Song_01211,A0312,English,Electronic,622042,465625,0.34873342281879194,0.229116361917684,0.7231103366010655,0.10691436241610738,0.03843651006711409,0.07068563758389262,0.0,0.0,0.0,54.67107801120746,STABLE,72.18,7498188,MONITOR,9,42.86
S01212,Song_01212,A0391,Tamil,Rock,598287,455302,0.2932295487390787,0.27215366538133035,0.6706380048371434,0.08521596654528203,0.03010529275074566,0.050252359972062496,0.0,0.0,0.0,43.56923289652485,STABLE,61.55,8182798,MONITOR,6,97.33
S01213,Song_01213,A0230,Telugu,Lo-Fi,544367,385222,0.2661140848653504,0.2512385945511025,0.6909768593614235,0.08965479645503112,0.030919833239015426,0.058869950314364185,0.0,0.0,0.0,44.60694858307975,STABLE,37.58,7851006,MAINTAIN,2,66.78
S01214,Song_01214,A0433,Punjabi,Folk,436528,317567,0.18169709069267273,0.3049174394311476,0.5931326283766448,0.04428986639039951,0.014869303170669496,0.028447540204114406,0.0,0.0,0.0,24.952652237671444,DECLINING,0.0,6125515,RECONSIDER,7,60.71
S01215,Song_01215,A0038,Hindi,Folk,521258,369242,0.3304905725784174,0.2247907945777331,0.7334045712487866,0.11613792580475678,0.04338347208605738,0.07892655765053813,0.0,0.0,0.0,57.085427414317024,STABLE,33.08,7713624,MAINTAIN,8,23.71
S01216,Song_01216,A0057,Tamil,Hip-Hop,476319,339640,0.32733482510893885,0.23701972837531152,0.7305419267339744,0.11843128017901307,0.04275998115651867,0.06939700859733836,0.0,0.0,0.0,55.98918787358731,STABLE,7.23,6833669,MAINTAIN,5,6.29
S01217,Song_01217,A0254,English,Electronic,667005,502666,0.241563980854086,0.2756800923531308,0.6426263671186873,0.07241189975053017,0.02625998177716416,0.044721544723534117,0.0,0.0,0.0,37.09070441217994,DECLINING,59.78,7361076,MONITOR,6,85.19
S01218,Song_01218,A0366,Hindi,Romantic,664950,483930,0.34657285144545696,0.21137529137529137,0.7557515602676893,0.1181741160911702,0.044832930382493336,0.07387845349534024,0.0,0.0,0.0,58.976953901152,STABLE,92.86,8634028,PROMOTE,6,57.4
S01219,Song_01219,A0404,Hindi,Romantic,631355,443663,0.391587759177574,0.18951778318061946,0.8012180152212305,0.14315144602998223,0.05311463881369418,0.09101953509758533,0.0,0.0,0.0,69.24240197205921,RISING,94.94,8782987,PROMOTE,2,41.44
S01220,Song_01220,A0220,English,Lo-Fi,571498,425182,0.1789704173742068,0.3217264102411557,0.5817675652408233,0.03776265222892785,0.01287919055839617,0.022159922103946076,0.0,0.0,0.0,22.608761784857197,DECLINING,2.22,6462007,RECONSIDER,3,81.2
S01221,Song_01221,A0325,Hindi,Romantic,452190,338065,0.2012098265126529,0.30165196045909903,0.6211791503571508,0.05813379083903983,0.019256651827311316,0.03496664842559863,0.0,0.0,0.0,30.184215003269273,DECLINING,0.0,6087890,RECONSIDER,4,31.06
S01222,Song_01222,A0276,Telugu,Folk,499441,359484,0.2370981740494709,0.29745655643008884,0.6138723092417323,0.04929565710852221,0.01656819218657854,0.03157581422260796,0.0,0.0,0.0,29.79223603484323,DECLINING,0.18,7064257,RECONSIDER,6,78.36
S01223,Song_01223,A0480,Telugu,Classical,711743,489795,0.4293163466348166,0.16938276878030412,0.8118506258579291,0.15285782827509467,0.05715452383139885,0.10039710491123838,0.0,0.0,0.0,74.34059814233672,RISING,99.92,8648226,PROMOTE,5,32.8
S01224,Song_01224,A0327,Tamil,Rock,505650,358695,0.2140760255927738,0.3131059032927915,0.5948007515079601,0.04289159313622994,0.014466329332719999,0.028375081894088293,0.0,0.0,0.0,26.372731512542654,DECLINING,0.0,6807510,RECONSIDER,4,92.09
S01225,Song_01225,A0209,Hindi,Pop,561928,390504,0.2568475611005265,0.29413020885237967,0.64384049202033,0.06723618708131031,0.025694999282977894,0.034721795423350334,0.0,0.0,0.0,36.332566313813295,DECLINING,10.28,6434220,RECONSIDER,7,26.8
S01226,Song_01226,A0484,Telugu,Devotional,413397,313661,0.2594138257545567,0.25556789236496635,0.668026134684093,0.07664644313446684,0.03159143151364052,0.05134205400097558,0.0,0.0,0.0,41.425027918652724,STABLE,0.4,5928093,MAINTAIN,5,13.76
S01227,Song_01227,A0054,Marathi,Electronic,842875,625020,0.3805574221624908,0.18029956992436602,0.8219344505413021,0.1529823045662539,0.05617260247672075,0.09187066013887556,0.0,0.0,0.0,71.41606709446344,RISING,99.93,9615894,PROMOTE,6,69.81
S01228,Song_01228,A0492,Hindi,Classical,526343,373663,0.34885712527063156,0.2573701939609722,0.7100540902035365,0.09652547884055954,0.03260692120975317,0.0621121170680533,0.0,0.0,0.0,50.891773061991415,STABLE,4.55,6775165,MAINTAIN,7,16.28
S01229,Song_01229,A0077,Marathi,Folk,534477,384406,0.23529289345119483,0.2966657124628375,0.6081253262535151,0.04299620713516438,0.01771044156438765,0.029213904049364473,0.0,0.0,0.0,28.882840929577,DECLINING,0.27,7466641,RECONSIDER,6,94.94
S01230,Song_01230,A0144,English,Rock,505920,351202,0.16004464667057705,0.31926391524351677,0.5840982764073371,0.038456500817193526,0.01128979903303512,0.0241484957374958,0.0,0.0,0.0,21.66664356082048,DECLINING,0.02,6075673,RECONSIDER,7,65.56
S01231,Song_01231,A0410,English,Indie,405879,287163,0.15637808492041105,0.3514323234264399,0.5531821059971075,0.027162273691248524,0.007351225610541748,0.011025097244422157,0.0,0.0,0.0,16.816365921613723,DECLINING,0.0,4909799,RECONSIDER,6,23.09
S01232,Song_01232,A0367,Hindi,Hip-Hop,320878,219214,0.14639575939492916,0.34629672336526657,0.5395570902336714,0.021558842044759916,0.005072668716414098,0.009853385276487816,0.0,0.0,0.0,14.508516730335085,DECLINING,0.0,4695036,RECONSIDER,7,20.88
S01233,Song_01233,A0485,Punjabi,Indie,545397,402676,0.1809618651223316,0.3364118247808477,0.5824179450932073,0.03122113063604486,0.008893005791256493,0.01553109696132871,0.0,0.0,0.0,20.543873674048992,DECLINING,1.2,6383019,RECONSIDER,4,92.39
S01234,Song_01234,A0375,Hindi,Romantic,582314,428500,0.2860746791131855,0.239530562548728,0.7141645229206236,0.09429871645274213,0.03652742123687281,0.05863010501750292,0.0,0.0,0.0,48.41135057548288,STABLE,63.73,7714365,MONITOR,7,60.79
S01235,Song_01235,A0318,Hindi,Classical,659548,484683,0.2918505497407584,0.25147525274885224,0.6894388278032835,0.08679900058388679,0.030240383921037048,0.06043125094133692,0.0,0.0,0.0,45.49961936606628,STABLE,88.11,7895206,PROMOTE,3,89.37
S01236,Song_01236,A0173,Hindi,Indie,453250,326697,0.25978199983470923,0.2998323221180364,0.6253678985107557,0.06064334842376881,0.020082829043425558,0.03837194709470855,0.0,0.0,0.0,33.99051981932751,DECLINING,0.24,5676785,RECONSIDER,8,11.02
S01237,Song_01237,A0003,Malayalam,Indie,488557,369506,0.15678771116030593,0.33608565633078635,0.5696346588013271,0.030170010771137682,0.008438293288877583,0.01513913170557447,0.0,0.0,0.0,18.527005612288225,DECLINING,0.0,6663337,RECONSIDER,3,92.54
S01238,Song_01238,A0062,Hindi,Classical,694882,494817,0.49092896969990923,0.1490512058162393,0.8482720807273753,0.16834910684151919,0.06588294258281345,0.10917167356820805,0.0,0.0,0.0,83.41318066590611,BREAKOUT,100.0,9224669,PROMOTE,5,52.0
S01239,Song_01239,A0149,English,Devotional,557762,424155,0.29547924697339417,0.2507700417023748,0.7009459231715319,0.09132746283787767,0.03539036437151513,0.05830415767820726,0.0,0.0,0.0,47.67194741866417,STABLE,40.76,7824991,MAINTAIN,7,66.84
S01240,Song_01240,A0021,English,Indie,410603,297760,0.19025389575497045,0.32740871352620415,0.5769124921152549,0.03439347125201504,0.010296883396023642,0.016509940891993553,0.0,0.0,0.0,21.472946576028278,DECLINING,0.0,5423393,RECONSIDER,7,37.29
S01241,Song_01241,A0254,Kannada,Hip-Hop,513372,384422,0.34340126215461136,0.2140767318825335,0.7583058678696929,0.1265510298578125,0.047068065823496055,0.08163944831461259,0.0,0.0,0.0,60.99863651059944,RISING,39.12,7380740,MAINTAIN,7,5.91
S01242,Song_01242,A0388,Punjabi,Hip-Hop,569911,433253,0.19351279737243596,0.3120241581580282,0.6057787970402396,0.04459980657952744,0.018434956018769634,0.02829062926280949,0.0,0.0,0.0,26.976464196015712,DECLINING,3.67,7076106,RECONSIDER,4,95.8
S01243,Song_01243,A0481,Kannada,Devotional,521359,376720,0.18872902951794437,0.32053537006170413,0.5783116815860089,0.04287003610108303,0.014058186451475897,0.023898386069229137,0.0,0.0,0.0,23.859115317865715,DECLINING,0.0,6790940,RECONSIDER,6,99.46
S01244,Song_01244,A0245,Hindi,Lo-Fi,422117,310858,0.1808446300239981,0.3395977892385287,0.5617968477933843,0.02858218221824756,0.005925535131796511,0.012687465016181022,0.0,0.0,0.0,18.361408683820073,DECLINING,0.0,5493060,RECONSIDER,6,36.45
S01245,Song_01245,A0437,Hindi,Electronic,546958,385081,0.2324471994203817,0.30025340154088614,0.6368002661995985,0.06363596230403473,0.022839350682064292,0.038402310163316286,0.0,0.0,0.0,34.13149132069219,DECLINING,20.49,7835406,RECONSIDER,4,94.39
S01246,Song_01246,A0492,Punjabi,Devotional,442631,334891,0.2570836481123709,0.2793229574973285,0.6480657703595094,0.07423908077553593,0.023989895219638627,0.0389051960190032,0.0,0.0,0.0,37.19797866602109,DECLINING,1.66,5916254,RECONSIDER,6,16.77
S01247,Song_01247,A0430,English,Lo-Fi,436228,325726,0.1990415256995143,0.30936803689813586,0.6124182766810017,0.048639040174870904,0.01626213443200727,0.031526497731221945,0.0,0.0,0.0,27.72699454754526,DECLINING,0.0,5257215,RECONSIDER,6,15.47
S01248,Song_01248,A0233,Telugu,Folk,461619,339769,0.2630081025638007,0.26590543283530355,0.6701912182990735,0.07738787234856623,0.030626690486771895,0.05119360506697197,0.0,0.0,0.0,41.52926564927188,STABLE,0.28,6100701,MAINTAIN,4,7.31
S01249,Song_01249,A0163,Kannada,Indie,704752,523392,0.3625179597701149,0.20470037687016143,0.7581220060390038,0.12368549767669357,0.048055759354365374,0.08154499877720714,0.0,0.0,0.0,61.872434028543765,RISING,89.83,8245922,PROMOTE,4,39.13
S01250,Song_01250,A0488,English,Romantic,468102,352593,0.20218495545855986,0.3075355371265237,0.6219435080388462,0.0602450984562938,0.02109230756140933,0.038815291284852504,0.0,0.0,0.0,31.26347554666431,DECLINING,1.0,5657301,RECONSIDER,4,5.23
S01251,Song_01251,A0121,Gujarati,Devotional,499133,366346,0.23163348310067533,0.301669094209359,0.6178814063586259,0.051778919382223364,0.01588935050471412,0.027760641579272053,0.0,0.0,0.0,29.435854655762277,DECLINING,0.07,6187742,RECONSIDER,3,39.47
S01252,Song_01252,A0206,Punjabi,Devotional,543503,415355,0.3615798533784353,0.2253731810128003,0.7262112628633145,0.10664371441297203,0.037904924702964936,0.06906381288295554,0.0,0.0,0.0,55.13884111596822,STABLE,15.25,6657185,MAINTAIN,7,13.84
S01253,Song_01253,A0037,Hindi,Hip-Hop,493224,361266,0.1962182989819136,0.3310625598105526,0.5700351158905487,0.030988246887335095,0.011271473097385305,0.018418561392436597,0.0,0.0,0.0,21.525648293780787,DECLINING,0.0,6030206,RECONSIDER,5,73.05
S01254,Song_01254,A0397,English,Folk,658498,459864,0.41111285075587567,0.22216620247897487,0.7426962572399612,0.11811753040029226,0.043619417914861784,0.0770249465059235,0.0,0.0,0.0,61.52086839144198,RISING,90.08,8957651,PROMOTE,9,83.34
S01255,Song_01255,A0325,Hindi,Folk,465547,334717,0.2155223666560109,0.3372097768861146,0.5836811320876303,0.03456053920177344,0.012072885452486727,0.023216627778093135,0.0,0.0,0.0,24.078639337699258,DECLINING,0.0,6339336,RECONSIDER,4,68.78
S01256,Song_01256,A0043,Telugu,Rock,413855,288360,0.16762727146622278,0.3327856374817267,0.5808435321549819,0.027718823692606465,0.011856706894160077,0.018556665279511723,0.0,0.0,0.0,20.46650486353044,DECLINING,0.0,5248976,RECONSIDER,8,20.05
S01257,Song_01257,A0111,Hindi,Classical,418228,301649,0.20361413430841807,0.31423529749323337,0.6038094053960997,0.04319258475910744,0.0166849550305156,0.02691870352628386,0.0,0.0,0.0,26.699837473376764,DECLINING,0.0,6918002,RECONSIDER,4,76.68
S01258,Song_01258,A0278,English,Romantic,485218,345486,0.23506596504634053,0.31040274680659,0.6338346887378457,0.05986060216622381,0.022631886675581643,0.03491892580307161,0.0,0.0,0.0,33.385767929455646,DECLINING,0.54,6029911,RECONSIDER,8,24.95
S01259,Song_01259,A0270,Punjabi,Romantic,439122,313046,0.18500475968388033,0.3200818906818606,0.5926826713305187,0.03518971652728353,0.011352964101122518,0.020080116021287606,0.0,0.0,0.0,22.604690079609497,DECLINING,0.0,6455117,RECONSIDER,6,75.95
S01260,Song_01260,A0401,Hindi,Hip-Hop,454869,323590,0.1856454154949164,0.331996684759788,0.5854410830370942,0.03285948267869835,0.011285886461262709,0.01757779906672023,0.0,0.0,0.0,21.828332338690753,DECLINING,0.0,5899699,RECONSIDER,6,56.74
S01261,Song_01261,A0133,Hindi,Rock,731118,530945,0.4079914115398017,0.17058258721574357,0.801592902924015,0.14704724594826207,0.053772047952236106,0.09309627174189417,0.0,0.0,0.0,70.78482319388108,RISING,99.85,8442801,PROMOTE,8,36.67
S01262,Song_01262,A0462,Tamil,Hip-Hop,606787,439942,0.3916448077246546,0.19992353165113952,0.787576200544837,0.13618158757290733,0.051274940787649284,0.09112337535402394,0.0,0.0,0.0,67.5143177299873,RISING,75.45,7666202,PROMOTE,7,8.35
S01263,Song_01263,A0222,Hindi,Romantic,517413,384687,0.19174809650443086,0.3293674492136842,0.5832381482490776,0.03755520722041556,0.012828611312573599,0.019501568807887972,0.0,0.0,0.0,23.022043473042746,DECLINING,0.0,6550549,RECONSIDER,6,82.75
S01264,Song_01264,A0411,English,Classical,592083,417903,0.21940019573920264,0.3234191827834949,0.6214398994735535,0.055893353242259566,0.01791324781109492,0.03388106809474926,0.0,0.0,0.0,30.44822825617222,DECLINING,8.83,7548919,RECONSIDER,4,93.97
S01265,Song_01265,A0119,English,Devotional,691099,494811,0.4225532577084988,0.1641675071154784,0.8231816281024861,0.158270531576703,0.061605340220811586,0.10179644349054487,0.0,0.0,0.0,76.2436544182755,RISING,99.92,9793472,PROMOTE,6,66.59
S01266,Song_01266,A0019,Hindi,Rock,541618,391086,0.2185478385828181,0.27564261158233294,0.6597694315920076,0.07277683169430764,0.026078663005067938,0.04512818152529111,0.0,0.0,0.0,36.790192024684345,DECLINING,34.96,8027694,RECONSIDER,1,96.45
S01267,Song_01267,A0028,Hindi,Indie,559779,414278,0.23151120745006976,0.3157942688096552,0.6114841750047787,0.05052645807887457,0.01601098779080714,0.027792931316652104,0.0,0.0,0.0,29.04500076731954,DECLINING,3.27,6905376,RECONSIDER,4,93.41
S01268,Song_01268,A0186,Telugu,Hip-Hop,517950,363622,0.24765278228490026,0.30188242108311614,0.6421894005212858,0.059949618009911394,0.018829993784754497,0.033897838964639104,0.0,0.0,0.0,33.39757625668366,DECLINING,0.8,5810889,RECONSIDER,6,19.46
S01269,Song_01269,A0476,Malayalam,Electronic,500692,350378,0.2402662267608126,0.286175932509407,0.6237507289910763,0.061530689712253624,0.023080787035715714,0.039300412697144224,0.0,0.0,0.0,33.84689497535697,DECLINING,4.17,7282642,RECONSIDER,6,73.12
S01270,Song_01270,A0025,Hindi,Devotional,456708,334923,0.187458012737256,0.3220197587955543,0.5821203044395982,0.03970763429206116,0.011166745789330681,0.02014791459529504,0.0,0.0,0.0,22.633869711243463,DECLINING,0.0,5558507,RECONSIDER,5,34.93
S01271,Song_01271,A0185,Malayalam,Lo-Fi,504105,363922,0.23328350580618923,0.312696759603654,0.6048105057478105,0.047301344793664574,0.014918031885953583,0.02512901116173246,0.0,0.0,0.0,28.00517725399217,DECLINING,0.36,6008256,RECONSIDER,6,48.75
S01272,Song_01272,A0055,Punjabi,Pop,518220,370160,0.24529662848497946,0.30129867623789125,0.6580815097834897,0.06735735897990058,0.023695158850226928,0.04202236870542468,0.0,0.0,0.0,36.640783989029835,DECLINING,2.3,5888329,RECONSIDER,4,15.7
S01273,Song_01273,A0465,Marathi,Folk,636946,438003,0.2988472681693961,0.27846159643046664,0.6811535043787071,0.07887388899162791,0.028193870818236405,0.049036193816024094,0.0,0.0,0.0,43.1511826076192,STABLE,58.47,8220329,MONITOR,5,97.48
S01274,Song_01274,A0337,Tamil,Rock,507959,389821,0.18111389586502524,0.3270401745022728,0.5967666681759748,0.03767113623945349,0.013875599313531082,0.023867364764853613,0.0,0.0,0.0,23.793194657981232,DECLINING,0.02,6172709,RECONSIDER,6,72.61
S01275,Song_01275,A0381,Tamil,Pop,513101,364198,0.24389480447448916,0.2849477978019922,0.6338732530242583,0.06779828554797115,0.02231478481485346,0.04100791327794222,0.0,0.0,0.0,35.0733133870523,DECLINING,1.88,6090707,RECONSIDER,3,26.69
S01276,Song_01276,A0356,Telugu,Devotional,554979,415969,0.2548579341248987,0.2679813110045605,0.6680487009418374,0.08433561154797593,0.03031475903252406,0.05401844849015191,0.0,0.0,0.0,41.89049556564055,STABLE,12.26,6809040,MAINTAIN,4,37.15
S01277,Song_01277,A0328,English,Romantic,526562,377398,0.299977742330378,0.24096117836076283,0.7179268538177841,0.10128564539292736,0.03645488317373171,0.06589595069396234,0.0,0.0,0.0,50.5941796788697,STABLE,2.95,7476123,MAINTAIN,5,42.25
S01278,Song_01278,A0387,Punjabi,Romantic,538509,389557,0.20042509825263055,0.2827176518869694,0.6251056156907313,0.05981666354346091,0.021455140069360838,0.03654407442299843,0.0,0.0,0.0,31.15822155808513,DECLINING,1.77,7102808,RECONSIDER,2,74.75
S01279,Song_01279,A0005,English,Lo-Fi,572106,409999,0.22854689889487537,0.3045764246485791,0.6555655770084565,0.07190505342695958,0.024761036002526837,0.03965863331373979,0.0,0.0,0.0,36.179874070079514,DECLINING,25.23,7624748,RECONSIDER,3,92.57
S01280,Song_01280,A0432,Hindi,Hip-Hop,456606,332327,0.2602256211502526,0.27740108539966624,0.664866427510808,0.07649393519033963,0.026281343375651092,0.048584677140286525,0.0,0.0,0.0,39.78716381925122,DECLINING,0.36,6599759,RECONSIDER,5,32.14
S01281,Song_01281,A0370,Marathi,Indie,499285,359633,0.2706064237708998,0.270360615680423,0.6677949467738866,0.08057380718677096,0.029254823667460995,0.047976687345154645,0.0,0.0,0.0,41.47279629035435,STABLE,0.22,7152005,MAINTAIN,5,47.25
S01282,Song_01282,A0369,Hindi,Hip-Hop,581563,432853,0.2688395367480415,0.235787008458241,0.7288032422970512,0.1070779225279714,0.0394106082203427,0.06812474442824701,0.0,0.0,0.0,51.04498570042286,STABLE,63.73,7780518,MONITOR,6,59.32
S01283,Song_01283,A0197,Hindi,Romantic,418561,321120,0.16684417040358746,0.33088128134250444,0.5855848968250745,0.03619830592924763,0.01263702042850025,0.018918161434977578,0.0,0.0,0.0,21.68465287730219,DECLINING,0.0,5445383,RECONSIDER,8,39.33
S01284,Song_01284,A0400,Hindi,Pop,575774,427652,0.38324852917792973,0.2441791397319087,0.7138252161438342,0.10148906119929288,0.03785320774835614,0.06267713000289955,0.0,0.0,0.0,54.521968996312836,STABLE,39.95,7310260,MAINTAIN,4,50.42
S01285,Song_01285,A0191,Hindi,Pop,445655,328741,0.2097030793238446,0.3063311305830744,0.6104408118387542,0.04905077249263098,0.017098566956966123,0.03154763172223726,0.0,0.0,0.0,28.396201456642846,DECLINING,0.0,5556405,RECONSIDER,6,10.57
S01286,Song_01286,A0025,Marathi,Classical,477065,345606,0.19901564208954706,0.3008227390397535,0.6255793235722595,0.05648628785379883,0.021232270273085538,0.032380803574012025,0.0,0.0,0.0,30.351266565167414,DECLINING,0.12,5715775,RECONSIDER,8,16.77
S01287,Song_01287,A0454,Marathi,Classical,494248,364089,0.2413558223401421,0.28135470452080735,0.6443809585471262,0.06327848410690792,0.023186638431812002,0.0402923461021893,0.0,0.0,0.0,35.1400489481295,DECLINING,1.52,6467338,RECONSIDER,7,40.11
S01288,Song_01288,A0118,English,Pop,530569,369823,0.23936045081025248,0.2991411107697585,0.6141274744660921,0.054336804363168324,0.018779253859278627,0.0364579812504901,0.0,0.0,0.0,31.378406285185267,DECLINING,0.2,7451633,RECONSIDER,2,91.49
S01289,Song_01289,A0051,Hindi,Rock,422186,301797,0.17730129855498894,0.32901375223242835,0.5887310332412728,0.03587179461691137,0.010937815816591947,0.020291785537960946,0.0,0.0,0.0,22.032771229734973,DECLINING,0.0,5383951,RECONSIDER,3,34.94
S01290,Song_01290,A0311,English,Hip-Hop,468409,342294,0.21803771027245583,0.3056132567905399,0.6340014816111561,0.05842053906875376,0.018992445091062068,0.031706661524887964,0.0,0.0,0.0,31.261455500405617,DECLINING,0.16,6018393,RECONSIDER,7,24.98
S01291,Song_01291,A0117,English,Indie,427189,312468,0.1674699489227697,0.32837924197486357,0.5950644796565454,0.04041693869452232,0.013230154767848227,0.02394485195283997,0.0,0.0,0.0,23.167412247745247,DECLINING,0.0,6317823,RECONSIDER,5,74.29
S01292,Song_01292,A0429,Tamil,Lo-Fi,599882,421605,0.20794819795780412,0.3211664960775619,0.6027001977055487,0.04392025711270028,0.014027347873009096,0.024124476702126398,0.0,0.0,0.0,26.040190289361146,DECLINING,1.88,6808855,RECONSIDER,8,94.91
S01293,Song_01293,A0222,Punjabi,Devotional,710879,510895,0.3713228745632664,0.14542277940408987,0.8539315410920846,0.17235831237338398,0.06457687000264242,0.1093864688438916,0.0,0.0,0.0,77.93414249559245,RISING,99.99,9300182,PROMOTE,5,45.91
S01294,Song_01294,A0003,English,Lo-Fi,407103,298243,0.1765640769439685,0.2987499478019076,0.6135032166306806,0.053848707262198946,0.01799204004788042,0.031641983215029354,0.0,0.0,0.0,27.60441336661705,DECLINING,0.15,5363992,RECONSIDER,8,0.86
S01295,Song_01295,A0475,English,Romantic,542868,390860,0.2004707567927135,0.3077875284599571,0.6313118474472615,0.05385304200992683,0.02110730184720872,0.03278411707516758,0.0,0.0,0.0,30.441041356024957,DECLINING,1.91,6838627,RECONSIDER,4,68.81
S01296,Song_01296,A0257,Gujarati,Hip-Hop,466405,319181,0.22084961197565017,0.30572142236897115,0.6199804890599372,0.05268170724447884,0.016260366375191505,0.03228888937624733,0.0,0.0,0.0,29.60146754404825,DECLINING,0.19,6280558,RECONSIDER,6,41.51
S01297,Song_01297,A0132,Telugu,Electronic,686073,489802,0.37249133323261235,0.20897047398746196,0.7685552412061107,0.12804357679225484,0.049017766362734326,0.08160032012935839,0.0,0.0,0.0,63.49591786463931,RISING,96.12,9090686,PROMOTE,4,67.36
S01298,Song_01298,A0338,English,Rock,432046,321685,0.24014486220992587,0.28111821426422184,0.6482897654416427,0.06161617731631876,0.022338623187279482,0.04219655874535648,0.0,0.0,0.0,35.07639846561468,DECLINING,2.28,6280957,RECONSIDER,4,27.77
S01299,Song_01299,A0265,English,Folk,426610,308879,0.26227098637330476,0.27911675769438127,0.6638873912941563,0.07379588771007417,0.02767750478342652,0.050039012040313524,0.0,0.0,0.0,40.04769235072394,STABLE,0.24,5824453,MAINTAIN,8,0.24
S01300,Song_01300,A0015,Hindi,Classical,430464,322094,0.20094444478940932,0.32281677445732976,0.5913363254534642,0.03469173595285848,0.010720472905425124,0.025557756431352337,0.0,0.0,0.0,23.629662958289725,DECLINING,0.0,5310477,RECONSIDER,4,34.45
S01301,Song_01301,A0380,Malayalam,Hip-Hop,510328,370329,0.20020306268210158,0.33236859431581256,0.5678504804753022,0.036429769205220223,0.012248568165064038,0.022382800158777735,0.0,0.0,0.0,22.743549142734736,DECLINING,0.0,6311313,RECONSIDER,7,70.48
S01302,Song_01302,A0201,English,Folk,630529,466854,0.3906853106110261,0.19228774568655843,0.781943415766761,0.14066067764226076,0.052232603769058424,0.09144186405171638,0.0,0.0,0.0,67.89610481730469,RISING,95.21,8461303,PROMOTE,4,39.31
S01303,Song_01303,A0350,Hindi,Indie,459632,321529,0.22707438520320095,0.3073328227799631,0.6151486406516518,0.04787748539012033,0.017292374871317982,0.024489237362726225,0.0,0.0,0.0,28.74053844643331,DECLINING,0.0,5934974,RECONSIDER,7,21.92
S01304,Song_01304,A0447,Gujarati,Folk,519760,377528,0.2354527346316035,0.3021452208711713,0.6063394643681699,0.05624748363035324,0.01937604628001102,0.033650484202496236,0.0,0.0,0.0,30.893405320393065,DECLINING,0.33,6741277,RECONSIDER,5,46.4
S01305,Song_01305,A0305,Tamil,Classical,700633,518265,0.37008673169131623,0.20109814981595214,0.7593904369334588,0.12608993468592322,0.046570769779938834,0.08030833646879493,0.0,0.0,0.0,62.065254558700396,RISING,91.35,9070960,PROMOTE,8,75.23
S01306,Song_01306,A0336,Hindi,Romantic,452837,326397,0.28541929000572924,0.2658064601611617,0.6848314073275814,0.08791747473169177,0.031810954144799126,0.05292021679120825,0.0,0.0,0.0,44.75755471073482,STABLE,3.02,6097940,MAINTAIN,5,11.94
S01307,Song_01307,A0128,Hindi,Devotional,538626,396151,0.24673924841790126,0.3093315213153468,0.6281984159695224,0.054638256624367984,0.01898013636214474,0.03497403767755225,0.0,0.0,0.0,32.32868359813487,DECLINING,0.49,6877261,RECONSIDER,4,69.18
S01308,Song_01308,A0119,Hindi,Romantic,504244,364099,0.23207424354365158,0.3060859425198912,0.6176850889648662,0.05661097668491262,0.01838236303862411,0.033872655514022285,0.0,0.0,0.0,31.072987383247423,DECLINING,0.32,6917237,RECONSIDER,7,66.73
S01309,Song_01309,A0208,Punjabi,Devotional,517271,375381,0.23843241932862877,0.2824863562813303,0.6690574186451589,0.0739195643892472,0.02599492249208138,0.0449117030430416,0.0,0.0,0.0,38.260610019968155,DECLINING,4.28,6447227,RECONSIDER,5,37.07
S01310,Song_01310,A0426,Hindi,Classical,627912,476338,0.27450885715605305,0.28003924116755213,0.6542126922243882,0.07750588867568828,0.025771615953377642,0.0464649051723776,0.0,0.0,0.0,39.771634493713165,DECLINING,81.13,8048901,PROMOTE,5,97.03
S01311,Song_01311,A0262,Malayalam,Electronic,667339,477952,0.32688638189609,0.2391603068305614,0.7283689399240866,0.10720323379753616,0.03981989823245849,0.06787920125870381,0.0,0.0,0.0,53.944434368851006,STABLE,92.29,8631814,PROMOTE,5,89.47
S01312,Song_01312,A0174,Malayalam,Folk,459772,331950,0.2000421750263594,0.3187623430743934,0.5991904683190798,0.044979665612291005,0.013408645880403676,0.025829191143244466,0.0,0.0,0.0,25.60524406442639,DECLINING,0.0,5420384,RECONSIDER,7,31.62
S01313,Song_01313,A0390,Punjabi,Classical,585419,407401,0.3952714892697858,0.18141707050847342,0.806630806311377,0.14137667801502696,0.054847680786252365,0.09546613778562153,0.0,0.0,0.0,70.32492114767247,RISING,76.63,7696243,PROMOTE,5,3.11
S01314,Song_01314,A0426,Marathi,Folk,486793,357308,0.2667642482116269,0.27330918891602796,0.656133099695353,0.07732544471436407,0.028163377254357583,0.04578123075889708,0.0,0.0,0.0,39.969748834745744,DECLINING,0.73,6567390,RECONSIDER,5,30.83
S01315,Song_01315,A0451,Hindi,Romantic,437600,312634,0.22564724246243212,0.30858318098720294,0.6156489945155393,0.05290211557284236,0.01803706570622517,0.027409047000646124,0.0,0.0,0.0,29.626303302870276,DECLINING,0.0,5688366,RECONSIDER,4,20.47
S01316,Song_01316,A0150,Hindi,Romantic,632253,461315,0.26723388573967893,0.2556792929412751,0.6762830702266339,0.0829693376543143,0.03190878250219481,0.05058365758754864,0.0,0.0,0.0,42.803846734900404,STABLE,38.52,7303591,MAINTAIN,2,54.73
S01317,Song_01317,A0355,Tamil,Lo-Fi,511512,369527,0.1703366736395446,0.33215447535932685,0.5884045731087443,0.040863049249445914,0.014380545941162622,0.024899398420142507,0.0,0.0,0.0,23.403972957564726,DECLINING,0.07,7001857,RECONSIDER,3,91.87
S01318,Song_01318,A0295,Hindi,Indie,493601,350722,0.2053164614709086,0.32279513210062377,0.6005316034610951,0.051114557968989685,0.018185343377375814,0.0237966252473469,0.0,0.0,0.0,27.46277287246603,DECLINING,0.0,6780901,RECONSIDER,8,87.03
S01319,Song_01319,A0225,Hindi,Classical,502180,377149,0.33359229376188193,0.23485801903699868,0.6961945915807081,0.0952647362183116,0.034644132690263,0.06074257123842301,0.0,0.0,0.0,49.740947070848065,STABLE,1.87,6949804,MAINTAIN,6,30.58
S01320,Song_01320,A0199,English,Romantic,433970,340801,0.2022001109151675,0.31015047123073025,0.6093093992672305,0.045128975560517724,0.01372941980804047,0.030378431988169047,0.0,0.0,0.0,26.690755599103845,DECLINING,0.0,5960714,RECONSIDER,5,42.86
S01321,Song_01321,A0058,Hindi,Hip-Hop,463985,338491,0.23782316221110752,0.29322715173981917,0.6449001584102935,0.07199600580222222,0.026216354349155518,0.04878120836299931,0.0,0.0,0.0,37.33899446514855,DECLINING,1.97,5962200,RECONSIDER,7,3.65
S01322,Song_01322,A0138,English,Devotional,646921,465172,0.33786427385999157,0.22707409405476095,0.7464172596035683,0.11107289346736261,0.04236712441849466,0.070154695467483,0.0,0.0,0.0,56.50426003784031,STABLE,91.99,7769811,PROMOTE,9,54.42
S01323,Song_01323,A0275,Tamil,Folk,482241,333397,0.22040090342744537,0.25955072256402917,0.6898189909194781,0.0884890985821708,0.03070513531915404,0.05699211450612933,0.0,0.0,0.0,41.984864347426765,STABLE,7.61,6159370,MAINTAIN,6,6.34
S01324,Song_01324,A0443,Telugu,Lo-Fi,579003,400832,0.22271425435095002,0.27781203206201005,0.6521296090002988,0.07025387194635159,0.025314845122145935,0.04674028021714833,0.0,0.0,0.0,36.36467428725895,DECLINING,50.98,8213731,MONITOR,6,93.86
S01325,Song_01325,A0433,Marathi,Classical,602426,436141,0.2618969553424237,0.28918904562552084,0.650206000405029,0.06318369518114554,0.02298339298529604,0.03824221983257708,0.0,0.0,0.0,36.164620923627055,DECLINING,28.95,7482063,RECONSIDER,5,86.69
S01326,Song_01326,A0094,Bengali,Classical,392023,291632,0.1567592033796017,0.33916122268336296,0.5838305405550185,0.03273303341197125,0.00894963515663576,0.01966176551270094,0.0,0.0,0.0,19.970096107126498,DECLINING,0.0,5066369,RECONSIDER,6,21.42
S01327,Song_01327,A0339,English,Romantic,565210,420887,0.17309158990417856,0.3148298862369739,0.5946957767909272,0.037732217911220826,0.014621501733244315,0.023892398672327727,0.0,0.0,0.0,23.491233037989193,DECLINING,1.66,6195275,RECONSIDER,9,69.94
S01328,Song_01328,A0043,Bengali,Pop,526937,366951,0.19245348834040513,0.30759654379935364,0.6139386681899354,0.0559638752858011,0.017105826118473583,0.033148840035863096,0.0,0.0,0.0,28.533308663816495,DECLINING,0.26,6899889,RECONSIDER,6,56.8
S01329,Song_01329,A0337,Punjabi,Classical,592848,428405,0.24664511385254606,0.2562140717350822,0.688098804415297,0.0904331181942321,0.02856876086880405,0.05122022385359648,0.0,0.0,0.0,42.33153094133387,STABLE,63.57,7907646,MONITOR,8,80.14
S01330,Song_01330,A0171,Hindi,Indie,400818,290506,0.17697741182626175,0.32167467528903393,0.5981567694065636,0.04037782352171728,0.011927464492988097,0.022350657129284766,0.0,0.0,0.0,23.313586951568134,DECLINING,0.0,5888403,RECONSIDER,5,47.57
S01331,Song_01331,A0225,Malayalam,Romantic,670213,477296,0.47202364989440515,0.15533867591347825,0.8549878919089902,0.17024027018872984,0.0660072575508699,0.10786807348060742,0.0,0.0,0.0,82.89236383524462,BREAKOUT,100.0,8614639,PROMOTE,5,19.18
S01332,Song_01332,A0359,Hindi,Classical,452919,317422,0.1916502321830245,0.3068517770285636,0.5929051331474281,0.04618772485839041,0.013946733370717846,0.026567156655808357,0.0,0.0,0.0,25.217686357555465,DECLINING,0.0,6290734,RECONSIDER,4,63.98
S01333,Song_01333,A0213,Hindi,Devotional,369149,251395,0.1701068040334931,0.3412253588659322,0.5842193802502512,0.031917898128443284,0.009427395135145886,0.017311402374748902,0.0,0.0,0.0,20.456532365724982,DECLINING,0.0,4725077,RECONSIDER,10,8.03
S01334,Song_01334,A0403,Hindi,Folk,529325,385503,0.2755309297203913,0.2905946252302461,0.6205129173947953,0.06434191173609544,0.022132123485420346,0.03813199897277064,0.0,0.0,0.0,35.35593545532457,DECLINING,3.23,6762741,RECONSIDER,6,58.46
S01335,Song_01335,A0267,English,Lo-Fi,538830,402408,0.2585187173217232,0.27577343503516877,0.6570792272145204,0.06766764080236973,0.025123754994930518,0.04851295202878671,0.0,0.0,0.0,38.21038788393046,DECLINING,6.57,6534918,RECONSIDER,6,21.27
S01336,Song_01336,A0499,English,Rock,605392,432617,0.347556845893712,0.20390094352089225,0.7605584480799218,0.12104471160402851,0.046824327291807764,0.07827477884595381,0.0,0.0,0.0,60.40464273050354,RISING,78.41,8960947,PROMOTE,4,68.49
S01337,Song_01337,A0319,Punjabi,Rock,624925,446905,0.25078484241617344,0.29420970516461975,0.6591654998599832,0.06915787471610298,0.02324878889249393,0.04532059386223023,0.0,0.0,0.0,37.33213415923579,DECLINING,34.75,7531413,RECONSIDER,2,82.8
S01338,Song_01338,A0148,Kannada,Folk,451091,325944,0.22381758829737625,0.29639917444595437,0.626343686750567,0.06448653756473505,0.021417789558942642,0.03538644675158923,0.0,0.0,0.0,32.69165230115716,DECLINING,0.04,5671990,RECONSIDER,8,10.95
S01339,Song_01339,A0387,Hindi,Devotional,386716,285061,0.15940097031863357,0.3375112485648383,0.5757196495619524,0.02754147357933916,0.00913839494003038,0.021458565008892833,0.0,0.0,0.0,19.434213613621214,DECLINING,0.0,5536495,RECONSIDER,6,40.03
S01340,Song_01340,A0204,Punjabi,Hip-Hop,699735,534866,0.28276989002853054,0.2631496209279227,0.6871601391955526,0.08829501220866534,0.03265677758541392,0.0517475405054724,0.0,0.0,0.0,44.86461153268898,STABLE,80.32,7883255,PROMOTE,5,73.35
S01341,Song_01341,A0267,English,Devotional,467721,353570,0.23141669259269734,0.28815896656339995,0.623863371539871,0.05758689934100744,0.02114149956161439,0.03235285799134542,0.0,0.0,0.0,31.9352953267707,DECLINING,1.85,6002942,RECONSIDER,4,16.37
S01342,Song_01342,A0069,Bengali,Romantic,540212,393438,0.2573772741829716,0.28613025997201097,0.6393027181921171,0.06941373227802093,0.024202034373903895,0.04220232921070156,0.0,0.0,0.0,36.6972435052228,DECLINING,3.42,6825122,RECONSIDER,6,56.65
S01343,Song_01343,A0060,Hindi,Classical,549468,420091,0.2191572778278992,0.28489375177444365,0.6252284027459288,0.057028120097788335,0.020674092041962338,0.03713005039384324,0.0,0.0,0.0,31.677852791998912,DECLINING,8.19,7183998,RECONSIDER,7,67.18
S01344,Song_01344,A0287,Hindi,Rock,551908,413819,0.30971270048016164,0.26860455003370126,0.6731411757031969,0.07687902198787393,0.03001553819423468,0.04840038760907547,0.0,0.0,0.0,43.49207777393724,STABLE,7.88,6721957,MAINTAIN,4,35.48
S01345,Song_01345,A0094,Punjabi,Lo-Fi,490202,360187,0.19873565675607394,0.3114879172259599,0.6056768434237314,0.04275556863518117,0.015125476488601753,0.021944156785225453,0.0,0.0,0.0,25.674631657126287,DECLINING,0.0,6744314,RECONSIDER,5,83.2
S01346,Song_01346,A0498,Marathi,Pop,515811,372654,0.22615079940105298,0.26844716378673583,0.6710267908206689,0.07966102604560799,0.02660376649653566,0.04866176131210184,0.0,0.0,0.0,38.79841097591686,DECLINING,4.24,7233344,RECONSIDER,5,51.07
S01347,Song_01347,A0427,Telugu,Folk,469448,332132,0.1790191851432563,0.32649835551541384,0.5813593837869157,0.037220141389568,0.012377608902484554,0.020208832632808642,0.0,0.0,0.0,22.239995892461963,DECLINING,0.0,6068715,RECONSIDER,6,62.7
S01348,Song_01348,A0350,Punjabi,Hip-Hop,623091,462905,0.3572460872101187,0.20421415170496765,0.761920810924889,0.13078493427377108,0.046489020425357255,0.08823840744861257,0.0,0.0,0.0,62.72406258248171,RISING,89.6,7980242,PROMOTE,3,14.09
S01349,Song_01349,A0367,Telugu,Pop,353042,263530,0.20982810306226996,0.3170302683533404,0.6138306490445896,0.05108716275186886,0.01476112776533981,0.028023374947823778,0.0,0.0,0.0,27.87391446795757,DECLINING,0.0,4921113,RECONSIDER,5,2.32
S01350,Song_01350,A0298,English,Devotional,334020,237849,0.19077229670925672,0.3014609903598587,0.6142207053469853,0.058987004359909015,0.018440270928193937,0.03295788504471324,0.0,0.0,0.0,29.055249783043774,DECLINING,0.32,5538239,RECONSIDER,4,5.07
S01351,Song_01351,A0031,Hindi,Devotional,600961,447538,0.2719009335520112,0.2366443080333,0.703511542346342,0.09615272893028078,0.03203079961925021,0.058969294227529286,0.0,0.0,0.0,46.36925508534708,STABLE,65.09,8274334,MONITOR,6,90.39
S01352,Song_01352,A0196,Hindi,Romantic,609852,435348,0.21701259681909646,0.2984543790952559,0.6177285636515089,0.0520043735126841,0.016154892178211453,0.03490540900612843,0.0,0.0,0.0,29.46208066863844,DECLINING,4.68,7641175,RECONSIDER,5,88.26
S01353,Song_01353,A0248,Hindi,Pop,574385,411256,0.28075213492325946,0.26144659070135884,0.6849465080042132,0.0896886610772852,0.03165424942128504,0.05925019938918824,0.0,0.0,0.0,45.25534610716372,STABLE,49.2,8099864,MAINTAIN,3,80.76
S01354,Song_01354,A0457,English,Romantic,519964,375504,0.22355287826494524,0.30855597695225057,0.6024109361417329,0.047157953044441606,0.015887979888363372,0.027126209041714602,0.0,0.0,0.0,27.820861509211657,DECLINING,0.0,5335936,RECONSIDER,5,19.96
S01355,Song_01355,A0110,English,Classical,492235,361618,0.19665226841584213,0.28764309730108584,0.6384572409519843,0.0597896122427534,0.021627795076572517,0.03625649165694186,0.0,0.0,0.0,31.6034224960918,DECLINING,0.57,6631134,RECONSIDER,4,52.55
S01356,Song_01356,A0248,English,Romantic,601316,437406,0.26869315921592296,0.28567342295897663,0.6396852902633557,0.0690388334865091,0.026764607709999406,0.04577440638674367,0.0,0.0,0.0,38.1706294894607,DECLINING,38.64,7635862,RECONSIDER,4,79.61
S01357,Song_01357,A0172,Punjabi,Electronic,411979,296960,0.20546538254310345,0.31796766340031896,0.5863114382043745,0.037830010775862066,0.011715382543103448,0.02269329202586207,0.0,0.0,0.0,23.89156470716875,DECLINING,0.0,6262376,RECONSIDER,6,67.47
S01358,Song_01358,A0068,English,Pop,423340,296666,0.2268915211045418,0.31075967307601454,0.6116289507251854,0.046995611226092644,0.018869705325180505,0.025675338596266507,0.0,0.0,0.0,28.968222260375835,DECLINING,0.06,5085089,RECONSIDER,5,11.55
S01359,Song_01359,A0052,Marathi,Electronic,546600,392152,0.22957424672065935,0.3056860592755214,0.6129271862422246,0.054738978763336665,0.019321589587710887,0.028996409555478487,0.0,0.0,0.0,30.321467007816736,DECLINING,2.86,7316993,RECONSIDER,5,89.55
S01360,Song_01360,A0183,Marathi,Folk,487482,341556,0.3046850296876647,0.24717425463914566,0.7004197078045958,0.09825914344939043,0.037206197519586835,0.062235768073171015,0.0,0.0,0.0,49.561338286317394,STABLE,1.74,6891861,MAINTAIN,3,16.07
S01361,Song_01361,A0042,English,Electronic,372702,287201,0.19483219069571484,0.3160889933512565,0.6051805463882673,0.04530624893367363,0.01447418358571175,0.029672598633013116,0.0,0.0,0.0,26.268756446971583,DECLINING,0.0,5300701,RECONSIDER,4,17.18
S01362,Song_01362,A0034,English,Lo-Fi,678390,487519,0.28176953103366226,0.28094311531714794,0.6579357007031353,0.07389045350027383,0.028382483554487106,0.049089368824599654,0.0,0.0,0.0,40.81258125573954,STABLE,81.29,8047333,PROMOTE,5,90.1
S01363,Song_01363,A0176,Punjabi,Lo-Fi,604047,436692,0.2663593562510877,0.2561737745572778,0.6927888061690564,0.09426094363991097,0.03438350141518507,0.05720049829170216,0.0,0.0,0.0,45.81510687171359,STABLE,50.37,7295527,MONITOR,6,48.46
S01364,Song_01364,A0101,Punjabi,Pop,473215,350059,0.3228141541854373,0.28828756484895873,0.6623479813615376,0.07503020919330741,0.02697830937070608,0.0496087802341891,0.0,0.0,0.0,42.84450141330631,STABLE,4.68,6838607,MAINTAIN,7,37.29
S01365,Song_01365,A0277,English,Rock,532936,387662,0.3167011468753708,0.26448954471080954,0.6699978984343335,0.08012650195273202,0.029582471328115728,0.053422827101959953,0.0,0.0,0.0,44.36366786242942,STABLE,3.1,7075690,MAINTAIN,7,55.37
S01366,Song_01366,A0009,English,Electronic,517048,370899,0.17846098263947868,0.3169434946078507,0.604040630657115,0.041849667968907975,0.015163157625121665,0.028336555234713495,0.0,0.0,0.0,25.123305395885318,DECLINING,0.0,6930075,RECONSIDER,7,98.14
S01367,Song_01367,A0151,Tamil,Rock,511156,365141,0.3138486228607579,0.2539342196902707,0.7034721298390315,0.09746645816273714,0.03411558822482274,0.05619199158681167,0.0,0.0,0.0,48.77924185106297,STABLE,2.19,6418811,MAINTAIN,4,11.96
S01368,Song_01368,A0227,Marathi,Electronic,506482,371992,0.16500623669326223,0.31188275200303267,0.6145845262023132,0.04778328566205725,0.014916987462095958,0.03102486074969354,0.0,0.0,0.0,25.717570329902557,DECLINING,0.0,6494061,RECONSIDER,6,75.69
S01369,Song_01369,A0481,Hindi,Electronic,401015,288430,0.19526401553236486,0.31529992643666693,0.6058825729710858,0.04944007211455119,0.016388725167284957,0.026713587352217176,0.0,0.0,0.0,26.901701718397,DECLINING,0.0,5701699,RECONSIDER,7,33.43
S01370,Song_01370,A0317,English,Lo-Fi,396729,297935,0.21722523369191266,0.30453533772423996,0.6095546330114512,0.04585228321613775,0.017721986339302196,0.027781227448940207,0.0,0.0,0.0,28.212742737194358,DECLINING,0.0,5150773,RECONSIDER,6,11.7
S01371,Song_01371,A0440,Kannada,Rock,719427,502322,0.5249043442254172,0.15518739218850558,0.8417935384688092,0.16894342672628315,0.06402666019007729,0.10921878794876592,0.0,0.0,0.0,84.39255169398142,BREAKOUT,100.0,9520856,PROMOTE,6,42.19
S01372,Song_01372,A0172,Hindi,Rock,466607,322568,0.18561357605218123,0.3149374098545457,0.6127361998426941,0.042738275340393345,0.014886783561915628,0.02760658217802138,0.0,0.0,0.0,25.827079011742494,DECLINING,0.0,6021624,RECONSIDER,4,54.88
S01373,Song_01373,A0225,Bengali,Pop,502438,383109,0.26884776917274195,0.28085654349392364,0.6682655372404157,0.07776637980313697,0.026645158427497134,0.0480646500082222,0.0,0.0,0.0,40.52620100234032,STABLE,2.79,6370356,MAINTAIN,6,20.6
S01374,Song_01374,A0210,Hindi,Hip-Hop,522020,376362,0.2719509408495013,0.2833512125972185,0.6484023600628328,0.06604279921989999,0.02341362836843252,0.04813185178099808,0.0,0.0,0.0,37.866349864801556,DECLINING,1.44,6461174,RECONSIDER,5,40.53
S01375,Song_01375,A0443,Punjabi,Hip-Hop,494906,360965,0.17601152466305597,0.3057449293401171,0.6158038092082133,0.04602385272810383,0.016865901126147966,0.03242973695510645,0.0,0.0,0.0,26.734339858194858,DECLINING,0.07,6628789,RECONSIDER,5,63.57
S01376,Song_01376,A0479,English,Classical,445500,333229,0.19762685720630557,0.31121885521885523,0.6004354657687991,0.04892731424936005,0.014458525518487286,0.027191510942925136,0.0,0.0,0.0,26.301459267210074,DECLINING,0.08,6149291,RECONSIDER,6,57.64
S01377,Song_01377,A0481,Hindi,Classical,612618,452687,0.31799013446376856,0.24013332941572071,0.7025275130668703,0.09376235677189758,0.03216571273308047,0.06038830361817326,0.0,0.0,0.0,48.50600503794345,STABLE,70.51,7776179,MONITOR,6,72.32
S01378,Song_01378,A0376,Kannada,Folk,537086,386548,0.2625521280668895,0.30091456489277324,0.6267729935243146,0.054696958721814626,0.01908430518331488,0.03717778904560365,0.0,0.0,0.0,33.26911164763179,DECLINING,0.74,7306307,RECONSIDER,5,83.64
S01379,Song_01379,A0252,English,Electronic,482615,342562,0.23847361937401113,0.3029371237943288,0.6335754172580629,0.06246752412701934,0.02076704363005821,0.03551181975817516,0.0,0.0,0.0,33.403696923823944,DECLINING,0.69,6522310,RECONSIDER,6,40.91
S01380,Song_01380,A0270,Malayalam,Electronic,546291,387875,0.32112922977763453,0.24151962964793489,0.7111008601642714,0.09437834353851111,0.0382803738317757,0.0565336770866903,0.0,0.0,0.0,50.210223670264874,STABLE,6.87,7484671,MAINTAIN,9,42.3
S01381,Song_01381,A0490,Hindi,Pop,546758,415404,0.25274431637634687,0.29105015381576493,0.6353981103157156,0.06481882697325976,0.021959345600908994,0.03709641698202232,0.0,0.0,0.0,34.841380259320665,DECLINING,10.12,6450188,RECONSIDER,7,49.67
S01382,Song_01382,A0142,Bengali,Classical,487337,342675,0.21572043481432845,0.2871195907554731,0.6408029761745979,0.06259283577734004,0.02223389509009995,0.040939665864157,0.0,0.0,0.0,33.490953876811645,DECLINING,1.18,6950298,RECONSIDER,10,56.64
S01383,Song_01383,A0174,Malayalam,Electronic,483227,330367,0.2271352768284968,0.26760508001415484,0.6634294027444658,0.07875483931506476,0.03026634016109357,0.04709005439405267,0.0,0.0,0.0,39.13178837050575,DECLINING,1.84,6054137,RECONSIDER,7,10.83
S01384,Song_01384,A0448,Punjabi,Hip-Hop,616934,474344,0.3397660769399423,0.21513808608376261,0.7607134636768277,0.12564510144536453,0.045585060631103166,0.07525761894321421,0.0,0.0,0.0,59.901606493684135,STABLE,89.4,7830334,PROMOTE,5,31.26
S01385,Song_01385,A0193,Hindi,Classical,522690,374342,0.3160318639105417,0.2655799804855651,0.6813388432914347,0.08608171137622815,0.0317517136735926,0.05112437289964791,0.0,0.0,0.0,45.732439341355054,STABLE,3.88,6283766,MAINTAIN,4,17.19
S01386,Song_01386,A0118,Tamil,Electronic,428018,329647,0.1989916486423356,0.31702872309108493,0.5863585176324361,0.0513852696975856,0.018249824812602573,0.03024750718192491,0.0,0.0,0.0,27.13769421163246,DECLINING,0.0,5722377,RECONSIDER,6,38.59
S01387,Song_01387,A0280,Punjabi,Electronic,677289,507643,0.3102574053025453,0.23975142073767625,0.7185263602391299,0.10136651150513254,0.03691964628685907,0.061210338761688826,0.0,0.0,0.0,50.80761229218948,STABLE,85.51,8442602,PROMOTE,5,97.34
S01388,Song_01388,A0163,Malayalam,Folk,507393,359321,0.3002468544838737,0.2715488782856681,0.6768698030914893,0.08362995761450068,0.032252498462377654,0.04957962379042694,0.0,0.0,0.0,44.49453579418922,STABLE,1.52,7419548,MAINTAIN,6,58.27
S01389,Song_01389,A0445,English,Classical,685916,494973,0.36506031642129977,0.2045673231124511,0.7681509106071297,0.12349360470167059,0.04575199051261382,0.0808771387530229,0.0,0.0,0.0,61.832878130573974,RISING,87.99,8306376,PROMOTE,4,42.94
S01390,Song_01390,A0454,Hindi,Rock,529134,385204,0.2962923541811612,0.2586471479814187,0.6962943224211636,0.089599277266072,0.034576484148658895,0.059851403412217945,0.0,0.0,0.0,47.27978644947097,STABLE,2.6,7424144,MAINTAIN,7,56.59
S01391,Song_01391,A0153,Hindi,Rock,471773,346656,0.2020994876765439,0.33389363104713493,0.5809086149482908,0.03586841133573341,0.009802224683836425,0.01726783901043109,0.0,0.0,0.0,22.33099499826216,DECLINING,0.0,6033905,RECONSIDER,5,66.91
S01392,Song_01392,A0265,Tamil,Devotional,446707,331257,0.1575634628098425,0.3354771695988646,0.5804363934301455,0.028289213510959768,0.008069263441980093,0.017783775135317894,0.0,0.0,0.0,19.040437096272388,DECLINING,0.0,5448192,RECONSIDER,4,43.5
S01393,Song_01393,A0492,Gujarati,Classical,479431,343643,0.171122356631737,0.3387640765824488,0.5567245338745305,0.029262926932892567,0.00616337303538847,0.014442313680185542,0.0,0.0,0.0,17.937069252488083,DECLINING,0.0,5468121,RECONSIDER,5,44.77
S01394,Song_01394,A0371,Hindi,Classical,534202,388790,0.26752231281668765,0.25208628945604844,0.6851172402948698,0.09083052547647831,0.03288150415391342,0.060392499807093804,0.0,0.0,0.0,45.12505574038935,STABLE,8.39,7511527,MAINTAIN,1,70.14
S01395,Song_01395,A0108,Tamil,Romantic,373725,264043,0.1774862427710638,0.3311739915713426,0.5861662987490802,0.048829167976428084,0.01472108709566245,0.02681002715466799,0.0,0.0,0.0,24.675995620001874,DECLINING,0.0,4989031,RECONSIDER,6,6.09
S01396,Song_01396,A0295,Malayalam,Classical,409073,293051,0.14549003415787695,0.3387610524282952,0.5629337550999455,0.028175983020020407,0.007445802948974752,0.01350618151789279,0.0,0.0,0.0,17.08622512448584,DECLINING,0.0,5579113,RECONSIDER,6,54.01
S01397,Song_01397,A0310,Hindi,Hip-Hop,639933,465705,0.4211593175937557,0.16378277100883998,0.8293196318989644,0.156796684596472,0.06101072567397816,0.10372875532794365,0.0,0.0,0.0,76.35515687577033,RISING,99.25,9472231,PROMOTE,9,54.73
S01398,Song_01398,A0327,Hindi,Indie,701455,504677,0.3043332666239991,0.22709796066746976,0.7484542843090434,0.12013624555904073,0.044087604547066735,0.07604269661585529,0.0,0.0,0.0,56.79076928083038,STABLE,92.44,9006050,PROMOTE,4,75.68
S01399,Song_01399,A0013,Tamil,Folk,541082,396178,0.24542503622109255,0.26991103012112766,0.6537659726252213,0.07381025700568936,0.025963077202671526,0.04403071346717889,0.0,0.0,0.0,37.794824139721385,DECLINING,15.89,8236959,RECONSIDER,7,98.26
S01400,Song_01400,A0150,Marathi,Electronic,605066,443651,0.19758999754311385,0.30583109941725367,0.6181325673562884,0.059911957822702984,0.020536412630648867,0.03395687150485404,0.0,0.0,0.0,30.24857734811084,DECLINING,5.94,7439218,RECONSIDER,4,79.58
S01401,Song_01401,A0427,Hindi,Classical,382683,279359,0.17078025050204218,0.3473971929769548,0.5656483303413008,0.025966587795632143,0.007817897400835484,0.013115739961841216,0.0,0.0,0.0,18.28507947098783,DECLINING,0.0,5542189,RECONSIDER,4,50.38
S01402,Song_01402,A0121,Bengali,Lo-Fi,496893,364326,0.2599924243671876,0.28217342566709536,0.6616655899761116,0.07461998320185767,0.025573250330747737,0.04833034150733135,0.0,0.0,0.0,39.255162226571876,DECLINING,1.69,5819211,RECONSIDER,6,16.95
S01403,Song_01403,A0150,Punjabi,Lo-Fi,464114,323019,0.20054547874892809,0.3152522871535873,0.5788470074162814,0.04092019354898628,0.013163312374813866,0.021227853469919726,0.0,0.0,0.0,23.812446030022425,DECLINING,0.0,5906893,RECONSIDER,4,58.83
S01404,Song_01404,A0161,Kannada,Classical,470507,355823,0.1723918914741318,0.3439183689084328,0.5668077201826965,0.031566256256621975,0.008557625561023317,0.016207496423783736,0.0,0.0,0.0,19.419880694719065,DECLINING,0.0,6446610,RECONSIDER,5,83.43
S01405,Song_01405,A0089,Kannada,Electronic,632525,450015,0.20135106607557526,0.2979755740879807,0.6011825619540729,0.04786729331244514,0.018030510094107974,0.03215448373943091,0.0,0.0,0.0,27.7236927395257,DECLINING,6.48,7227001,RECONSIDER,3,93.24
S01406,Song_01406,A0078,Telugu,Rock,544734,382391,0.24301827187355352,0.2725899246237613,0.6613374601181494,0.07829682183942614,0.025283021828442616,0.04542209413924491,0.0,0.0,0.0,38.427942498686456,DECLINING,20.53,7704590,RECONSIDER,8,82.53
S01407,Song_01407,A0174,Punjabi,Folk,504837,354290,0.34302689886815885,0.23619504909505445,0.7289382513563784,0.11250952609444241,0.0413869993508143,0.07014592565412515,0.0,0.0,0.0,55.85276325171181,STABLE,3.79,6737360,MAINTAIN,7,18.9
S01408,Song_01408,A0437,Hindi,Rock,534503,390599,0.23039485508155422,0.29983741906032335,0.6283500747423307,0.06014864349371094,0.021492630549489373,0.03937286065760537,0.0,0.0,0.0,33.07404138805719,DECLINING,2.59,7331906,RECONSIDER,7,71.26
S01409,Song_01409,A0001,Punjabi,Hip-Hop,599582,418460,0.2721144195383071,0.25867687822516355,0.6898572672295032,0.08573579314629833,0.029300291545189504,0.05042536921091622,0.0,0.0,0.0,43.302714282382766,STABLE,67.91,8247774,MONITOR,6,88.02
S01410,Song_01410,A0142,Hindi,Romantic,500957,348543,0.20205828262223025,0.31463778328279673,0.6058663717644428,0.04402326255297051,0.014216323380472424,0.02716451054819635,0.0,0.0,0.0,26.23570240552422,DECLINING,0.0,6323887,RECONSIDER,8,68.1
S01411,Song_01411,A0031,Marathi,Folk,569243,398307,0.2748909760561577,0.2553707291964943,0.7005935953538296,0.09358610318171662,0.037581563969500915,0.06339331219386052,0.0,0.0,0.0,47.8607514126177,STABLE,50.94,7948112,MONITOR,3,68.58
S01412,Song_01412,A0281,Hindi,Hip-Hop,596952,429416,0.30864243530748736,0.26003430761602275,0.6892932765113443,0.09372263725618049,0.0357182778471226,0.057692307692307696,0.0,0.0,0.0,48.027685398685534,STABLE,46.4,7133586,MAINTAIN,5,50.02
S01413,Song_01413,A0126,Punjabi,Folk,656970,467090,0.4130360315999058,0.2147099563145958,0.7752865427645098,0.12796677299877968,0.04723714915754994,0.07921813783210944,0.0,0.0,0.0,65.13504202026226,RISING,93.87,9004674,PROMOTE,6,63.7
S01414,Song_01414,A0396,Hindi,Pop,321282,231429,0.20559653284592683,0.3253154549585722,0.5836554802323193,0.040656097550436636,0.010746276395784453,0.022646254358788226,0.0,0.0,0.0,23.813304072618365,DECLINING,0.0,5165217,RECONSIDER,6,29.44
S01415,Song_01415,A0292,Hindi,Indie,368137,261960,0.20316842265994808,0.32624267596030826,0.6152492142870725,0.04354863337914185,0.0157581310123683,0.02637807298824248,0.0,0.0,0.0,26.97138829879575,DECLINING,0.0,5131481,RECONSIDER,5,8.88
S01416,Song_01416,A0392,Hindi,Classical,588115,441614,0.2666695349332222,0.2941686574904568,0.6411892231961436,0.060543823338934,0.022877445008536865,0.04115358661636633,0.0,0.0,0.0,35.970346550075135,DECLINING,16.65,7313750,RECONSIDER,8,82.77
S01417,Song_01417,A0317,Marathi,Classical,686937,480361,0.2787049739674953,0.2798640923403456,0.674411190545858,0.0808287933450051,0.027918586229939566,0.05355139155759939,0.0,0.0,0.0,42.39791345069179,STABLE,70.96,8153115,MONITOR,2,94.31
S01418,Song_01418,A0219,Telugu,Romantic,617628,448626,0.25496070223304046,0.27189991386400875,0.6642218293212095,0.08111879382826676,0.027860623325442573,0.04987004765662267,0.0,0.0,0.0,40.44084511579368,STABLE,76.01,8073601,MONITOR,5,85.68
S01419,Song_01419,A0430,Hindi,Pop,695059,499329,0.41714781236419274,0.18070552284050706,0.7897430290090481,0.13752055258156445,0.0533676193451612,0.08984056603962517,0.0,0.0,0.0,69.36656040710005,RISING,98.69,8436356,PROMOTE,2,33.39
S01420,Song_01420,A0238,Bengali,Rock,426274,308898,0.2485351151512797,0.2950262038031876,0.639325879598568,0.06303051492725754,0.02161231215482133,0.033441459640399095,0.0,0.0,0.0,34.223969706656064,DECLINING,0.61,5837863,RECONSIDER,6,9.35
S01421,Song_01421,A0475,Bengali,Classical,441943,316970,0.23679528031043948,0.2905103146785898,0.6233269901322116,0.05976275357289333,0.022462693630312017,0.03673533772912263,0.0,0.0,0.0,33.102815799269905,DECLINING,0.42,6070423,RECONSIDER,2,28.01
S01422,Song_01422,A0497,English,Electronic,454942,318579,0.16923588811566362,0.34255135819511057,0.5623068435097222,0.02855806566032287,0.008205186154768519,0.019436309361257332,0.0,0.0,0.0,18.982869825612248,DECLINING,0.0,6474146,RECONSIDER,5,84.28
S01423,Song_01423,A0294,Marathi,Classical,551428,388865,0.2560631581654302,0.2908031510913483,0.630742363463589,0.06411993879624034,0.022010209198565056,0.03598421045864246,0.0,0.0,0.0,34.62958214712005,DECLINING,10.37,7197878,RECONSIDER,3,65.58
S01424,Song_01424,A0337,English,Hip-Hop,591307,433681,0.24212497204166195,0.2993842454088993,0.6334611293287582,0.06390872553789537,0.02231594190199709,0.04004556344409831,0.0,0.0,0.0,34.50364692150409,DECLINING,30.72,7764597,RECONSIDER,5,96.67
S01425,Song_01425,A0128,Hindi,Hip-Hop,394959,270041,0.16972607863250394,0.3365539207867146,0.5825262875387065,0.03743875929951378,0.010842797945497164,0.01903414666661729,0.0,0.0,0.0,21.388158675567563,DECLINING,0.0,5127064,RECONSIDER,7,34.27
S01426,Song_01426,A0407,Punjabi,Devotional,592297,460875,0.25446379170056954,0.28176911245540665,0.65531312837985,0.07307187415242745,0.026742609167344725,0.04411608353675075,0.0,0.0,0.0,38.42932110119827,DECLINING,36.5,6949598,RECONSIDER,6,55.15
S01427,Song_01427,A0336,Hindi,Classical,699567,480740,0.30849731663685154,0.24718718864669145,0.7129295692907184,0.09982734950284977,0.03713025751965719,0.060843699296917256,0.0,0.0,0.0,50.33034871866888,STABLE,89.71,8335529,PROMOTE,6,79.0
S01428,Song_01428,A0451,Kannada,Lo-Fi,545824,397370,0.2851976747112263,0.25843678548396554,0.6993756229114146,0.09288069054030249,0.032614439942622746,0.0568236152704029,0.0,0.0,0.0,46.45094408017587,STABLE,16.07,6549909,MAINTAIN,7,23.4
S01429,Song_01429,A0134,Malayalam,Classical,523899,371207,0.17746432583437274,0.30807273921118383,0.5911941042071086,0.037997667069855905,0.012631766103548693,0.026518896464775718,0.0,0.0,0.0,23.339118797056877,DECLINING,0.07,6788933,RECONSIDER,5,96.41
S01430,Song_01430,A0394,Bengali,Indie,560976,407554,0.24204890640258714,0.27091711588374545,0.6662031887282165,0.07873803226075562,0.02885752562850567,0.053310726922076584,0.0,0.0,0.0,40.228175593861415,STABLE,8.74,7394670,MAINTAIN,3,59.24
S01431,Song_01431,A0235,Punjabi,Pop,334271,234029,0.20760674959086267,0.3067002521905879,0.6232697422151487,0.04916912006631657,0.016339855317076088,0.030308209666323405,0.0,0.0,0.0,28.603684546393186,DECLINING,0.11,5131792,RECONSIDER,6,0.79
S01432,Song_01432,A0093,Punjabi,Romantic,418444,309174,0.2973762347416018,0.26652072917761993,0.6648416514515681,0.07861592501309941,0.025920678970417953,0.04795357953773603,0.0,0.0,0.0,41.659794607288724,STABLE,1.09,6038099,MAINTAIN,5,2.52
S01433,Song_01433,A0086,Gujarati,Folk,540707,381690,0.1983389661767403,0.3251724131553688,0.5808284338837855,0.04177997851659724,0.011569598365165449,0.02551285074274935,0.0,0.0,0.0,23.89793854837535,DECLINING,0.5,6606446,RECONSIDER,6,88.22
S01434,Song_01434,A0281,Hindi,Rock,486037,341616,0.15655004449440307,0.34399232980205213,0.5696973687188424,0.030212285138869373,0.008146573930963422,0.016691255678890918,0.0,0.0,0.0,18.596928966086477,DECLINING,0.0,5951633,RECONSIDER,3,64.53
S01435,Song_01435,A0160,Hindi,Classical,554136,411516,0.2636665403046297,0.2701557018493655,0.6875297760838495,0.08786778642871723,0.03170229104093158,0.052413514905860284,0.0,0.0,0.0,43.743166059210886,STABLE,39.3,7781956,MAINTAIN,6,76.31
S01436,Song_01436,A0051,Punjabi,Indie,424696,311997,0.1673766093904749,0.3082157590370524,0.610309491966018,0.051519726151212995,0.015887973281794376,0.027705394603153237,0.0,0.0,0.0,25.91907525750898,DECLINING,0.0,6616956,RECONSIDER,7,78.4
S01437,Song_01437,A0214,English,Pop,398835,265412,0.2634357150392597,0.3009114044655058,0.6347261398824076,0.06184724127017618,0.01949798803369855,0.036155109791569336,0.0,0.0,0.0,34.37357027839664,DECLINING,0.12,6549215,RECONSIDER,3,42.05
S01438,Song_01438,A0326,English,Indie,495910,382054,0.18816450030623944,0.31192958399709625,0.6045713940029441,0.04579457354196004,0.015900893590958348,0.02723698744156585,0.0,0.0,0.0,26.07542519445504,DECLINING,0.18,6596071,RECONSIDER,8,79.86
S01439,Song_01439,A0160,Hindi,Rock,581610,417816,0.21923765485285387,0.29766854077474597,0.6177696394491153,0.05978229651329772,0.02027447488846765,0.03223667834644915,0.0,0.0,0.0,31.054192910558175,DECLINING,15.89,7278382,RECONSIDER,7,93.75
S01440,Song_01440,A0477,Punjabi,Romantic,450997,336879,0.21912318666346076,0.29747204526859383,0.6220883952664874,0.06360147115136296,0.020366362996803007,0.03575467749548057,0.0,0.0,0.0,31.964718604614255,DECLINING,0.51,5992363,RECONSIDER,4,17.22
S01441,Song_01441,A0389,Hindi,Classical,470043,342098,0.17682067711591415,0.33765421461440764,0.5758600808862168,0.03628784734198972,0.009883132903437028,0.017822378382802588,0.0,0.0,0.0,20.974804957290694,DECLINING,0.0,6391771,RECONSIDER,7,76.41
S01442,Song_01442,A0256,Hindi,Classical,530470,365972,0.23916037292470463,0.3024091843082549,0.6231756744019454,0.06043631753248883,0.02048790617861476,0.03466931896429235,0.0,0.0,0.0,32.61580150716395,DECLINING,0.62,6217564,RECONSIDER,3,30.78
S01443,Song_01443,A0467,Hindi,Romantic,489808,357414,0.24374814640724762,0.2952850913010812,0.6373476954235129,0.06033339488660209,0.020771430330093394,0.036752897200445424,0.0,0.0,0.0,33.74571984694234,DECLINING,0.43,6388787,RECONSIDER,6,32.15
S01444,Song_01444,A0217,English,Indie,477819,366476,0.23714786234296378,0.297192032966458,0.618531284858911,0.05989205295844748,0.020964537923356508,0.03852366867134546,0.0,0.0,0.0,32.72058215555581,DECLINING,0.77,6611787,RECONSIDER,5,41.28
S01445,Song_01445,A0070,Kannada,Electronic,678691,489953,0.3229207699514035,0.23804647475802684,0.7231184736500116,0.10703679740709823,0.03846083195735101,0.06815959898194317,0.0,0.0,0.0,53.195180843719605,STABLE,90.71,8455280,PROMOTE,8,86.37
S01446,Song_01446,A0018,English,Hip-Hop,422312,313969,0.27915813344629564,0.2657111330011934,0.6880860595957491,0.08837815198315757,0.03228981205150827,0.05440664524204619,0.0,0.0,0.0,44.89843852114619,STABLE,4.25,6296356,MAINTAIN,7,2.21
S01447,Song_01447,A0469,Marathi,Lo-Fi,638567,465150,0.37521229710845966,0.22977228701138644,0.7532318456794667,0.12228743416102332,0.045052133720305275,0.07425561646780608,0.0,0.0,0.0,60.74208687760574,RISING,88.77,8324422,PROMOTE,4,43.39
S01448,Song_01448,A0479,Telugu,Devotional,570108,420626,0.2845639594318944,0.2695436654107643,0.6689539525844226,0.07545895878999397,0.027185670881020193,0.04916481625006538,0.0,0.0,0.0,41.33273305860732,STABLE,18.7,7545542,MAINTAIN,6,68.0
S01449,Song_01449,A0369,English,Electronic,375978,284571,0.19161123234623345,0.34341637010676157,0.552851496630122,0.026991506513313022,0.00982180194046477,0.013782149270305126,0.0,0.0,0.0,19.34637969524877,DECLINING,0.0,4972695,RECONSIDER,6,11.04
S01450,Song_01450,A0052,Bengali,Pop,506911,346389,0.18383666917829378,0.31640070939474585,0.5851500559269773,0.0393545984427912,0.013225015805929172,0.02622773817875279,0.0,0.0,0.0,23.615402542676495,DECLINING,0.02,6222666,RECONSIDER,8,79.23
S01451,Song_01451,A0147,Tamil,Electronic,643306,487334,0.242156303479749,0.2591861415873628,0.6563626019343827,0.07067637390372927,0.02581186619443749,0.042609380835320336,0.0,0.0,0.0,37.28537839097136,DECLINING,66.65,8201824,MONITOR,4,94.19
S01452,Song_01452,A0021,Punjabi,Rock,587277,447035,0.3534152806827206,0.23181735365083256,0.7239054143104532,0.10261165233147293,0.04109297929692306,0.06554296643439551,0.0,0.0,0.0,54.675518471839254,STABLE,52.68,6595409,MONITOR,5,9.09
S01453,Song_01453,A0026,Hindi,Electronic,470622,361427,0.3476746341584884,0.23850563722052942,0.7288737033117874,0.10477357806694021,0.038749180332404605,0.06941650734449833,0.0,0.0,0.0,54.6360710419209,STABLE,2.61,6763101,MAINTAIN,6,15.29
S01454,Song_01454,A0123,Hindi,Folk,513408,380665,0.190077890008275,0.32648692657691347,0.6015605522313637,0.04550983147912206,0.014093756977920218,0.024888024903786794,0.0,0.0,0.0,25.35522070861768,DECLINING,0.03,7087632,RECONSIDER,4,97.41
S01455,Song_01455,A0286,Gujarati,Hip-Hop,402354,281337,0.17047882077366291,0.32886960238993523,0.5837595749017035,0.03988810572374057,0.011701269296253248,0.02220113244969556,0.0,0.0,0.0,22.21563733133251,DECLINING,0.0,5127470,RECONSIDER,6,19.79
S01456,Song_01456,A0033,Telugu,Hip-Hop,360783,275805,0.20369826507858813,0.2995346233054218,0.6293533786237157,0.04669603524229075,0.019285364659813998,0.03286379869835572,0.0,0.0,0.0,29.392034656599282,DECLINING,0.0,5634238,RECONSIDER,5,7.89
S01457,Song_01457,A0492,Malayalam,Pop,510742,381433,0.30158376438325996,0.2811008297731536,0.6543303664080886,0.07129692501697546,0.024840535559324965,0.03944860565289317,0.0,0.0,0.0,39.62806302635231,DECLINING,18.82,7904634,RECONSIDER,3,95.22
S01458,Song_01458,A0228,Kannada,Devotional,606774,441637,0.30878526935016765,0.26636935663031047,0.6938678980971499,0.09332551394018164,0.03308599596501199,0.058729227850021624,0.0,0.0,0.0,47.678874263964204,STABLE,80.9,8283475,PROMOTE,4,89.26
S01459,Song_01459,A0132,Hindi,Electronic,520796,375542,0.25467990264737367,0.2804687439995699,0.6442368989009132,0.06987234450474247,0.023731034078744852,0.04200062842504966,0.0,0.0,0.0,36.70753660339241,DECLINING,0.87,7241227,RECONSIDER,6,65.57
S01460,Song_01460,A0258,Telugu,Classical,437816,322117,0.19839064687675595,0.32327964258958103,0.5936694867250168,0.042701875405520354,0.01343300726133672,0.030752801000878564,0.0,0.0,0.0,25.511486457242434,DECLINING,0.0,5950789,RECONSIDER,5,55.14
S01461,Song_01461,A0395,English,Romantic,852006,649882,0.4802533382983372,0.15100597883113498,0.8366795538998552,0.15952434441944846,0.06270369082387264,0.10540990518278703,0.0,0.0,0.0,80.40075316635497,BREAKOUT,100.0,10308530,PROMOTE,2,91.92
S01462,Song_01462,A0156,Telugu,Rock,687375,508537,0.3574725142909955,0.2091449354428078,0.7819167121294781,0.12956186078889048,0.04832293422110879,0.08199600029103093,0.0,0.0,0.0,63.39911992286288,RISING,97.81,8888208,PROMOTE,5,65.55
S01463,Song_01463,A0024,Hindi,Classical,616684,438816,0.3060257602275213,0.23371126865623237,0.718734392330594,0.1029429191278349,0.037674104863997665,0.06865064172682855,0.0,0.0,0.0,51.631442015623726,STABLE,84.37,7804847,PROMOTE,3,65.84
S01464,Song_01464,A0026,Hindi,Lo-Fi,565532,387690,0.1937450024504114,0.3115915633421274,0.608151262881676,0.05261936082952875,0.0183187598338879,0.03170316489979107,0.0,0.0,0.0,28.160011149267913,DECLINING,2.09,7370942,RECONSIDER,6,84.37
S01465,Song_01465,A0426,Telugu,Romantic,534620,393502,0.19832173661124974,0.30163667651790055,0.6059163518012795,0.05236059791309828,0.01663778074825541,0.03086388379220436,0.0,0.0,0.0,27.77804279369122,DECLINING,0.0,6794678,RECONSIDER,5,65.32
S01466,Song_01466,A0056,Telugu,Rock,585773,421226,0.25497713816336126,0.2678511983310941,0.6818972537143227,0.08507784419765162,0.029328673918514053,0.05493962860792069,0.0,0.0,0.0,42.45968195096634,STABLE,23.29,7128665,MAINTAIN,5,50.37
S01467,Song_01467,A0318,Marathi,Devotional,447753,324039,0.18281750036261069,0.3324020162902314,0.5732044229742738,0.029999475371791668,0.010273454738472838,0.01595486962989023,0.0,0.0,0.0,20.457489821819834,DECLINING,0.0,5341560,RECONSIDER,7,38.97
S01468,Song_01468,A0192,English,Hip-Hop,540824,394889,0.24771518072167115,0.28528874458234105,0.6482866884605712,0.06738096021920084,0.02590854645229419,0.0408494538971711,0.0,0.0,0.0,36.72501084167483,DECLINING,5.93,6919177,RECONSIDER,5,50.31
S01469,Song_01469,A0388,English,Folk,371548,262341,0.18884581517948015,0.332411962922691,0.5668177462938839,0.030365059216820856,0.008763403356699867,0.016383256906087877,0.0,0.0,0.0,20.172629924757405,DECLINING,0.0,5698226,RECONSIDER,3,52.25
S01470,Song_01470,A0031,Gujarati,Lo-Fi,394944,288693,0.17811654595019624,0.32897828552908764,0.5717772646248582,0.028400411509804532,0.00888487077968638,0.011604022265867202,0.0,0.0,0.0,19.274800975144462,DECLINING,0.0,5170861,RECONSIDER,5,36.08
S01471,Song_01471,A0448,English,Rock,541353,398072,0.23368636829518277,0.3047844936667941,0.6172608261153074,0.05339235113245845,0.02018730279949356,0.032888522679314296,0.0,0.0,0.0,31.15892613963569,DECLINING,1.16,6247252,RECONSIDER,5,44.81
S01472,Song_01472,A0349,English,Electronic,483365,356153,0.1423489343063234,0.3356345618735324,0.5714377333898814,0.027440453962201638,0.009327451965868601,0.019224883687628633,0.0,0.0,0.0,18.232093087539212,DECLINING,0.0,6133478,RECONSIDER,5,80.19
S01473,Song_01473,A0225,Punjabi,Electronic,458211,322599,0.2251897867011367,0.3078930885552726,0.6199305560102224,0.05616260434781261,0.018840727962578928,0.030502264421154435,0.0,0.0,0.0,30.594137712616842,DECLINING,0.11,6453757,RECONSIDER,5,41.65
S01474,Song_01474,A0104,English,Devotional,321632,235169,0.1151129613171804,0.3410077355487016,0.5508935678041986,0.0232853820018795,0.006420914321190293,0.012807810553261696,0.0,0.0,0.0,14.266694562792598,DECLINING,0.0,4587756,RECONSIDER,5,2.56
S01475,Song_01475,A0488,Punjabi,Romantic,532935,383651,0.21015975456860533,0.29433232945856436,0.6282360888288441,0.0643710038550662,0.021855801236019195,0.03728388561479053,0.0,0.0,0.0,32.381309599374106,DECLINING,0.91,6047335,RECONSIDER,6,28.3
S01476,Song_01476,A0151,English,Pop,467384,336747,0.26002310339810003,0.27999674785615253,0.6511241291956935,0.0714482979803829,0.026646117114629084,0.04103971230627147,0.0,0.0,0.0,38.04223024781186,DECLINING,1.82,6038973,RECONSIDER,5,23.17
S01477,Song_01477,A0245,Bengali,Rock,771645,560490,0.38885974772074433,0.1951091499329355,0.7851848972001374,0.13144926760513123,0.05343360274045924,0.08539670645328196,0.0,0.0,0.0,66.79314842204181,RISING,95.89,9339716,PROMOTE,4,79.36
S01478,Song_01478,A0197,Kannada,Romantic,485790,349554,0.21889607900353023,0.3105745280882686,0.6249078820066284,0.05047288830910246,0.01924738380908243,0.03382882187015454,0.0,0.0,0.0,30.372991809169875,DECLINING,0.11,6399785,RECONSIDER,5,44.93
S01479,Song_01479,A0116,Malayalam,Hip-Hop,416874,293914,0.22959777349837027,0.3076157304125467,0.5970029313413645,0.04457086086406228,0.0139122328300115,0.026266186707676394,0.0,0.0,0.0,27.067171758876956,DECLINING,0.2,5563369,RECONSIDER,4,28.03
S01480,Song_01480,A0208,Punjabi,Devotional,592267,426986,0.23652063533698997,0.29111870153157277,0.6291892001411525,0.06021274702215061,0.022457410781618132,0.04071562065266777,0.0,0.0,0.0,33.771564150132676,DECLINING,23.51,7365961,RECONSIDER,5,81.07
S01481,Song_01481,A0076,English,Indie,393173,294213,0.18528073198668993,0.3063486048126397,0.6338990724185029,0.055092738934037586,0.018931862290245502,0.0320550077664821,0.0,0.0,0.0,29.35477493160012,DECLINING,0.27,5534974,RECONSIDER,5,1.92
S01482,Song_01482,A0001,Tamil,Hip-Hop,546001,394266,0.3419949983006397,0.21666626984199663,0.779749487638301,0.12695489846956115,0.04889845941572441,0.07868291965322904,0.0,0.0,0.0,62.12161084402002,RISING,55.81,7685055,MONITOR,3,17.43
S01483,Song_01483,A0145,Bengali,Pop,816626,625943,0.40679422886748473,0.14388961409506923,0.8474479137328471,0.17148047026646196,0.06317348384757078,0.1100451638567729,0.0,0.0,0.0,79.00846256620666,RISING,99.99,10035071,PROMOTE,6,82.7
S01484,Song_01484,A0056,Punjabi,Hip-Hop,465461,336449,0.2182470448715853,0.2805004071232606,0.6408206058080054,0.06685708680959075,0.02585235800968349,0.04434550258731636,0.0,0.0,0.0,35.20151701103965,DECLINING,0.6,6965011,RECONSIDER,5,55.07
S01485,Song_01485,A0207,Tamil,Classical,515056,387567,0.16305309791597325,0.33433840203783666,0.5795078593395669,0.03133393709990789,0.010485928884554154,0.016964808665340444,0.0,0.0,0.0,20.057266889613622,DECLINING,0.0,6325161,RECONSIDER,4,77.36
S01486,Song_01486,A0431,Tamil,Electronic,501946,393568,0.2071077933165298,0.3029250158383571,0.6113506233738291,0.04737681925359785,0.01746076916822506,0.03068847060736645,0.0,0.0,0.0,28.15650009460636,DECLINING,0.02,6648927,RECONSIDER,6,83.82
S01487,Song_01487,A0082,Marathi,Rock,477753,347905,0.17093171986605538,0.33613185055876155,0.5752868113857997,0.03133039191733376,0.011566375878472571,0.023739239160115548,0.0,0.0,0.0,21.13053089267872,DECLINING,0.0,6604058,RECONSIDER,5,94.2
S01488,Song_01488,A0001,Tamil,Hip-Hop,443916,314595,0.20682146887267758,0.3040169761846836,0.6036164499590012,0.05017244393585404,0.018636659832483034,0.027088796706877097,0.0,0.0,0.0,28.00025264324131,DECLINING,0.0,5386750,RECONSIDER,6,6.34
S01489,Song_01489,A0056,Hindi,Indie,551368,399776,0.25146582085968144,0.2786723204828717,0.6649587934011404,0.07243806531657729,0.026562374929960778,0.044512426959097094,0.0,0.0,0.0,38.66193347449459,DECLINING,12.44,7539583,RECONSIDER,7,79.92
S01490,Song_01490,A0254,English,Pop,553773,397344,0.19070880647499397,0.3091447217542206,0.6220418835876794,0.05705132076991222,0.01836192316984779,0.033650942256583716,0.0,0.0,0.0,29.27275330147409,DECLINING,3.91,7208207,RECONSIDER,8,70.88
S01491,Song_01491,A0138,Punjabi,Hip-Hop,591802,408693,0.3247865757426724,0.22691711079043328,0.7274291063565179,0.11075795279097024,0.04033834687650632,0.0679238450377178,0.0,0.0,0.0,54.26876073200372,STABLE,29.48,6960205,MAINTAIN,4,20.7
S01492,Song_01492,A0245,Hindi,Pop,528574,365303,0.1625664174671437,0.3334708101420047,0.5721847839659159,0.029370139309011972,0.008781751039547992,0.019104688436722393,0.0,0.0,0.0,19.298838567695388,DECLINING,0.0,6479406,RECONSIDER,7,93.17
S01493,Song_01493,A0015,Bengali,Indie,437760,314905,0.2692145250154809,0.27689601608187137,0.6248652229532163,0.06287928105301599,0.021228624505803338,0.04164430542544577,0.0,0.0,0.0,35.218727716966846,DECLINING,1.95,6478661,RECONSIDER,1,40.42
S01494,Song_01494,A0167,Marathi,Classical,580208,446553,0.2142276504692612,0.27840533050216476,0.6514904999586355,0.07324550501284283,0.025255680736665075,0.04808835681318903,0.0,0.0,0.0,36.32046633267589,DECLINING,58.72,7676930,MONITOR,5,88.76
S01495,Song_01495,A0205,Hindi,Indie,410010,291328,0.16976054481546574,0.34070632423599423,0.5582644325748153,0.02562060632688928,0.007678630272407733,0.016211967267135325,0.0,0.0,0.0,18.11420869233873,DECLINING,0.0,5674439,RECONSIDER,8,60.51
S01496,Song_01496,A0216,Telugu,Devotional,589936,437935,0.2886684096955028,0.24373660871687777,0.7087650185782864,0.09898729263475173,0.036014477034263075,0.06396154680489113,0.0,0.0,0.0,49.11281442242789,STABLE,50.02,7585402,MONITOR,6,52.67
S01497,Song_01497,A0276,Tamil,Rock,434592,325325,0.22519326827019134,0.317295302260511,0.6041551616228554,0.049009452086375166,0.01810804580035349,0.03218934911242603,0.0,0.0,0.0,29.156677524002625,DECLINING,0.12,5431399,RECONSIDER,5,15.95
S01498,Song_01498,A0390,Telugu,Folk,644166,459290,0.2610333340590912,0.2677337829068905,0.6811163582058041,0.08132987872585948,0.029345293823074745,0.05258986696858194,0.0,0.0,0.0,42.14368381690883,STABLE,53.93,8106969,MONITOR,4,91.43
S01499,Song_01499,A0234,English,Lo-Fi,530431,380181,0.2768128864935386,0.27053283084887575,0.6831746259174143,0.08038802570354647,0.03029346548091567,0.05189107293631191,0.0,0.0,0.0,43.07856328927943,STABLE,0.12,7265155,MAINTAIN,7,55.67
S01500,Song_01500,A0420,Bengali,Romantic,512435,373649,0.27606122323356946,0.26000565925434443,0.6650580073570307,0.08153641519179765,0.030325251773723468,0.04964284662878798,0.0,0.0,0.0,42.11391782562172,STABLE,0.49,5892050,MAINTAIN,5,0.61
S01501,Song_01501,A0265,English,Lo-Fi,437091,310396,0.23713256614131625,0.2914816365470806,0.625920002928452,0.055880230415340404,0.019539555922112397,0.03460418304359592,0.0,0.0,0.0,31.97286854854762,DECLINING,0.36,5362049,RECONSIDER,5,1.83
S01502,Song_01502,A0130,Punjabi,Romantic,553708,410943,0.19951428786960723,0.318534317727033,0.6079269217710418,0.05431896881075964,0.01624312860907717,0.02954180993471114,0.0,0.0,0.0,27.901987125386547,DECLINING,3.54,7187680,RECONSIDER,5,77.76
S01503,Song_01503,A0115,Hindi,Hip-Hop,540447,393536,0.27939756464465765,0.25250394580782204,0.7178668768630412,0.0954220198406245,0.03457371117254838,0.059290636688892506,0.0,0.0,0.0,47.96233606753334,STABLE,4.47,6499604,MAINTAIN,5,16.19
S01504,Song_01504,A0161,Marathi,Indie,561177,414986,0.29341471760493126,0.25989126425352427,0.6976693627857165,0.09503212156554679,0.03293605085472763,0.0584405257044816,0.0,0.0,0.0,47.20686716992669,STABLE,19.6,7473532,MAINTAIN,7,59.87
S01505,Song_01505,A0299,Tamil,Pop,568062,401659,0.2838029273587795,0.28138477842207366,0.6495171301724108,0.06884446757075031,0.027251972444287318,0.04658429165038005,0.0,0.0,0.0,39.53488179167013,DECLINING,20.12,7267735,RECONSIDER,4,68.11
S01506,Song_01506,A0121,Punjabi,Rock,483044,356264,0.21996609256057306,0.31794619123723716,0.6252536000861205,0.055113623604967105,0.017369141984595694,0.027201738036961354,0.0,0.0,0.0,29.828866019726124,DECLINING,0.18,5999501,RECONSIDER,7,27.94
S01507,Song_01507,A0457,English,Romantic,502906,361642,0.2274044497044038,0.3103263830616457,0.6137846834199632,0.05440739737088059,0.019654796732680387,0.041626802196647515,0.0,0.0,0.0,31.472737523737052,DECLINING,2.97,6631645,RECONSIDER,6,56.93
S01508,Song_01508,A0240,Telugu,Classical,534828,379982,0.2856530046160081,0.24511057760625846,0.7031830794199256,0.09723618487191499,0.0367648993899711,0.06053181466490518,0.0,0.0,0.0,48.39888661173747,STABLE,1.09,6781421,MAINTAIN,7,24.03
S01509,Song_01509,A0431,Tamil,Folk,534605,381661,0.1641587691694986,0.31903367907146396,0.5849515062522798,0.03620228422605401,0.010894484896282303,0.02109463633957884,0.0,0.0,0.0,21.312515494448196,DECLINING,0.16,6693412,RECONSIDER,7,94.63
S01510,Song_01510,A0341,Hindi,Lo-Fi,628938,472782,0.2381033964914062,0.2909809869971285,0.6266404637659038,0.05598351883108917,0.02094622891734457,0.03570990435338063,0.0,0.0,0.0,32.50007625375575,DECLINING,7.72,7493977,RECONSIDER,5,86.02
S01511,Song_01511,A0167,Malayalam,Hip-Hop,518319,361074,0.3216404393559215,0.253569712860227,0.7091713790156255,0.09956961730836338,0.035491339725374854,0.06405335194447676,0.0,0.0,0.0,50.68127905184718,STABLE,3.32,6650495,MAINTAIN,5,28.8
S01512,Song_01512,A0114,Tamil,Indie,475136,340505,0.23194960426425457,0.3087263436153017,0.6092802902747845,0.0496585953216546,0.016798578581812308,0.031153727551724644,0.0,0.0,0.0,29.379176679261274,DECLINING,0.0,6307271,RECONSIDER,6,52.88
S01513,Song_01513,A0372,Gujarati,Classical,431260,314298,0.1488046376368924,0.33131985345267356,0.5746208783564439,0.03228146536089953,0.009366906566379677,0.014896690402102463,0.0,0.0,0.0,18.769850980675923,DECLINING,0.0,5552033,RECONSIDER,5,50.06
S01514,Song_01514,A0166,Gujarati,Classical,562108,413436,0.19559496512156657,0.3112213311320956,0.6217417293473853,0.05782757186118287,0.019949883416054724,0.0368666492516375,0.0,0.0,0.0,30.247350087435855,DECLINING,19.7,7722964,RECONSIDER,8,96.0
S01515,Song_01515,A0124,Kannada,Devotional,471043,337667,0.18271847707948954,0.3444929656103583,0.5729031107563428,0.032837085057171714,0.01004836125531959,0.014638682488961018,0.0,0.0,0.0,20.53711807156992,DECLINING,0.0,5381967,RECONSIDER,7,39.4
S01516,Song_01516,A0465,Telugu,Lo-Fi,456327,330763,0.1737407146506713,0.33236253826751433,0.576174541502037,0.0348648428028528,0.011757663342030397,0.022711125488642927,0.0,0.0,0.0,21.59990941881915,DECLINING,0.0,5863413,RECONSIDER,3,56.22
S01517,Song_01517,A0241,Marathi,Classical,541892,414697,0.2016315526758091,0.3119034789219992,0.6082060632007854,0.054994369382947064,0.01862805855841735,0.02938048744022744,0.0,0.0,0.0,28.63486111654479,DECLINING,2.87,7603916,RECONSIDER,4,92.87
S01518,Song_01518,A0025,Hindi,Pop,468814,342500,0.1945051094890511,0.30904153886189406,0.6019722107274953,0.05058978102189781,0.017702189781021897,0.03238540145985402,0.0,0.0,0.0,27.63223240531916,DECLINING,0.0,5844210,RECONSIDER,5,16.28
S01519,Song_01519,A0247,Punjabi,Lo-Fi,561958,407191,0.2610494829207915,0.29258058431413025,0.608725207221892,0.050423511325152076,0.019742577807466275,0.03312450422528985,0.0,0.0,0.0,31.729336894647776,DECLINING,6.71,6728037,RECONSIDER,7,55.05
S01520,Song_01520,A0230,Telugu,Lo-Fi,489198,359872,0.20526187088742665,0.2873028916716749,0.6348124890126289,0.06821592121643251,0.02245242752978837,0.03856371154188156,0.0,0.0,0.0,33.07776875412966,DECLINING,1.2,5794773,RECONSIDER,8,10.57
S01521,Song_01521,A0432,Punjabi,Rock,491761,357934,0.21239949264389524,0.3184595769082949,0.5748768202439803,0.044273525286784715,0.011395955678979924,0.024515692837226974,0.0,0.0,0.0,24.415849874521783,DECLINING,0.0,6076409,RECONSIDER,5,61.75
S01522,Song_01522,A0356,Bengali,Indie,397104,283334,0.16272667593723308,0.33294048914138363,0.5580049558805754,0.02905051988112969,0.00787056971630655,0.019485836503914108,0.0,0.0,0.0,18.438838857634135,DECLINING,0.0,5512150,RECONSIDER,4,36.57
S01523,Song_01523,A0096,Hindi,Folk,618475,477704,0.2760056436621841,0.2711427301022677,0.6742358219814867,0.08114857736171353,0.028595113291912985,0.04883568067255037,0.0,0.0,0.0,42.01261767694843,STABLE,68.84,8398023,MONITOR,5,96.76
S01524,Song_01524,A0076,English,Indie,564972,420149,0.3396295123872721,0.23957470458712998,0.7260289005472838,0.10006688103506137,0.03832687927378144,0.06195897169813566,0.0,0.0,0.0,52.86633170062125,STABLE,26.37,7347052,MAINTAIN,5,41.54
S01525,Song_01525,A0302,Punjabi,Classical,407725,294657,0.29761044197151265,0.2544460114047458,0.6723011833956711,0.07916662424446051,0.02856202296229175,0.04715652436561833,0.0,0.0,0.0,42.62285424891297,STABLE,0.32,6003132,MAINTAIN,8,13.62
S01526,Song_01526,A0024,English,Lo-Fi,526426,389797,0.1710480070395616,0.32911938240132516,0.5914886422783069,0.0372193731609017,0.011536774269683964,0.017534768097240357,0.0,0.0,0.0,21.871944169560777,DECLINING,0.0,6685930,RECONSIDER,5,83.4
S01527,Song_01527,A0160,Hindi,Folk,625462,469945,0.2950515485854728,0.2482740758031663,0.6937911495822288,0.09211077892093755,0.03234208258413219,0.05392333145368075,0.0,0.0,0.0,46.265827251072125,STABLE,72.5,8396129,MONITOR,7,82.09
S01528,Song_01528,A0069,Hindi,Indie,551471,367687,0.2979871466763851,0.2501908531908296,0.6979949988304008,0.09383252603437163,0.0329356218740396,0.05645562666071958,0.0,0.0,0.0,47.14530445125576,STABLE,26.11,8013993,MAINTAIN,5,69.49
S01529,Song_01529,A0011,Bengali,Romantic,598423,436861,0.3080430617519074,0.2715169704372994,0.6857306620901937,0.08525824003515993,0.031055644701632783,0.048077077148108896,0.0,0.0,0.0,45.01854655120415,STABLE,38.17,7589756,MAINTAIN,2,74.88
S01530,Song_01530,A0459,English,Classical,498542,353130,0.3017953728088806,0.2143911646360788,0.7454316787753088,0.11266672330303287,0.04479370203607737,0.07066802593945573,0.0,0.0,0.0,55.4759762056712,STABLE,17.37,6912069,MAINTAIN,5,26.47
S01531,Song_01531,A0045,Hindi,Devotional,456015,326040,0.16711446448288553,0.3437518502680833,0.568781728671206,0.03152067231014599,0.00703594650963072,0.01797325481536008,0.0,0.0,0.0,19.05145699040581,DECLINING,0.0,5991933,RECONSIDER,4,64.21
S01532,Song_01532,A0005,Hindi,Hip-Hop,449606,323363,0.24685260836892284,0.2853698571638279,0.6440616895681998,0.06523318994442778,0.02530283303903044,0.0470771238515229,0.0,0.0,0.0,36.71345106749944,DECLINING,2.47,5917609,RECONSIDER,9,3.8
S01533,Song_01533,A0466,English,Indie,391535,280622,0.1523757937724056,0.3366391254932509,0.557868389799124,0.024160614634633065,0.009304331093071818,0.015700836000028508,0.0,0.0,0.0,17.44526697387185,DECLINING,0.0,5081368,RECONSIDER,4,19.69
S01534,Song_01534,A0094,Hindi,Devotional,699104,482920,0.3731446202269527,0.21761426053920446,0.756177907721884,0.11945042657168889,0.04566387807504348,0.07532096413484635,0.0,0.0,0.0,60.74768839437429,RISING,91.65,9276547,PROMOTE,7,93.23
S01535,Song_01535,A0408,Tamil,Pop,633917,436269,0.36146276723764464,0.2285961726850676,0.7388143873724794,0.11724188516717897,0.044903488444056304,0.07345238832005024,0.0,0.0,0.0,58.807539631948366,STABLE,84.72,8858021,PROMOTE,2,73.92
S01536,Song_01536,A0016,Telugu,Indie,418810,319233,0.1951114076552236,0.3170602421145627,0.5989183639359137,0.0449828181923548,0.0156969987438642,0.02946123990940786,0.0,0.0,0.0,26.23233663738119,DECLINING,0.0,5469417,RECONSIDER,4,23.07
S01537,Song_01537,A0077,Hindi,Electronic,391619,286389,0.23930737563244397,0.29972754130928275,0.6321909815407322,0.0579002685158997,0.019372252425896245,0.028328602006361975,0.0,0.0,0.0,31.942759711125966,DECLINING,0.22,5701509,RECONSIDER,5,11.14
S01538,Song_01538,A0056,Punjabi,Hip-Hop,785431,555445,0.4663540044468849,0.14276620097755247,0.8386720157467683,0.1698872075543033,0.06490471603849166,0.10910531195707945,0.0,0.0,0.0,81.67968315169574,BREAKOUT,100.0,10580074,PROMOTE,9,94.89
S01539,Song_01539,A0353,Hindi,Indie,400896,284567,0.1688108600083636,0.3138669380587484,0.6025777258939975,0.04350469309512347,0.01452733451173186,0.02689349081235702,0.0,0.0,0.0,24.459642085486962,DECLINING,0.0,5136046,RECONSIDER,8,11.22
S01540,Song_01540,A0310,English,Electronic,404440,289005,0.17947094340928357,0.3278928889328454,0.5847121946395015,0.03225203716198682,0.009117489316793827,0.018657116658881333,0.0,0.0,0.0,21.019687897565348,DECLINING,0.0,5043784,RECONSIDER,5,25.71
S01541,Song_01541,A0238,Kannada,Pop,376903,292043,0.2027920545947001,0.32485016038609404,0.5917119258801337,0.04748958201360758,0.015620987320360357,0.03006749006139507,0.0,0.0,0.0,26.55387124842805,DECLINING,0.0,5121916,RECONSIDER,2,18.26
S01542,Song_01542,A0121,Punjabi,Devotional,448966,336234,0.21410981637787968,0.2680937977486046,0.648739548206323,0.069921542735119,0.026811684719570298,0.04421325624416329,0.0,0.0,0.0,35.87718135625775,DECLINING,0.69,5602923,RECONSIDER,5,0.75
S01543,Song_01543,A0045,Kannada,Hip-Hop,412282,288401,0.19327256146823346,0.30855821985922255,0.6030071649987144,0.04835628170498715,0.015509654959587518,0.02662958866300741,0.0,0.0,0.0,26.350366292529962,DECLINING,0.0,5590334,RECONSIDER,4,31.41
S01544,Song_01544,A0285,Hindi,Rock,643353,434212,0.23233351450443562,0.29845978801684303,0.6411006088414913,0.06350584507107128,0.021738229252070418,0.0368759960572255,0.0,0.0,0.0,33.90936199981141,DECLINING,49.34,7803443,RECONSIDER,7,97.42
S01545,Song_01545,A0116,English,Devotional,477867,343184,0.28741433167047414,0.2604009065283855,0.6966917573299684,0.09390006527110821,0.03397885682316192,0.05751725022145555,0.0,0.0,0.0,46.92166323794575,STABLE,1.85,7169339,MAINTAIN,7,34.19
S01546,Song_01546,A0295,English,Pop,514636,387939,0.29334251003379397,0.24867284838215747,0.7044318702927894,0.09729880213126291,0.03678671131286104,0.06139367271658688,0.0,0.0,0.0,48.92302370446698,STABLE,1.29,7315662,MAINTAIN,4,50.43
S01547,Song_01547,A0344,English,Pop,584256,433889,0.22948496043919067,0.30136447036915326,0.6160005203198597,0.05926631004703968,0.020890135495483866,0.03425530492821897,0.0,0.0,0.0,31.75595963213179,DECLINING,7.4,7295839,RECONSIDER,5,74.59
S01548,Song_01548,A0424,Gujarati,Classical,505023,364524,0.23306833020596723,0.3007051164006392,0.6363452753636963,0.05973543580120925,0.019927357320779975,0.03779175033742634,0.0,0.0,0.0,33.01622138506014,DECLINING,0.22,6634562,RECONSIDER,5,55.11
S01549,Song_01549,A0247,Hindi,Lo-Fi,582500,428429,0.30455688107014234,0.24598111587982832,0.6940412017167382,0.09473214931762322,0.0338725903241844,0.05788823819115886,0.0,0.0,0.0,47.725139460488364,STABLE,54.38,8090436,MONITOR,4,74.36
S01550,Song_01550,A0003,Bengali,Pop,491526,364664,0.21543667595375468,0.3211752786220871,0.6049527390209266,0.043382401333830596,0.015444354254875722,0.02528629094179848,0.0,0.0,0.0,26.902145368095272,DECLINING,0.0,6030840,RECONSIDER,3,66.16
S01551,Song_01551,A0141,Bengali,Electronic,571118,409154,0.26722212174389104,0.28621405734016436,0.6495627873749383,0.06875650732975848,0.022986454977832308,0.041703124007097574,0.0,0.0,0.0,37.25394307500764,DECLINING,38.42,7361983,RECONSIDER,7,60.86
S01552,Song_01552,A0426,Punjabi,Pop,568532,441092,0.2934353830946832,0.2601120077673728,0.6791156874195295,0.08110779610602777,0.028696961178166912,0.048683721309840125,0.0,0.0,0.0,43.095175442677025,STABLE,16.14,7307671,MAINTAIN,4,64.96
S01553,Song_01553,A0267,English,Classical,572026,416055,0.209474708872625,0.308192284966068,0.601152744805306,0.04881325786254221,0.016872769225222628,0.030637776255543137,0.0,0.0,0.0,27.794575158008975,DECLINING,1.26,6759194,RECONSIDER,7,79.92
S01554,Song_01554,A0309,Punjabi,Classical,460094,347576,0.1991679517573135,0.3393784748334036,0.5727699122353258,0.028756300780261007,0.008004004879508366,0.0182607544824729,0.0,0.0,0.0,20.790110566563044,DECLINING,0.0,6215123,RECONSIDER,5,71.02
S01555,Song_01555,A0229,Hindi,Classical,677583,488518,0.2917026598815192,0.2655394246904069,0.6762610632202992,0.08372874694484134,0.030320274790284082,0.05333068587032617,0.0,0.0,0.0,43.94760316181575,STABLE,54.75,7589762,MONITOR,6,79.18
S01556,Song_01556,A0082,Telugu,Pop,468496,361698,0.3005159000049765,0.23841185410334345,0.704454253611557,0.09766987929156368,0.0352669906938938,0.06334842879971689,0.0,0.0,0.0,49.130176528194,STABLE,0.58,6424027,MAINTAIN,6,14.56
S01557,Song_01557,A0448,English,Electronic,700058,491835,0.37848058800207385,0.21996748840810332,0.760622691262724,0.12629438734534956,0.045076092592027814,0.07523661390506979,0.0,0.0,0.0,61.72671281828441,RISING,91.81,9092088,PROMOTE,2,67.77
S01558,Song_01558,A0386,Malayalam,Hip-Hop,580511,428296,0.1949376132394419,0.3210361216238797,0.58310178446231,0.04221379606627192,0.013987989614659021,0.025750882567196518,0.0,0.0,0.0,24.47535851059746,DECLINING,2.1,6474901,RECONSIDER,5,73.7
S01559,Song_01559,A0497,Marathi,Electronic,436801,320827,0.1951519042973316,0.3173207021046197,0.5984990876852389,0.045024265414070515,0.013315587528481082,0.024773476047838867,0.0,0.0,0.0,25.218970143763784,DECLINING,0.0,5790257,RECONSIDER,6,30.0
S01560,Song_01560,A0427,Punjabi,Devotional,658562,478471,0.3154464951898861,0.23705588843571296,0.7323881426501985,0.10706604998004059,0.04086977058170715,0.07221963295581132,0.0,0.0,0.0,54.210313571453,STABLE,95.85,8597608,PROMOTE,3,87.46
S01561,Song_01561,A0146,Tamil,Indie,468952,322252,0.28264525898985887,0.26686953035705147,0.6883732236988007,0.08589240718443951,0.030293062572148505,0.05379020145724464,0.0,0.0,0.0,44.31071260347795,STABLE,3.8,6621866,MAINTAIN,3,30.47
S01562,Song_01562,A0127,Punjabi,Rock,522690,369020,0.2962441060105143,0.22780806979280263,0.7021140637854177,0.10560945206221885,0.03685437103680017,0.06433526638122596,0.0,0.0,0.0,50.04801436894087,STABLE,2.0,6873031,MAINTAIN,3,24.38
S01563,Song_01563,A0124,Kannada,Devotional,537983,394661,0.26224531940070084,0.29964701486849954,0.6483346128037503,0.06338857905898987,0.022784110920511528,0.038179602240910555,0.0,0.0,0.0,36.06170065047784,DECLINING,2.93,7401331,RECONSIDER,5,86.71
S01564,Song_01564,A0459,Hindi,Lo-Fi,453183,338242,0.2209719668166579,0.29779581317039694,0.6215369949887793,0.050579171125998544,0.019116490560013244,0.03711248159601705,0.0,0.0,0.0,30.601825681378507,DECLINING,0.41,5978298,RECONSIDER,4,24.7
S01565,Song_01565,A0278,Gujarati,Lo-Fi,470173,362394,0.24569115382705012,0.31365050736643746,0.6195655641646798,0.05972229120791183,0.022105774378162992,0.03575390321031805,0.0,0.0,0.0,33.183381691212475,DECLINING,1.01,6613837,RECONSIDER,4,41.55
S01566,Song_01566,A0227,Telugu,Lo-Fi,464031,337530,0.27604361093828694,0.27739741525889433,0.6561285776165816,0.07461855242496963,0.026089532782271205,0.04494415311231594,0.0,0.0,0.0,39.59112887923949,DECLINING,1.44,6420383,RECONSIDER,3,36.79
S01567,Song_01567,A0484,Bengali,Hip-Hop,649933,492188,0.2559794224970946,0.27494526358870836,0.6587617492880036,0.06701707477630499,0.024760863734995572,0.045476525230196595,0.0,0.0,0.0,37.733958606589624,DECLINING,75.18,7848360,MONITOR,5,89.81
S01568,Song_01568,A0302,English,Indie,459829,336467,0.20683157635072683,0.3193578482435862,0.6052771791252836,0.04434610229234962,0.015029705736372363,0.02928964801897363,0.0,0.0,0.0,26.86265703314586,DECLINING,0.0,5831119,RECONSIDER,4,45.52
S01569,Song_01569,A0454,Bengali,Rock,535517,376412,0.25087669893627196,0.2769641299902711,0.6578614684501146,0.07150675323847273,0.0276239864828964,0.04748520238462111,0.0,0.0,0.0,38.74261156717843,DECLINING,1.47,7331581,RECONSIDER,7,69.43
S01570,Song_01570,A0492,English,Lo-Fi,571072,398843,0.2842471849825621,0.2600092457693601,0.6875350218536367,0.08833049595956304,0.03236862625143227,0.05850171621414943,0.0,0.0,0.0,45.51490207883067,STABLE,58.29,7834279,MONITOR,8,79.4
S01571,Song_01571,A0040,Telugu,Lo-Fi,514887,348024,0.2754608877548675,0.27209465377840186,0.6764008413496554,0.07826184401075788,0.029167528676183253,0.048154724961496906,0.0,0.0,0.0,41.88046230352359,STABLE,1.79,7396914,MAINTAIN,7,62.79
S01572,Song_01572,A0181,Hindi,Folk,633628,473113,0.1907282192626286,0.285920129792244,0.649980745800375,0.06462726663608906,0.02303466613684257,0.040709090640079645,0.0,0.0,0.0,33.06085133365366,DECLINING,28.67,7642665,RECONSIDER,6,94.37
S01573,Song_01573,A0367,English,Romantic,586734,440172,0.271948238415892,0.2670358288423715,0.6741623972703132,0.07573403124233254,0.029399870959534,0.051270866842961386,0.0,0.0,0.0,41.70549122929696,STABLE,23.4,7657515,MAINTAIN,4,80.25
S01574,Song_01574,A0406,English,Rock,517500,377756,0.21417528775188216,0.29868599033816423,0.6385623188405797,0.05678268511949512,0.01764895858702443,0.03673270576774426,0.0,0.0,0.0,31.272525769745577,DECLINING,0.31,6634903,RECONSIDER,6,40.02
S01575,Song_01575,A0075,English,Electronic,495936,361414,0.1489621320701467,0.3319904181184669,0.5743946799587043,0.030189754685762033,0.009891703143763109,0.017010962497302263,0.0,0.0,0.0,18.885782300369392,DECLINING,0.0,6544014,RECONSIDER,4,95.08
S01576,Song_01576,A0159,English,Electronic,470868,329639,0.19547747687621914,0.31009115081084293,0.6111903973087999,0.05345848033758142,0.017224903606672753,0.02733293087286395,0.0,0.0,0.0,27.801373780492916,DECLINING,0.0,6240919,RECONSIDER,7,52.46
S01577,Song_01577,A0274,Bengali,Rock,446767,327722,0.22641446103709853,0.2932759133955731,0.6423348188205485,0.06656556471643649,0.02466419709387835,0.035371442869261145,0.0,0.0,0.0,34.52830077096096,DECLINING,0.27,5578988,RECONSIDER,6,2.26
S01578,Song_01578,A0399,Hindi,Romantic,503651,363448,0.23389590808038563,0.28861056564962645,0.6420140136721658,0.061329268561114654,0.02150238823710682,0.03934538090730998,0.0,0.0,0.0,33.99064368541842,DECLINING,3.18,5950089,RECONSIDER,7,26.0
S01579,Song_01579,A0057,Tamil,Romantic,479132,358415,0.16194913717338838,0.3240004842089445,0.5969753637828407,0.04481676269129361,0.014901720073099619,0.024962682923426755,0.0,0.0,0.0,23.902221565414763,DECLINING,0.0,6253077,RECONSIDER,6,62.17
S01580,Song_01580,A0300,Hindi,Devotional,411598,286652,0.1700528864267474,0.3221565702457252,0.5757656742744134,0.04005204917460893,0.012792514965881975,0.02455939606212411,0.0,0.0,0.0,22.318591437457023,DECLINING,0.0,4967406,RECONSIDER,5,15.68
S01581,Song_01581,A0148,Telugu,Classical,437055,320041,0.1794176371152446,0.3220510004461681,0.5810893365823523,0.04049793620192413,0.013832602697779348,0.023403251458406892,0.0,0.0,0.0,23.204799148175216,DECLINING,0.0,5803883,RECONSIDER,5,58.41
S01582,Song_01582,A0108,Telugu,Classical,374664,261881,0.1705431092748233,0.3158723549633805,0.6014135331924071,0.04209163704125156,0.01367796823748191,0.027310114135809777,0.0,0.0,0.0,24.190867351245878,DECLINING,0.0,5846029,RECONSIDER,7,36.16
S01583,Song_01583,A0258,English,Folk,517693,364900,0.2087366401753905,0.2885068950130676,0.6507524729907493,0.07080844066867635,0.024784872567826802,0.044845163058372155,0.0,0.0,0.0,35.37083432355873,DECLINING,3.64,7125255,RECONSIDER,8,53.44
S01584,Song_01584,A0207,Tamil,Pop,380910,273956,0.18528887850603745,0.3364443044288677,0.5839857184111732,0.03797325117902145,0.012520258727678897,0.02626699177970185,0.0,0.0,0.0,23.33538897995552,DECLINING,0.0,4685655,RECONSIDER,6,0.19
S01585,Song_01585,A0318,Kannada,Electronic,497281,368848,0.17833904480978616,0.306961255306356,0.6096794367771944,0.04949193163579577,0.015654144796772653,0.02789495944128747,0.0,0.0,0.0,26.19131571583697,DECLINING,0.0,6862806,RECONSIDER,5,84.84
S01586,Song_01586,A0159,Telugu,Hip-Hop,512410,369146,0.19734739100518495,0.3159559727561913,0.6166956148396792,0.05498908291028482,0.01575257486197873,0.027290015332686796,0.0,0.0,0.0,27.9413365280217,DECLINING,0.26,6254421,RECONSIDER,9,36.19
S01587,Song_01587,A0411,English,Lo-Fi,465728,333249,0.25424832482618104,0.29137822935275526,0.637054246255325,0.06010520661727417,0.020591209576022732,0.0379566030205642,0.0,0.0,0.0,34.29132895264806,DECLINING,0.64,5929582,RECONSIDER,8,14.02
S01588,Song_01588,A0039,English,Lo-Fi,420699,309806,0.1656326862617251,0.32751444619549847,0.5810615190433065,0.037213611098558454,0.010277399404788803,0.021891118958315848,0.0,0.0,0.0,21.229356174649546,DECLINING,0.0,5723867,RECONSIDER,7,43.79
S01589,Song_01589,A0431,Telugu,Indie,669688,484830,0.32792731472887404,0.2074801997348019,0.7746652172354888,0.13013839902646288,0.047476435039085864,0.0799455479240146,0.0,0.0,0.0,61.28632955971742,RISING,97.96,8694408,PROMOTE,5,48.62
S01590,Song_01590,A0015,Hindi,Rock,476259,332487,0.18961944376772627,0.303735992390695,0.6177815012419713,0.04768908258067233,0.01529383103700295,0.024617503842255486,0.0,0.0,0.0,26.553388777473415,DECLINING,0.0,6400547,RECONSIDER,5,63.74
S01591,Song_01591,A0368,Telugu,Hip-Hop,506942,374504,0.20777882212206011,0.32117283634025195,0.6166681790027262,0.05400209343558413,0.016931728366052164,0.03174331916348023,0.0,0.0,0.0,29.046631654321892,DECLINING,0.27,6509711,RECONSIDER,6,52.46
S01592,Song_01592,A0173,English,Romantic,442258,311805,0.28025208062731516,0.24840251617833933,0.6940451048935237,0.09465852054970254,0.03357867898205609,0.06026202273857058,0.0,0.0,0.0,46.682170973375406,STABLE,2.03,6421133,MAINTAIN,3,4.35
S01593,Song_01593,A0192,Telugu,Lo-Fi,473085,341002,0.17433035583369014,0.34391071371952187,0.5609626177114049,0.02519633315933631,0.007401716118967045,0.018343000920815714,0.0,0.0,0.0,18.55280787411256,DECLINING,0.0,6574924,RECONSIDER,5,87.15
S01594,Song_01594,A0010,Hindi,Romantic,426013,301413,0.2336528285110463,0.32063575524690563,0.601587275505677,0.046577287641873445,0.01486996247673458,0.02658478565954355,0.0,0.0,0.0,27.927720463054825,DECLINING,0.0,5723057,RECONSIDER,6,45.65
S01595,Song_01595,A0351,Hindi,Classical,408064,301933,0.24540543763020273,0.2706536229611041,0.647829752195734,0.07461257961203313,0.02551890651237195,0.04695743757721084,0.0,0.0,0.0,37.76241507524668,DECLINING,1.14,5956529,RECONSIDER,5,7.7
S01596,Song_01596,A0083,Gujarati,Classical,536250,378386,0.2366895181111352,0.2947337995337995,0.607453613053613,0.05065197972440841,0.017202010645214146,0.03152600783327079,0.0,0.0,0.0,29.752181669843623,DECLINING,0.24,7040337,RECONSIDER,7,77.28
S01597,Song_01597,A0329,Bengali,Devotional,602064,436163,0.24275557532390413,0.29043756145526056,0.6200669696244917,0.0648977561141133,0.02336282536574629,0.0381256548583901,0.0,0.0,0.0,34.08102771569115,DECLINING,33.54,7261036,RECONSIDER,3,66.02
S01598,Song_01598,A0362,Kannada,Folk,507871,357349,0.22604512675283825,0.29486227801941833,0.6186236268658774,0.062434762654995535,0.022079255853521346,0.040959957912293024,0.0,0.0,0.0,32.91883271353618,DECLINING,3.3,6955649,RECONSIDER,5,64.94
S01599,Song_01599,A0422,Malayalam,Indie,482443,347988,0.16635343747485545,0.3324703643746515,0.5914273810584877,0.04467395427428532,0.01354357046794717,0.02309849764934423,0.0,0.0,0.0,23.35147735364323,DECLINING,0.0,5641536,RECONSIDER,4,42.69
S01600,Song_01600,A0354,English,Electronic,538204,372276,0.2548109467169519,0.26746549635454214,0.6802160519059688,0.077528500359948,0.029727943783644392,0.04758028989244539,0.0,0.0,0.0,41.058211759723825,STABLE,1.1,6900144,MAINTAIN,7,41.05
S01601,Song_01601,A0151,Hindi,Indie,403664,301905,0.17267352312813633,0.3325909667446193,0.5726123706845297,0.035825839254069985,0.008863715407164505,0.017508818999354102,0.0,0.0,0.0,20.30643513876644,DECLINING,0.0,5763913,RECONSIDER,7,53.63
S01602,Song_01602,A0369,Hindi,Classical,430872,309703,0.2129168913442879,0.3138170964926939,0.597680981822908,0.04668666432033271,0.01721972341243062,0.031036186281695688,0.0,0.0,0.0,27.716092032956446,DECLINING,0.0,4863607,RECONSIDER,7,5.06
S01603,Song_01603,A0413,Punjabi,Romantic,423897,293564,0.2019764003760679,0.3364874014206281,0.5860952070904016,0.03406412230382472,0.011506860514231991,0.025922797073210612,0.0,0.0,0.0,23.59762079700588,DECLINING,0.0,5341538,RECONSIDER,7,29.9
S01604,Song_01604,A0159,Hindi,Hip-Hop,652148,491744,0.21972815123316197,0.3026720928378221,0.6343544716843416,0.05759297520661157,0.020598116092926402,0.03243150907789419,0.0,0.0,0.0,31.7289306569332,DECLINING,9.08,7559552,RECONSIDER,3,98.79
S01605,Song_01605,A0062,Malayalam,Classical,677136,496346,0.3435204474298171,0.21677181541078896,0.7464807660499515,0.11606016770559247,0.0437094285035036,0.07621699379062187,0.0,0.0,0.0,58.145037213835174,STABLE,93.22,8686157,PROMOTE,3,66.22
S01606,Song_01606,A0445,Hindi,Pop,486405,344887,0.20032358424643434,0.31738160586342656,0.6170475221266228,0.0497409296378234,0.016802604911173805,0.02992864329476031,0.0,0.0,0.0,28.090319264124545,DECLINING,0.0,5772273,RECONSIDER,7,41.89
S01607,Song_01607,A0074,Hindi,Rock,416017,317368,0.1898647626729853,0.32256374138556837,0.5967977270159633,0.04348894658566711,0.013088906253938645,0.02609588868442943,0.0,0.0,0.0,24.802782807802263,DECLINING,0.0,5520616,RECONSIDER,5,22.24
S01608,Song_01608,A0297,Hindi,Classical,571174,402945,0.23021256002680265,0.28383819991806347,0.6620626989323743,0.07371477496928862,0.026489967613446005,0.044753005993373784,0.0,0.0,0.0,37.61899413449282,DECLINING,26.81,7555707,RECONSIDER,6,74.52
S01609,Song_01609,A0118,Hindi,Classical,562088,385347,0.25323409809859687,0.259518082577817,0.6954978579866498,0.08886536031161525,0.03379810923661012,0.05975653112649119,0.0,0.0,0.0,44.877003856603665,STABLE,21.36,6653865,MAINTAIN,5,26.03
S01610,Song_01610,A0063,Hindi,Folk,501072,353466,0.2528984400196907,0.2694183670211067,0.6780283073091292,0.08265009930233742,0.027881040892193308,0.051195871738724516,0.0,0.0,0.0,41.254292939330774,STABLE,0.35,6256782,MAINTAIN,5,16.24
S01611,Song_01611,A0388,Marathi,Lo-Fi,466245,335859,0.23584004001679276,0.2926315563705777,0.6412165277911828,0.06485757416058524,0.0231406631949717,0.03903423758184238,0.0,0.0,0.0,34.74935373034589,DECLINING,0.42,5815381,RECONSIDER,7,15.45
S01612,Song_01612,A0072,English,Electronic,498009,376829,0.21386889013319038,0.29898054051232004,0.6279364429156903,0.05348579859830321,0.017440271316698026,0.036305592191683764,0.0,0.0,0.0,30.358788569463236,DECLINING,0.0,7162546,RECONSIDER,6,72.93
S01613,Song_01613,A0335,Marathi,Pop,572549,442761,0.28135946932995454,0.2634708994339349,0.6790353314738127,0.08531690912252886,0.03060115954205542,0.05529168106495378,0.0,0.0,0.0,43.97279672005146,STABLE,27.95,7437041,MAINTAIN,4,64.28
S01614,Song_01614,A0346,Kannada,Classical,383903,278240,0.18110264519838987,0.3367621508558151,0.5811311711552137,0.03461040828062105,0.011658999424956872,0.02259919493962047,0.0,0.0,0.0,22.130127727796843,DECLINING,0.0,4892521,RECONSIDER,4,6.98
S01615,Song_01615,A0031,Marathi,Electronic,596470,419155,0.37484701363457434,0.20700621992723858,0.7737170352239006,0.12465555701351529,0.045455738330689124,0.08221779532631127,0.0,0.0,0.0,62.733981121526796,RISING,54.42,7659567,MONITOR,5,11.5
S01616,Song_01616,A0087,Tamil,Indie,454901,344662,0.17619871062084014,0.33477833638527943,0.5750811715076467,0.03180217140270758,0.011782557984344083,0.017936413065554078,0.0,0.0,0.0,20.937237142645536,DECLINING,0.0,6087220,RECONSIDER,5,63.38
S01617,Song_01617,A0397,English,Classical,771372,574404,0.40993098933851435,0.1520485576349673,0.8453806982882448,0.17142638282463213,0.0672714674688895,0.10705705392023733,0.0,0.0,0.0,79.7570682324471,RISING,100.0,9396766,PROMOTE,3,57.11
S01618,Song_01618,A0254,Hindi,Classical,778013,565743,0.4584997074643434,0.1635589636677022,0.819784502315514,0.15431918733417824,0.05902326674832919,0.09978735927797604,0.0,0.0,0.0,76.66021621555218,RISING,99.92,9528086,PROMOTE,6,68.6
S01619,Song_01619,A0061,English,Classical,355541,260400,0.21825652841781873,0.3143547438973283,0.597967604298801,0.043291090629800306,0.013863287250384024,0.026002304147465436,0.0,0.0,0.0,26.398711311358184,DECLINING,0.11,5118564,RECONSIDER,8,17.8
S01620,Song_01620,A0495,Gujarati,Indie,590942,423630,0.25161343625333427,0.2734904609927878,0.6419462485320049,0.06761088685881547,0.022363855251044545,0.039761112291386354,0.0,0.0,0.0,35.70148481541214,DECLINING,21.92,7393721,RECONSIDER,5,72.66
S01621,Song_01621,A0133,Marathi,Romantic,540786,411512,0.30596920624428936,0.25366411112713716,0.6865950671799935,0.09433989774295767,0.031542215050836916,0.0588707012189195,0.0,0.0,0.0,46.949381820250146,STABLE,36.27,8318855,MAINTAIN,5,93.61
S01622,Song_01622,A0002,Hindi,Indie,594543,434735,0.28631925195808944,0.2677215945692742,0.6505854076155972,0.07119279561111942,0.025102648740037033,0.044086627485709684,0.0,0.0,0.0,39.1918211633525,DECLINING,46.08,7316812,RECONSIDER,6,60.11
S01623,Song_01623,A0462,English,Hip-Hop,470874,346709,0.1696465912335705,0.3215318747690465,0.5892765368230142,0.04347449878716734,0.015027011124603053,0.02562090975428962,0.0,0.0,0.0,23.88300898204135,DECLINING,0.0,5307235,RECONSIDER,8,19.61
S01624,Song_01624,A0009,Bengali,Devotional,464173,337094,0.16236420701644053,0.34071994708869324,0.5583500117413119,0.022148124855381587,0.0041798430111482255,0.012862880976819523,0.0,0.0,0.0,16.280834276836124,DECLINING,0.0,6013942,RECONSIDER,5,67.95
S01625,Song_01625,A0277,Marathi,Folk,464301,320544,0.25844189877208745,0.2690517573729111,0.6686072181623559,0.08287161824897674,0.02796183987221723,0.04748802036537886,0.0,0.0,0.0,40.78604917292918,STABLE,0.08,6843122,MAINTAIN,5,34.31
S01626,Song_01626,A0496,Punjabi,Indie,399777,288553,0.2765488489116384,0.3003124241764784,0.6391638338373643,0.06539526534120248,0.021926647790873773,0.03847819984543567,0.0,0.0,0.0,36.35325266224646,DECLINING,1.0,5694725,RECONSIDER,6,4.93
S01627,Song_01627,A0289,Kannada,Rock,408854,293905,0.1721644749153638,0.33781251987261957,0.5745816354982464,0.024351406066586142,0.008104659668940644,0.015481192902468485,0.0,0.0,0.0,18.897288203282255,DECLINING,0.0,4919049,RECONSIDER,9,30.23
S01628,Song_01628,A0292,Marathi,Lo-Fi,601483,428410,0.2562055040732009,0.2944322615934282,0.6462210902053757,0.06263625965780444,0.022284727247263134,0.0418337573819472,0.0,0.0,0.0,35.816570977819985,DECLINING,41.64,7831349,RECONSIDER,5,90.56
S01629,Song_01629,A0194,Marathi,Devotional,399862,281491,0.16715276864979697,0.34066252857235746,0.5744781949772672,0.03133670348252697,0.008245379070734055,0.016725223897034007,0.0,0.0,0.0,19.47065395939545,DECLINING,0.0,5791064,RECONSIDER,6,41.11
S01630,Song_01630,A0064,Hindi,Classical,478237,357262,0.18064613644888064,0.3425749157844332,0.5732617927931131,0.02801305484490374,0.009914292591991312,0.019632650547777263,0.0,0.0,0.0,20.417982382282077,DECLINING,0.0,6306405,RECONSIDER,4,86.47
S01631,Song_01631,A0286,Hindi,Pop,591130,444339,0.27436259252507655,0.26425151827855126,0.6767191649890887,0.08357807889921884,0.03254272076050043,0.05220338525315131,0.0,0.0,0.0,43.53132255067727,STABLE,14.14,7302747,MAINTAIN,4,50.87
S01632,Song_01632,A0448,Gujarati,Pop,418025,298923,0.18694111861583082,0.327638299144788,0.5837019317026494,0.03921411199539681,0.013511840841955955,0.021624297896113715,0.0,0.0,0.0,23.327927494210012,DECLINING,0.0,5647088,RECONSIDER,3,51.7
S01633,Song_01633,A0046,Punjabi,Hip-Hop,432830,308953,0.22483031399597997,0.284284823140725,0.644756601899129,0.07309526044414523,0.024997329690923862,0.04407466507850709,0.0,0.0,0.0,36.078677364296446,DECLINING,1.72,5610021,RECONSIDER,7,0.52
S01634,Song_01634,A0440,English,Hip-Hop,726856,522714,0.3890081382935984,0.18336644397239618,0.787387047778377,0.14266118757102353,0.05453268900392949,0.09174615564151715,0.0,0.0,0.0,68.83354024849156,RISING,98.68,9365321,PROMOTE,7,63.71
S01635,Song_01635,A0208,Punjabi,Electronic,334556,244372,0.1955256739724682,0.3251832279199895,0.5831131409988164,0.04036878202085345,0.01119195325160002,0.019883620054670748,0.0,0.0,0.0,23.11883336638909,DECLINING,0.0,5052936,RECONSIDER,9,10.78
S01636,Song_01636,A0268,Hindi,Indie,431341,315259,0.15148179750617746,0.35444810486366934,0.557524093466654,0.02488112948401156,0.006125122518310342,0.01285609609876324,0.0,0.0,0.0,16.43659632034545,DECLINING,0.0,5460822,RECONSIDER,5,47.87
S01637,Song_01637,A0083,Bengali,Lo-Fi,432493,309973,0.20374355185774246,0.32591972586839557,0.5972304754065384,0.036993544599045726,0.01335600197436551,0.023876273094753413,0.0,0.0,0.0,24.73113604264202,DECLINING,0.0,5414461,RECONSIDER,9,26.03
S01638,Song_01638,A0311,Hindi,Indie,717260,561739,0.4042838400039876,0.18878928143211668,0.7975392465772523,0.1412346303176386,0.05364056973078245,0.09275660048527876,0.0,0.0,0.0,69.79277490565384,RISING,99.68,8677453,PROMOTE,4,39.24
S01639,Song_01639,A0091,Telugu,Lo-Fi,545283,393840,0.2654682104407881,0.25216080457303824,0.6822695737809541,0.09683373958968108,0.03526559008734512,0.05502996140564696,0.0,0.0,0.0,45.54166570367151,STABLE,14.65,7387441,MAINTAIN,4,53.71
S01640,Song_01640,A0137,Punjabi,Indie,348489,251013,0.20410895053244255,0.33257290760970937,0.5810886426831263,0.03788250010955608,0.011122929888093446,0.023074502117420213,0.0,0.0,0.0,23.483465109180298,DECLINING,0.0,4679350,RECONSIDER,6,1.45
S01641,Song_01641,A0361,Hindi,Rock,442210,323981,0.18451699328047014,0.2936297234345673,0.6230162140159653,0.05644158145076409,0.019652387022695776,0.03507921760844,0.0,0.0,0.0,29.395614383361146,DECLINING,0.22,5966099,RECONSIDER,6,28.46
S01642,Song_01642,A0026,Hindi,Electronic,689278,499120,0.3326835230004808,0.2409506759246632,0.7449185959801415,0.10964497515627504,0.04320203558262542,0.06962654271517872,0.0,0.0,0.0,56.193646856804875,STABLE,94.65,8848218,PROMOTE,4,98.96
S01643,Song_01643,A0224,Telugu,Classical,509385,376379,0.3174592631363599,0.23328916242135123,0.7344366245570639,0.11018414948761754,0.04253956782923596,0.0723951123734321,0.0,0.0,0.0,55.11701060041718,STABLE,10.13,6741250,MAINTAIN,8,5.74
S01644,Song_01644,A0297,Hindi,Hip-Hop,763290,551250,0.4498122448979592,0.15122037495578353,0.8537554533663483,0.1709278911564626,0.06733968253968255,0.10621678004535147,0.0,0.0,0.0,81.98110232288036,BREAKOUT,100.0,9002256,PROMOTE,7,31.94
S01645,Song_01645,A0066,Hindi,Classical,621952,442764,0.3182101525869312,0.20989883463675654,0.7556370909652191,0.11859591114002042,0.04275867053328636,0.07648769999367609,0.0,0.0,0.0,57.377268178437006,STABLE,89.09,8046894,PROMOTE,3,32.14
S01646,Song_01646,A0148,Telugu,Devotional,492553,342947,0.1856176027199538,0.30861247419059473,0.6104947081836879,0.04976862314001872,0.017501246548300466,0.0313780263422628,0.0,0.0,0.0,27.37238214739761,DECLINING,0.0,5984106,RECONSIDER,6,37.94
S01647,Song_01647,A0172,English,Rock,608571,424154,0.22462596132536766,0.3030443448669095,0.6558708844161157,0.06264941507094121,0.024854180321298398,0.04190694889120461,0.0,0.0,0.0,35.33995753267385,DECLINING,29.9,7281132,RECONSIDER,5,68.48
S01648,Song_01648,A0332,English,Electronic,517817,373062,0.3037618411952973,0.25034133680431503,0.7056218702746337,0.09567042475513454,0.03676600672274313,0.06166535321206663,0.0,0.0,0.0,49.349712372185394,STABLE,2.65,6882083,MAINTAIN,7,24.77
S01649,Song_01649,A0488,Hindi,Lo-Fi,602482,433725,0.30411435817626375,0.25808239914221504,0.672443326107668,0.0804611216784829,0.028384344919015505,0.04876131189117528,0.0,0.0,0.0,43.178275396443325,STABLE,49.36,6979477,MAINTAIN,4,46.03
S01650,Song_01650,A0418,Bengali,Classical,551691,393800,0.21731589639410867,0.31438069499049287,0.6120364479391543,0.053547486033519553,0.019220416455053325,0.03510157440325038,0.0,0.0,0.0,30.108711274336972,DECLINING,1.91,6786154,RECONSIDER,5,64.49
S01651,Song_01651,A0095,Hindi,Hip-Hop,505868,351415,0.19269240072279215,0.3128207358441333,0.625010872401496,0.05168248367314998,0.017782394035542024,0.03264800876456611,0.0,0.0,0.0,28.75825624034293,DECLINING,0.13,6160716,RECONSIDER,3,32.23
S01652,Song_01652,A0010,Hindi,Classical,679740,500572,0.32325419719840504,0.23661105716891753,0.7101362285579781,0.10408292912907634,0.04031188320561278,0.06550705992344757,0.0,0.0,0.0,52.519733738120024,STABLE,88.96,8623712,PROMOTE,5,94.88
S01653,Song_01653,A0026,English,Folk,677041,486374,0.19507004897465735,0.29038270946663497,0.6156628623672717,0.062310074140476256,0.0197872419167143,0.03240099182933298,0.0,0.0,0.0,29.920666525826817,DECLINING,36.35,7865924,RECONSIDER,4,97.97
S01654,Song_01654,A0298,Hindi,Romantic,658733,487274,0.48887484249108304,0.1584223046363246,0.8557670558481205,0.16989619803231856,0.06512557616453987,0.10879710388816148,0.0,0.0,0.0,83.59432447989961,BREAKOUT,99.12,8341978,PROMOTE,5,11.97
S01655,Song_01655,A0078,English,Lo-Fi,436290,294059,0.1374486072522861,0.34224254509615165,0.5595475486488345,0.032088798506422184,0.00734546468565832,0.01605800196559194,0.0,0.0,0.0,17.12732920781538,DECLINING,0.0,5112470,RECONSIDER,7,34.38
S01656,Song_01656,A0116,Hindi,Classical,380531,269324,0.20376572455481132,0.32178981475885016,0.6210321892303123,0.044815909462209085,0.013051194843385662,0.023280509720633884,0.0,0.0,0.0,26.460416643310317,DECLINING,0.0,5339638,RECONSIDER,4,20.8
S01657,Song_01657,A0423,Hindi,Folk,474395,336621,0.22284111805264675,0.2848238282443955,0.6396399624785253,0.06672192168640696,0.026492702475484298,0.04306623769758868,0.0,0.0,0.0,35.39161481550004,DECLINING,0.47,6324868,RECONSIDER,7,18.68
S01658,Song_01658,A0437,English,Electronic,481900,368930,0.20618003415282032,0.3000207511931936,0.6313633533928201,0.05962377686824059,0.02069227224676768,0.029867454530669774,0.0,0.0,0.0,30.910087551686217,DECLINING,0.14,6475620,RECONSIDER,5,49.1
S01659,Song_01659,A0419,Kannada,Electronic,439472,302927,0.2123878030020434,0.31924445698474535,0.5790903629810318,0.03880802965731018,0.013468591442822858,0.019819956623212853,0.0,0.0,0.0,24.139897723340134,DECLINING,0.0,5931358,RECONSIDER,4,56.38
S01660,Song_01660,A0127,Hindi,Lo-Fi,452445,327004,0.25516507443334024,0.285913204919935,0.6424449380587696,0.06305733263201674,0.021128181918263995,0.039485755525926286,0.0,0.0,0.0,35.13951241806814,DECLINING,0.64,6668430,RECONSIDER,6,42.57
S01661,Song_01661,A0310,Hindi,Romantic,396720,285166,0.18738559295287657,0.3004789272030651,0.6160037305908449,0.05954777217480345,0.01877152255177686,0.033303409242336046,0.0,0.0,0.0,29.137234668282844,DECLINING,0.26,5946956,RECONSIDER,5,27.26
S01662,Song_01662,A0305,Kannada,Indie,580190,417178,0.20689729563879208,0.26819317809683035,0.6691308019786621,0.07625761665284363,0.03077583189909343,0.04879212230750423,0.0,0.0,0.0,38.445536364379436,DECLINING,21.34,6480980,RECONSIDER,8,27.86
S01663,Song_01663,A0093,Kannada,Pop,528422,360519,0.15095736979188337,0.33691443581077246,0.5741793490808482,0.029108035914889367,0.00941420563132595,0.019197323858104565,0.0,0.0,0.0,18.95801061400398,DECLINING,0.0,6729842,RECONSIDER,3,99.21
S01664,Song_01664,A0277,Marathi,Hip-Hop,593369,431220,0.2809007003385743,0.28890285808662064,0.6393795429151169,0.06626316033579148,0.02629052455823014,0.039165623115810955,0.0,0.0,0.0,37.759459657042754,DECLINING,52.27,7702307,MONITOR,6,92.37
S01665,Song_01665,A0263,Hindi,Pop,452761,328282,0.20944797460719747,0.29089298769107763,0.6438540421988643,0.06884020445836202,0.023126458349833377,0.04074850281160709,0.0,0.0,0.0,34.123063489183984,DECLINING,0.35,5943486,RECONSIDER,8,7.59
S01666,Song_01666,A0198,English,Devotional,534741,375249,0.24462690107102217,0.28354287402686534,0.6663637162663795,0.07052916863202834,0.024242569600451968,0.04321397258886766,0.0,0.0,0.0,37.53768757337879,DECLINING,2.3,7478191,RECONSIDER,7,65.66
S01667,Song_01667,A0376,Hindi,Devotional,449756,316772,0.15779172401601152,0.33469036544259556,0.5781134659682139,0.03537560137890975,0.010988976298410212,0.018761127877463916,0.0,0.0,0.0,20.41191145764111,DECLINING,0.0,5835013,RECONSIDER,1,45.69
S01668,Song_01668,A0339,Hindi,Electronic,508315,382802,0.15600493205364654,0.34181560646449544,0.5755033788103833,0.03089325552113103,0.008479579521528101,0.017643585979174613,0.0,0.0,0.0,19.071928680016264,DECLINING,0.1,6046531,RECONSIDER,5,68.88
S01669,Song_01669,A0266,English,Romantic,452599,352811,0.18415525593022894,0.3299985196608919,0.5659888775715368,0.037056667734282664,0.01066576722381105,0.01876642168186366,0.0,0.0,0.0,21.223707201499124,DECLINING,0.0,5897226,RECONSIDER,5,59.7
S01670,Song_01670,A0363,Punjabi,Rock,623491,453752,0.21628995574675153,0.29369630034755917,0.6438809862532098,0.06619254570778751,0.02622577972108112,0.04553147975105344,0.0,0.0,0.0,35.382015998309626,DECLINING,60.18,7747955,MONITOR,6,88.93
S01671,Song_01671,A0381,English,Devotional,371866,270688,0.1426106809315522,0.34274174030430316,0.5608444977491892,0.020222544035938053,0.006361567561177444,0.011478159356897978,0.0,0.0,0.0,15.63616214137263,DECLINING,0.0,4633817,RECONSIDER,4,6.7
S01672,Song_01672,A0283,Marathi,Folk,408530,295227,0.20358571539865933,0.3037916432085771,0.6145105622598096,0.054585115859999256,0.017146128233528776,0.029390943240286287,0.0,0.0,0.0,28.631383855766376,DECLINING,0.0,6043836,RECONSIDER,3,34.96
S01673,Song_01673,A0134,Hindi,Folk,666179,484800,0.282549504950495,0.26755871920309704,0.677362991027937,0.07649546204620462,0.02946575907590759,0.04970709570957096,0.0,0.0,0.0,42.315155046093274,STABLE,63.64,8407421,MONITOR,4,98.55
S01674,Song_01674,A0379,English,Pop,479444,341930,0.21324540110548942,0.29408856925939214,0.6235910763300824,0.056660720030415584,0.020296551925832775,0.033094493024888136,0.0,0.0,0.0,30.814524790319364,DECLINING,0.0,5637305,RECONSIDER,5,18.23
S01675,Song_01675,A0359,Telugu,Classical,385775,267839,0.20174806506894066,0.3247074071673903,0.585398224353574,0.04405631741456621,0.014239897849080977,0.025604934307550432,0.0,0.0,0.0,25.138066697525325,DECLINING,0.0,5042423,RECONSIDER,7,12.73
S01676,Song_01676,A0491,Kannada,Pop,621699,450284,0.2928818256922298,0.24918811193197996,0.709697136395587,0.10098293521422036,0.036827868634017644,0.06114807543683542,0.0,0.0,0.0,49.48660965705346,STABLE,85.62,7842836,PROMOTE,5,72.9
S01677,Song_01677,A0075,English,Folk,529867,382692,0.2089278061731105,0.3400041897306305,0.5903934383533981,0.04251722011434783,0.012284029977109529,0.022258108348227817,0.0,0.0,0.0,24.796386676597987,DECLINING,0.0,6516670,RECONSIDER,6,77.74
S01678,Song_01678,A0210,Punjabi,Romantic,431844,319046,0.1719908727895037,0.32470984892692734,0.5894698085419735,0.03863706174031331,0.010484381562533302,0.02357967189684246,0.0,0.0,0.0,22.27158107789768,DECLINING,0.0,6183015,RECONSIDER,6,67.23
S01679,Song_01679,A0462,Hindi,Folk,648326,471400,0.2771107339838778,0.26605133836989414,0.6716512988835863,0.07221467967755621,0.026686465846414934,0.042844717861688586,0.0,0.0,0.0,40.07648897327978,STABLE,41.73,7422023,MAINTAIN,4,77.62
S01680,Song_01680,A0257,Hindi,Romantic,514859,382268,0.24616237822679377,0.29373284724555654,0.6389613466988049,0.06157460211160756,0.02268827105590842,0.03405725825860391,0.0,0.0,0.0,34.26340992031462,DECLINING,0.95,7029169,RECONSIDER,5,69.37
S01681,Song_01681,A0471,Tamil,Pop,566026,420307,0.3510790921873773,0.21872316819368723,0.7571242310423902,0.11997896775452228,0.044745864332499816,0.07426476361326363,0.0,0.0,0.0,59.44965629865562,STABLE,31.88,7350530,MAINTAIN,5,13.58
S01682,Song_01682,A0007,Hindi,Folk,494231,364470,0.19015008093944633,0.3262442056447289,0.5963769978006236,0.03402200455455867,0.014050539139023788,0.02487996268554339,0.0,0.0,0.0,23.99943439293635,DECLINING,0.0,5967539,RECONSIDER,6,60.82
S01683,Song_01683,A0018,English,Classical,430488,318491,0.15384422165775485,0.3475729869357566,0.5518853022616194,0.025655356038318193,0.006263913265994957,0.012009758517509128,0.0,0.0,0.0,16.32031637023997,DECLINING,0.0,6070099,RECONSIDER,6,77.69
S01684,Song_01684,A0398,English,Classical,555071,399625,0.21226149515170473,0.3060076999158666,0.6305031248254728,0.05963590866437285,0.018459806068188925,0.03639912417891773,0.0,0.0,0.0,31.243322978204894,DECLINING,7.59,7492328,RECONSIDER,6,86.55
S01685,Song_01685,A0179,Hindi,Devotional,497429,349472,0.21585134145224796,0.2878943527619017,0.6516648607137903,0.06733872813844886,0.024210809449684095,0.042647193480450506,0.0,0.0,0.0,35.0854538171087,DECLINING,0.93,6360159,RECONSIDER,7,24.62
S01686,Song_01686,A0260,Hindi,Hip-Hop,456784,320304,0.262051051501074,0.28469254614872674,0.6365941013695752,0.06653991208352066,0.022085268994455266,0.03511663919276687,0.0,0.0,0.0,35.36345212936355,DECLINING,0.42,5863529,RECONSIDER,5,12.74
S01687,Song_01687,A0214,English,Devotional,420524,290799,0.17950543158676613,0.3284354757397913,0.577553243096708,0.03175733066482347,0.010051616408584624,0.020292366892595916,0.0,0.0,0.0,21.015866300874304,DECLINING,0.0,6434723,RECONSIDER,3,78.11
S01688,Song_01688,A0204,Malayalam,Classical,410802,301993,0.1577851142245019,0.3407261892590591,0.5942010993130511,0.039351905507743555,0.011811532055378767,0.023801876202428532,0.0,0.0,0.0,22.201871992639862,DECLINING,0.0,5189872,RECONSIDER,5,25.65
S01689,Song_01689,A0469,Marathi,Hip-Hop,377121,255298,0.2384938385729618,0.2786400120916099,0.6414599027898208,0.06683953654161019,0.020250844111587243,0.04251502166096092,0.0,0.0,0.0,34.71761005133867,DECLINING,1.42,5818953,RECONSIDER,5,3.19
S01690,Song_01690,A0047,English,Rock,515133,378470,0.28347293048326155,0.2894165196172639,0.6409354477387393,0.06982323565936534,0.023320210320500964,0.03902026580706529,0.0,0.0,0.0,37.58160366766806,DECLINING,2.47,7387918,RECONSIDER,5,82.52
S01691,Song_01691,A0386,Hindi,Pop,619540,436403,0.341347332626036,0.23127804500112986,0.7460841914969171,0.11479068659014718,0.04409227250958403,0.0747817957255106,0.0,0.0,0.0,57.85606728963077,STABLE,77.76,7862417,MONITOR,5,50.6
S01692,Song_01692,A0444,Marathi,Rock,438328,320678,0.19846076126207599,0.31616506360533664,0.5859926812797722,0.043520291382633046,0.01351199645750566,0.026512576478585997,0.0,0.0,0.0,24.86463474966798,DECLINING,0.0,5666866,RECONSIDER,5,32.66
S01693,Song_01693,A0329,Hindi,Indie,414373,293131,0.2927121321184044,0.26891954832964504,0.6878126711923798,0.08182689650702246,0.03112601533102947,0.053662014594157564,0.0,0.0,0.0,44.56973729452284,STABLE,2.68,5989186,MAINTAIN,6,1.14
S01694,Song_01694,A0198,Punjabi,Romantic,391114,276827,0.21407232676003424,0.2890819556446458,0.6317160725517368,0.06362457419254625,0.022454457115816014,0.039790193875597395,0.0,0.0,0.0,33.0356233166694,DECLINING,1.31,5646058,RECONSIDER,5,3.53
S01695,Song_01695,A0080,Telugu,Romantic,555495,390683,0.19776903525364553,0.29967506458203946,0.6298382523695083,0.050329807030252145,0.019565734879685066,0.03435265931714459,0.0,0.0,0.0,29.680277057574493,DECLINING,1.64,7148836,RECONSIDER,4,79.26
S01696,Song_01696,A0341,English,Devotional,479674,356004,0.2186941719755958,0.320448888203238,0.609480605577955,0.050586510263929615,0.016988573162099303,0.03449399444950057,0.0,0.0,0.0,29.185687274327503,DECLINING,0.19,6455445,RECONSIDER,2,48.97
S01697,Song_01697,A0234,Hindi,Classical,523344,381869,0.3010901644281154,0.2396607202910514,0.692212005869944,0.09518709295596134,0.03362671492056176,0.05501101162964263,0.0,0.0,0.0,47.19022954683333,STABLE,3.56,6288131,MAINTAIN,6,14.97
S01698,Song_01698,A0075,Hindi,Romantic,594751,418993,0.3233299840331461,0.2229403565525741,0.7452110210827725,0.11242192590329671,0.04119877897721442,0.07233772401925569,0.0,0.0,0.0,55.79410192093256,STABLE,60.67,7755133,MONITOR,4,35.85
S01699,Song_01699,A0180,Hindi,Electronic,523786,380015,0.26116074365485575,0.26034678284642965,0.6857189768340506,0.0846808678604792,0.031125087167611806,0.054229438311645596,0.0,0.0,0.0,43.26077168426296,STABLE,0.25,6190417,MAINTAIN,5,16.53
S01700,Song_01700,A0480,English,Electronic,580901,437963,0.3192370131723456,0.2371970439024894,0.7195649516871205,0.10496777125008278,0.038637967134209965,0.0710425309900608,0.0,0.0,0.0,52.960578854333875,STABLE,55.19,6472373,MONITOR,4,11.29
S01701,Song_01701,A0133,Kannada,Pop,525415,368475,0.2313969740145193,0.3088453888830734,0.6175727758057916,0.05959970147228442,0.02230273424248592,0.0342845511907185,0.0,0.0,0.0,32.29236476501854,DECLINING,1.06,6020644,RECONSIDER,6,27.63
S01702,Song_01702,A0090,Hindi,Hip-Hop,480532,354416,0.19550189607692656,0.3201430914070239,0.6157175796825185,0.05230858651979595,0.018560110153040495,0.03056013272538486,0.0,0.0,0.0,28.517156540285857,DECLINING,0.0,6293026,RECONSIDER,8,54.95
S01703,Song_01703,A0341,Punjabi,Rock,485997,358906,0.25662429716973245,0.27319715965324887,0.6688539229666026,0.07868076878068352,0.02633001398694923,0.04964809727338077,0.0,0.0,0.0,40.116963598736966,STABLE,0.85,6618949,MAINTAIN,4,21.0
S01704,Song_01704,A0100,Tamil,Electronic,479777,361095,0.2087373128954984,0.2942888050073263,0.6292069023733943,0.05631205084534541,0.01938824962959886,0.03409905980420665,0.0,0.0,0.0,30.697995811031923,DECLINING,0.11,6242908,RECONSIDER,5,34.37
S01705,Song_01705,A0460,Hindi,Pop,566412,435451,0.27080888550032034,0.27201224550327324,0.6669809255453627,0.07437805861049808,0.027925070788676568,0.05167515977687501,0.0,0.0,0.0,40.87406309871377,STABLE,16.26,7081989,MAINTAIN,6,47.79
S01706,Song_01706,A0429,Hindi,Folk,769951,559179,0.41434138263418335,0.13876077828329336,0.8568727100815506,0.1660738332448107,0.06590018580812226,0.10954274033896123,0.0,0.0,0.0,79.89205174356238,RISING,100.0,9143360,PROMOTE,5,42.0
S01707,Song_01707,A0491,English,Rock,394317,276013,0.18177404687460375,0.324893423311701,0.590073468808091,0.035904105966023336,0.012988518656729937,0.017455699550383497,0.0,0.0,0.0,22.54050602210212,DECLINING,0.0,4912277,RECONSIDER,7,12.86
S01708,Song_01708,A0456,Marathi,Romantic,560631,393919,0.3743612265465743,0.20517773722823032,0.7600364589186114,0.12585836174441953,0.0451412600052295,0.08044293369956768,0.0,0.0,0.0,61.95438303628072,RISING,51.06,7265247,MONITOR,2,3.89
S01709,Song_01709,A0122,English,Folk,441447,317538,0.2034906058487488,0.3140807390241637,0.6124064723511543,0.05323142427048101,0.02270909308492212,0.03905359358564959,0.0,0.0,0.0,30.61532045407274,DECLINING,1.18,5303371,RECONSIDER,5,3.55
S01710,Song_01710,A0106,Tamil,Pop,407247,283078,0.15575565745130318,0.34180485061891186,0.5749213622199795,0.03361970905545468,0.011399684892503127,0.01675863189650909,0.0,0.0,0.0,19.907434488690114,DECLINING,0.0,5379195,RECONSIDER,6,35.02
S01711,Song_01711,A0171,Bengali,Romantic,475294,337971,0.17820168002580103,0.3403367179051282,0.5786397471880562,0.034710078675389305,0.009213808285326256,0.016746999002873027,0.0,0.0,0.0,20.75992515855237,DECLINING,0.0,6322842,RECONSIDER,6,71.88
S01712,Song_01712,A0235,Telugu,Lo-Fi,415266,300745,0.1963390912567125,0.30549816262347507,0.5950354712401208,0.0449051522053567,0.014061746662454903,0.028908211275332923,0.0,0.0,0.0,25.66554806208065,DECLINING,0.0,5044976,RECONSIDER,5,13.13
S01713,Song_01713,A0440,Gujarati,Indie,617348,456725,0.3045421205320488,0.2350635298081471,0.7362670649293429,0.10858612950900433,0.04041162625212108,0.06977721823854617,0.0,0.0,0.0,53.66909948945554,STABLE,90.1,8402065,PROMOTE,4,78.7
S01714,Song_01714,A0367,Telugu,Classical,491234,371036,0.18766642589937366,0.3230761714376448,0.6074335245524536,0.039869446630515636,0.013130801323860757,0.025388372017809593,0.0,0.0,0.0,24.782581064475938,DECLINING,0.0,6193806,RECONSIDER,6,71.57
S01715,Song_01715,A0322,Bengali,Devotional,438802,310033,0.25777901062145,0.2869266776359269,0.6536889075254898,0.06772182316076031,0.023916808855831476,0.0386571752039299,0.0,0.0,0.0,36.82278933009754,DECLINING,1.47,5958696,RECONSIDER,5,0.39
S01716,Song_01716,A0439,Bengali,Devotional,432376,319677,0.21040925684362655,0.2973800580975817,0.6298175661923882,0.06611360842350247,0.021387212717837067,0.038867356738207626,0.0,0.0,0.0,32.670235765769114,DECLINING,0.37,5462115,RECONSIDER,7,2.67
S01717,Song_01717,A0323,Tamil,Devotional,490601,358909,0.25990989359419797,0.29025419842193556,0.6526260647654611,0.07294328088735585,0.025892357115591975,0.04518694153671265,0.0,0.0,0.0,38.45571891868291,DECLINING,1.72,6179577,RECONSIDER,5,19.5
S01718,Song_01718,A0190,Telugu,Pop,508622,374047,0.2815100776105677,0.2662782970457432,0.6661037076650244,0.0822436752600609,0.02782003331132184,0.04728015463297393,0.0,0.0,0.0,41.682563899882375,STABLE,0.11,6084863,MAINTAIN,5,5.61
S01719,Song_01719,A0207,Malayalam,Indie,584684,426087,0.2767157880902257,0.26628914080084287,0.6995163199266612,0.09101897030418671,0.032049792647980344,0.05383407613937999,0.0,0.0,0.0,45.45272404391651,STABLE,39.76,7304827,MAINTAIN,3,53.13
S01720,Song_01720,A0258,English,Hip-Hop,441731,315931,0.195602837328404,0.30092522372212954,0.6308386778378696,0.06180146930817172,0.022223206966078036,0.038210875159449376,0.0,0.0,0.0,31.716442941690165,DECLINING,0.54,5340162,RECONSIDER,5,3.96
S01721,Song_01721,A0045,Marathi,Folk,639880,466000,0.3035901287553648,0.24301118959804963,0.7138682252922423,0.1009549356223176,0.036856223175965666,0.065137339055794,0.0,0.0,0.0,50.575856637995344,STABLE,89.76,8146838,PROMOTE,6,80.26
S01722,Song_01722,A0371,Punjabi,Indie,465442,355300,0.20230227976358006,0.3246097258090159,0.5967639362154683,0.047219251336898395,0.01393188854489164,0.027435969603152265,0.0,0.0,0.0,26.09257394756168,DECLINING,0.0,5869638,RECONSIDER,6,49.3
S01723,Song_01723,A0326,Bengali,Romantic,538881,369241,0.27983078802191524,0.27546155830322466,0.6637810574134178,0.07548999163148187,0.02762423457850022,0.043984822920531574,0.0,0.0,0.0,40.48961116297913,STABLE,0.76,7333873,MAINTAIN,5,72.8
S01724,Song_01724,A0365,English,Folk,562835,413870,0.3159518689443545,0.25139161566000695,0.7077011912905203,0.10003865948244618,0.036006475463309734,0.06358035131804674,0.0,0.0,0.0,50.459414086316514,STABLE,30.37,8315344,MAINTAIN,5,75.07
S01725,Song_01725,A0267,Telugu,Hip-Hop,439764,322689,0.2521313090932756,0.29928325192603306,0.6277503388180934,0.06249980631505877,0.022935396000483436,0.03402037255685815,0.0,0.0,0.0,34.18070296806682,DECLINING,2.49,6706383,RECONSIDER,6,50.68
S01726,Song_01726,A0391,Telugu,Hip-Hop,569280,403186,0.21840044049148533,0.29206365935919054,0.613336143901068,0.05379403054669557,0.018227319400971265,0.032024921500250506,0.0,0.0,0.0,29.7246075752333,DECLINING,26.92,7692877,RECONSIDER,5,92.54
S01727,Song_01727,A0474,Gujarati,Lo-Fi,667045,500391,0.24466267378909692,0.2810949785996447,0.6762167469960797,0.07712768614943115,0.028046067974843672,0.04836617764907842,0.0,0.0,0.0,40.012643510407905,STABLE,77.72,8099211,MONITOR,5,99.02
S01728,Song_01728,A0285,Hindi,Electronic,488385,348014,0.26265897348957223,0.2801765000972593,0.6581119403749092,0.07142241404081445,0.02662823909382956,0.04273965989873971,0.0,0.0,0.0,38.644879228795475,DECLINING,1.79,6808843,RECONSIDER,5,35.92
S01729,Song_01729,A0222,Tamil,Folk,449903,321993,0.26418897305220923,0.2563152501761491,0.6616581796520583,0.08026882571981378,0.029410577248573728,0.049510393083079446,0.0,0.0,0.0,41.02540795096949,STABLE,0.55,6021554,MAINTAIN,8,12.59
S01730,Song_01730,A0053,Telugu,Devotional,447327,326120,0.18322396663804735,0.3299510201709264,0.5883838891906815,0.03138415307248865,0.009502637066110634,0.01746902980497976,0.0,0.0,0.0,21.270323470306952,DECLINING,0.0,5314775,RECONSIDER,3,36.32
S01731,Song_01731,A0389,Malayalam,Lo-Fi,362250,256870,0.1439405146572196,0.3433457556935818,0.5725106970324362,0.0254642426129949,0.009035698991707869,0.01740958461478569,0.0,0.0,0.0,17.931205224183984,DECLINING,0.0,5055182,RECONSIDER,6,22.34
S01732,Song_01732,A0452,Kannada,Romantic,514491,383830,0.22002449000859756,0.29878656769506173,0.6204520584422274,0.05878904723445275,0.020456973139150146,0.033574759659224136,0.0,0.0,0.0,31.28815953995762,DECLINING,0.19,6782666,RECONSIDER,5,53.1
S01733,Song_01733,A0350,Punjabi,Indie,577383,426791,0.2884643771775881,0.23547974221617193,0.7103499756660657,0.10436724298309946,0.03805141158084402,0.06274031083129682,0.0,0.0,0.0,50.065907726385966,STABLE,44.66,7112220,MAINTAIN,4,37.84
S01734,Song_01734,A0432,Punjabi,Hip-Hop,707307,495117,0.35535843043159493,0.20128176308166043,0.7708491503689345,0.12564706927857455,0.04809772235653391,0.07849861749849026,0.0,0.0,0.0,62.0286783038545,RISING,96.92,8647574,PROMOTE,5,48.04
S01735,Song_01735,A0430,Hindi,Rock,560579,382547,0.2707928698957252,0.2615670583450325,0.6664323850875613,0.07561162419258287,0.027029358484055552,0.045923768844089746,0.0,0.0,0.0,40.2212780544289,STABLE,8.17,7647481,MAINTAIN,4,76.32
S01736,Song_01736,A0399,Gujarati,Hip-Hop,458539,335079,0.22258631546590504,0.2924767577021802,0.6326397536523611,0.052975566955852205,0.02112934561700375,0.03495295139355197,0.0,0.0,0.0,31.703353972695304,DECLINING,0.0,6129764,RECONSIDER,7,27.4
S01737,Song_01737,A0251,Hindi,Hip-Hop,417361,317076,0.19702216503298894,0.3143657409293154,0.5869379266390486,0.04311584604321992,0.014750406842523558,0.030560496537107823,0.0,0.0,0.0,25.46832378660047,DECLINING,0.0,5944575,RECONSIDER,4,53.75
S01738,Song_01738,A0050,Tamil,Classical,452201,319637,0.1684160469532626,0.3167153544552091,0.592904482741082,0.041803671039335244,0.014175455282085615,0.026705293817674423,0.0,0.0,0.0,23.727780639427355,DECLINING,0.0,5506559,RECONSIDER,4,33.52
S01739,Song_01739,A0002,Telugu,Lo-Fi,485614,342464,0.16548600728835733,0.33479471349672785,0.5614994625360883,0.026852457484582322,0.008453443281629601,0.013811670715754065,0.0,0.0,0.0,18.135690468046874,DECLINING,0.0,6189877,RECONSIDER,4,78.5
S01740,Song_01740,A0102,English,Devotional,415455,299196,0.13793633604727337,0.34134864185050123,0.5714337292847601,0.023025040441717135,0.006992072086525221,0.011784916910653885,0.0,0.0,0.0,16.346436919410376,DECLINING,0.0,5947350,RECONSIDER,7,63.95
S01741,Song_01741,A0216,Hindi,Rock,407506,309343,0.2510352585964447,0.3120984721697349,0.6406408739994013,0.06066081986662055,0.02028815909847645,0.03703979078240012,0.0,0.0,0.0,34.19710426560548,DECLINING,1.12,5664504,RECONSIDER,6,0.85
S01742,Song_01742,A0372,Hindi,Classical,479454,364815,0.1821608212381618,0.31564029083082007,0.5810254998394007,0.039269218645066675,0.010550553020023848,0.019656538245412056,0.0,0.0,0.0,22.09051869382399,DECLINING,0.0,6146108,RECONSIDER,7,66.01
S01743,Song_01743,A0228,Bengali,Indie,453732,326798,0.2240282988267982,0.27749199968263205,0.661011345904631,0.0742415804258288,0.027227828811681835,0.050994804129768236,0.0,0.0,0.0,38.07299116201192,DECLINING,1.81,6123247,RECONSIDER,5,17.02
S01744,Song_01744,A0012,Punjabi,Hip-Hop,620878,444696,0.3660635580261572,0.22719922432426337,0.7199610873633789,0.11248358429129113,0.040863871048986276,0.07042563908827604,0.0,0.0,0.0,56.46100598102453,STABLE,83.49,8110553,PROMOTE,9,72.45
S01745,Song_01745,A0105,Hindi,Indie,436123,337330,0.12711291613553494,0.3321700529437796,0.5675600690630854,0.028363916639492486,0.007547505410132511,0.014181958319746243,0.0,0.0,0.0,16.50822529067511,DECLINING,0.0,5541204,RECONSIDER,7,56.73
S01746,Song_01746,A0489,Tamil,Devotional,423310,319868,0.2259869696249703,0.3024379296496657,0.6333325458883561,0.06147848487501094,0.020617879875448622,0.03796878712468894,0.0,0.0,0.0,32.87985331181806,DECLINING,0.41,6527904,RECONSIDER,4,40.15
S01747,Song_01747,A0494,Hindi,Hip-Hop,535624,378227,0.24213765807306195,0.2943015996295909,0.6580567711678341,0.0690828523611482,0.021685389990666982,0.04356114185396601,0.0,0.0,0.0,36.317249783218934,DECLINING,1.7,7365282,RECONSIDER,5,69.41
S01748,Song_01748,A0189,Kannada,Indie,556070,400846,0.22440538261576765,0.3021040516481738,0.6078821011743126,0.05724891853729362,0.016866826661610695,0.027392065780873453,0.0,0.0,0.0,29.346382921504546,DECLINING,7.28,7212748,RECONSIDER,6,85.66
S01749,Song_01749,A0402,English,Electronic,622795,442975,0.2868197979569953,0.28510665628336773,0.6625534887081624,0.07786218183870422,0.026261075681471867,0.0475218691799763,0.0,0.0,0.0,41.006848736539226,STABLE,59.19,7715869,MONITOR,7,77.87
S01750,Song_01750,A0359,Hindi,Indie,604025,441752,0.23074937974247994,0.26279872521832703,0.6763527999668888,0.07976647530741231,0.02989460149586193,0.049561745051522124,0.0,0.0,0.0,40.144324256459164,STABLE,35.4,7077394,MAINTAIN,3,54.54
S01751,Song_01751,A0465,Hindi,Hip-Hop,510962,363990,0.18570015659770872,0.3301419675044328,0.5876816671298453,0.03469875546031485,0.010676117475754828,0.018560949476633972,0.0,0.0,0.0,22.058412038001947,DECLINING,0.07,6260697,RECONSIDER,5,72.27
S01752,Song_01752,A0443,Punjabi,Indie,533391,391779,0.23637050479989993,0.27594766315892094,0.6584213081960513,0.0698684717659701,0.027541037166361648,0.047613578063142745,0.0,0.0,0.0,37.894636059934754,DECLINING,6.16,6771448,RECONSIDER,5,41.39
S01753,Song_01753,A0314,English,Electronic,611329,427823,0.22695834492301722,0.28609308571980063,0.6397847967297479,0.07082134434100083,0.022953417651692405,0.041002938130956026,0.0,0.0,0.0,34.963089616653704,DECLINING,34.67,7337037,RECONSIDER,6,78.9
S01754,Song_01754,A0197,Telugu,Hip-Hop,486388,361296,0.17946226916434171,0.3396280335863549,0.5672837323289226,0.03246368628492981,0.008267459368495638,0.015090120012399805,0.0,0.0,0.0,19.701118021117384,DECLINING,0.0,6373176,RECONSIDER,4,82.91
S01755,Song_01755,A0313,English,Indie,301752,215671,0.2032030268325366,0.3262016490362947,0.5741436676476046,0.035563427628192944,0.010409373536544088,0.02211702083265715,0.0,0.0,0.0,22.636037796806892,DECLINING,0.0,4959728,RECONSIDER,8,13.73
S01756,Song_01756,A0160,English,Devotional,500967,363376,0.25489300339042753,0.2750340840813866,0.6521267867943398,0.07295748756109374,0.02552177358989036,0.042875699000484345,0.0,0.0,0.0,37.88696759515516,DECLINING,0.95,6392937,RECONSIDER,2,23.8
S01757,Song_01757,A0174,Hindi,Rock,511316,356707,0.22108901703639122,0.28736828106298257,0.6244044778571373,0.06310501335830247,0.02183865189076749,0.03764434115394427,0.0,0.0,0.0,32.64464665130256,DECLINING,2.12,6089765,RECONSIDER,6,27.0
S01758,Song_01758,A0304,Hindi,Rock,517933,386443,0.3404719454098017,0.23653252447710418,0.7145827742198315,0.09507999886141034,0.035521409366970035,0.06156405990016639,0.0,0.0,0.0,51.19391143559212,STABLE,1.69,6581539,MAINTAIN,5,16.61
S01759,Song_01759,A0286,Malayalam,Folk,510576,361191,0.2523401745890678,0.2940737519977437,0.627781172636395,0.0616405170671473,0.02311796251844592,0.03348366930515988,0.0,0.0,0.0,34.1030308244671,DECLINING,3.16,6225704,RECONSIDER,8,39.25
S01760,Song_01760,A0290,Hindi,Rock,607468,437597,0.27058914937716666,0.2497547195901677,0.6983462503374663,0.09306508042788228,0.034122720219745564,0.060480304938105155,0.0,0.0,0.0,46.40519300096799,STABLE,70.26,6620112,MONITOR,4,19.3
S01761,Song_01761,A0192,Gujarati,Indie,528743,369853,0.28967184259692363,0.2693331164667901,0.6751730046544352,0.08027513633795048,0.03235339445671659,0.05445677066293906,0.0,0.0,0.0,44.052096954357594,STABLE,0.6,7263227,MAINTAIN,6,59.55
S01762,Song_01762,A0205,English,Romantic,376213,251167,0.14356981609845243,0.3310651147089548,0.5702461105809741,0.027503613133890995,0.005757125737059407,0.011076295850967683,0.0,0.0,0.0,16.639657483753144,DECLINING,0.0,4461992,RECONSIDER,6,10.16
S01763,Song_01763,A0006,Hindi,Lo-Fi,470290,319197,0.17885193156577286,0.3217057560228795,0.5918518361011291,0.044367584908379464,0.015040868178585638,0.027569181414612294,0.0,0.0,0.0,24.721403219257514,DECLINING,0.0,5746981,RECONSIDER,7,26.99
S01764,Song_01764,A0301,Hindi,Indie,545105,393139,0.24240535790140383,0.3015822639674925,0.63164527934985,0.0653941735620226,0.022480598465173897,0.04709021491126548,0.0,0.0,0.0,35.2685585644478,DECLINING,10.58,7173848,RECONSIDER,6,66.55
S01765,Song_01765,A0288,Hindi,Electronic,555059,397592,0.22108593734280368,0.29921864162188166,0.6249389704517898,0.05635173745950623,0.020822853578542827,0.03511137045010966,0.0,0.0,0.0,31.541598993814326,DECLINING,2.22,6209862,RECONSIDER,2,39.85
S01766,Song_01766,A0467,Telugu,Devotional,658241,495529,0.3300069218955904,0.23657444613750891,0.7103507681836896,0.10421791661032957,0.03764663622108898,0.06235760167417043,0.0,0.0,0.0,51.94743817386387,STABLE,71.26,7298041,MONITOR,4,42.15
S01767,Song_01767,A0252,Punjabi,Rock,457086,353762,0.2023846540894726,0.3189268540274697,0.5905103197210153,0.04169187193649968,0.01390482867012285,0.025220345882259826,0.0,0.0,0.0,25.06222636635467,DECLINING,0.0,6485883,RECONSIDER,4,79.79
S01768,Song_01768,A0234,English,Rock,585149,405937,0.22894931972202584,0.3194570955431864,0.6062780590926413,0.04608843244148723,0.015076231040777264,0.02889857293126766,0.0,0.0,0.0,28.131356308404325,DECLINING,4.47,6979841,RECONSIDER,6,98.45
S01769,Song_01769,A0034,Marathi,Electronic,679560,484639,0.4173622015562099,0.20369798104655953,0.7693080816999235,0.12724522789127576,0.05151256914940812,0.08349307422638294,0.0,0.0,0.0,66.41152579122368,RISING,91.91,8746302,PROMOTE,5,56.51
S01770,Song_01770,A0099,Marathi,Folk,495878,346376,0.27840266069242675,0.2745998007574444,0.6601381791489036,0.07674896644109291,0.026479894680924775,0.0513170658475183,0.0,0.0,0.0,40.78054586775729,STABLE,0.87,6039864,MAINTAIN,2,7.91
S01771,Song_01771,A0169,Malayalam,Romantic,651498,453543,0.44841834181103,0.16326834464572415,0.8331706313756911,0.15408020849180784,0.05945191525390095,0.09635690551943256,0.0,0.0,0.0,76.54824261468177,RISING,99.36,8290381,PROMOTE,5,10.29
S01772,Song_01772,A0189,Gujarati,Folk,540466,379925,0.14977956175560966,0.3526438295840996,0.5633397845562903,0.029297887741001512,0.007609396591432519,0.013797460025004935,0.0,0.0,0.0,17.48846036031206,DECLINING,0.0,6754106,RECONSIDER,6,96.85
S01773,Song_01773,A0181,Tamil,Folk,546834,399421,0.19616645093773236,0.3092071817041369,0.6039876818193456,0.04335525673412264,0.01601818632470501,0.023721837359577988,0.0,0.0,0.0,25.90571152812465,DECLINING,1.11,6153471,RECONSIDER,5,67.92
S01774,Song_01774,A0197,Telugu,Romantic,631888,446636,0.24644229305295587,0.2501091965664801,0.6956580913073203,0.08842995190714587,0.032104442991608376,0.05456792555906823,0.0,0.0,0.0,43.62790073272455,STABLE,50.95,7658132,MONITOR,4,75.25
S01775,Song_01775,A0384,Telugu,Romantic,528275,398166,0.2414746613221621,0.25241398892622213,0.6632303251147603,0.08391726064003456,0.028430353169281154,0.05388204919556165,0.0,0.0,0.0,40.51390215907387,STABLE,2.7,7325179,MAINTAIN,8,67.58
S01776,Song_01776,A0066,English,Devotional,407815,275835,0.18114089945075862,0.31455929772078023,0.5968613219229307,0.046158029256620804,0.015117733427592582,0.026784128192578898,0.0,0.0,0.0,25.183115055446223,DECLINING,0.0,5376005,RECONSIDER,5,17.96
S01777,Song_01777,A0166,Tamil,Folk,765992,563044,0.47001122470002343,0.16446646962370365,0.8303598471002308,0.16101938747238226,0.059078864174025476,0.10256924858448008,0.0,0.0,0.0,78.62873381526609,RISING,100.0,9156581,PROMOTE,4,44.84
S01778,Song_01778,A0082,Hindi,Rock,547900,418724,0.2472272905302777,0.27290563971527654,0.6504435115897061,0.07044974732759526,0.02538426266466694,0.04729129450425579,0.0,0.0,0.0,37.56949501107185,DECLINING,29.21,7721346,RECONSIDER,5,79.81
S01779,Song_01779,A0154,Telugu,Devotional,494242,365533,0.2010352006521983,0.314787088106636,0.6002039486729173,0.044108192693956494,0.015101235729742596,0.024616108531924613,0.0,0.0,0.0,25.9060648526811,DECLINING,0.0,6581122,RECONSIDER,7,86.64
S01780,Song_01780,A0342,Gujarati,Lo-Fi,438874,299093,0.26934431765370637,0.2652902655431855,0.6648012869297338,0.07641435941329286,0.028957548321090765,0.048817591852701334,0.0,0.0,0.0,40.87867446302581,STABLE,0.04,6626467,MAINTAIN,3,23.73
S01781,Song_01781,A0024,Hindi,Rock,523388,378198,0.19601372825874278,0.29579203191513753,0.6496289559561931,0.06858841136124463,0.023389864568294914,0.039101211534698754,0.0,0.0,0.0,33.620141306574325,DECLINING,1.5,6861052,RECONSIDER,4,59.6
S01782,Song_01782,A0170,Bengali,Hip-Hop,512630,356622,0.2876771483531582,0.2637535844566256,0.6789107153307453,0.08698285579689419,0.032521829836633744,0.055223738299936626,0.0,0.0,0.0,44.885975459557145,STABLE,1.54,6403501,MAINTAIN,5,15.71
S01783,Song_01783,A0012,Malayalam,Lo-Fi,634694,453854,0.27659555716155415,0.28164123183770445,0.6533557903493652,0.06922049822189515,0.02633445998052237,0.04482719112313652,0.0,0.0,0.0,39.016249168679295,DECLINING,67.0,7887286,MONITOR,7,95.83
S01784,Song_01784,A0477,Hindi,Hip-Hop,666079,502537,0.4177463549947566,0.17973093281727842,0.8272502210698731,0.15808587228403082,0.061555666547935775,0.10450971769242862,0.0,0.0,0.0,76.41905101174909,RISING,99.04,8670161,PROMOTE,7,25.22
S01785,Song_01785,A0363,Punjabi,Classical,572479,412918,0.32551741507999166,0.21330913448353564,0.746390697300687,0.11358429518693784,0.04365031313723306,0.07057091238454125,0.0,0.0,0.0,56.4860949307074,STABLE,38.99,8434422,MAINTAIN,7,72.66
S01786,Song_01786,A0122,Malayalam,Classical,397355,295922,0.16134657105588635,0.33082508084710144,0.5886096815190447,0.0344144740843871,0.013533971789863545,0.027672832705915747,0.0,0.0,0.0,22.408372456637206,DECLINING,0.0,5206376,RECONSIDER,6,23.11
S01787,Song_01787,A0099,Gujarati,Indie,447441,323058,0.23766630140717765,0.3175167228751947,0.6024526138641743,0.049399798178655224,0.01467538336769249,0.030381541395043614,0.0,0.0,0.0,28.74159361115322,DECLINING,0.03,6125176,RECONSIDER,5,61.61
S01788,Song_01788,A0050,Hindi,Hip-Hop,602736,436507,0.34205637023003066,0.23367278543176448,0.7176541636802846,0.10564091755687767,0.037667208086010075,0.06984538621373769,0.0,0.0,0.0,53.70937710071684,STABLE,74.72,8040569,MONITOR,5,65.93
S01789,Song_01789,A0236,English,Devotional,583616,446835,0.34171674107892175,0.20962756332931243,0.7694408652264503,0.12580035136012174,0.046612284176485726,0.08049503731802567,0.0,0.0,0.0,61.144754012573166,RISING,79.13,7956930,PROMOTE,8,32.84
S01790,Song_01790,A0376,Tamil,Devotional,486799,359234,0.173341053463759,0.33488770519249217,0.5666137358540178,0.024485432893323014,0.005314084969685498,0.019861705740547943,0.0,0.0,0.0,18.342252404977216,DECLINING,0.0,6310664,RECONSIDER,4,81.88
S01791,Song_01791,A0292,Hindi,Hip-Hop,588513,431520,0.2369878568780126,0.30498731548835795,0.6264143697760287,0.0535734149054505,0.01825871338524286,0.03237625139043381,0.0,0.0,0.0,31.255437928227604,DECLINING,4.44,7629400,RECONSIDER,4,88.54
S01792,Song_01792,A0440,English,Classical,558832,406123,0.2776080153057079,0.27624581269504966,0.6496800469550778,0.07556085225412006,0.02505891072409098,0.04378476471413833,0.0,0.0,0.0,39.10792950156983,DECLINING,32.85,7738816,RECONSIDER,5,85.51
S01793,Song_01793,A0172,Hindi,Pop,518207,366877,0.2985251187727767,0.27488822034437976,0.6774802347324524,0.07970791300626641,0.029775646878926726,0.050371105302322035,0.0,0.0,0.0,43.54538689876361,STABLE,1.5,6739377,MAINTAIN,8,33.08
S01794,Song_01794,A0139,Hindi,Hip-Hop,522145,390327,0.2506795584215286,0.282747129628743,0.651194591540664,0.06389514432770473,0.024233527273286246,0.04035846866857788,0.0,0.0,0.0,36.2245273232638,DECLINING,4.93,7408636,RECONSIDER,5,74.43
S01795,Song_01795,A0239,Punjabi,Lo-Fi,587326,419705,0.2909758044340668,0.26168941950467034,0.6827928612048505,0.09210993435865668,0.033506867919133675,0.05568911497361242,0.0,0.0,0.0,45.99834398659751,STABLE,28.64,7369331,MAINTAIN,9,55.95
S01796,Song_01796,A0101,Marathi,Indie,429109,293267,0.16879839872880345,0.32750420056442536,0.5803840049963995,0.02780742463352508,0.007815403710611832,0.0197567404447142,0.0,0.0,0.0,19.662378199795814,DECLINING,0.0,5962310,RECONSIDER,6,59.26
S01797,Song_01797,A0487,Marathi,Devotional,487753,345169,0.23076811648786535,0.2859008555559884,0.6470918682201852,0.06700485848960944,0.02663333033963073,0.04404509095544502,0.0,0.0,0.0,36.274591478479024,DECLINING,1.58,6599360,RECONSIDER,2,47.74
S01798,Song_01798,A0093,Telugu,Folk,482775,347836,0.1988782069711013,0.3148298897001709,0.5961389881414738,0.046162559367058036,0.01197978357616808,0.024701296013063628,0.0,0.0,0.0,25.07757414562327,DECLINING,0.0,6012654,RECONSIDER,8,60.03
S01799,Song_01799,A0239,English,Electronic,464200,328109,0.23853658387913773,0.2877251184834123,0.635260663507109,0.06688630912288294,0.024598532804647237,0.04110219469749382,0.0,0.0,0.0,35.33908714112356,DECLINING,0.98,5925399,RECONSIDER,5,13.57
S01800,Song_01800,A0261,Hindi,Electronic,419860,290667,0.1517406516735646,0.3370694993569285,0.5744700614490544,0.026490795308720977,0.008793567897284521,0.014680029036663949,0.0,0.0,0.0,18.191151216913198,DECLINING,0.0,5274240,RECONSIDER,4,40.88
S01801,Song_01801,A0029,Hindi,Electronic,461750,334356,0.2031995836772781,0.31131997834325936,0.616610720086627,0.05285384440536434,0.017236119585112872,0.03254016676835469,0.0,0.0,0.0,28.855809917972874,DECLINING,0.0,5604889,RECONSIDER,5,17.77
S01802,Song_01802,A0234,Hindi,Classical,454582,334891,0.24398087736009627,0.30602179584761385,0.6320619822166298,0.056824459301683235,0.019734779375976064,0.03253297341523063,0.0,0.0,0.0,32.536759020555984,DECLINING,0.06,6010785,RECONSIDER,4,28.01
S01803,Song_01803,A0227,English,Devotional,543864,393040,0.23728119275391818,0.24973338922966035,0.6814277098686436,0.08943110116018727,0.03402452676572359,0.056503154895176065,0.0,0.0,0.0,43.254489729537276,STABLE,18.29,6568136,MAINTAIN,7,12.78
S01804,Song_01804,A0130,Hindi,Hip-Hop,466103,332280,0.20876068376068377,0.3343295366045702,0.5704340027847922,0.029351751534850125,0.011168291802094618,0.016404839292163235,0.0,0.0,0.0,21.78721725969389,DECLINING,0.0,5085798,RECONSIDER,4,21.25
S01805,Song_01805,A0064,Hindi,Folk,550274,378506,0.23915340840039523,0.27344377528285907,0.6646325285221544,0.0793990055639805,0.028451332343476722,0.046744305242189026,0.0,0.0,0.0,39.37305896363675,DECLINING,11.18,7710292,RECONSIDER,6,78.19
S01806,Song_01806,A0023,Hindi,Romantic,715033,512069,0.4532065014675757,0.15273420947005242,0.8341013631538684,0.16406578019759055,0.06380585428916806,0.10718477392695125,0.0,0.0,0.0,79.82591777470384,RISING,100.0,9394203,PROMOTE,4,54.98
S01807,Song_01807,A0005,Marathi,Folk,531546,376866,0.221879925490758,0.2818326165562341,0.6575329322391665,0.07041494854935176,0.026508095715718584,0.0449841588256834,0.0,0.0,0.0,36.710093955637596,DECLINING,3.14,5764461,RECONSIDER,5,2.36
S01808,Song_01808,A0241,Marathi,Folk,572344,423359,0.30760418462817607,0.2723501949876298,0.6620004752386677,0.07552691687196918,0.029074615161128026,0.05042765123689351,0.0,0.0,0.0,42.707766197073205,STABLE,37.99,7703061,MAINTAIN,8,78.85
S01809,Song_01809,A0045,Malayalam,Romantic,621065,455545,0.25833452238527477,0.26710408733385393,0.6677529727162214,0.0793357407061871,0.027674543678451086,0.043315149985182586,0.0,0.0,0.0,39.945196708796594,DECLINING,62.19,7961850,MONITOR,6,90.95
S01810,Song_01810,A0479,Telugu,Electronic,545373,400217,0.22356621532818446,0.2953244843437427,0.6286724865367372,0.05674171761819213,0.022525280035580696,0.038024371778310265,0.0,0.0,0.0,32.54721818363919,DECLINING,4.76,7547734,RECONSIDER,6,88.04
S01811,Song_01811,A0123,Punjabi,Lo-Fi,618901,448559,0.277080607010449,0.25833210804312806,0.7018860851735577,0.0930468455654663,0.03470223538040704,0.05733248023114016,0.0,0.0,0.0,46.72993351669657,STABLE,72.28,8016462,MONITOR,5,82.3
S01812,Song_01812,A0326,Hindi,Indie,487146,366769,0.26285754793889343,0.29489721767190946,0.5976852935259656,0.04621982773898557,0.015794682756721534,0.03222191624701106,0.0,0.0,0.0,29.880049563747562,DECLINING,0.56,6994120,RECONSIDER,4,99.22
S01813,Song_01813,A0337,Punjabi,Rock,392380,282323,0.20680568001898533,0.3233931393037362,0.5777078342423161,0.039376883923732744,0.011656861112980522,0.027766069360271744,0.0,0.0,0.0,24.16443807647689,DECLINING,0.0,5987373,RECONSIDER,7,58.64
S01814,Song_01814,A0248,Hindi,Folk,595260,433611,0.20409537580919304,0.30740180761347985,0.6047357457245573,0.05054761064640888,0.018175276918712856,0.031060097645124317,0.0,0.0,0.0,28.213597056648325,DECLINING,3.26,7482766,RECONSIDER,5,96.26
S01815,Song_01815,A0441,English,Indie,607541,441715,0.23695821966652705,0.298047374580481,0.6367273978217108,0.0622867686177739,0.018505144720011774,0.030356677948450924,0.0,0.0,0.0,32.443218673883,DECLINING,39.32,7723337,RECONSIDER,5,94.88
S01816,Song_01816,A0056,English,Romantic,441001,339691,0.184176207200073,0.30506733544821896,0.6330552538429618,0.05914198492159051,0.018301927339847097,0.03598858962998725,0.0,0.0,0.0,29.867464160954654,DECLINING,0.41,6156365,RECONSIDER,5,31.32
S01817,Song_01817,A0117,English,Hip-Hop,587522,405718,0.2489758896573482,0.28267196802843125,0.647488945094822,0.06564904687492297,0.02611173277991117,0.04233728846144366,0.0,0.0,0.0,36.76863920788323,DECLINING,51.42,7700843,MONITOR,5,86.34
S01818,Song_01818,A0126,Hindi,Devotional,602258,444439,0.2818654528517974,0.2615955288265162,0.6806401907488153,0.08688481433897566,0.032015642191616844,0.054295415118835205,0.0,0.0,0.0,44.46663457870865,STABLE,58.77,7935116,MONITOR,5,79.25
S01819,Song_01819,A0068,Tamil,Classical,583708,430439,0.2180703886032632,0.30884277755316014,0.6191914450375873,0.049193962442994246,0.01739386997925374,0.030029806778660857,0.0,0.0,0.0,29.152641550914176,DECLINING,2.85,7067892,RECONSIDER,7,77.58
S01820,Song_01820,A0148,Bengali,Hip-Hop,561458,416264,0.20869448234774085,0.27311570945645086,0.6892643795261623,0.08204889204927641,0.029591797513116677,0.050035554359733246,0.0,0.0,0.0,39.85739742630443,DECLINING,35.7,8236397,RECONSIDER,2,89.63
S01821,Song_01821,A0157,Telugu,Electronic,652623,494589,0.4623738093649475,0.14987826049648878,0.8517857936358357,0.1683256198581044,0.06319792797656236,0.10531370491458565,0.0,0.0,0.0,81.18463885651431,BREAKOUT,99.19,9229951,PROMOTE,3,38.42
S01822,Song_01822,A0382,Marathi,Romantic,422701,311621,0.18006809553913247,0.3419698557609279,0.5707272989654626,0.028220177715879226,0.0074160598932677835,0.014620324047480754,0.0,0.0,0.0,19.23475495327135,DECLINING,0.0,5309735,RECONSIDER,6,40.01
S01823,Song_01823,A0151,Punjabi,Hip-Hop,720420,512953,0.40685598875530504,0.18770161850031924,0.805675855750812,0.14734683294570847,0.05484128175485863,0.09049951944915031,0.0,0.0,0.0,70.96049067179156,RISING,99.73,9249003,PROMOTE,5,64.01
S01824,Song_01824,A0438,Hindi,Classical,747734,541787,0.42586108562959246,0.15678837661521344,0.8356527856162753,0.16131985448155825,0.06273129477082322,0.10663415696574484,0.0,0.0,0.0,77.99188562662201,RISING,100.0,10088469,PROMOTE,5,73.78
S01825,Song_01825,A0386,Tamil,Pop,606011,411171,0.3075606013069988,0.2688152525284194,0.6677931588700535,0.08081795651930705,0.029418417154906354,0.050978789846560194,0.0,0.0,0.0,43.6168686392615,STABLE,49.46,8111131,MAINTAIN,8,87.97
S01826,Song_01826,A0450,Punjabi,Rock,687025,516684,0.31214049593174936,0.2447640187766093,0.7103846293802991,0.09758769383220692,0.03431691323903972,0.05786128465367613,0.0,0.0,0.0,49.229812109884556,STABLE,82.32,8113353,PROMOTE,5,87.58
S01827,Song_01827,A0053,Hindi,Lo-Fi,588419,409670,0.2499206678546147,0.2792533891665633,0.6660254002674965,0.07528498547611492,0.031247101325457074,0.04305904752605756,0.0,0.0,0.0,39.88848914585689,DECLINING,17.79,7420978,RECONSIDER,7,72.13
S01828,Song_01828,A0492,English,Lo-Fi,504940,353238,0.18282574354967474,0.32252148770150907,0.5813958094030974,0.03901901833891031,0.014160424416399142,0.02239849619803079,0.0,0.0,0.0,23.227351278080626,DECLINING,0.16,6760227,RECONSIDER,6,95.69
S01829,Song_01829,A0307,Malayalam,Folk,404196,300667,0.21504189019746098,0.2980979524785005,0.6330790012766084,0.061147382319975255,0.021901306096112974,0.03532479454013909,0.0,0.0,0.0,32.36180213433366,DECLINING,0.47,5902983,RECONSIDER,9,17.86
S01830,Song_01830,A0491,Marathi,Rock,663924,494519,0.30866963655592605,0.2571529271422633,0.6802103855260542,0.0957516293610559,0.03519177220693239,0.05922118260370178,0.0,0.0,0.0,47.82129514675318,STABLE,86.67,8365379,PROMOTE,7,95.03
S01831,Song_01831,A0178,English,Pop,433413,304077,0.2583358820298806,0.303763385039212,0.6431832916871437,0.0665785310957422,0.025296224311605286,0.041410563771676255,0.0,0.0,0.0,36.83643687559392,DECLINING,1.13,5770635,RECONSIDER,5,6.42
S01832,Song_01832,A0476,Marathi,Folk,499417,355270,0.18936583443578123,0.2756053558449152,0.6487904897110031,0.06860978973738284,0.023162665015340447,0.0385312579165142,0.0,0.0,0.0,33.152196102624195,DECLINING,2.1,6833991,RECONSIDER,6,55.56
S01833,Song_01833,A0294,English,Rock,474755,337994,0.3045616194370314,0.23566049857294816,0.7095217533253995,0.10102546199044954,0.03825215832233708,0.06894796949058267,0.0,0.0,0.0,51.11365438825688,STABLE,3.5,6826929,MAINTAIN,6,9.02
S01834,Song_01834,A0036,English,Electronic,624403,449154,0.27844124732274456,0.2672921174305697,0.6767552366020022,0.07602292309541939,0.0293418293057615,0.04917244419508676,0.0,0.0,0.0,41.9619653024255,STABLE,43.31,7465420,MAINTAIN,6,56.8
S01835,Song_01835,A0205,Hindi,Romantic,678672,481689,0.4494476726684645,0.16829337294009478,0.8086601480538463,0.14969824928532727,0.05675446190384252,0.09771450043492794,0.0,0.0,0.0,74.52706018682531,RISING,99.92,8782484,PROMOTE,5,39.01
S01836,Song_01836,A0069,English,Devotional,428508,306525,0.23278036049261888,0.2880599662083322,0.639210936551943,0.06710382513661202,0.02219068591468885,0.04122339124051872,0.0,0.0,0.0,34.701249419567795,DECLINING,1.37,5798730,RECONSIDER,5,8.16
S01837,Song_01837,A0470,Tamil,Indie,557043,418790,0.2663339621289907,0.2804828352568832,0.643715117145355,0.06372406217913512,0.020552066668258553,0.035478402063086514,0.0,0.0,0.0,35.29954812290331,DECLINING,13.09,6966186,RECONSIDER,4,64.81
S01838,Song_01838,A0152,Hindi,Lo-Fi,538900,379679,0.26211615601600297,0.2857431805529783,0.6303173130450919,0.06656412390466683,0.02323805109052647,0.04080552255984661,0.0,0.0,0.0,35.87955290216606,DECLINING,2.95,7458950,RECONSIDER,6,73.12
S01839,Song_01839,A0111,Telugu,Romantic,699109,515509,0.4534644400000776,0.1499136758359569,0.8595755454442726,0.16909113128965741,0.06656915786145344,0.10986035161364786,0.0,0.0,0.0,82.4059506811762,BREAKOUT,100.0,8938263,PROMOTE,5,17.42
S01840,Song_01840,A0276,Hindi,Classical,439913,320492,0.22776855584538772,0.3155601221150546,0.608202076319636,0.048360021466994495,0.017167355191393233,0.031342436004642864,0.0,0.0,0.0,29.105006463726756,DECLINING,0.0,6150685,RECONSIDER,4,69.44
S01841,Song_01841,A0213,Tamil,Lo-Fi,453267,328096,0.22093228811079685,0.3072140702941092,0.6150944145503644,0.05047608017165708,0.016876158197600702,0.032996440066322054,0.0,0.0,0.0,29.378468957725136,DECLINING,0.07,5806596,RECONSIDER,7,17.9
S01842,Song_01842,A0049,Marathi,Rock,437293,337128,0.16814385040696708,0.31915900780483564,0.6000004573592534,0.03870636672124534,0.012440378728554139,0.02445955245485394,0.0,0.0,0.0,23.12368366118744,DECLINING,0.0,5127822,RECONSIDER,6,13.74
S01843,Song_01843,A0408,Marathi,Devotional,471063,336343,0.2933612413518343,0.2823804883847808,0.6386661656721075,0.066747338282646,0.02449880033180414,0.040553839384200055,0.0,0.0,0.0,38.084438244244865,DECLINING,1.99,6091823,RECONSIDER,6,14.74
S01844,Song_01844,A0423,Marathi,Romantic,457770,318806,0.2118372928991299,0.3188959521156913,0.5808004019485768,0.04202242115894933,0.009977854870987372,0.02358487606883183,0.0,0.0,0.0,24.02214809114112,DECLINING,0.0,6062326,RECONSIDER,7,59.91
S01845,Song_01845,A0371,Malayalam,Electronic,546832,390215,0.21238547979959765,0.32955642683676156,0.6091304093396144,0.03933216303832503,0.01485335007624002,0.023384544417820945,0.0,0.0,0.0,26.239060067803642,DECLINING,0.9,6637645,RECONSIDER,4,77.88
S01846,Song_01846,A0308,Punjabi,Hip-Hop,453189,322823,0.23535497780517498,0.2913111306761638,0.6448987067205956,0.06636763799357542,0.022578936445048835,0.042404041843363084,0.0,0.0,0.0,35.2205662622747,DECLINING,0.7,6883344,RECONSIDER,8,59.69
S01847,Song_01847,A0201,Tamil,Indie,623945,442014,0.3249489835163592,0.2565530615679267,0.6830922597344318,0.08878451813743456,0.032675435619686256,0.05338292452275267,0.0,0.0,0.0,46.93821852551718,STABLE,66.71,7977924,MONITOR,3,80.94
S01848,Song_01848,A0271,Tamil,Folk,419238,318786,0.18444661936220536,0.3274798563107352,0.5779366374231344,0.033960086076552924,0.01042392074934282,0.01796189293130815,0.0,0.0,0.0,21.359785455342955,DECLINING,0.0,5759246,RECONSIDER,3,59.15
S01849,Song_01849,A0260,Hindi,Devotional,475288,343907,0.19677412788922585,0.3109819730352965,0.6049784551682348,0.0475593692480816,0.01500696409203651,0.03186617312238483,0.0,0.0,0.0,26.90139651890705,DECLINING,0.08,6543292,RECONSIDER,8,79.73
S01850,Song_01850,A0083,Hindi,Classical,687639,501759,0.3386825149125377,0.20736752860149002,0.7551651375212866,0.12109997030446888,0.04468878485488053,0.07485665429020705,0.0,0.0,0.0,58.90348053060292,STABLE,95.77,9702908,PROMOTE,5,97.65
S01851,Song_01851,A0041,English,Romantic,453531,322422,0.19382982550818492,0.32040147200522123,0.577400442307141,0.04000657523369994,0.012399898269969171,0.021329189695492242,0.0,0.0,0.0,23.157698770677246,DECLINING,0.0,5407163,RECONSIDER,8,39.1
S01852,Song_01852,A0127,Hindi,Rock,401383,291445,0.190831889378785,0.32011569996736283,0.5879770692829542,0.03652490178249756,0.010808214242824547,0.022028169980613837,0.0,0.0,0.0,22.851401738914205,DECLINING,0.0,5025693,RECONSIDER,7,14.99
S01853,Song_01853,A0227,English,Folk,494785,352896,0.3094452756619514,0.2713097608051982,0.6584011237204038,0.0776262694958288,0.028685505077983314,0.04800847841857091,0.0,0.0,0.0,42.51713188105547,STABLE,3.43,6297027,MAINTAIN,5,13.54
S01854,Song_01854,A0080,English,Hip-Hop,410073,291798,0.18362017560092941,0.3255786164902347,0.5904070738624586,0.035384067060089515,0.01305012371572115,0.022793165134785024,0.0,0.0,0.0,23.10507100363951,DECLINING,0.0,6075163,RECONSIDER,5,59.75
S01855,Song_01855,A0054,Marathi,Devotional,426805,306144,0.18153548656841226,0.3231311723152259,0.5912606459624419,0.03829243754573011,0.012922023622870283,0.02259394271976586,0.0,0.0,0.0,23.274572529396327,DECLINING,0.0,5909840,RECONSIDER,5,54.71
S01856,Song_01856,A0426,Hindi,Classical,465500,336383,0.18388860316960132,0.2953877551020408,0.6075252416756176,0.05421498708317602,0.01876432518884724,0.034199112321371766,0.0,0.0,0.0,28.141080596717384,DECLINING,0.16,5648899,RECONSIDER,8,18.42
S01857,Song_01857,A0188,Telugu,Rock,546951,392558,0.17230829584418098,0.33579059184460763,0.5509451486513417,0.02499248518690232,0.008276483984532223,0.014609306140748629,0.0,0.0,0.0,17.832861414956017,DECLINING,0.91,6290567,RECONSIDER,7,88.21
S01858,Song_01858,A0292,English,Electronic,666320,489487,0.24620265706750127,0.27501050546284067,0.6599246608236283,0.07965482229354406,0.02928371948591076,0.046360781798086566,0.0,0.0,0.0,39.68616673551185,DECLINING,80.25,8110983,PROMOTE,3,95.67
S01859,Song_01859,A0262,Tamil,Rock,450015,325117,0.27166527742320457,0.2679732897792296,0.6723642545248492,0.08163215088721906,0.02671346007744904,0.04528523577665886,0.0,0.0,0.0,40.98500427237375,STABLE,0.35,6235707,MAINTAIN,6,25.32
S01860,Song_01860,A0367,Hindi,Hip-Hop,414621,310528,0.2343460171063479,0.2969482973607222,0.6295436072943724,0.05666799773289365,0.023630719291014016,0.03866318013190437,0.0,0.0,0.0,33.428237964672086,DECLINING,1.89,6006354,RECONSIDER,7,20.69
S01861,Song_01861,A0370,English,Indie,636439,450957,0.3921172085143373,0.14970798458296866,0.8575307295750261,0.17190774286683652,0.065729104992272,0.10851588954157491,0.0,0.0,0.0,79.26499878940581,RISING,99.69,8912610,PROMOTE,4,21.39
S01862,Song_01862,A0148,Hindi,Electronic,344918,240860,0.1729220293946691,0.35299984344104973,0.5630236751923645,0.02222037698247945,0.007963132109939383,0.008477953998173212,0.0,0.0,0.0,17.511452418742945,DECLINING,0.0,5170789,RECONSIDER,5,38.74
S01863,Song_01863,A0424,Marathi,Folk,661785,486216,0.25677682346940456,0.2608264013236927,0.665685985629774,0.08626412952268128,0.026804959112822286,0.05027600901656877,0.0,0.0,0.0,40.88061643809045,STABLE,77.64,7955935,MONITOR,7,85.32
S01864,Song_01864,A0186,English,Devotional,791223,592416,0.4931450197158753,0.15497780019033824,0.8375995136642893,0.1585980122076379,0.06261309620266839,0.10339018527521202,0.0,0.0,0.0,80.77443365960734,BREAKOUT,100.0,9742571,PROMOTE,6,59.6
S01865,Song_01865,A0417,Malayalam,Devotional,411850,300890,0.2665691781049553,0.2860580308364696,0.6512856622556756,0.06694473063245704,0.02491608228920868,0.04683771477948752,0.0,0.0,0.0,38.060996891596076,DECLINING,1.59,5863440,RECONSIDER,6,6.76
S01866,Song_01866,A0203,English,Electronic,441980,319118,0.1835089214647873,0.32051902801031723,0.5701819086836508,0.03788567238450981,0.014236113287247977,0.021255460362624483,0.0,0.0,0.0,22.544682119805476,DECLINING,0.0,5824739,RECONSIDER,5,47.3
S01867,Song_01867,A0056,Punjabi,Hip-Hop,372483,276857,0.1600790299685397,0.3344206312771321,0.5823111390318484,0.031030459768039097,0.009297218419617347,0.019793611864608804,0.0,0.0,0.0,19.992314418431473,DECLINING,0.0,4736391,RECONSIDER,6,9.03
S01868,Song_01868,A0380,Hindi,Hip-Hop,555299,413301,0.31544806327591757,0.23287634229487178,0.7157621389557698,0.10188942199510768,0.03836187185610487,0.06532527141236048,0.0,0.0,0.0,51.707360395088386,STABLE,11.89,7349015,MAINTAIN,7,40.62
S01869,Song_01869,A0016,Marathi,Classical,511769,362181,0.2815001339109451,0.2546148750705885,0.6838378252688224,0.09159784748509724,0.03390569908415958,0.05843763201272292,0.0,0.0,0.0,45.88420652778725,STABLE,2.53,7105881,MAINTAIN,6,40.35
S01870,Song_01870,A0386,English,Devotional,566537,400834,0.23626738250747192,0.27764117789305903,0.6545468345403742,0.0713063263096444,0.026903905357329966,0.03980450760165056,0.0,0.0,0.0,36.97421018685696,DECLINING,19.08,7216806,RECONSIDER,6,64.84
S01871,Song_01871,A0022,English,Devotional,463262,339932,0.20404080816163234,0.3129460219055308,0.6079281270641668,0.050195333184283916,0.01698575009119471,0.030541402398126683,0.0,0.0,0.0,27.99403885115831,DECLINING,0.0,6092740,RECONSIDER,7,54.95
S01872,Song_01872,A0104,Hindi,Romantic,759416,551105,0.39486667694903876,0.22588278361267078,0.7617287494601115,0.12249389862185972,0.045294453869952185,0.07646637210694876,0.0,0.0,0.0,62.37668258721787,RISING,90.44,9232275,PROMOTE,7,87.48
S01873,Song_01873,A0302,Hindi,Electronic,520409,392130,0.31103205569581516,0.24811254225042226,0.6980490345093955,0.09380052533598551,0.03345829189299467,0.058850381251115705,0.0,0.0,0.0,48.12741162569294,STABLE,5.65,6143664,MAINTAIN,5,1.63
S01874,Song_01874,A0470,Hindi,Rock,823466,597697,0.45076686013147127,0.17693019505359056,0.813976533335924,0.15439595647962095,0.05815488449833277,0.09977798115098453,0.0,0.0,0.0,75.81446468156285,RISING,99.92,9627399,PROMOTE,6,77.4
S01875,Song_01875,A0204,Gujarati,Folk,428492,296166,0.288740098458297,0.28530520989890124,0.6581289732363731,0.07712566601162861,0.027491339316464414,0.0436748310069353,0.0,0.0,0.0,40.76054128772627,STABLE,1.69,5684280,MAINTAIN,8,2.27
S01876,Song_01876,A0061,English,Electronic,523587,369629,0.27488102935646286,0.2486673656908976,0.6843351725692196,0.08535044598773364,0.03139093523506002,0.0532777460642969,0.0,0.0,0.0,43.90594797652365,STABLE,1.86,6756185,MAINTAIN,5,30.43
S01877,Song_01877,A0117,Hindi,Lo-Fi,538293,381299,0.24189940178180377,0.3056198018551235,0.6205170789885806,0.051392739031573646,0.018256014308980616,0.032732842205198544,0.0,0.0,0.0,31.04433901642538,DECLINING,0.16,7543672,RECONSIDER,6,87.97
S01878,Song_01878,A0448,Malayalam,Devotional,619339,444800,0.2568592625899281,0.2683586856309711,0.6912321039043238,0.089375,0.031160071942446042,0.052482014388489207,0.0,0.0,0.0,43.60520297912519,STABLE,68.72,7815842,MONITOR,3,69.04
S01879,Song_01879,A0363,Hindi,Indie,484251,354776,0.22168354116400207,0.3064340600225916,0.6278252393903162,0.05724457122240512,0.020601731796964846,0.038449613277110065,0.0,0.0,0.0,32.047242364053105,DECLINING,0.53,5801234,RECONSIDER,6,17.2
S01880,Song_01880,A0051,English,Romantic,510458,340327,0.2858015966996448,0.2707411775307665,0.6730250089135639,0.07754306887199663,0.026982872355117284,0.04754838728634519,0.0,0.0,0.0,41.58460858121611,STABLE,0.6,6940109,MAINTAIN,7,49.08
S01881,Song_01881,A0193,Tamil,Rock,529516,383654,0.26005202604430033,0.2780463668708783,0.6293653071861851,0.066765888013679,0.02399557935014362,0.04277291517878088,0.0,0.0,0.0,36.1164573610076,DECLINING,4.46,7421418,RECONSIDER,6,72.19
S01882,Song_01882,A0133,Kannada,Folk,537816,394801,0.19102788493443532,0.3212529935888854,0.5906220714891338,0.043107793546622225,0.012659542402374867,0.02332314254523165,0.0,0.0,0.0,24.17820922573243,DECLINING,0.0,6730499,RECONSIDER,6,93.73
S01883,Song_01883,A0089,Tamil,Rock,545507,418370,0.2456868322298444,0.2962345121144183,0.627476824312062,0.061782632597939625,0.018901928914597126,0.03466787771589741,0.0,0.0,0.0,32.886402812572584,DECLINING,10.8,7030987,RECONSIDER,4,63.43
S01884,Song_01884,A0423,English,Pop,462529,335841,0.21813596314922837,0.3055548949363175,0.617092117467229,0.05178641083131601,0.01771969473649733,0.035189271113413786,0.0,0.0,0.0,29.86436769025062,DECLINING,0.0,5285937,RECONSIDER,6,2.47
S01885,Song_01885,A0309,Gujarati,Hip-Hop,582052,430205,0.3172975674387792,0.2327764529629655,0.7285534625772268,0.11123301681756372,0.04240304041096687,0.07047570344370707,0.0,0.0,0.0,54.72791864232065,STABLE,43.49,7665607,MAINTAIN,4,49.97
S01886,Song_01886,A0090,Hindi,Indie,441637,305079,0.26215504836452197,0.26358978074753703,0.6794109189221011,0.08248683127976689,0.030231513804621097,0.05032467000350729,0.0,0.0,0.0,42.2317559367974,STABLE,0.06,6259407,MAINTAIN,6,15.3
S01887,Song_01887,A0325,Gujarati,Devotional,400016,303935,0.18372678368730155,0.3220671173153074,0.5733570657173713,0.038597068452136146,0.011028673894089196,0.02072811620905786,0.0,0.0,0.0,21.960222562752875,DECLINING,0.0,4800281,RECONSIDER,6,4.78
S01888,Song_01888,A0207,Bengali,Lo-Fi,488102,358710,0.26449220819046027,0.2776018127358626,0.628571487107203,0.06026874076552089,0.02213765994814753,0.03720554208134705,0.0,0.0,0.0,34.7123643752496,DECLINING,1.54,6976191,RECONSIDER,5,59.85
S01889,Song_01889,A0031,Malayalam,Lo-Fi,461999,319554,0.16268924813959457,0.33690765564427627,0.5788215991809507,0.031037007829662594,0.009403731450709427,0.01846010376962892,0.0,0.0,0.0,19.860657193850386,DECLINING,0.0,6054331,RECONSIDER,6,77.69
S01890,Song_01890,A0225,Hindi,Indie,488065,354795,0.313657182316549,0.2408060401790745,0.6743487035538299,0.08852717766597613,0.030719147676827464,0.05708648656266294,0.0,0.0,0.0,45.83642442833549,STABLE,5.62,6189266,MAINTAIN,7,3.61
S01891,Song_01891,A0093,Hindi,Indie,542216,414265,0.1894560245253642,0.3118812428995087,0.6174476592354339,0.05650972203782603,0.018435059684018682,0.03066636090425211,0.0,0.0,0.0,28.687649586513178,DECLINING,4.01,7289051,RECONSIDER,6,78.36
S01892,Song_01892,A0123,Marathi,Folk,624949,474647,0.21841916202988748,0.3011909771837382,0.6279792431062374,0.056608384757514535,0.01726756937260743,0.03460255726887561,0.0,0.0,0.0,30.68533968676229,DECLINING,3.95,6755512,RECONSIDER,5,70.64
S01893,Song_01893,A0439,Punjabi,Pop,464420,348628,0.1858686049313308,0.329923345247836,0.5764135911459455,0.03737795013596154,0.01237422123294744,0.023311380611999038,0.0,0.0,0.0,22.64742648609066,DECLINING,0.0,6286039,RECONSIDER,5,75.2
S01894,Song_01894,A0355,Punjabi,Indie,392572,281725,0.2572650634483983,0.28255453776632056,0.6426719175081259,0.06975596769899725,0.02434643712840536,0.0444405004880646,0.0,0.0,0.0,37.12232573606845,DECLINING,0.36,6232500,RECONSIDER,5,24.47
S01895,Song_01895,A0067,Malayalam,Classical,511710,369040,0.2675888792542814,0.2571808250767036,0.6752457446600614,0.08239215261218297,0.028823433774116627,0.048775200520268805,0.0,0.0,0.0,41.81716975401679,STABLE,0.59,6679861,MAINTAIN,5,39.36
S01896,Song_01896,A0425,Marathi,Electronic,483784,367569,0.23349085477828652,0.3006424354670679,0.6268479321350025,0.06173806822664588,0.022246163305393002,0.03485604063454753,0.0,0.0,0.0,33.06945095047838,DECLINING,0.25,5798169,RECONSIDER,8,11.98
S01897,Song_01897,A0287,English,Folk,363107,262046,0.18566205933309418,0.31456567898718557,0.6078373592357074,0.043603031528815554,0.016863451455088038,0.029853537165230534,0.0,0.0,0.0,26.3639443029151,DECLINING,0.0,5481973,RECONSIDER,6,23.89
S01898,Song_01898,A0437,English,Devotional,616651,467656,0.33436115435277214,0.2209677759380914,0.7512190850254034,0.11611954085909301,0.04390406623672101,0.07622910857553415,0.0,0.0,0.0,57.97026633618924,STABLE,69.4,7141339,MONITOR,4,30.28
S01899,Song_01899,A0373,Hindi,Devotional,469516,343559,0.2406136937178185,0.28325765256136104,0.6503122364307073,0.06321185007524181,0.020750438789261815,0.03976609548869335,0.0,0.0,0.0,34.74441147614847,DECLINING,1.63,6527223,RECONSIDER,6,31.94
S01900,Song_01900,A0170,Hindi,Devotional,491584,350594,0.22270489512085204,0.2567068903788569,0.6641957427418305,0.07537208280803437,0.02604722271345203,0.04374860950272965,0.0,0.0,0.0,37.31295051404481,DECLINING,2.33,6132458,RECONSIDER,7,17.5
S01901,Song_01901,A0267,Hindi,Indie,386878,273631,0.2123699434640081,0.313261544983173,0.5961207409054017,0.043343042272257166,0.012582638663016983,0.026294535341390413,0.0,0.0,0.0,25.753933982593626,DECLINING,0.0,5222161,RECONSIDER,4,18.87
S01902,Song_01902,A0265,Telugu,Hip-Hop,530303,377140,0.16506072015697087,0.3344748191128468,0.5657048894688508,0.0330938113167524,0.007898923476693005,0.015657315585724134,0.0,0.0,0.0,18.951053083229798,DECLINING,0.0,6493365,RECONSIDER,4,90.15
S01903,Song_01903,A0360,Tamil,Hip-Hop,695559,510022,0.43503025359690367,0.18529125494745952,0.7835611357196155,0.13700977604887632,0.05241538600295673,0.09162938069338185,0.0,0.0,0.0,69.84369063202683,RISING,97.96,9636914,PROMOTE,5,78.39
S01904,Song_01904,A0124,Punjabi,Electronic,712287,515921,0.4248596199805784,0.16680635754969556,0.825901637963349,0.158919679563344,0.06086396948370002,0.10477573116814395,0.0,0.0,0.0,76.64467208305136,RISING,100.0,8608689,PROMOTE,4,34.45
S01905,Song_01905,A0167,English,Devotional,829724,593787,0.5045799251246659,0.1428957098987133,0.8470985532538531,0.17086598393026456,0.06482627608890057,0.1110869722644652,0.0,0.0,0.0,84.19453228379533,BREAKOUT,100.0,10298119,PROMOTE,4,94.76
S01906,Song_01906,A0123,Marathi,Hip-Hop,532504,382953,0.28421764550741213,0.2572037017562309,0.6721789883268483,0.08511488354967842,0.0310194723634493,0.055722242677299826,0.0,0.0,0.0,43.91489424925551,STABLE,1.27,6468757,MAINTAIN,9,23.89
S01907,Song_01907,A0148,Telugu,Folk,548168,398144,0.2653210898569362,0.27841647086294713,0.6722555858787816,0.07940594357820287,0.027364471146117987,0.046041130847130685,0.0,0.0,0.0,40.68018111768144,STABLE,8.59,6884963,MAINTAIN,4,40.68
S01908,Song_01908,A0081,Kannada,Lo-Fi,671539,486402,0.302093741390866,0.22264231861440661,0.7265728423814551,0.11181697443678275,0.04102984773911292,0.07396762348839026,0.0,0.0,0.0,53.948073000064625,STABLE,94.99,8499477,PROMOTE,5,81.35
S01909,Song_01909,A0019,Punjabi,Devotional,504868,365603,0.2573966843816927,0.2617595094163227,0.6495123477819945,0.07507323517586015,0.028115195991280158,0.04521024171027043,0.0,0.0,0.0,38.9246327711698,DECLINING,0.51,6640000,RECONSIDER,4,44.29
S01910,Song_01910,A0470,Telugu,Hip-Hop,497650,368179,0.25599776195817797,0.3152155129106802,0.6236471415653572,0.060671575510824895,0.02193769878238574,0.03692225792345571,0.0,0.0,0.0,34.03514370324882,DECLINING,1.17,5995211,RECONSIDER,2,23.46
S01911,Song_01911,A0038,Punjabi,Lo-Fi,390313,296360,0.15398501822108246,0.3296482566555559,0.5775928549651177,0.03609124038331759,0.013443109731407747,0.02332973410716696,0.0,0.0,0.0,21.277277051927644,DECLINING,0.0,5450830,RECONSIDER,8,36.85
S01912,Song_01912,A0444,English,Hip-Hop,421099,302611,0.21500540297609802,0.32314966314334637,0.5831360321444601,0.03890473247833027,0.011384252390032087,0.019064078966065344,0.0,0.0,0.0,23.89906046748637,DECLINING,0.0,5708519,RECONSIDER,8,50.07
S01913,Song_01913,A0002,Bengali,Classical,566490,413507,0.27132067897278644,0.2418754082155025,0.7316722272237816,0.10495106491546696,0.03946728834094707,0.0705985630231169,0.0,0.0,0.0,51.33624416652031,STABLE,43.02,7861198,MAINTAIN,7,62.06
S01914,Song_01914,A0388,English,Folk,512835,369264,0.2541542094544824,0.2592042274805737,0.676328643715815,0.08086897179253867,0.02901176394124529,0.05360121755708653,0.0,0.0,0.0,41.55651450951916,STABLE,0.78,6961484,MAINTAIN,5,40.56
S01915,Song_01915,A0164,English,Indie,452927,336291,0.218043301783277,0.2933011279963438,0.6338659430769197,0.061788748435135044,0.023441007936578738,0.03619484315667086,0.0,0.0,0.0,33.0528658013991,DECLINING,1.32,6498377,RECONSIDER,4,43.13
S01916,Song_01916,A0259,English,Hip-Hop,439671,311637,0.2561826740727192,0.2971926736127696,0.6430308116750935,0.06313435182600269,0.02103087887510148,0.032817027503152706,0.0,0.0,0.0,34.58265779937841,DECLINING,0.55,6071239,RECONSIDER,5,26.39
S01917,Song_01917,A0141,Punjabi,Pop,520704,376226,0.23266866192129199,0.28569974496066863,0.6326972713864307,0.0615082423862253,0.02063121634336808,0.041368751760909664,0.0,0.0,0.0,33.49765897929125,DECLINING,2.72,6776966,RECONSIDER,6,53.53
S01918,Song_01918,A0245,Punjabi,Rock,449763,325794,0.28525694150291286,0.27401764929529554,0.6591515976191905,0.0806706078073875,0.03021541219298084,0.053671952215203475,0.0,0.0,0.0,42.55322709856045,STABLE,1.4,6383979,MAINTAIN,5,21.95
S01919,Song_01919,A0226,Marathi,Devotional,677742,471185,0.26219637721913897,0.27217141626164526,0.6794119296133337,0.07661534216921166,0.02537007757038106,0.04555535511529442,0.0,0.0,0.0,40.070751433866455,STABLE,51.3,7573349,MONITOR,6,86.75
S01920,Song_01920,A0265,English,Electronic,591495,442764,0.23105537035531343,0.3161074903422683,0.6052155977649853,0.051140110758778945,0.01875942940257112,0.03188154411831134,0.0,0.0,0.0,29.82360742841151,DECLINING,5.57,7016090,RECONSIDER,5,74.74
S01921,Song_01921,A0197,Hindi,Hip-Hop,407576,283524,0.26208716016986217,0.29115306102420163,0.6414533731132354,0.06601557540102425,0.02133858156628716,0.03589114149066746,0.0,0.0,0.0,35.43382190227796,DECLINING,0.11,6658565,RECONSIDER,6,41.03
S01922,Song_01922,A0268,Bengali,Romantic,576850,421078,0.25678377877732866,0.27666464418826386,0.6709023142931438,0.07930597181519813,0.02915611834386978,0.04669443666019122,0.0,0.0,0.0,40.67731162484239,STABLE,19.53,7562401,MAINTAIN,6,74.72
S01923,Song_01923,A0412,English,Electronic,418683,299619,0.1929583904892547,0.3069314970992374,0.6068266445019262,0.0514219725718329,0.016751274118130027,0.028255884973916873,0.0,0.0,0.0,27.25310531821517,DECLINING,0.0,5003762,RECONSIDER,7,0.7
S01924,Song_01924,A0217,Malayalam,Romantic,524148,364265,0.23079626096385872,0.2990529392461671,0.6418320779627128,0.06662731802396607,0.02429275390169245,0.03786254512511496,0.0,0.0,0.0,34.86747738416071,DECLINING,1.65,6312796,RECONSIDER,6,34.45
S01925,Song_01925,A0181,Hindi,Pop,501613,381708,0.1942479591729804,0.30367235298925666,0.6165270836282154,0.05126431722678068,0.017751789325872132,0.029766208724993973,0.0,0.0,0.0,28.127096722846705,DECLINING,0.26,6226863,RECONSIDER,4,44.03
S01926,Song_01926,A0066,Punjabi,Classical,417194,295688,0.19099185628094478,0.3125308609423913,0.5973671721069814,0.04284921944752577,0.014004626498200806,0.023886664321852765,0.0,0.0,0.0,24.83516417702293,DECLINING,0.0,5677170,RECONSIDER,6,46.98
S01927,Song_01927,A0180,Punjabi,Indie,573566,429181,0.27977473373704803,0.2761931495242047,0.6721650167548285,0.07961675843059222,0.028162942907537847,0.04999522346049802,0.0,0.0,0.0,41.95777731303565,STABLE,18.48,7643830,MAINTAIN,6,74.87
S01928,Song_01928,A0063,Bengali,Hip-Hop,640933,493779,0.24645843585895713,0.2787108792962759,0.6536221414718855,0.07381237355173063,0.025393951545124437,0.04220916644895793,0.0,0.0,0.0,37.53485815546168,DECLINING,70.63,7991542,MONITOR,5,96.28
S01929,Song_01929,A0092,Hindi,Hip-Hop,390827,274958,0.19202205427738053,0.3265716032925054,0.5980165137004352,0.04556332239832993,0.012820139803169938,0.025116563256933785,0.0,0.0,0.0,25.010038007453534,DECLINING,0.0,5779864,RECONSIDER,8,38.0
S01930,Song_01930,A0476,Kannada,Hip-Hop,534634,379206,0.19997573878050454,0.29066800839452783,0.6341104381689155,0.06107498299077546,0.02221747546188615,0.04035801121290275,0.0,0.0,0.0,32.2086966595146,DECLINING,1.6,6205938,RECONSIDER,5,35.06
S01931,Song_01931,A0045,Punjabi,Rock,415641,299955,0.19089530096181093,0.33466862027567057,0.5832557423353326,0.04018602790418563,0.010898301411878449,0.022683402510376555,0.0,0.0,0.0,23.07150278880872,DECLINING,0.0,5871665,RECONSIDER,5,61.05
S01932,Song_01932,A0241,Punjabi,Pop,483784,354029,0.2485756816531979,0.3141898037140542,0.6202954210970185,0.05117377389987826,0.018735753285747777,0.03226571834510732,0.0,0.0,0.0,31.40944433753091,DECLINING,0.12,6190868,RECONSIDER,5,28.13
S01933,Song_01933,A0417,Punjabi,Pop,573047,408982,0.4104703874498144,0.15366104350952017,0.8495359019417256,0.1670415812920862,0.06350157219633137,0.1103642703101848,0.0,0.0,0.0,78.96361287458558,RISING,78.65,8599745,PROMOTE,7,14.14
S01934,Song_01934,A0476,Hindi,Rock,584367,405782,0.25512713723132124,0.2826682547097971,0.6589574702199131,0.07687132499716597,0.026561059879442656,0.04834369193310694,0.0,0.0,0.0,39.345524368306144,DECLINING,43.91,7969919,RECONSIDER,6,96.15
S01935,Song_01935,A0074,English,Pop,616819,424290,0.27192250583327443,0.27638577929668184,0.6574910954429095,0.07422753305522166,0.026825991656649933,0.045254425039477714,0.0,0.0,0.0,39.61894371061733,DECLINING,36.39,7586738,RECONSIDER,5,80.95
S01936,Song_01936,A0082,Hindi,Rock,645532,479200,0.28848497495826375,0.24808375107663136,0.704490249902406,0.09782345575959933,0.035615609348914855,0.06475375626043406,0.0,0.0,0.0,48.772503707984434,STABLE,90.8,8230229,PROMOTE,4,95.85
S01937,Song_01937,A0186,English,Indie,448575,319350,0.20712384531078754,0.299232012483977,0.6151769492281113,0.051714419915453266,0.018136840457178643,0.031194614059808987,0.0,0.0,0.0,28.96029681586055,DECLINING,0.0,5812290,RECONSIDER,4,21.78
S01938,Song_01938,A0277,Marathi,Pop,460894,336722,0.21313130713169914,0.29040733878071745,0.6217720343506316,0.057139123668783154,0.021272741311824,0.0318363516491349,0.0,0.0,0.0,30.886234393482177,DECLINING,0.46,5401095,RECONSIDER,7,1.78
S01939,Song_01939,A0479,English,Devotional,527160,380531,0.2746188878172869,0.273324986721299,0.6643296152970635,0.0782065061716391,0.027004370208997427,0.04695806649129769,0.0,0.0,0.0,40.65104492637908,STABLE,0.86,6771606,MAINTAIN,8,43.73
S01940,Song_01940,A0104,Hindi,Devotional,640121,497068,0.21224862594252697,0.31487796838410237,0.6020877302884924,0.05109562474349586,0.017233054632364183,0.029836963956641746,0.0,0.0,0.0,28.20480455513668,DECLINING,5.52,7545745,RECONSIDER,6,93.36
S01941,Song_01941,A0083,Hindi,Indie,361123,260409,0.16895345398968545,0.3453781675495607,0.5704372194515442,0.023670456858249908,0.00914714929207516,0.019400251143393662,0.0,0.0,0.0,19.093895466968018,DECLINING,0.0,4709802,RECONSIDER,5,13.83
S01942,Song_01942,A0127,Hindi,Devotional,374299,266308,0.23067650990582333,0.33394158146294806,0.5925770573792609,0.04088123526142662,0.011730777896270484,0.02227495982095919,0.0,0.0,0.0,25.671146230976966,DECLINING,0.14,4995274,RECONSIDER,6,11.72
S01943,Song_01943,A0437,Hindi,Folk,469072,340218,0.23672468828809762,0.2672340280383395,0.6555987140566907,0.07185686824330283,0.025086856074634498,0.04612630725005731,0.0,0.0,0.0,37.25256868052158,DECLINING,1.42,5937734,RECONSIDER,5,6.9
S01944,Song_01944,A0015,Marathi,Pop,503913,369780,0.24298772242955272,0.2813223711235868,0.626237068700351,0.05936502785439991,0.020168748985883497,0.036345935421061175,0.0,0.0,0.0,32.92039068629916,DECLINING,2.25,7485178,RECONSIDER,2,76.5
S01945,Song_01945,A0190,Hindi,Romantic,540004,390458,0.19474309656864502,0.31884393448937415,0.6027825719809483,0.048146023387918804,0.013228055258183978,0.026712220008297947,0.0,0.0,0.0,25.85725202258832,DECLINING,0.0,6629078,RECONSIDER,5,78.59
S01946,Song_01946,A0060,Kannada,Rock,639013,464965,0.28594840471863475,0.26637016774306627,0.6777608593252407,0.0848838084587012,0.02983450367231942,0.05514823696407256,0.0,0.0,0.0,43.90064996600694,STABLE,70.32,7311288,MONITOR,7,69.54
S01947,Song_01947,A0079,Hindi,Devotional,643608,467222,0.398771890022302,0.18357447390336976,0.8005323115933922,0.1506542928201155,0.05807517625454281,0.09685545629272595,0.0,0.0,0.0,72.00416629216768,RISING,99.63,7951362,PROMOTE,5,5.33
S01948,Song_01948,A0458,Hindi,Folk,596428,428702,0.2370247864483954,0.28832147384093304,0.6349852790278122,0.05781871789728063,0.020953949363427277,0.03369240171494418,0.0,0.0,0.0,32.82540571076797,DECLINING,14.09,7158953,RECONSIDER,5,72.33
S01949,Song_01949,A0001,Kannada,Lo-Fi,498844,382749,0.25757611385006884,0.2867950702023077,0.6431710113783067,0.06439468163208786,0.023075174592226237,0.045813313685992646,0.0,0.0,0.0,36.46854288207378,DECLINING,1.94,6825545,RECONSIDER,6,44.86
S01950,Song_01950,A0161,Hindi,Indie,443166,310049,0.2563401268831701,0.31028553634529726,0.6349674839676329,0.05531383749020316,0.0223513057613474,0.03740376521130531,0.0,0.0,0.0,34.2013298179808,DECLINING,0.49,5756109,RECONSIDER,6,15.79
S01951,Song_01951,A0457,English,Classical,583897,418560,0.31884795489296636,0.25315252518851783,0.6896952715975592,0.09030007645259938,0.03216026376146789,0.05673738532110092,0.0,0.0,0.0,47.28061218534288,STABLE,53.35,7153095,MONITOR,3,29.51
S01952,Song_01952,A0304,Malayalam,Classical,474752,348654,0.19567536870364316,0.32547308910757616,0.5929622202750068,0.04596247282406053,0.014300710733277117,0.030012562597876404,0.0,0.0,0.0,25.798366699392968,DECLINING,0.0,5884681,RECONSIDER,5,50.11
S01953,Song_01953,A0036,Malayalam,Pop,700201,528681,0.4326597702584356,0.15361589029435832,0.854497494290925,0.1742373945725305,0.06374732589217316,0.10822594343280731,0.0,0.0,0.0,80.83066385037965,BREAKOUT,99.95,9282728,PROMOTE,3,32.97
S01954,Song_01954,A0233,Tamil,Classical,628589,456781,0.3076310091706967,0.2381428882783504,0.7349858174419215,0.1055560542141639,0.04185375486283361,0.07074506163785271,0.0,0.0,0.0,53.900376419105434,STABLE,91.28,8756690,PROMOTE,6,96.97
S01955,Song_01955,A0485,Hindi,Indie,532177,399717,0.2600339740366309,0.2732324020015897,0.6690104983868149,0.07449020181778608,0.026478733704095647,0.04516195208109738,0.0,0.0,0.0,39.505865107237206,DECLINING,3.58,6644351,RECONSIDER,5,47.47
S01956,Song_01956,A0200,Punjabi,Hip-Hop,549038,400398,0.331872287074361,0.24145141137771883,0.7185276793227426,0.10060989315630947,0.03734783890029421,0.06218312778785109,0.0,0.0,0.0,51.98141774981137,STABLE,6.15,7252822,MAINTAIN,6,37.22
S01957,Song_01957,A0264,Gujarati,Electronic,472236,359295,0.19428324914067827,0.3211932169508466,0.5861454865787445,0.03330410943653544,0.013824294799537984,0.01899831614689879,0.0,0.0,0.0,23.059874334078355,DECLINING,0.0,6348814,RECONSIDER,6,67.32
S01958,Song_01958,A0266,Malayalam,Folk,628655,472131,0.2761669960244085,0.2668029364277704,0.6643325830542984,0.079126344171427,0.028809800669729376,0.05322675274447134,0.0,0.0,0.0,41.825148606043975,STABLE,57.77,7380148,MONITOR,4,65.05
S01959,Song_01959,A0330,Hindi,Rock,423026,303508,0.2106962584182295,0.30421770765863093,0.6090405790660621,0.04712231638045784,0.013139686598046839,0.029761983209668278,0.0,0.0,0.0,27.08814864540236,DECLINING,0.0,4807709,RECONSIDER,6,0.24
S01960,Song_01960,A0094,English,Lo-Fi,538261,388346,0.2351614282109253,0.31130622504695676,0.6328193943087089,0.0626451669387608,0.019078347659046313,0.035197993541841555,0.0,0.0,0.0,32.79408286924143,DECLINING,2.11,7024746,RECONSIDER,5,61.85
S01961,Song_01961,A0420,English,Romantic,369676,264909,0.1733274445186838,0.3384152609311938,0.5916883974074595,0.03400412972001706,0.009969461211208378,0.019119773205138368,0.0,0.0,0.0,21.456819932140036,DECLINING,0.0,5138055,RECONSIDER,6,24.38
S01962,Song_01962,A0494,Hindi,Lo-Fi,470454,337759,0.17189771405055085,0.33594570351192676,0.572561823260085,0.03261497102963948,0.008636335375223162,0.018924736276457473,0.0,0.0,0.0,20.033599036398723,DECLINING,0.0,5409333,RECONSIDER,4,37.52
S01963,Song_01963,A0072,Tamil,Electronic,550528,395025,0.17694576292639708,0.30208272785398743,0.6305183387584282,0.06017087526105943,0.0211708119739257,0.03494462375799,0.0,0.0,0.0,30.08111937622989,DECLINING,4.08,7078471,RECONSIDER,8,70.63
S01964,Song_01964,A0409,Hindi,Hip-Hop,568229,417210,0.2829821912226457,0.254803961079072,0.6924197814613474,0.08957599290525155,0.03163394933007358,0.052393279163970186,0.0,0.0,0.0,45.05879278872563,STABLE,50.92,7252058,MONITOR,5,55.74
S01965,Song_01965,A0408,English,Devotional,450193,341655,0.17462059680086636,0.32304367238051235,0.5840272949601615,0.03332894293951501,0.01124818896254994,0.015963471923431533,0.0,0.0,0.0,21.111626991345386,DECLINING,0.0,5276713,RECONSIDER,4,36.87
S01966,Song_01966,A0371,Hindi,Rock,649091,457110,0.3896611318938549,0.1989566948239923,0.7642071758813479,0.13259828050141104,0.04783312550589574,0.08654153267266085,0.0,0.0,0.0,64.74880559631217,RISING,87.33,7922807,PROMOTE,3,16.74
S01967,Song_01967,A0186,English,Electronic,447829,324881,0.20929509574274888,0.3118712722936657,0.6084800225085915,0.04489336095370305,0.014750016159763114,0.023774859102255904,0.0,0.0,0.0,26.60640872463674,DECLINING,0.0,5981996,RECONSIDER,7,50.55
S01968,Song_01968,A0234,Hindi,Romantic,370428,266633,0.14003892991490174,0.34277646398220435,0.5611913786214865,0.022356572517280307,0.008397310160407751,0.017282181875461777,0.0,0.0,0.0,16.753907725824075,DECLINING,0.0,5115867,RECONSIDER,4,31.94
S01969,Song_01969,A0419,English,Hip-Hop,514317,371682,0.17747429254039743,0.3210160270805748,0.5937777674080382,0.04045662690149106,0.01375907361669384,0.020442205971771567,0.0,0.0,0.0,23.401039174250545,DECLINING,0.0,6803350,RECONSIDER,1,91.29
S01970,Song_01970,A0077,Hindi,Rock,489510,365137,0.23644275984082685,0.3161692304549447,0.6006312434883864,0.0502961901971041,0.017998723766695788,0.031807239474498615,0.0,0.0,0.0,29.605505730542994,DECLINING,0.1,5864090,RECONSIDER,3,53.43
S01971,Song_01971,A0414,Malayalam,Romantic,448932,320375,0.21457042528287162,0.3228684967879322,0.605497046323274,0.038920015606710885,0.013599687865782287,0.022879438158408115,0.0,0.0,0.0,25.79332244082358,DECLINING,0.0,6704868,RECONSIDER,5,86.6
S01972,Song_01972,A0460,Hindi,Rock,453331,332372,0.21252993633639417,0.3092751212690065,0.6092987243316693,0.04998315140866258,0.01707123343723298,0.028031843837627718,0.0,0.0,0.0,28.239036028622294,DECLINING,0.0,5969409,RECONSIDER,5,39.02
S01973,Song_01973,A0341,Punjabi,Devotional,528518,376669,0.17807942782655328,0.3364880666316001,0.5756700812460502,0.03530951578176064,0.008761007675173694,0.01865032694487733,0.0,0.0,0.0,20.743268418153395,DECLINING,0.0,6431040,RECONSIDER,5,82.74
S01974,Song_01974,A0171,Hindi,Devotional,501107,359180,0.27148226515953006,0.2570049909500366,0.6623176287699034,0.08469569575143382,0.030099114650036195,0.052764630547357874,0.0,0.0,0.0,42.30410697708572,STABLE,0.86,6162783,MAINTAIN,6,5.65
S01975,Song_01975,A0280,Hindi,Indie,388696,266048,0.20137719509261487,0.3418995821927676,0.5780507131537242,0.030389253067115707,0.01009592254029348,0.016715028866971373,0.0,0.0,0.0,21.65335821660478,DECLINING,0.0,5108904,RECONSIDER,6,29.81
S01976,Song_01976,A0026,Hindi,Romantic,421028,294300,0.35456676860346586,0.256441376820544,0.6971317822092592,0.09373428474345906,0.037149167516139996,0.05906218144750255,0.0,0.0,0.0,51.099499068736684,STABLE,2.47,6355697,MAINTAIN,6,7.82
S01977,Song_01977,A0465,Hindi,Hip-Hop,379216,257052,0.16757309805019996,0.3314074300662419,0.5750759461626092,0.029904455129701385,0.009114887260165258,0.01773571106235314,0.0,0.0,0.0,19.680747726382325,DECLINING,0.0,4550165,RECONSIDER,7,3.17
S01978,Song_01978,A0171,Hindi,Lo-Fi,520932,363139,0.24020278736241493,0.2576132777406648,0.6636662750608525,0.0782978418732221,0.027229242796835373,0.04608428177639967,0.0,0.0,0.0,38.92192469390621,DECLINING,2.02,8151641,RECONSIDER,8,91.89
S01979,Song_01979,A0029,English,Hip-Hop,556937,382220,0.23744440374653342,0.27986468846566126,0.639460118469414,0.07237193239495579,0.02421118727434462,0.04374444037465334,0.0,0.0,0.0,36.16221843899072,DECLINING,14.98,7354764,RECONSIDER,3,71.69
S01980,Song_01980,A0397,Marathi,Romantic,549092,389132,0.2244174213377466,0.30564277024615183,0.6245765736889265,0.06150355149409455,0.021953989905738925,0.0395084444353073,0.0,0.0,0.0,32.86064096845397,DECLINING,7.8,7112295,RECONSIDER,5,62.51
S01981,Song_01981,A0329,Hindi,Classical,560118,416047,0.2429364951555954,0.26643314444456345,0.6775732970552634,0.07891175756585193,0.029535124637360684,0.049749186990892855,0.0,0.0,0.0,40.64509423034089,STABLE,11.23,6952041,MAINTAIN,7,53.25
S01982,Song_01982,A0311,English,Pop,499936,360866,0.24316505295594487,0.2981501632208923,0.6444384881264802,0.06575016765225873,0.024770967616788504,0.0380529060648551,0.0,0.0,0.0,35.63827178838072,DECLINING,1.71,7183417,RECONSIDER,3,56.96
S01983,Song_01983,A0027,Punjabi,Rock,589423,434499,0.25616399577444365,0.28776108160014113,0.6249298042322746,0.05710945249586305,0.02192640259241103,0.0388493414254118,0.0,0.0,0.0,33.93474260697537,DECLINING,12.9,6820098,RECONSIDER,3,63.87
S01984,Song_01984,A0375,Hindi,Folk,558408,423337,0.22313428781325517,0.30496339593988625,0.6380692970014756,0.05693100295981688,0.019998251983644237,0.039535878035702056,0.0,0.0,0.0,32.518969083666,DECLINING,8.8,7435618,RECONSIDER,4,82.66
S01985,Song_01985,A0319,English,Hip-Hop,512824,356938,0.20018882831191973,0.3129709217977318,0.607438419418748,0.05046534692299503,0.014680420689307387,0.031476054664955816,0.0,0.0,0.0,27.348553704034934,DECLINING,0.03,6226933,RECONSIDER,6,59.69
S01986,Song_01986,A0397,Hindi,Electronic,623218,435973,0.30147967878744786,0.2334159154581543,0.7027155826693068,0.09683627197097068,0.03554807293112188,0.06291903397687472,0.0,0.0,0.0,49.04331686621526,STABLE,78.08,8130600,MONITOR,3,74.86
S01987,Song_01987,A0413,Hindi,Classical,431037,311149,0.2499574159004207,0.2981948185422597,0.6195871816108593,0.053289581518822175,0.01893305136767272,0.0375639966704055,0.0,0.0,0.0,32.18609668363635,DECLINING,0.51,5841060,RECONSIDER,6,28.1
S01988,Song_01988,A0106,English,Rock,653315,456944,0.24838711089323856,0.2682764057154665,0.6753602779669837,0.07967059420848069,0.02932525648657166,0.04997111243390875,0.0,0.0,0.0,40.85269520393367,STABLE,66.97,8114923,MONITOR,5,97.68
S01989,Song_01989,A0106,Gujarati,Devotional,448561,321312,0.28871315108056966,0.27767460835872937,0.6567601730868265,0.07801451548650533,0.028498780001991835,0.050343591275769345,0.0,0.0,0.0,41.638886655711985,STABLE,1.31,5925716,MAINTAIN,3,3.19
S01990,Song_01990,A0461,Gujarati,Indie,400206,302669,0.21540032180368654,0.3182535993963109,0.6082667426275468,0.047936855112350456,0.01624546947325296,0.0312949129246801,0.0,0.0,0.0,28.24018342147853,DECLINING,0.0,5869598,RECONSIDER,3,38.66
S01991,Song_01991,A0265,Gujarati,Rock,617858,447220,0.22905281516926793,0.3086599186220782,0.619991972265472,0.06023657260408748,0.019245561468628415,0.03096462591118465,0.0,0.0,0.0,31.317625247605193,DECLINING,9.67,7185585,RECONSIDER,9,88.2
S01992,Song_01992,A0219,English,Hip-Hop,578614,444089,0.3489570784234692,0.22740030486645674,0.7459584455267242,0.11057468210201109,0.039489831993136514,0.07046560486749277,0.0,0.0,0.0,56.32182351896042,STABLE,44.11,7048262,MAINTAIN,4,18.05
S01993,Song_01993,A0144,Hindi,Lo-Fi,434532,317148,0.2243148309306696,0.28933197094805446,0.6249160015833126,0.06097783999899101,0.02179108807244567,0.03980791302483383,0.0,0.0,0.0,32.80966700529749,DECLINING,1.28,5937428,RECONSIDER,7,14.13
S01994,Song_01994,A0319,English,Romantic,400796,278465,0.19241556389492395,0.33115849459575447,0.59939719957285,0.037006446052466196,0.012852602661016645,0.023618767170021367,0.0,0.0,0.0,24.136323483089086,DECLINING,0.0,5654077,RECONSIDER,4,36.54
S01995,Song_01995,A0377,Hindi,Lo-Fi,476804,355589,0.2665099314095768,0.26425952802409375,0.6710157632905764,0.08252786222295966,0.029531284713531634,0.05347746977549924,0.0,0.0,0.0,42.18578014958295,STABLE,0.37,6826262,MAINTAIN,5,42.82
S01996,Song_01996,A0002,Hindi,Classical,615031,447726,0.2975279523637225,0.22829580947952216,0.7107527913227139,0.1031099377744424,0.03848112461639485,0.06267002586403292,0.0,0.0,0.0,50.5011069335001,STABLE,77.14,8497845,MONITOR,6,93.34
S01997,Song_01997,A0276,Hindi,Lo-Fi,626612,499058,0.23501076027235313,0.2765124191684806,0.6586149004487626,0.07262282139550914,0.02705897911665578,0.04568406878559206,0.0,0.0,0.0,37.80973303796737,DECLINING,77.66,7819556,MONITOR,6,83.61
S01998,Song_01998,A0496,English,Rock,556151,418219,0.2383966295170712,0.2952004042067712,0.6470886503845179,0.06547048316790964,0.02141700879204436,0.03844158204194453,0.0,0.0,0.0,34.7406192011385,DECLINING,12.19,6850226,RECONSIDER,5,46.41
S01999,Song_01999,A0141,English,Indie,641395,453916,0.26388803214691703,0.28186998651377076,0.6537671793512578,0.07076199120542127,0.02536812978612783,0.044484001445201315,0.0,0.0,0.0,38.30253412902273,DECLINING,66.07,7792594,MONITOR,7,97.3
S02000,Song_02000,A0141,Hindi,Devotional,561716,401964,0.32738255167129393,0.258701906301405,0.7025400736315148,0.09074195699117334,0.03265715337691932,0.05237782487983999,0.0,0.0,0.0,48.047970588977115,STABLE,18.96,7641931,MAINTAIN,5,64.23
