song_id,artist_id,album_id,song_name,language,genre,duration_seconds,artist_popularity
S00001,A0045,AL01053,Song_00001,Bengali,Devotional,159.27,74.32
S00002,A0387,AL00075,Song_00002,English,Electronic,239.33,90.16
S00003,A0327,AL00477,Song_00003,Malayalam,Hip-Hop,258.04,59.87
S00004,A0220,AL00550,Song_00004,Marathi,Rock,149.99,52.86
S00005,A0217,AL00957,Song_00005,Hindi,Lo-Fi,127.89,89.02
S00006,A0429,AL00155,Song_00006,Kannada,Folk,199.13,45.45
S00007,A0043,AL00521,Song_00007,English,Classical,259.32,81.16
S00008,A0348,AL00183,Song_00008,Hindi,Hip-Hop,237.14,5.38
S00009,A0101,AL00945,Song_00009,Hindi,Rock,246.34,0.13
S00010,A0047,AL00759,Song_00010,Tamil,Indie,192.51,52.83
S00011,A0263,AL00596,Song_00011,Hindi,Indie,162.29,7.36
S00012,A0487,AL00472,Song_00012,Hindi,Romantic,215.72,97.65
S00013,A0368,AL00184,Song_00013,Hindi,Pop,156.79,0.55
S00014,A0380,AL01106,Song_00014,English,Classical,250.72,71.81
S00015,A0359,AL00777,Song_00015,English,Electronic,155.45,24.34
S00016,A0393,AL00383,Song_00016,Punjabi,Romantic,172.43,96.76
S00017,A0257,AL00497,Song_00017,Hindi,Classical,211.18,38.15
S00018,A0064,AL00871,Song_00018,Hindi,Romantic,207.61,2.73
S00019,A0420,AL00863,Song_00019,Marathi,Hip-Hop,228.15,2.69
S00020,A0225,AL00553,Song_00020,English,Devotional,198.74,55.34
S00021,A0250,AL00364,Song_00021,Marathi,Hip-Hop,285.51,98.67
S00022,A0186,AL00792,Song_00022,Hindi,Hip-Hop,271.19,97.98
S00023,A0092,AL00790,Song_00023,Hindi,Lo-Fi,278.24,33.73
S00024,A0463,AL00720,Song_00024,Hindi,Romantic,233.31,48.27
S00025,A0391,AL00088,Song_00025,English,Romantic,234.3,10.05
S00026,A0322,AL00567,Song_00026,English,Lo-Fi,229.66,52.22
S00027,A0201,AL00737,Song_00027,Telugu,Indie,198.28,59.97
S00028,A0411,AL01140,Song_00028,English,Pop,177.98,25.11
S00029,A0273,AL00631,Song_00029,Punjabi,Classical,226.56,61.21
S00030,A0222,AL00411,Song_00030,Punjabi,Indie,124.6,89.97
S00031,A0225,AL00667,Song_00031,Hindi,Hip-Hop,121.34,0.1
S00032,A0114,AL00213,Song_00032,Punjabi,Indie,273.3,22.89
S00033,A0046,AL00109,Song_00033,English,Devotional,128.36,20.99
S00034,A0277,AL00814,Song_00034,English,Hip-Hop,214.46,12.39
S00035,A0444,AL01183,Song_00035,Hindi,Folk,230.7,16.61
S00036,A0032,AL01015,Song_00036,Telugu,Classical,155.67,62.59
S00037,A0429,AL00700,Song_00037,Malayalam,Lo-Fi,281.23,10.27
S00038,A0413,AL00049,Song_00038,Hindi,Pop,154.22,73.85
S00039,A0139,AL01185,Song_00039,Marathi,Rock,279.21,88.7
S00040,A0316,AL00540,Song_00040,Telugu,Electronic,257.34,92.66
S00041,A0083,AL00348,Song_00041,Hindi,Folk,163.33,66.02
S00042,A0379,AL01071,Song_00042,Telugu,Hip-Hop,147.13,19.74
S00043,A0350,AL00895,Song_00043,Marathi,Lo-Fi,176.92,8.53
S00044,A0177,AL00899,Song_00044,Malayalam,Romantic,191.63,23.2
S00045,A0034,AL00334,Song_00045,Gujarati,Classical,164.24,96.2
S00046,A0485,AL01190,Song_00046,Hindi,Rock,299.8,96.23
S00047,A0223,AL00543,Song_00047,English,Classical,161.34,38.19
S00048,A0446,AL00638,Song_00048,Punjabi,Lo-Fi,269.51,32.58
S00049,A0339,AL00901,Song_00049,Hindi,Electronic,148.64,51.0
S00050,A0389,AL00792,Song_00050,English,Electronic,296.44,29.17
S00051,A0380,AL00207,Song_00051,Gujarati,Hip-Hop,160.59,97.97
S00052,A0098,AL00363,Song_00052,Hindi,Lo-Fi,195.9,22.12
S00053,A0182,AL00434,Song_00053,English,Classical,220.54,36.91
S00054,A0233,AL01137,Song_00054,Bengali,Devotional,141.65,42.94
S00055,A0249,AL00857,Song_00055,English,Devotional,267.03,12.51
S00056,A0022,AL00440,Song_00056,English,Devotional,169.44,38.28
S00057,A0273,AL00881,Song_00057,Gujarati,Devotional,218.87,85.67
S00058,A0077,AL00886,Song_00058,English,Classical,218.93,14.04
S00059,A0371,AL00473,Song_00059,Hindi,Devotional,228.48,58.4
S00060,A0341,AL00484,Song_00060,Hindi,Lo-Fi,129.99,40.66
S00061,A0461,AL01073,Song_00061,Malayalam,Rock,150.35,17.05
S00062,A0372,AL00674,Song_00062,Hindi,Indie,149.01,1.23
S00063,A0183,AL00180,Song_00063,Punjabi,Romantic,174.37,27.33
S00064,A0483,AL00864,Song_00064,Hindi,Rock,146.08,6.18
S00065,A0206,AL00707,Song_00065,English,Electronic,285.95,37.68
S00066,A0163,AL00611,Song_00066,Malayalam,Devotional,212.33,81.02
S00067,A0452,AL00870,Song_00067,Punjabi,Hip-Hop,232.24,71.97
S00068,A0185,AL01088,Song_00068,Gujarati,Indie,184.35,94.74
S00069,A0039,AL00397,Song_00069,Hindi,Folk,169.72,42.7
S00070,A0235,AL00503,Song_00070,Punjabi,Romantic,210.57,70.78
S00071,A0398,AL00228,Song_00071,Bengali,Pop,172.98,66.53
S00072,A0095,AL00776,Song_00072,English,Rock,181.86,21.7
S00073,A0232,AL00483,Song_00073,Hindi,Devotional,201.5,30.36
S00074,A0065,AL00411,Song_00074,Bengali,Rock,211.03,52.98
S00075,A0343,AL00836,Song_00075,English,Folk,297.18,79.67
S00076,A0238,AL00490,Song_00076,Punjabi,Folk,160.2,46.18
S00077,A0165,AL00557,Song_00077,Gujarati,Indie,207.84,22.77
S00078,A0114,AL00528,Song_00078,Hindi,Rock,146.91,99.35
S00079,A0282,AL00310,Song_00079,English,Pop,183.0,11.56
S00080,A0335,AL00151,Song_00080,Hindi,Folk,249.12,95.59
S00081,A0470,AL00992,Song_00081,English,Folk,151.4,80.9
S00082,A0219,AL00110,Song_00082,Hindi,Classical,224.64,83.89
S00083,A0081,AL00390,Song_00083,Tamil,Indie,195.01,79.49
S00084,A0416,AL00801,Song_00084,Hindi,Electronic,129.28,20.82
S00085,A0315,AL00158,Song_00085,Marathi,Devotional,287.95,63.26
S00086,A0350,AL00786,Song_00086,Hindi,Romantic,194.45,75.67
S00087,A0049,AL00879,Song_00087,English,Devotional,261.11,74.57
S00088,A0156,AL00795,Song_00088,English,Lo-Fi,194.94,27.16
S00089,A0384,AL00366,Song_00089,Tamil,Electronic,288.72,18.11
S00090,A0416,AL00024,Song_00090,English,Classical,172.28,32.81
S00091,A0218,AL01064,Song_00091,English,Indie,194.2,47.98
S00092,A0402,AL00392,Song_00092,Bengali,Hip-Hop,256.6,57.38
S00093,A0421,AL00966,Song_00093,Punjabi,Devotional,181.86,83.7
S00094,A0194,AL00238,Song_00094,Hindi,Hip-Hop,185.58,76.9
S00095,A0449,AL00195,Song_00095,Kannada,Rock,299.07,67.62
S00096,A0144,AL00934,Song_00096,English,Hip-Hop,220.01,26.35
S00097,A0120,AL01127,Song_00097,Hindi,Rock,244.09,47.89
S00098,A0341,AL01032,Song_00098,English,Rock,235.82,33.54
S00099,A0318,AL00901,Song_00099,Hindi,Pop,269.03,23.49
S00100,A0070,AL00296,Song_00100,Hindi,Electronic,275.13,1.02
S00101,A0416,AL01095,Song_00101,Tamil,Classical,221.39,33.95
S00102,A0100,AL00801,Song_00102,Hindi,Lo-Fi,173.02,25.61
S00103,A0402,AL00207,Song_00103,Telugu,Romantic,124.1,57.19
S00104,A0004,AL00156,Song_00104,Malayalam,Devotional,230.59,6.23
S00105,A0398,AL01045,Song_00105,Marathi,Romantic,268.58,27.05
S00106,A0393,AL00330,Song_00106,Tamil,Indie,201.1,4.48
S00107,A0390,AL00919,Song_00107,Tamil,Classical,149.65,64.14
S00108,A0332,AL00167,Song_00108,Gujarati,Classical,171.85,56.82
S00109,A0236,AL00337,Song_00109,English,Devotional,211.8,33.75
S00110,A0352,AL00340,Song_00110,Hindi,Folk,270.6,14.73
S00111,A0139,AL00338,Song_00111,Punjabi,Rock,150.92,95.79
S00112,A0390,AL00810,Song_00112,Punjabi,Folk,230.19,58.44
S00113,A0278,AL01097,Song_00113,Hindi,Romantic,255.61,67.91
S00114,A0229,AL01092,Song_00114,Marathi,Hip-Hop,288.49,53.13
S00115,A0253,AL00890,Song_00115,Hindi,Rock,141.01,80.65
S00116,A0284,AL00243,Song_00116,Malayalam,Lo-Fi,286.75,89.64
S00117,A0019,AL01152,Song_00117,Hindi,Romantic,228.26,38.27
S00118,A0070,AL00650,Song_00118,Hindi,Rock,258.01,69.0
S00119,A0123,AL00655,Song_00119,Hindi,Classical,129.68,22.99
S00120,A0058,AL00841,Song_00120,Hindi,Folk,211.11,65.19
S00121,A0220,AL00923,Song_00121,Hindi,Classical,232.07,39.92
S00122,A0334,AL01143,Song_00122,Hindi,Lo-Fi,175.23,0.68
S00123,A0327,AL00699,Song_00123,Hindi,Electronic,197.7,95.55
S00124,A0236,AL00732,Song_00124,Hindi,Electronic,219.77,86.84
S00125,A0427,AL00894,Song_00125,English,Electronic,219.46,29.08
S00126,A0283,AL00306,Song_00126,English,Romantic,127.54,99.78
S00127,A0040,AL00369,Song_00127,English,Classical,199.11,31.71
S00128,A0382,AL00750,Song_00128,English,Indie,158.49,45.88
S00129,A0287,AL00077,Song_00129,Hindi,Hip-Hop,285.01,85.13
S00130,A0317,AL00385,Song_00130,Hindi,Romantic,295.78,30.46
S00131,A0283,AL00861,Song_00131,Hindi,Romantic,173.94,45.05
S00132,A0277,AL01171,Song_00132,Telugu,Electronic,151.53,66.56
S00133,A0046,AL00623,Song_00133,Gujarati,Devotional,159.51,13.05
S00134,A0280,AL00480,Song_00134,Malayalam,Hip-Hop,206.0,42.24
S00135,A0397,AL00529,Song_00135,Punjabi,Electronic,277.41,30.94
S00136,A0152,AL00822,Song_00136,Punjabi,Devotional,210.01,67.68
S00137,A0301,AL00653,Song_00137,English,Folk,129.97,13.6
S00138,A0016,AL00028,Song_00138,Telugu,Lo-Fi,127.18,23.27
S00139,A0174,AL00647,Song_00139,Telugu,Folk,160.93,71.14
S00140,A0218,AL00480,Song_00140,Bengali,Romantic,271.7,15.62
S00141,A0491,AL00841,Song_00141,Kannada,Electronic,231.87,42.2
S00142,A0108,AL01050,Song_00142,English,Rock,221.33,71.29
S00143,A0138,AL01154,Song_00143,Telugu,Classical,177.41,76.55
S00144,A0204,AL00732,Song_00144,Telugu,Devotional,287.3,9.49
S00145,A0496,AL00435,Song_00145,English,Devotional,179.61,85.2
S00146,A0426,AL00533,Song_00146,Malayalam,Classical,270.29,72.4
S00147,A0018,AL00212,Song_00147,Hindi,Lo-Fi,281.26,33.93
S00148,A0117,AL01123,Song_00148,Gujarati,Romantic,207.0,76.38
S00149,A0411,AL01016,Song_00149,Telugu,Pop,280.97,72.83
S00150,A0030,AL01024,Song_00150,Hindi,Pop,169.82,60.09
S00151,A0427,AL00394,Song_00151,Marathi,Folk,238.52,55.85
S00152,A0141,AL00387,Song_00152,Hindi,Classical,135.83,73.47
S00153,A0458,AL01028,Song_00153,Telugu,Classical,205.31,99.93
S00154,A0147,AL00653,Song_00154,Telugu,Devotional,159.12,57.86
S00155,A0217,AL00845,Song_00155,Marathi,Classical,131.3,80.87
S00156,A0331,AL00588,Song_00156,Bengali,Indie,120.67,74.43
S00157,A0064,AL00531,Song_00157,Hindi,Pop,178.46,85.58
S00158,A0278,AL00759,Song_00158,Hindi,Romantic,226.12,95.45
S00159,A0253,AL00975,Song_00159,English,Lo-Fi,201.94,19.31
S00160,A0392,AL00401,Song_00160,Hindi,Classical,174.32,16.55
S00161,A0498,AL00971,Song_00161,English,Romantic,298.42,58.64
S00162,A0332,AL00293,Song_00162,Hindi,Rock,289.11,44.93
S00163,A0205,AL00483,Song_00163,English,Rock,142.62,57.07
S00164,A0203,AL01095,Song_00164,English,Hip-Hop,194.72,79.8
S00165,A0209,AL01145,Song_00165,Kannada,Hip-Hop,236.79,93.17
S00166,A0407,AL01108,Song_00166,Hindi,Electronic,252.03,41.74
S00167,A0161,AL00379,Song_00167,Kannada,Romantic,185.95,71.79
S00168,A0084,AL01012,Song_00168,English,Rock,254.33,19.68
S00169,A0167,AL01123,Song_00169,English,Classical,142.35,53.46
S00170,A0012,AL01173,Song_00170,Punjabi,Indie,179.73,2.18
S00171,A0053,AL00026,Song_00171,English,Folk,248.96,50.38
S00172,A0045,AL00894,Song_00172,Hindi,Lo-Fi,232.62,54.53
S00173,A0386,AL01196,Song_00173,Punjabi,Hip-Hop,270.7,73.54
S00174,A0361,AL00917,Song_00174,Hindi,Indie,128.43,64.95
S00175,A0348,AL00280,Song_00175,English,Pop,151.39,35.84
S00176,A0231,AL00915,Song_00176,Punjabi,Devotional,128.73,0.57
S00177,A0358,AL00127,Song_00177,English,Romantic,154.58,11.55
S00178,A0081,AL00577,Song_00178,Bengali,Pop,120.77,97.31
S00179,A0450,AL00751,Song_00179,Hindi,Devotional,210.76,92.23
S00180,A0251,AL00548,Song_00180,Gujarati,Romantic,215.1,32.51
S00181,A0469,AL00840,Song_00181,Telugu,Classical,238.42,25.89
S00182,A0077,AL00289,Song_00182,Gujarati,Romantic,189.28,43.64
S00183,A0249,AL00727,Song_00183,Bengali,Electronic,120.58,68.99
S00184,A0348,AL00774,Song_00184,Hindi,Electronic,241.3,35.68
S00185,A0248,AL00760,Song_00185,Punjabi,Indie,129.77,6.73
S00186,A0223,AL00347,Song_00186,Hindi,Folk,275.91,40.28
S00187,A0083,AL00367,Song_00187,Telugu,Classical,124.08,26.06
S00188,A0191,AL00310,Song_00188,Punjabi,Romantic,215.49,32.49
S00189,A0120,AL00554,Song_00189,Hindi,Romantic,281.09,16.3
S00190,A0151,AL00703,Song_00190,Malayalam,Hip-Hop,223.05,65.88
S00191,A0342,AL00435,Song_00191,Hindi,Hip-Hop,229.52,52.66
S00192,A0315,AL00492,Song_00192,Punjabi,Rock,242.69,27.09
S00193,A0303,AL00344,Song_00193,Tamil,Hip-Hop,142.03,55.39
S00194,A0181,AL00263,Song_00194,Hindi,Indie,241.49,49.27
S00195,A0479,AL00789,Song_00195,Punjabi,Romantic,278.46,79.6
S00196,A0044,AL00979,Song_00196,Telugu,Devotional,295.36,95.6
S00197,A0171,AL00349,Song_00197,Hindi,Rock,199.75,13.07
S00198,A0059,AL01032,Song_00198,Punjabi,Devotional,182.01,88.39
S00199,A0170,AL00685,Song_00199,Hindi,Indie,255.6,70.48
S00200,A0480,AL00202,Song_00200,Marathi,Lo-Fi,217.72,69.26
S00201,A0183,AL00439,Song_00201,Hindi,Classical,166.31,37.43
S00202,A0454,AL00010,Song_00202,Malayalam,Hip-Hop,150.99,34.39
S00203,A0248,AL00047,Song_00203,Kannada,Indie,150.64,0.56
S00204,A0350,AL00404,Song_00204,Hindi,Devotional,202.65,98.22
S00205,A0229,AL00545,Song_00205,English,Classical,150.62,60.65
S00206,A0133,AL00957,Song_00206,Punjabi,Indie,123.55,40.23
S00207,A0382,AL00162,Song_00207,Tamil,Classical,129.38,54.38
S00208,A0484,AL01007,Song_00208,English,Rock,287.38,4.05
S00209,A0132,AL00282,Song_00209,Hindi,Rock,133.13,17.37
S00210,A0389,AL00166,Song_00210,Hindi,Lo-Fi,133.17,62.34
S00211,A0131,AL00840,Song_00211,Gujarati,Devotional,201.21,51.43
S00212,A0358,AL00929,Song_00212,English,Pop,164.12,78.71
S00213,A0394,AL00726,Song_00213,Kannada,Lo-Fi,293.28,65.87
S00214,A0225,AL00139,Song_00214,English,Electronic,283.98,60.14
S00215,A0368,AL00139,Song_00215,Malayalam,Pop,192.85,81.53
S00216,A0136,AL00468,Song_00216,Hindi,Electronic,200.77,6.83
S00217,A0040,AL00541,Song_00217,Hindi,Indie,187.52,69.09
S00218,A0049,AL01198,Song_00218,Malayalam,Lo-Fi,126.82,71.56
S00219,A0224,AL00344,Song_00219,Malayalam,Classical,172.71,27.52
S00220,A0451,AL00231,Song_00220,English,Indie,142.08,19.56
S00221,A0064,AL01135,Song_00221,English,Rock,138.43,21.39
S00222,A0228,AL00185,Song_00222,English,Rock,220.96,19.81
S00223,A0352,AL00032,Song_00223,English,Devotional,137.78,52.38
S00224,A0101,AL00507,Song_00224,Hindi,Folk,138.53,13.56
S00225,A0361,AL00481,Song_00225,Kannada,Folk,206.49,65.93
S00226,A0153,AL00743,Song_00226,Hindi,Electronic,199.61,10.51
S00227,A0404,AL01053,Song_00227,Tamil,Devotional,144.77,2.69
S00228,A0290,AL01119,Song_00228,Hindi,Indie,120.8,31.93
S00229,A0273,AL00348,Song_00229,Hindi,Rock,154.74,19.19
S00230,A0089,AL01177,Song_00230,Marathi,Electronic,162.46,98.87
S00231,A0232,AL00759,Song_00231,English,Rock,264.04,30.3
S00232,A0428,AL00084,Song_00232,Marathi,Hip-Hop,284.78,22.21
S00233,A0010,AL01126,Song_00233,Hindi,Folk,193.07,19.68
S00234,A0379,AL00166,Song_00234,Malayalam,Indie,192.9,37.39
S00235,A0246,AL00706,Song_00235,Tamil,Rock,248.25,60.58
S00236,A0360,AL00949,Song_00236,Kannada,Folk,232.85,78.19
S00237,A0331,AL00300,Song_00237,Hindi,Lo-Fi,153.15,36.46
S00238,A0216,AL00325,Song_00238,English,Rock,139.38,62.6
S00239,A0155,AL00571,Song_00239,English,Indie,198.77,48.21
S00240,A0314,AL01061,Song_00240,Punjabi,Classical,221.67,84.65
S00241,A0070,AL00269,Song_00241,Hindi,Electronic,144.97,56.9
S00242,A0292,AL00796,Song_00242,Hindi,Lo-Fi,172.79,28.99
S00243,A0048,AL00543,Song_00243,English,Indie,175.07,70.36
S00244,A0325,AL00135,Song_00244,Hindi,Electronic,167.03,82.01
S00245,A0314,AL00853,Song_00245,English,Indie,202.94,46.54
S00246,A0043,AL00999,Song_00246,Hindi,Folk,237.55,98.72
S00247,A0378,AL00691,Song_00247,Hindi,Classical,211.69,87.91
S00248,A0208,AL00212,Song_00248,Marathi,Rock,156.26,19.7
S00249,A0393,AL00187,Song_00249,English,Classical,138.53,78.68
S00250,A0021,AL00508,Song_00250,English,Lo-Fi,267.94,60.1
S00251,A0090,AL00608,Song_00251,Punjabi,Devotional,206.27,53.48
S00252,A0247,AL00663,Song_00252,Telugu,Romantic,131.19,51.39
S00253,A0094,AL00293,Song_00253,English,Pop,166.46,85.34
S00254,A0165,AL00601,Song_00254,Punjabi,Indie,264.73,61.09
S00255,A0330,AL00354,Song_00255,Gujarati,Folk,255.31,53.77
S00256,A0073,AL00823,Song_00256,Punjabi,Classical,277.65,4.89
S00257,A0339,AL00955,Song_00257,Kannada,Indie,228.38,44.83
S00258,A0052,AL00783,Song_00258,Telugu,Electronic,196.12,90.8
S00259,A0088,AL00002,Song_00259,Hindi,Indie,196.79,71.17
S00260,A0294,AL01190,Song_00260,English,Lo-Fi,154.92,5.1
S00261,A0396,AL00029,Song_00261,Tamil,Devotional,237.14,88.4
S00262,A0086,AL01199,Song_00262,Gujarati,Electronic,225.31,82.67
S00263,A0150,AL00039,Song_00263,English,Electronic,147.88,54.67
S00264,A0462,AL00620,Song_00264,Hindi,Devotional,279.42,2.24
S00265,A0494,AL00128,Song_00265,Punjabi,Pop,186.32,56.24
S00266,A0290,AL00115,Song_00266,Hindi,Classical,128.95,5.46
S00267,A0224,AL00820,Song_00267,Telugu,Romantic,179.02,32.04
S00268,A0174,AL00873,Song_00268,Punjabi,Indie,276.57,62.89
S00269,A0306,AL00142,Song_00269,Tamil,Romantic,285.05,91.29
S00270,A0295,AL01172,Song_00270,Bengali,Indie,208.27,35.78
S00271,A0148,AL00385,Song_00271,Marathi,Rock,292.14,86.0
S00272,A0012,AL00382,Song_00272,Marathi,Pop,277.54,91.84
S00273,A0076,AL00357,Song_00273,Telugu,Romantic,268.54,2.1
S00274,A0479,AL00553,Song_00274,Bengali,Indie,274.75,23.94
S00275,A0209,AL00214,Song_00275,Bengali,Pop,188.74,70.99
S00276,A0241,AL00510,Song_00276,Hindi,Folk,256.16,75.68
S00277,A0234,AL00252,Song_00277,Punjabi,Electronic,223.92,39.24
S00278,A0391,AL00062,Song_00278,Hindi,Electronic,249.54,65.68
S00279,A0033,AL00443,Song_00279,Bengali,Romantic,152.0,61.22
S00280,A0042,AL00807,Song_00280,Marathi,Electronic,251.65,73.98
S00281,A0138,AL00915,Song_00281,English,Devotional,292.37,71.87
S00282,A0243,AL00424,Song_00282,Hindi,Rock,174.48,8.59
S00283,A0335,AL00389,Song_00283,English,Pop,297.51,15.83
S00284,A0245,AL00945,Song_00284,Tamil,Indie,188.11,13.27
S00285,A0221,AL00817,Song_00285,Hindi,Electronic,155.95,93.25
S00286,A0468,AL00998,Song_00286,Hindi,Pop,140.21,91.35
S00287,A0081,AL01087,Song_00287,Kannada,Pop,261.29,79.74
S00288,A0286,AL00985,Song_00288,Telugu,Rock,219.87,11.67
S00289,A0271,AL01123,Song_00289,Hindi,Indie,175.28,57.43
S00290,A0237,AL00500,Song_00290,Hindi,Classical,229.52,18.72
S00291,A0403,AL00474,Song_00291,Gujarati,Classical,179.78,36.84
S00292,A0134,AL00386,Song_00292,Tamil,Hip-Hop,200.7,26.71
S00293,A0476,AL00283,Song_00293,Marathi,Pop,275.28,82.89
S00294,A0166,AL00898,Song_00294,English,Pop,240.27,14.45
S00295,A0272,AL00857,Song_00295,Hindi,Pop,257.23,64.62
S00296,A0260,AL00961,Song_00296,Hindi,Devotional,225.03,98.39
S00297,A0425,AL00201,Song_00297,Tamil,Electronic,298.45,68.71
S00298,A0220,AL00590,Song_00298,Hindi,Classical,163.45,7.92
S00299,A0142,AL00267,Song_00299,Hindi,Pop,167.21,90.78
S00300,A0011,AL01071,Song_00300,Tamil,Classical,136.66,64.31
S00301,A0182,AL00321,Song_00301,Malayalam,Lo-Fi,219.72,45.63
S00302,A0413,AL00173,Song_00302,Telugu,Hip-Hop,230.4,65.97
S00303,A0005,AL00684,Song_00303,English,Classical,250.67,87.9
S00304,A0448,AL01055,Song_00304,English,Indie,180.38,47.71
S00305,A0271,AL01098,Song_00305,English,Rock,122.21,53.13
S00306,A0070,AL00116,Song_00306,English,Classical,233.8,45.24
S00307,A0151,AL00391,Song_00307,Punjabi,Classical,299.77,7.26
S00308,A0277,AL00185,Song_00308,English,Classical,173.02,78.71
S00309,A0158,AL00370,Song_00309,Punjabi,Electronic,153.11,12.64
S00310,A0055,AL00641,Song_00310,Kannada,Indie,170.72,39.46
S00311,A0333,AL00337,Song_00311,Gujarati,Pop,196.57,38.68
S00312,A0336,AL00081,Song_00312,Hindi,Pop,165.16,28.0
S00313,A0060,AL00612,Song_00313,English,Classical,182.45,40.25
S00314,A0141,AL00064,Song_00314,Hindi,Lo-Fi,234.88,61.8
S00315,A0122,AL00272,Song_00315,English,Pop,182.11,31.14
S00316,A0330,AL00001,Song_00316,Hindi,Pop,191.29,17.25
S00317,A0365,AL00105,Song_00317,Hindi,Devotional,127.21,86.94
S00318,A0363,AL00524,Song_00318,Telugu,Classical,285.23,97.08
S00319,A0469,AL01021,Song_00319,English,Hip-Hop,193.24,45.86
S00320,A0384,AL00929,Song_00320,Kannada,Hip-Hop,179.07,32.7
S00321,A0161,AL00119,Song_00321,Hindi,Devotional,135.57,4.75
S00322,A0054,AL00042,Song_00322,Hindi,Indie,234.15,3.69
S00323,A0307,AL00406,Song_00323,English,Devotional,275.49,39.29
S00324,A0458,AL00783,Song_00324,Hindi,Hip-Hop,127.41,93.02
S00325,A0487,AL00896,Song_00325,Hindi,Indie,146.15,73.07
S00326,A0115,AL00987,Song_00326,Gujarati,Folk,146.35,34.93
S00327,A0118,AL00411,Song_00327,Hindi,Rock,228.41,96.8
S00328,A0019,AL00202,Song_00328,Hindi,Rock,285.82,42.88
S00329,A0071,AL00032,Song_00329,Punjabi,Romantic,198.8,27.68
S00330,A0277,AL00177,Song_00330,English,Devotional,181.89,42.64
S00331,A0273,AL00079,Song_00331,Punjabi,Pop,257.85,21.15
S00332,A0186,AL01033,Song_00332,English,Hip-Hop,253.66,88.56
S00333,A0155,AL00322,Song_00333,Bengali,Electronic,164.42,36.12
S00334,A0415,AL00987,Song_00334,Hindi,Pop,148.95,65.8
S00335,A0230,AL00664,Song_00335,English,Lo-Fi,184.41,38.9
S00336,A0404,AL00647,Song_00336,Tamil,Classical,259.61,90.17
S00337,A0481,AL00546,Song_00337,Bengali,Rock,245.11,64.24
S00338,A0159,AL00983,Song_00338,English,Indie,239.85,48.83
S00339,A0102,AL00053,Song_00339,Punjabi,Devotional,269.3,13.21
S00340,A0476,AL00112,Song_00340,Hindi,Classical,169.88,90.19
S00341,A0317,AL00508,Song_00341,Hindi,Folk,181.14,54.68
S00342,A0146,AL00473,Song_00342,Hindi,Lo-Fi,127.62,28.51
S00343,A0311,AL00655,Song_00343,Tamil,Hip-Hop,276.37,87.79
S00344,A0258,AL00885,Song_00344,Hindi,Electronic,224.84,5.44
S00345,A0452,AL00705,Song_00345,Tamil,Rock,173.66,31.41
S00346,A0128,AL00309,Song_00346,Hindi,Lo-Fi,132.49,53.68
S00347,A0495,AL00393,Song_00347,Bengali,Hip-Hop,250.21,33.98
S00348,A0468,AL00903,Song_00348,Bengali,Hip-Hop,254.77,47.67
S00349,A0091,AL00242,Song_00349,Hindi,Electronic,239.91,26.43
S00350,A0083,AL00605,Song_00350,Hindi,Electronic,156.68,13.01
S00351,A0267,AL00647,Song_00351,Hindi,Romantic,284.38,3.69
S00352,A0023,AL00900,Song_00352,Bengali,Indie,255.57,15.76
S00353,A0150,AL00857,Song_00353,Hindi,Rock,238.4,95.29
S00354,A0218,AL00558,Song_00354,Punjabi,Devotional,237.17,57.54
S00355,A0484,AL00371,Song_00355,English,Indie,282.78,48.9
S00356,A0496,AL00442,Song_00356,Telugu,Lo-Fi,287.1,38.43
S00357,A0076,AL00494,Song_00357,English,Lo-Fi,227.21,70.84
S00358,A0445,AL00263,Song_00358,Punjabi,Devotional,195.0,14.13
S00359,A0046,AL00750,Song_00359,Gujarati,Devotional,185.47,27.61
S00360,A0374,AL00250,Song_00360,Hindi,Folk,267.43,65.59
S00361,A0422,AL00778,Song_00361,Bengali,Romantic,236.03,47.91
S00362,A0445,AL00902,Song_00362,Hindi,Electronic,133.91,77.01
S00363,A0112,AL01154,Song_00363,English,Electronic,145.59,89.71
S00364,A0446,AL00143,Song_00364,Kannada,Romantic,282.03,82.34
S00365,A0058,AL00911,Song_00365,Marathi,Folk,279.21,18.42
S00366,A0259,AL00104,Song_00366,Tamil,Devotional,291.33,9.15
S00367,A0235,AL00405,Song_00367,Hindi,Rock,197.01,16.94
S00368,A0158,AL00212,Song_00368,English,Classical,261.13,78.35
S00369,A0012,AL00195,Song_00369,English,Classical,269.08,91.38
S00370,A0386,AL00211,Song_00370,Punjabi,Lo-Fi,176.83,92.54
S00371,A0168,AL00053,Song_00371,English,Lo-Fi,146.16,29.82
S00372,A0331,AL00987,Song_00372,English,Folk,299.46,84.03
S00373,A0205,AL00074,Song_00373,English,Devotional,125.44,53.62
S00374,A0187,AL00478,Song_00374,Hindi,Romantic,227.52,82.28
S00375,A0443,AL00839,Song_00375,English,Lo-Fi,237.04,54.84
S00376,A0048,AL01188,Song_00376,Hindi,Romantic,242.72,14.59
S00377,A0368,AL01024,Song_00377,Kannada,Romantic,166.01,7.92
S00378,A0373,AL00165,Song_00378,Marathi,Pop,249.88,95.72
S00379,A0190,AL01185,Song_00379,Hindi,Lo-Fi,158.95,42.58
S00380,A0131,AL00784,Song_00380,Tamil,Classical,269.23,35.05
S00381,A0003,AL00216,Song_00381,Bengali,Hip-Hop,159.44,35.63
S00382,A0468,AL00539,Song_00382,Hindi,Pop,245.41,37.89
S00383,A0473,AL01101,Song_00383,Hindi,Classical,261.01,94.5
S00384,A0121,AL00472,Song_00384,Hindi,Electronic,154.01,6.27
S00385,A0016,AL00221,Song_00385,Hindi,Lo-Fi,162.84,11.91
S00386,A0062,AL01050,Song_00386,Telugu,Indie,260.24,78.97
S00387,A0034,AL01143,Song_00387,Gujarati,Devotional,135.48,54.94
S00388,A0415,AL01170,Song_00388,Hindi,Folk,154.34,12.85
S00389,A0446,AL01146,Song_00389,Tamil,Lo-Fi,202.0,3.45
S00390,A0077,AL01047,Song_00390,Hindi,Hip-Hop,287.43,22.42
S00391,A0373,AL00545,Song_00391,Punjabi,Lo-Fi,221.14,26.08
S00392,A0090,AL00231,Song_00392,Telugu,Indie,189.78,1.42
S00393,A0184,AL00740,Song_00393,English,Lo-Fi,296.11,21.61
S00394,A0300,AL00265,Song_00394,Hindi,Romantic,203.47,73.83
S00395,A0360,AL00568,Song_00395,Punjabi,Pop,198.07,85.54
S00396,A0437,AL00787,Song_00396,Gujarati,Folk,194.1,89.82
S00397,A0023,AL01135,Song_00397,Hindi,Devotional,176.19,38.99
S00398,A0099,AL00347,Song_00398,Hindi,Romantic,178.63,31.94
S00399,A0140,AL00303,Song_00399,Hindi,Folk,243.81,99.99
S00400,A0155,AL00881,Song_00400,Punjabi,Romantic,127.35,76.93
S00401,A0499,AL00008,Song_00401,Punjabi,Devotional,242.73,53.74
S00402,A0388,AL00680,Song_00402,Telugu,Hip-Hop,156.22,25.48
S00403,A0160,AL00895,Song_00403,Telugu,Pop,189.16,32.13
S00404,A0485,AL00661,Song_00404,Kannada,Folk,146.38,51.54
S00405,A0250,AL00461,Song_00405,Telugu,Folk,219.5,54.21
S00406,A0250,AL00994,Song_00406,Hindi,Romantic,251.28,1.37
S00407,A0217,AL00445,Song_00407,Punjabi,Pop,183.84,95.94
S00408,A0072,AL00852,Song_00408,Hindi,Devotional,149.41,57.56
S00409,A0467,AL00557,Song_00409,English,Pop,160.77,58.92
S00410,A0007,AL00032,Song_00410,Malayalam,Electronic,267.26,21.15
S00411,A0087,AL00637,Song_00411,Tamil,Lo-Fi,168.18,76.5
S00412,A0115,AL00060,Song_00412,Gujarati,Electronic,259.45,73.73
S00413,A0140,AL01117,Song_00413,English,Hip-Hop,179.62,9.52
S00414,A0066,AL00722,Song_00414,Punjabi,Romantic,153.97,59.5
S00415,A0009,AL00447,Song_00415,English,Devotional,250.92,65.82
S00416,A0339,AL00583,Song_00416,Hindi,Pop,204.34,83.56
S00417,A0484,AL00743,Song_00417,Hindi,Indie,125.63,20.61
S00418,A0061,AL00312,Song_00418,Punjabi,Classical,292.79,87.76
S00419,A0148,AL00346,Song_00419,Hindi,Electronic,146.6,46.15
S00420,A0253,AL00502,Song_00420,Malayalam,Hip-Hop,183.61,9.65
S00421,A0463,AL00311,Song_00421,Hindi,Electronic,189.26,10.56
S00422,A0347,AL00909,Song_00422,Hindi,Devotional,208.1,19.78
S00423,A0383,AL00125,Song_00423,Telugu,Hip-Hop,261.38,28.28
S00424,A0290,AL00992,Song_00424,Hindi,Rock,121.1,49.64
S00425,A0209,AL00418,Song_00425,Kannada,Pop,287.84,74.88
S00426,A0100,AL00673,Song_00426,Tamil,Classical,236.28,18.67
S00427,A0432,AL00190,Song_00427,Hindi,Hip-Hop,291.12,99.27
S00428,A0402,AL00463,Song_00428,Tamil,Romantic,267.13,16.15
S00429,A0013,AL00905,Song_00429,Marathi,Indie,287.01,59.94
S00430,A0357,AL00325,Song_00430,Telugu,Indie,228.18,92.89
S00431,A0043,AL00159,Song_00431,Bengali,Pop,184.32,83.25
S00432,A0369,AL00626,Song_00432,Tamil,Romantic,199.72,64.79
S00433,A0413,AL00195,Song_00433,Punjabi,Pop,238.45,71.55
S00434,A0066,AL00378,Song_00434,English,Devotional,196.85,13.42
S00435,A0217,AL00541,Song_00435,Tamil,Rock,251.7,0.97
S00436,A0062,AL00677,Song_00436,Malayalam,Pop,136.53,43.41
S00437,A0284,AL00767,Song_00437,Punjabi,Romantic,269.4,8.95
S00438,A0463,AL00812,Song_00438,Marathi,Lo-Fi,156.75,35.78
S00439,A0041,AL01013,Song_00439,English,Hip-Hop,289.91,22.37
S00440,A0199,AL00080,Song_00440,Telugu,Devotional,148.0,91.63
S00441,A0486,AL00435,Song_00441,Gujarati,Classical,143.25,88.01
S00442,A0151,AL00002,Song_00442,Hindi,Romantic,266.14,81.89
S00443,A0066,AL00012,Song_00443,Hindi,Rock,267.37,71.39
S00444,A0244,AL00255,Song_00444,Punjabi,Pop,252.98,15.41
S00445,A0254,AL00718,Song_00445,English,Electronic,292.9,4.84
S00446,A0331,AL01073,Song_00446,Punjabi,Rock,168.7,65.39
S00447,A0157,AL00928,Song_00447,Hindi,Classical,268.8,64.23
S00448,A0477,AL00775,Song_00448,English,Romantic,183.37,36.94
S00449,A0260,AL00934,Song_00449,Punjabi,Folk,216.73,47.27
S00450,A0143,AL00207,Song_00450,Punjabi,Hip-Hop,200.21,48.91
S00451,A0480,AL01007,Song_00451,Marathi,Indie,121.05,23.99
S00452,A0462,AL01068,Song_00452,Tamil,Folk,223.4,31.42
S00453,A0250,AL00114,Song_00453,Marathi,Electronic,254.55,41.84
S00454,A0013,AL00564,Song_00454,Telugu,Devotional,151.42,60.32
S00455,A0298,AL00996,Song_00455,Marathi,Folk,287.7,95.58
S00456,A0278,AL00571,Song_00456,Punjabi,Romantic,215.47,53.85
S00457,A0074,AL01008,Song_00457,Marathi,Lo-Fi,152.08,73.12
S00458,A0317,AL01122,Song_00458,Hindi,Indie,236.27,80.7
S00459,A0420,AL00570,Song_00459,Hindi,Classical,154.55,11.35
S00460,A0053,AL00072,Song_00460,Punjabi,Hip-Hop,131.44,65.31
S00461,A0361,AL00408,Song_00461,Kannada,Electronic,243.36,48.21
S00462,A0071,AL00258,Song_00462,Marathi,Lo-Fi,139.93,57.24
S00463,A0374,AL00569,Song_00463,Hindi,Devotional,139.12,3.84
S00464,A0210,AL00703,Song_00464,Punjabi,Pop,253.19,90.62
S00465,A0004,AL00557,Song_00465,Hindi,Classical,129.94,95.28
S00466,A0483,AL00235,Song_00466,Tamil,Electronic,265.76,0.35
S00467,A0083,AL00362,Song_00467,Bengali,Rock,263.31,21.28
S00468,A0298,AL00815,Song_00468,Punjabi,Electronic,145.45,18.02
S00469,A0091,AL00033,Song_00469,Punjabi,Electronic,213.31,78.13
S00470,A0466,AL00257,Song_00470,English,Pop,137.39,59.81
S00471,A0369,AL01070,Song_00471,English,Indie,233.86,17.73
S00472,A0402,AL00119,Song_00472,Bengali,Romantic,131.33,81.4
S00473,A0216,AL00498,Song_00473,Tamil,Classical,290.01,35.35
S00474,A0234,AL00249,Song_00474,Punjabi,Rock,157.39,46.09
S00475,A0317,AL00126,Song_00475,English,Folk,242.92,38.73
S00476,A0392,AL00507,Song_00476,Hindi,Folk,143.09,52.14
S00477,A0423,AL00626,Song_00477,Hindi,Classical,157.73,48.01
S00478,A0009,AL00212,Song_00478,Hindi,Indie,201.17,27.46
S00479,A0332,AL00094,Song_00479,English,Devotional,223.16,42.46
S00480,A0055,AL00162,Song_00480,Malayalam,Devotional,299.8,90.83
S00481,A0144,AL00782,Song_00481,Punjabi,Devotional,124.67,50.29
S00482,A0414,AL01032,Song_00482,Hindi,Electronic,120.06,91.64
S00483,A0126,AL00217,Song_00483,Hindi,Lo-Fi,183.07,55.01
S00484,A0398,AL00385,Song_00484,English,Folk,185.91,76.88
S00485,A0232,AL00413,Song_00485,Telugu,Romantic,279.09,29.36
S00486,A0117,AL00433,Song_00486,English,Classical,284.26,79.04
S00487,A0167,AL00293,Song_00487,Telugu,Classical,278.49,26.43
S00488,A0265,AL00067,Song_00488,Telugu,Indie,145.77,1.95
S00489,A0382,AL00630,Song_00489,Hindi,Indie,194.18,16.07
S00490,A0303,AL00429,Song_00490,Marathi,Electronic,254.26,2.17
S00491,A0466,AL00411,Song_00491,Malayalam,Classical,176.27,94.71
S00492,A0434,AL00318,Song_00492,English,Hip-Hop,239.38,100.0
S00493,A0376,AL01115,Song_00493,Hindi,Classical,162.69,76.22
S00494,A0301,AL00732,Song_00494,Malayalam,Folk,178.22,10.81
S00495,A0145,AL00503,Song_00495,Kannada,Rock,274.88,89.89
S00496,A0206,AL00247,Song_00496,Punjabi,Pop,165.09,74.38
S00497,A0060,AL00961,Song_00497,Punjabi,Lo-Fi,293.58,33.22
S00498,A0187,AL01066,Song_00498,Hindi,Romantic,175.13,50.23
S00499,A0463,AL00039,Song_00499,Telugu,Devotional,124.24,66.18
S00500,A0213,AL01115,Song_00500,English,Folk,165.88,2.41
S00501,A0057,AL00839,Song_00501,Hindi,Hip-Hop,150.82,50.15
S00502,A0326,AL00120,Song_00502,Tamil,Rock,211.23,73.24
S00503,A0481,AL00904,Song_00503,Malayalam,Hip-Hop,140.29,18.82
S00504,A0433,AL00129,Song_00504,Bengali,Romantic,232.69,44.38
S00505,A0137,AL00061,Song_00505,Hindi,Romantic,277.48,53.25
S00506,A0227,AL00139,Song_00506,Hindi,Romantic,185.25,73.56
S00507,A0265,AL00552,Song_00507,Malayalam,Classical,150.33,96.45
S00508,A0124,AL00743,Song_00508,Malayalam,Indie,192.0,84.83
S00509,A0135,AL00489,Song_00509,Punjabi,Pop,261.47,62.15
S00510,A0119,AL00147,Song_00510,Marathi,Folk,226.47,58.36
S00511,A0497,AL00239,Song_00511,English,Devotional,138.21,60.32
S00512,A0373,AL01023,Song_00512,English,Pop,216.69,54.52
S00513,A0420,AL01155,Song_00513,Hindi,Folk,204.26,5.94
S00514,A0408,AL00905,Song_00514,Hindi,Pop,178.88,69.83
S00515,A0479,AL00124,Song_00515,Hindi,Indie,139.83,71.63
S00516,A0053,AL00983,Song_00516,Bengali,Classical,296.6,51.25
S00517,A0440,AL00830,Song_00517,Hindi,Indie,151.69,87.04
S00518,A0034,AL00631,Song_00518,Hindi,Lo-Fi,154.69,67.24
S00519,A0238,AL00172,Song_00519,Punjabi,Lo-Fi,146.2,36.27
S00520,A0297,AL01196,Song_00520,Hindi,Hip-Hop,222.63,1.97
S00521,A0179,AL00531,Song_00521,Hindi,Indie,199.86,5.92
S00522,A0073,AL00053,Song_00522,Punjabi,Lo-Fi,164.92,35.18
S00523,A0096,AL00252,Song_00523,English,Electronic,197.3,46.21
S00524,A0412,AL00482,Song_00524,Marathi,Folk,241.23,16.69
S00525,A0160,AL00075,Song_00525,Kannada,Classical,170.71,18.93
S00526,A0155,AL00389,Song_00526,Hindi,Hip-Hop,284.74,23.02
S00527,A0461,AL00562,Song_00527,Kannada,Indie,175.14,78.05
S00528,A0072,AL01138,Song_00528,Kannada,Folk,155.67,77.13
S00529,A0457,AL00104,Song_00529,Bengali,Lo-Fi,291.82,38.29
S00530,A0460,AL00692,Song_00530,Marathi,Devotional,265.9,17.24
S00531,A0299,AL01098,Song_00531,Marathi,Electronic,181.76,11.09
S00532,A0083,AL00967,Song_00532,Marathi,Indie,271.46,8.71
S00533,A0078,AL01110,Song_00533,Tamil,Rock,213.39,39.13
S00534,A0143,AL00205,Song_00534,Hindi,Classical,182.42,4.55
S00535,A0289,AL00961,Song_00535,Malayalam,Classical,271.13,33.36
S00536,A0077,AL01174,Song_00536,Punjabi,Folk,255.39,96.15
S00537,A0228,AL00391,Song_00537,Telugu,Indie,173.62,50.75
S00538,A0058,AL00598,Song_00538,English,Electronic,229.2,82.26
S00539,A0270,AL00637,Song_00539,Hindi,Pop,186.49,12.93
S00540,A0011,AL00592,Song_00540,Punjabi,Electronic,120.19,26.81
S00541,A0354,AL00348,Song_00541,Punjabi,Indie,293.13,94.65
S00542,A0028,AL01165,Song_00542,English,Lo-Fi,218.93,38.36
S00543,A0098,AL01147,Song_00543,English,Classical,227.72,64.84
S00544,A0088,AL00457,Song_00544,Hindi,Classical,227.98,97.61
S00545,A0415,AL00966,Song_00545,Punjabi,Romantic,219.12,55.08
S00546,A0027,AL00477,Song_00546,English,Folk,172.21,30.53
S00547,A0215,AL00953,Song_00547,Gujarati,Electronic,294.88,53.19
S00548,A0295,AL00702,Song_00548,Hindi,Folk,231.9,5.46
S00549,A0258,AL00564,Song_00549,English,Pop,240.77,11.24
S00550,A0340,AL00154,Song_00550,Hindi,Hip-Hop,201.86,0.72
S00551,A0401,AL00785,Song_00551,Punjabi,Folk,171.82,88.42
S00552,A0197,AL00385,Song_00552,English,Pop,131.58,67.13
S00553,A0414,AL00261,Song_00553,Marathi,Indie,183.04,29.83
S00554,A0159,AL00232,Song_00554,Malayalam,Classical,151.7,22.12
S00555,A0492,AL01178,Song_00555,Hindi,Lo-Fi,239.18,68.31
S00556,A0252,AL00124,Song_00556,Tamil,Folk,278.22,91.95
S00557,A0368,AL00958,Song_00557,Hindi,Folk,174.5,29.91
S00558,A0437,AL01039,Song_00558,Hindi,Hip-Hop,179.92,32.16
S00559,A0396,AL00038,Song_00559,English,Indie,240.67,85.42
S00560,A0425,AL00707,Song_00560,Hindi,Electronic,146.87,89.34
S00561,A0268,AL00693,Song_00561,Marathi,Lo-Fi,287.3,91.4
S00562,A0022,AL00431,Song_00562,Marathi,Pop,185.49,29.32
S00563,A0247,AL00800,Song_00563,Tamil,Lo-Fi,138.22,12.03
S00564,A0091,AL00490,Song_00564,Punjabi,Rock,151.44,44.0
S00565,A0444,AL00528,Song_00565,Marathi,Romantic,287.89,29.58
S00566,A0119,AL00518,Song_00566,English,Devotional,164.48,88.39
S00567,A0114,AL00961,Song_00567,Hindi,Electronic,239.21,3.66
S00568,A0125,AL00760,Song_00568,Hindi,Romantic,148.11,63.39
S00569,A0321,AL00455,Song_00569,Marathi,Pop,154.94,90.62
S00570,A0286,AL01112,Song_00570,Gujarati,Folk,278.26,97.67
S00571,A0474,AL00962,Song_00571,Hindi,Lo-Fi,146.65,65.01
S00572,A0208,AL01119,Song_00572,Punjabi,Romantic,123.38,94.99
S00573,A0141,AL00876,Song_00573,Telugu,Lo-Fi,210.22,7.57
S00574,A0025,AL00470,Song_00574,Bengali,Lo-Fi,275.29,35.93
S00575,A0004,AL00927,Song_00575,Punjabi,Lo-Fi,178.68,0.87
S00576,A0187,AL00395,Song_00576,Marathi,Hip-Hop,143.07,98.12
S00577,A0462,AL00325,Song_00577,Tamil,Indie,296.8,90.27
S00578,A0262,AL00541,Song_00578,Bengali,Lo-Fi,241.81,2.81
S00579,A0446,AL01163,Song_00579,Hindi,Lo-Fi,273.12,1.81
S00580,A0051,AL00681,Song_00580,Malayalam,Devotional,255.38,36.7
S00581,A0047,AL00461,Song_00581,Hindi,Romantic,245.68,25.85
S00582,A0416,AL00554,Song_00582,Bengali,Pop,189.22,84.69
S00583,A0054,AL00350,Song_00583,Hindi,Hip-Hop,178.38,16.05
S00584,A0026,AL00790,Song_00584,Hindi,Pop,249.05,79.06
S00585,A0202,AL00421,Song_00585,Hindi,Romantic,249.01,55.45
S00586,A0462,AL00665,Song_00586,English,Pop,291.11,37.74
S00587,A0345,AL00444,Song_00587,English,Electronic,222.36,14.57
S00588,A0050,AL00385,Song_00588,Hindi,Indie,173.03,99.77
S00589,A0418,AL01164,Song_00589,English,Indie,208.12,61.8
S00590,A0421,AL00415,Song_00590,English,Folk,230.47,43.94
S00591,A0400,AL00085,Song_00591,Telugu,Classical,196.81,37.11
S00592,A0451,AL00454,Song_00592,Kannada,Classical,262.4,90.57
S00593,A0120,AL00639,Song_00593,Marathi,Hip-Hop,225.23,82.12
S00594,A0489,AL00114,Song_00594,Hindi,Classical,121.7,81.12
S00595,A0161,AL00367,Song_00595,Hindi,Romantic,222.57,61.62
S00596,A0401,AL00200,Song_00596,Kannada,Indie,234.05,88.8
S00597,A0290,AL00601,Song_00597,Hindi,Lo-Fi,284.75,29.93
S00598,A0389,AL00868,Song_00598,English,Indie,194.47,70.37
S00599,A0314,AL01162,Song_00599,Malayalam,Hip-Hop,223.4,40.44
S00600,A0321,AL00467,Song_00600,Malayalam,Devotional,205.5,60.0
S00601,A0308,AL01036,Song_00601,English,Folk,215.7,99.82
S00602,A0389,AL00258,Song_00602,Marathi,Classical,132.11,98.45
S00603,A0369,AL00936,Song_00603,English,Hip-Hop,281.51,51.26
S00604,A0068,AL00675,Song_00604,Telugu,Electronic,283.87,57.39
S00605,A0413,AL00910,Song_00605,Hindi,Romantic,218.65,89.73
S00606,A0268,AL00906,Song_00606,Hindi,Lo-Fi,220.18,98.56
S00607,A0162,AL00639,Song_00607,Marathi,Rock,130.36,77.86
S00608,A0257,AL00309,Song_00608,Hindi,Rock,227.63,6.52
S00609,A0483,AL00631,Song_00609,Marathi,Electronic,197.25,32.26
S00610,A0428,AL00992,Song_00610,English,Pop,247.63,89.66
S00611,A0417,AL01164,Song_00611,Kannada,Hip-Hop,128.48,76.84
S00612,A0231,AL01113,Song_00612,Telugu,Romantic,247.96,74.22
S00613,A0392,AL00218,Song_00613,English,Rock,171.64,66.79
S00614,A0193,AL00717,Song_00614,Telugu,Indie,237.31,41.53
S00615,A0343,AL00126,Song_00615,Hindi,Romantic,232.88,40.32
S00616,A0320,AL00803,Song_00616,English,Rock,160.83,80.89
S00617,A0125,AL01190,Song_00617,Hindi,Electronic,199.28,29.38
S00618,A0133,AL00064,Song_00618,Bengali,Lo-Fi,270.41,68.48
S00619,A0031,AL00788,Song_00619,Bengali,Pop,229.01,72.62
S00620,A0070,AL01134,Song_00620,Kannada,Devotional,132.37,84.46
S00621,A0217,AL01016,Song_00621,Kannada,Pop,199.72,31.99
S00622,A0239,AL00471,Song_00622,Malayalam,Indie,176.12,74.19
S00623,A0083,AL00125,Song_00623,Hindi,Folk,235.5,10.65
S00624,A0209,AL01108,Song_00624,Malayalam,Electronic,230.62,13.81
S00625,A0302,AL01105,Song_00625,Punjabi,Hip-Hop,121.87,41.73
S00626,A0117,AL00695,Song_00626,English,Hip-Hop,229.39,5.52
S00627,A0169,AL01174,Song_00627,Punjabi,Electronic,252.27,94.77
S00628,A0184,AL00006,Song_00628,English,Folk,258.37,90.19
S00629,A0253,AL00740,Song_00629,Hindi,Hip-Hop,130.62,4.89
S00630,A0183,AL00047,Song_00630,Hindi,Pop,174.66,83.83
S00631,A0368,AL01122,Song_00631,Hindi,Classical,195.83,50.89
S00632,A0164,AL00816,Song_00632,English,Devotional,152.36,70.2
S00633,A0217,AL01096,Song_00633,Kannada,Classical,195.73,88.69
S00634,A0190,AL00675,Song_00634,Marathi,Lo-Fi,132.8,57.7
S00635,A0092,AL00100,Song_00635,Punjabi,Folk,140.38,11.63
S00636,A0343,AL00032,Song_00636,English,Electronic,240.37,0.26
S00637,A0118,AL00403,Song_00637,English,Pop,167.26,49.69
S00638,A0149,AL00892,Song_00638,Hindi,Folk,248.05,94.92
S00639,A0396,AL00182,Song_00639,Bengali,Electronic,128.66,57.26
S00640,A0474,AL01022,Song_00640,Hindi,Rock,221.29,37.29
S00641,A0335,AL00288,Song_00641,Tamil,Indie,190.46,3.09
S00642,A0458,AL00596,Song_00642,Telugu,Folk,263.45,91.5
S00643,A0427,AL00244,Song_00643,Punjabi,Lo-Fi,261.11,32.72
S00644,A0240,AL00559,Song_00644,Bengali,Indie,187.6,70.48
S00645,A0385,AL00543,Song_00645,Hindi,Pop,232.09,69.42
S00646,A0164,AL00007,Song_00646,Kannada,Devotional,160.96,25.39
S00647,A0230,AL00681,Song_00647,Tamil,Devotional,224.47,6.38
S00648,A0268,AL00944,Song_00648,Telugu,Pop,134.63,38.5
S00649,A0480,AL01123,Song_00649,Marathi,Folk,198.23,31.71
S00650,A0424,AL00397,Song_00650,Bengali,Hip-Hop,152.89,70.03
S00651,A0245,AL01056,Song_00651,Gujarati,Folk,279.01,81.98
S00652,A0326,AL01054,Song_00652,English,Indie,200.08,22.24
S00653,A0101,AL01186,Song_00653,Telugu,Rock,226.34,52.82
S00654,A0402,AL00448,Song_00654,Tamil,Pop,184.87,4.06
S00655,A0276,AL01021,Song_00655,English,Pop,171.97,21.43
S00656,A0266,AL00678,Song_00656,Malayalam,Electronic,156.53,76.18
S00657,A0383,AL00070,Song_00657,English,Rock,284.14,79.34
S00658,A0316,AL00325,Song_00658,Punjabi,Folk,263.9,77.64
S00659,A0037,AL00806,Song_00659,Hindi,Hip-Hop,143.99,14.24
S00660,A0144,AL00193,Song_00660,Hindi,Lo-Fi,254.41,55.1
S00661,A0089,AL00522,Song_00661,Bengali,Lo-Fi,195.34,42.27
S00662,A0367,AL00930,Song_00662,English,Romantic,122.77,99.15
S00663,A0018,AL00180,Song_00663,English,Devotional,215.11,65.41
S00664,A0101,AL00596,Song_00664,Hindi,Lo-Fi,143.41,93.52
S00665,A0299,AL00258,Song_00665,English,Rock,157.79,14.54
S00666,A0347,AL00644,Song_00666,Telugu,Pop,245.29,45.09
S00667,A0252,AL00289,Song_00667,Kannada,Folk,166.29,77.16
S00668,A0430,AL01158,Song_00668,Hindi,Classical,280.54,36.79
S00669,A0459,AL00092,Song_00669,Punjabi,Pop,238.29,63.25
S00670,A0066,AL01156,Song_00670,English,Folk,269.81,51.17
S00671,A0476,AL00950,Song_00671,Marathi,Devotional,230.73,99.19
S00672,A0307,AL01026,Song_00672,English,Pop,276.39,17.39
S00673,A0318,AL01021,Song_00673,English,Hip-Hop,185.1,93.53
S00674,A0048,AL00225,Song_00674,English,Pop,218.85,40.16
S00675,A0311,AL01117,Song_00675,Punjabi,Lo-Fi,212.86,46.8
S00676,A0363,AL00713,Song_00676,Punjabi,Pop,282.68,52.86
S00677,A0290,AL01154,Song_00677,English,Electronic,149.68,26.54
S00678,A0043,AL01053,Song_00678,Telugu,Indie,224.05,96.37
S00679,A0262,AL00695,Song_00679,Tamil,Indie,255.8,91.15
S00680,A0468,AL00449,Song_00680,English,Folk,186.61,97.29
S00681,A0361,AL00141,Song_00681,Telugu,Folk,276.16,99.69
S00682,A0069,AL00122,Song_00682,Bengali,Romantic,187.14,66.98
S00683,A0480,AL00468,Song_00683,Hindi,Pop,151.2,45.17
S00684,A0479,AL00973,Song_00684,Punjabi,Romantic,225.13,85.07
S00685,A0085,AL00606,Song_00685,Hindi,Devotional,195.7,2.38
S00686,A0400,AL00578,Song_00686,Tamil,Indie,122.73,83.44
S00687,A0203,AL00294,Song_00687,Hindi,Pop,132.57,49.73
S00688,A0297,AL00677,Song_00688,Marathi,Hip-Hop,155.15,67.32
S00689,A0223,AL00766,Song_00689,Hindi,Indie,258.48,37.4
S00690,A0391,AL01178,Song_00690,Punjabi,Electronic,280.57,36.86
S00691,A0498,AL00875,Song_00691,Malayalam,Rock,218.22,3.17
S00692,A0397,AL00729,Song_00692,English,Lo-Fi,139.0,42.38
S00693,A0465,AL01092,Song_00693,Kannada,Lo-Fi,216.2,40.84
S00694,A0473,AL00510,Song_00694,Gujarati,Electronic,274.01,22.48
S00695,A0045,AL01122,Song_00695,Kannada,Classical,254.91,24.73
S00696,A0127,AL00444,Song_00696,Hindi,Folk,172.4,58.41
S00697,A0361,AL00154,Song_00697,Telugu,Electronic,142.3,31.78
S00698,A0295,AL00501,Song_00698,Hindi,Indie,282.12,83.03
S00699,A0026,AL00155,Song_00699,English,Classical,273.74,11.14
S00700,A0048,AL00142,Song_00700,Kannada,Folk,129.67,57.76
S00701,A0260,AL01057,Song_00701,Tamil,Indie,268.26,16.0
S00702,A0308,AL00953,Song_00702,Punjabi,Romantic,137.5,52.82
S00703,A0084,AL00266,Song_00703,English,Lo-Fi,131.39,55.25
S00704,A0086,AL01005,Song_00704,Telugu,Pop,256.55,64.23
S00705,A0065,AL00083,Song_00705,Tamil,Devotional,216.54,42.74
S00706,A0282,AL00341,Song_00706,English,Devotional,194.62,50.95
S00707,A0004,AL00847,Song_00707,Kannada,Indie,282.7,18.1
S00708,A0286,AL00365,Song_00708,Hindi,Pop,271.07,46.3
S00709,A0238,AL00876,Song_00709,Hindi,Classical,130.37,37.3
S00710,A0233,AL01049,Song_00710,Marathi,Folk,230.9,66.61
S00711,A0339,AL00080,Song_00711,Gujarati,Hip-Hop,259.01,43.48
S00712,A0261,AL00029,Song_00712,Hindi,Devotional,219.09,77.93
S00713,A0364,AL01128,Song_00713,Hindi,Folk,296.94,42.6
S00714,A0382,AL00625,Song_00714,Hindi,Lo-Fi,243.49,23.58
S00715,A0460,AL00608,Song_00715,Bengali,Indie,138.75,27.37
S00716,A0399,AL00556,Song_00716,Hindi,Rock,155.69,4.53
S00717,A0259,AL00520,Song_00717,Punjabi,Devotional,268.72,53.99
S00718,A0246,AL00828,Song_00718,Gujarati,Classical,299.42,83.09
S00719,A0118,AL00696,Song_00719,Hindi,Devotional,137.7,76.91
S00720,A0300,AL00196,Song_00720,Punjabi,Electronic,138.06,43.78
S00721,A0070,AL00752,Song_00721,Punjabi,Electronic,257.41,19.61
S00722,A0465,AL00802,Song_00722,Telugu,Hip-Hop,131.58,86.35
S00723,A0422,AL00137,Song_00723,English,Electronic,132.34,5.68
S00724,A0060,AL00452,Song_00724,English,Indie,279.99,39.92
S00725,A0393,AL00948,Song_00725,Hindi,Lo-Fi,264.08,85.66
S00726,A0059,AL00742,Song_00726,Tamil,Devotional,278.68,39.32
S00727,A0360,AL00164,Song_00727,Telugu,Folk,237.09,11.79
S00728,A0044,AL00049,Song_00728,Hindi,Lo-Fi,178.06,26.59
S00729,A0244,AL00697,Song_00729,English,Lo-Fi,283.14,60.0
S00730,A0329,AL00554,Song_00730,Kannada,Electronic,173.77,15.2
S00731,A0364,AL01153,Song_00731,Hindi,Indie,169.59,65.49
S00732,A0209,AL00627,Song_00732,Hindi,Romantic,279.55,43.82
S00733,A0460,AL01117,Song_00733,Punjabi,Rock,242.55,33.44
S00734,A0387,AL00257,Song_00734,English,Classical,281.22,24.09
S00735,A0104,AL00537,Song_00735,Hindi,Electronic,148.06,82.33
S00736,A0335,AL00168,Song_00736,English,Indie,291.41,39.67
S00737,A0365,AL00689,Song_00737,Hindi,Classical,230.29,73.85
S00738,A0167,AL00226,Song_00738,Punjabi,Romantic,240.25,44.04
S00739,A0369,AL00591,Song_00739,Tamil,Electronic,284.53,9.19
S00740,A0449,AL00413,Song_00740,Punjabi,Classical,188.54,44.05
S00741,A0408,AL00223,Song_00741,Hindi,Pop,249.52,50.77
S00742,A0381,AL00117,Song_00742,Bengali,Hip-Hop,235.26,45.78
S00743,A0317,AL00614,Song_00743,Hindi,Folk,261.8,81.62
S00744,A0135,AL01136,Song_00744,Telugu,Romantic,281.45,91.09
S00745,A0397,AL00239,Song_00745,English,Classical,242.41,78.68
S00746,A0182,AL00486,Song_00746,Telugu,Indie,132.18,58.28
S00747,A0266,AL00270,Song_00747,Hindi,Pop,152.97,54.14
S00748,A0157,AL00970,Song_00748,Hindi,Romantic,291.72,64.46
S00749,A0157,AL00498,Song_00749,English,Lo-Fi,294.36,28.78
S00750,A0079,AL01169,Song_00750,Hindi,Indie,294.13,81.18
S00751,A0480,AL00294,Song_00751,Hindi,Hip-Hop,126.62,85.68
S00752,A0074,AL00097,Song_00752,Tamil,Romantic,188.84,26.72
S00753,A0044,AL00699,Song_00753,Bengali,Classical,256.74,90.28
S00754,A0468,AL00782,Song_00754,Hindi,Electronic,255.52,84.87
S00755,A0277,AL01188,Song_00755,Kannada,Electronic,135.46,42.45
S00756,A0219,AL01045,Song_00756,Telugu,Romantic,229.71,90.9
S00757,A0369,AL01061,Song_00757,Bengali,Electronic,145.72,12.04
S00758,A0192,AL00761,Song_00758,Tamil,Folk,208.78,2.8
S00759,A0064,AL00432,Song_00759,Marathi,Hip-Hop,163.14,34.79
S00760,A0365,AL00515,Song_00760,Punjabi,Pop,129.57,56.54
S00761,A0088,AL00161,Song_00761,Marathi,Lo-Fi,134.4,35.14
S00762,A0276,AL00517,Song_00762,Kannada,Indie,283.96,94.21
S00763,A0474,AL00437,Song_00763,Hindi,Electronic,254.04,25.47
S00764,A0468,AL00044,Song_00764,English,Rock,287.73,28.12
S00765,A0181,AL00246,Song_00765,Hindi,Hip-Hop,204.6,63.48
S00766,A0390,AL00641,Song_00766,Malayalam,Hip-Hop,194.39,0.39
S00767,A0306,AL00443,Song_00767,English,Hip-Hop,184.51,72.76
S00768,A0240,AL01192,Song_00768,Marathi,Classical,230.94,37.75
S00769,A0070,AL00574,Song_00769,Bengali,Romantic,183.28,97.77
S00770,A0188,AL01150,Song_00770,Gujarati,Folk,254.33,69.14
S00771,A0326,AL00793,Song_00771,Hindi,Indie,264.24,5.22
S00772,A0493,AL00049,Song_00772,Telugu,Lo-Fi,277.65,9.26
S00773,A0003,AL00244,Song_00773,Kannada,Indie,163.7,8.82
S00774,A0359,AL00847,Song_00774,Hindi,Rock,214.86,95.26
S00775,A0423,AL00654,Song_00775,Telugu,Indie,160.22,68.41
S00776,A0475,AL00362,Song_00776,English,Romantic,126.76,42.76
S00777,A0212,AL00626,Song_00777,Marathi,Folk,247.41,20.05
S00778,A0060,AL01083,Song_00778,Punjabi,Electronic,218.82,87.36
S00779,A0136,AL00467,Song_00779,Hindi,Romantic,250.31,20.16
S00780,A0425,AL00055,Song_00780,Hindi,Indie,135.77,70.67
S00781,A0439,AL00373,Song_00781,Hindi,Indie,299.19,76.33
S00782,A0318,AL01123,Song_00782,Hindi,Hip-Hop,298.98,29.47
S00783,A0062,AL00914,Song_00783,Marathi,Romantic,203.7,50.49
S00784,A0061,AL01005,Song_00784,English,Electronic,275.89,22.3
S00785,A0239,AL01094,Song_00785,Hindi,Hip-Hop,163.84,37.89
S00786,A0294,AL00141,Song_00786,Tamil,Indie,252.76,96.51
S00787,A0017,AL00339,Song_00787,Tamil,Hip-Hop,278.26,69.31
S00788,A0343,AL00072,Song_00788,Punjabi,Devotional,266.64,84.66
S00789,A0272,AL00006,Song_00789,Malayalam,Pop,266.12,54.06
S00790,A0007,AL01001,Song_00790,English,Rock,203.34,23.9
S00791,A0048,AL01124,Song_00791,Bengali,Indie,267.6,71.29
S00792,A0227,AL00187,Song_00792,Hindi,Classical,244.33,50.06
S00793,A0361,AL00866,Song_00793,Tamil,Devotional,143.84,17.68
S00794,A0412,AL00642,Song_00794,Gujarati,Romantic,140.55,41.24
S00795,A0216,AL00084,Song_00795,Bengali,Classical,258.95,63.48
S00796,A0148,AL01098,Song_00796,Punjabi,Electronic,232.58,73.53
S00797,A0484,AL01045,Song_00797,Marathi,Rock,213.49,24.32
S00798,A0229,AL00681,Song_00798,English,Romantic,283.31,87.6
S00799,A0158,AL00849,Song_00799,Marathi,Folk,238.73,37.96
S00800,A0221,AL00477,Song_00800,Telugu,Electronic,191.31,27.11
S00801,A0007,AL00951,Song_00801,Gujarati,Devotional,194.51,19.51
S00802,A0151,AL00534,Song_00802,English,Electronic,228.94,80.42
S00803,A0258,AL01187,Song_00803,Hindi,Electronic,256.85,35.42
S00804,A0459,AL00076,Song_00804,Punjabi,Electronic,221.58,48.34
S00805,A0369,AL00207,Song_00805,Hindi,Indie,211.58,22.28
S00806,A0390,AL01162,Song_00806,Hindi,Pop,250.84,68.61
S00807,A0272,AL00347,Song_00807,English,Indie,246.95,78.1
S00808,A0056,AL00373,Song_00808,Tamil,Hip-Hop,269.46,33.94
S00809,A0196,AL00949,Song_00809,Hindi,Electronic,131.26,94.51
S00810,A0498,AL00228,Song_00810,Hindi,Classical,255.89,3.06
S00811,A0023,AL00616,Song_00811,Hindi,Lo-Fi,212.48,13.29
S00812,A0439,AL00343,Song_00812,Kannada,Indie,133.44,58.88
S00813,A0342,AL00238,Song_00813,Tamil,Indie,242.22,70.14
S00814,A0142,AL01157,Song_00814,Hindi,Lo-Fi,248.98,25.07
S00815,A0389,AL00240,Song_00815,Hindi,Classical,214.25,55.41
S00816,A0418,AL00114,Song_00816,Punjabi,Rock,262.88,31.84
S00817,A0022,AL00809,Song_00817,Hindi,Rock,174.04,55.41
S00818,A0054,AL01040,Song_00818,Punjabi,Folk,156.34,65.93
S00819,A0333,AL00153,Song_00819,English,Electronic,183.13,97.28
S00820,A0499,AL00849,Song_00820,Malayalam,Romantic,193.81,45.57
S00821,A0012,AL00649,Song_00821,Hindi,Classical,245.27,64.82
S00822,A0333,AL00996,Song_00822,Marathi,Rock,272.19,57.8
S00823,A0069,AL00153,Song_00823,Hindi,Devotional,249.77,31.76
S00824,A0325,AL01171,Song_00824,Malayalam,Pop,151.32,25.31
S00825,A0312,AL00743,Song_00825,Gujarati,Electronic,185.92,98.79
S00826,A0046,AL01010,Song_00826,Tamil,Electronic,148.51,20.69
S00827,A0340,AL00434,Song_00827,English,Hip-Hop,243.61,79.03
S00828,A0448,AL01132,Song_00828,Hindi,Romantic,164.67,14.66
S00829,A0431,AL00752,Song_00829,Telugu,Devotional,214.57,80.44
S00830,A0015,AL00153,Song_00830,Tamil,Hip-Hop,262.53,18.57
S00831,A0123,AL01107,Song_00831,Hindi,Lo-Fi,240.77,96.72
S00832,A0121,AL00955,Song_00832,English,Electronic,173.71,68.6
S00833,A0227,AL00360,Song_00833,English,Lo-Fi,179.92,9.01
S00834,A0072,AL00655,Song_00834,Bengali,Indie,237.61,69.32
S00835,A0427,AL00466,Song_00835,Tamil,Lo-Fi,218.9,60.36
S00836,A0388,AL00652,Song_00836,Marathi,Pop,137.35,33.75
S00837,A0404,AL01158,Song_00837,Marathi,Hip-Hop,277.32,26.07
S00838,A0099,AL01078,Song_00838,Hindi,Pop,212.27,71.88
S00839,A0008,AL00259,Song_00839,English,Devotional,205.2,74.14
S00840,A0455,AL01166,Song_00840,Hindi,Indie,155.72,32.72
S00841,A0145,AL00526,Song_00841,Telugu,Hip-Hop,187.86,87.62
S00842,A0328,AL00846,Song_00842,English,Rock,179.91,26.88
S00843,A0454,AL00917,Song_00843,English,Devotional,168.73,6.99
S00844,A0019,AL00580,Song_00844,Hindi,Romantic,222.13,59.99
S00845,A0003,AL00548,Song_00845,Hindi,Indie,203.21,10.71
S00846,A0003,AL00548,Song_00846,Punjabi,Devotional,280.06,27.67
S00847,A0079,AL01035,Song_00847,Hindi,Hip-Hop,289.44,50.72
S00848,A0026,AL00464,Song_00848,Hindi,Hip-Hop,159.51,28.64
S00849,A0410,AL00336,Song_00849,Telugu,Rock,138.02,21.5
S00850,A0303,AL00434,Song_00850,English,Indie,261.36,70.32
S00851,A0490,AL00234,Song_00851,English,Hip-Hop,299.08,54.7
S00852,A0400,AL00470,Song_00852,English,Rock,275.45,83.98
S00853,A0481,AL00137,Song_00853,Telugu,Indie,124.27,58.12
S00854,A0120,AL00108,Song_00854,English,Romantic,165.23,48.34
S00855,A0144,AL00868,Song_00855,Telugu,Indie,127.8,26.13
S00856,A0424,AL00093,Song_00856,Malayalam,Romantic,267.74,79.21
S00857,A0123,AL00682,Song_00857,Marathi,Romantic,224.65,19.69
S00858,A0029,AL00936,Song_00858,English,Hip-Hop,212.47,24.22
S00859,A0334,AL00869,Song_00859,Tamil,Hip-Hop,219.8,84.16
S00860,A0400,AL00535,Song_00860,English,Pop,165.44,74.12
S00861,A0484,AL00233,Song_00861,English,Lo-Fi,228.29,61.29
S00862,A0463,AL01116,Song_00862,Punjabi,Rock,125.52,3.89
S00863,A0060,AL01002,Song_00863,English,Folk,236.28,12.73
S00864,A0386,AL00735,Song_00864,Hindi,Lo-Fi,252.2,50.0
S00865,A0423,AL00105,Song_00865,English,Folk,241.14,74.63
S00866,A0349,AL00043,Song_00866,Hindi,Folk,179.78,46.41
S00867,A0410,AL00378,Song_00867,English,Romantic,268.73,1.73
S00868,A0419,AL00189,Song_00868,Punjabi,Rock,248.8,18.43
S00869,A0223,AL01032,Song_00869,Malayalam,Electronic,143.09,58.88
S00870,A0021,AL00247,Song_00870,Hindi,Indie,155.13,69.42
S00871,A0228,AL00339,Song_00871,Marathi,Pop,234.68,3.34
S00872,A0101,AL01170,Song_00872,English,Indie,172.09,4.33
S00873,A0057,AL00982,Song_00873,Hindi,Folk,141.5,26.13
S00874,A0063,AL00263,Song_00874,Hindi,Folk,147.89,8.35
S00875,A0348,AL00460,Song_00875,Hindi,Rock,149.81,54.19
S00876,A0252,AL00619,Song_00876,Hindi,Hip-Hop,206.0,12.37
S00877,A0270,AL00797,Song_00877,Hindi,Rock,229.33,64.82
S00878,A0372,AL01123,Song_00878,English,Hip-Hop,151.75,77.72
S00879,A0274,AL01045,Song_00879,Punjabi,Rock,248.25,97.05
S00880,A0315,AL01172,Song_00880,Hindi,Rock,170.58,94.84
S00881,A0043,AL00049,Song_00881,Hindi,Classical,176.08,27.34
S00882,A0425,AL00284,Song_00882,Hindi,Pop,160.23,2.94
S00883,A0224,AL00676,Song_00883,Punjabi,Hip-Hop,261.34,32.94
S00884,A0078,AL00059,Song_00884,English,Rock,292.77,70.85
S00885,A0406,AL00427,Song_00885,Punjabi,Romantic,208.65,5.98
S00886,A0367,AL00185,Song_00886,Hindi,Folk,127.57,35.97
S00887,A0027,AL01119,Song_00887,Hindi,Devotional,166.9,29.8
S00888,A0097,AL00076,Song_00888,Malayalam,Lo-Fi,148.45,21.93
S00889,A0008,AL00178,Song_00889,Hindi,Indie,271.7,70.61
S00890,A0136,AL00234,Song_00890,Hindi,Romantic,135.27,65.91
S00891,A0050,AL00179,Song_00891,Hindi,Lo-Fi,293.97,53.55
S00892,A0355,AL00682,Song_00892,Gujarati,Classical,225.93,91.08
S00893,A0261,AL00437,Song_00893,Marathi,Devotional,213.19,10.31
S00894,A0490,AL01095,Song_00894,Marathi,Rock,272.52,14.97
S00895,A0374,AL00313,Song_00895,Gujarati,Classical,124.96,38.34
S00896,A0306,AL00645,Song_00896,Hindi,Classical,259.89,65.59
S00897,A0255,AL00792,Song_00897,Gujarati,Hip-Hop,140.99,58.41
S00898,A0028,AL00751,Song_00898,Hindi,Indie,271.34,7.4
S00899,A0036,AL00955,Song_00899,Marathi,Electronic,215.25,95.84
S00900,A0308,AL00243,Song_00900,English,Pop,131.0,30.51
S00901,A0003,AL00609,Song_00901,English,Romantic,269.98,35.9
S00902,A0022,AL00960,Song_00902,Malayalam,Folk,124.92,62.36
S00903,A0110,AL01035,Song_00903,Hindi,Indie,144.91,94.52
S00904,A0442,AL00741,Song_00904,Gujarati,Lo-Fi,263.61,66.27
S00905,A0230,AL00782,Song_00905,English,Devotional,203.68,95.48
S00906,A0355,AL01037,Song_00906,Marathi,Devotional,278.65,18.76
S00907,A0206,AL00750,Song_00907,Gujarati,Folk,234.38,61.88
S00908,A0087,AL01138,Song_00908,Hindi,Devotional,232.24,82.89
S00909,A0186,AL00153,Song_00909,Malayalam,Rock,172.6,50.9
S00910,A0046,AL00418,Song_00910,Punjabi,Indie,144.06,36.22
S00911,A0385,AL00135,Song_00911,Tamil,Hip-Hop,293.01,98.48
S00912,A0092,AL00109,Song_00912,Hindi,Rock,138.86,14.1
S00913,A0188,AL00566,Song_00913,Punjabi,Devotional,215.22,41.09
S00914,A0490,AL00271,Song_00914,Marathi,Romantic,169.06,87.34
S00915,A0296,AL00489,Song_00915,English,Devotional,167.55,90.05
S00916,A0229,AL00525,Song_00916,Hindi,Indie,227.03,98.04
S00917,A0271,AL00745,Song_00917,Hindi,Rock,263.63,88.48
S00918,A0392,AL01134,Song_00918,Bengali,Pop,259.89,5.1
S00919,A0127,AL01019,Song_00919,Hindi,Electronic,276.38,92.98
S00920,A0318,AL00454,Song_00920,Tamil,Folk,172.72,42.82
S00921,A0436,AL00391,Song_00921,Gujarati,Electronic,203.84,65.16
S00922,A0286,AL00925,Song_00922,Hindi,Classical,121.68,39.43
S00923,A0223,AL00149,Song_00923,Hindi,Devotional,254.43,81.37
S00924,A0073,AL00649,Song_00924,Marathi,Classical,174.42,57.59
S00925,A0124,AL00508,Song_00925,Hindi,Rock,221.07,84.55
S00926,A0473,AL00220,Song_00926,Punjabi,Rock,150.47,19.38
S00927,A0271,AL00740,Song_00927,Tamil,Hip-Hop,267.49,18.5
S00928,A0151,AL00385,Song_00928,Punjabi,Lo-Fi,267.11,44.04
S00929,A0209,AL00223,Song_00929,English,Devotional,277.94,0.48
S00930,A0289,AL00784,Song_00930,Tamil,Romantic,128.27,69.29
S00931,A0269,AL00209,Song_00931,Punjabi,Folk,298.64,29.61
S00932,A0350,AL00807,Song_00932,Hindi,Romantic,164.6,55.73
S00933,A0129,AL00195,Song_00933,Punjabi,Indie,175.7,7.0
S00934,A0324,AL00522,Song_00934,Kannada,Romantic,164.88,17.06
S00935,A0221,AL00969,Song_00935,Marathi,Rock,168.16,62.29
S00936,A0470,AL00275,Song_00936,English,Devotional,219.48,30.57
S00937,A0079,AL00921,Song_00937,English,Lo-Fi,163.17,21.47
S00938,A0075,AL00866,Song_00938,Hindi,Lo-Fi,190.88,22.88
S00939,A0231,AL01083,Song_00939,Hindi,Folk,238.01,21.48
S00940,A0254,AL00203,Song_00940,Hindi,Hip-Hop,270.48,62.29
S00941,A0345,AL00858,Song_00941,Gujarati,Pop,244.69,16.77
S00942,A0202,AL01124,Song_00942,Hindi,Lo-Fi,226.98,36.27
S00943,A0456,AL00915,Song_00943,Telugu,Lo-Fi,146.59,68.79
S00944,A0237,AL00226,Song_00944,Hindi,Hip-Hop,266.9,51.37
S00945,A0065,AL00986,Song_00945,Hindi,Pop,126.71,59.73
S00946,A0060,AL00129,Song_00946,English,Devotional,167.55,25.09
S00947,A0486,AL00707,Song_00947,English,Pop,130.27,93.27
S00948,A0067,AL00597,Song_00948,Telugu,Pop,240.14,41.39
S00949,A0473,AL00637,Song_00949,Malayalam,Lo-Fi,186.31,28.7
S00950,A0139,AL00623,Song_00950,Kannada,Classical,237.37,90.43
S00951,A0047,AL00038,Song_00951,Hindi,Romantic,182.47,65.53
S00952,A0153,AL00610,Song_00952,Telugu,Devotional,202.03,61.39
S00953,A0307,AL01124,Song_00953,Hindi,Rock,202.43,88.67
S00954,A0214,AL00524,Song_00954,Kannada,Indie,128.2,5.85
S00955,A0393,AL00333,Song_00955,Punjabi,Folk,197.44,83.77
S00956,A0305,AL01193,Song_00956,English,Hip-Hop,235.39,67.79
S00957,A0200,AL00119,Song_00957,Hindi,Devotional,218.29,36.0
S00958,A0317,AL00584,Song_00958,Hindi,Folk,133.55,25.64
S00959,A0485,AL00615,Song_00959,Hindi,Classical,240.25,10.48
S00960,A0206,AL00574,Song_00960,Kannada,Lo-Fi,175.6,94.11
S00961,A0077,AL01106,Song_00961,Telugu,Classical,122.6,14.19
S00962,A0204,AL00506,Song_00962,Gujarati,Classical,148.01,25.94
S00963,A0420,AL01167,Song_00963,Hindi,Folk,209.56,69.11
S00964,A0109,AL00081,Song_00964,Punjabi,Devotional,175.87,71.02
S00965,A0474,AL00880,Song_00965,Hindi,Folk,244.99,16.08
S00966,A0294,AL00711,Song_00966,Punjabi,Electronic,163.32,81.41
S00967,A0301,AL00289,Song_00967,English,Electronic,259.1,51.03
S00968,A0159,AL00274,Song_00968,Hindi,Hip-Hop,171.57,84.85
S00969,A0460,AL00863,Song_00969,Punjabi,Rock,231.76,8.73
S00970,A0018,AL00765,Song_00970,Hindi,Folk,263.86,4.28
S00971,A0150,AL00733,Song_00971,English,Devotional,189.4,63.7
S00972,A0209,AL00061,Song_00972,Marathi,Hip-Hop,128.42,15.0
S00973,A0239,AL00717,Song_00973,Hindi,Rock,216.38,52.49
S00974,A0237,AL01177,Song_00974,Malayalam,Electronic,299.17,1.41
S00975,A0074,AL00021,Song_00975,Punjabi,Romantic,294.42,77.99
S00976,A0113,AL00563,Song_00976,Telugu,Romantic,159.78,89.95
S00977,A0048,AL00593,Song_00977,Marathi,Electronic,256.03,83.89
S00978,A0286,AL01076,Song_00978,Tamil,Hip-Hop,182.09,95.84
S00979,A0176,AL00340,Song_00979,Tamil,Electronic,148.85,90.31
S00980,A0283,AL00571,Song_00980,Kannada,Indie,239.86,44.4
S00981,A0295,AL00860,Song_00981,Marathi,Lo-Fi,210.16,39.83
S00982,A0351,AL00073,Song_00982,Hindi,Indie,217.06,89.62
S00983,A0273,AL00961,Song_00983,Hindi,Folk,268.93,92.69
S00984,A0324,AL00986,Song_00984,Marathi,Folk,180.58,97.28
S00985,A0293,AL00863,Song_00985,Hindi,Hip-Hop,240.08,76.83
S00986,A0326,AL00778,Song_00986,Hindi,Lo-Fi,185.91,20.2
S00987,A0308,AL00897,Song_00987,Hindi,Electronic,127.69,94.5
S00988,A0158,AL00938,Song_00988,Punjabi,Romantic,188.04,94.71
S00989,A0123,AL01084,Song_00989,Hindi,Pop,291.01,66.61
S00990,A0393,AL00514,Song_00990,Marathi,Hip-Hop,206.99,85.73
S00991,A0172,AL00547,Song_00991,Telugu,Pop,139.48,56.12
S00992,A0275,AL00765,Song_00992,Bengali,Rock,243.81,94.41
S00993,A0099,AL00232,Song_00993,English,Lo-Fi,293.41,9.39
S00994,A0216,AL01027,Song_00994,Punjabi,Classical,283.43,86.4
S00995,A0265,AL00924,Song_00995,Punjabi,Pop,222.95,5.55
S00996,A0313,AL00757,Song_00996,English,Classical,187.73,33.91
S00997,A0263,AL00362,Song_00997,Marathi,Hip-Hop,224.52,13.53
S00998,A0180,AL00417,Song_00998,Hindi,Folk,266.87,47.91
S00999,A0480,AL00522,Song_00999,Gujarati,Pop,275.02,23.22
S01000,A0256,AL00795,Song_01000,Hindi,Electronic,267.39,95.21
S01001,A0404,AL00933,Song_01001,Bengali,Classical,201.99,55.93
S01002,A0368,AL00806,Song_01002,Punjabi,Pop,141.39,89.77
S01003,A0279,AL01115,Song_01003,Hindi,Devotional,222.45,27.81
S01004,A0443,AL01152,Song_01004,Tamil,Classical,148.16,2.6
S01005,A0065,AL00846,Song_01005,Hindi,Electronic,130.97,77.57
S01006,A0460,AL00445,Song_01006,Telugu,Devotional,209.76,70.24
S01007,A0425,AL00719,Song_01007,Punjabi,Electronic,237.97,54.55
S01008,A0252,AL00510,Song_01008,Hindi,Classical,273.75,81.53
S01009,A0366,AL00755,Song_01009,Hindi,Pop,260.91,84.01
S01010,A0260,AL00974,Song_01010,Telugu,Romantic,274.3,58.79
S01011,A0135,AL00443,Song_01011,Hindi,Classical,256.81,96.59
S01012,A0400,AL00607,Song_01012,Kannada,Rock,246.58,71.97
S01013,A0123,AL00055,Song_01013,Telugu,Electronic,121.82,67.69
S01014,A0157,AL00884,Song_01014,Tamil,Classical,232.7,36.14
S01015,A0260,AL00588,Song_01015,Hindi,Folk,141.69,0.23
S01016,A0418,AL00552,Song_01016,Tamil,Romantic,130.56,24.09
S01017,A0192,AL00639,Song_01017,Malayalam,Rock,148.15,76.39
S01018,A0247,AL00259,Song_01018,Hindi,Electronic,268.19,70.99
S01019,A0021,AL00717,Song_01019,English,Romantic,253.89,33.1
S01020,A0058,AL00894,Song_01020,Hindi,Rock,290.78,62.56
S01021,A0028,AL00420,Song_01021,English,Electronic,296.22,19.53
S01022,A0036,AL00158,Song_01022,Tamil,Indie,280.79,26.36
S01023,A0434,AL00464,Song_01023,English,Electronic,143.93,94.74
S01024,A0421,AL00239,Song_01024,Punjabi,Indie,278.11,41.32
S01025,A0411,AL00449,Song_01025,English,Folk,270.95,24.5
S01026,A0028,AL00752,Song_01026,Hindi,Folk,276.8,48.71
S01027,A0039,AL00136,Song_01027,Hindi,Lo-Fi,147.3,38.7
S01028,A0141,AL00896,Song_01028,Bengali,Romantic,141.02,72.95
S01029,A0283,AL00270,Song_01029,Marathi,Indie,286.29,96.21
S01030,A0167,AL01073,Song_01030,English,Romantic,151.29,59.17
S01031,A0244,AL00879,Song_01031,Telugu,Hip-Hop,186.35,59.11
S01032,A0087,AL00327,Song_01032,Hindi,Rock,202.08,36.48
S01033,A0365,AL00676,Song_01033,Hindi,Devotional,142.4,56.46
S01034,A0157,AL00133,Song_01034,Hindi,Classical,123.71,31.93
S01035,A0034,AL00120,Song_01035,Gujarati,Folk,298.94,0.11
S01036,A0371,AL01147,Song_01036,Tamil,Hip-Hop,277.8,86.61
S01037,A0451,AL00963,Song_01037,Marathi,Devotional,284.22,42.94
S01038,A0008,AL00186,Song_01038,Hindi,Electronic,171.22,49.21
S01039,A0218,AL00339,Song_01039,Hindi,Lo-Fi,159.62,8.35
S01040,A0413,AL00238,Song_01040,Marathi,Hip-Hop,196.66,83.71
S01041,A0353,AL00474,Song_01041,English,Electronic,201.6,17.03
S01042,A0428,AL00350,Song_01042,Malayalam,Pop,121.01,41.06
S01043,A0208,AL00394,Song_01043,Telugu,Indie,260.27,84.03
S01044,A0186,AL00635,Song_01044,English,Classical,299.4,45.78
S01045,A0354,AL00227,Song_01045,Tamil,Lo-Fi,215.16,93.12
S01046,A0077,AL01059,Song_01046,Gujarati,Electronic,189.89,20.93
S01047,A0120,AL00873,Song_01047,English,Lo-Fi,190.7,71.52
S01048,A0300,AL00912,Song_01048,Marathi,Folk,137.29,97.8
S01049,A0334,AL00204,Song_01049,Kannada,Classical,167.91,54.96
S01050,A0060,AL00850,Song_01050,Hindi,Electronic,210.38,69.22
S01051,A0254,AL01003,Song_01051,Kannada,Pop,197.73,39.32
S01052,A0183,AL00211,Song_01052,Hindi,Indie,218.11,75.13
S01053,A0251,AL00901,Song_01053,Marathi,Pop,272.83,90.89
S01054,A0479,AL00429,Song_01054,Telugu,Electronic,160.54,70.31
S01055,A0039,AL00945,Song_01055,Marathi,Lo-Fi,124.98,93.59
S01056,A0497,AL00574,Song_01056,English,Devotional,126.88,58.87
S01057,A0225,AL00962,Song_01057,Marathi,Folk,144.15,57.71
S01058,A0386,AL00177,Song_01058,Hindi,Hip-Hop,222.69,30.46
S01059,A0212,AL00467,Song_01059,Hindi,Lo-Fi,265.47,70.96
S01060,A0156,AL00328,Song_01060,Hindi,Indie,279.63,88.2
S01061,A0385,AL00298,Song_01061,Punjabi,Devotional,234.32,64.63
S01062,A0344,AL00370,Song_01062,English,Electronic,192.57,23.3
S01063,A0072,AL00459,Song_01063,Hindi,Devotional,147.81,54.41
S01064,A0352,AL00153,Song_01064,Kannada,Rock,192.26,75.59
S01065,A0376,AL00848,Song_01065,English,Devotional,179.83,93.94
S01066,A0194,AL00660,Song_01066,English,Devotional,276.6,15.66
S01067,A0462,AL00995,Song_01067,English,Folk,207.61,12.75
S01068,A0320,AL00846,Song_01068,Hindi,Classical,160.72,41.29
S01069,A0167,AL00179,Song_01069,Tamil,Indie,171.98,12.56
S01070,A0006,AL00084,Song_01070,English,Indie,144.56,98.04
S01071,A0337,AL00507,Song_01071,Hindi,Romantic,285.35,42.43
S01072,A0105,AL00577,Song_01072,Gujarati,Pop,129.06,53.36
S01073,A0378,AL00289,Song_01073,Telugu,Pop,122.31,22.71
S01074,A0263,AL00938,Song_01074,Tamil,Devotional,152.94,44.91
S01075,A0233,AL00698,Song_01075,Bengali,Classical,265.96,98.47
S01076,A0082,AL00897,Song_01076,Kannada,Folk,214.22,48.87
S01077,A0356,AL00131,Song_01077,English,Electronic,232.65,0.88
S01078,A0083,AL00978,Song_01078,Marathi,Romantic,184.39,24.25
S01079,A0209,AL00248,Song_01079,Marathi,Romantic,132.36,97.85
S01080,A0418,AL00538,Song_01080,Hindi,Rock,274.11,98.91
S01081,A0460,AL00527,Song_01081,Hindi,Lo-Fi,154.54,21.05
S01082,A0494,AL00984,Song_01082,Hindi,Pop,125.95,61.53
S01083,A0479,AL00332,Song_01083,Marathi,Romantic,223.09,7.69
S01084,A0278,AL00289,Song_01084,Telugu,Pop,134.99,57.74
S01085,A0101,AL00408,Song_01085,Telugu,Classical,137.24,12.59
S01086,A0419,AL00433,Song_01086,English,Lo-Fi,264.07,81.87
S01087,A0401,AL00218,Song_01087,Hindi,Devotional,208.49,93.96
S01088,A0495,AL00212,Song_01088,English,Classical,163.47,17.3
S01089,A0325,AL00278,Song_01089,Punjabi,Romantic,182.75,46.27
S01090,A0071,AL00561,Song_01090,Kannada,Rock,251.26,10.2
S01091,A0251,AL00412,Song_01091,Kannada,Indie,131.94,33.91
S01092,A0224,AL00471,Song_01092,Kannada,Hip-Hop,140.97,6.51
S01093,A0421,AL00863,Song_01093,Bengali,Electronic,230.93,26.45
S01094,A0196,AL00289,Song_01094,Gujarati,Lo-Fi,229.25,99.02
S01095,A0164,AL01091,Song_01095,English,Hip-Hop,295.04,4.46
S01096,A0040,AL00902,Song_01096,Hindi,Hip-Hop,187.42,85.9
S01097,A0417,AL00210,Song_01097,Hindi,Romantic,131.71,7.75
S01098,A0377,AL00377,Song_01098,English,Electronic,216.76,52.9
S01099,A0021,AL00221,Song_01099,Hindi,Classical,234.9,45.21
S01100,A0217,AL00328,Song_01100,Hindi,Hip-Hop,145.13,93.16
S01101,A0240,AL00439,Song_01101,Malayalam,Hip-Hop,219.52,19.9
S01102,A0235,AL00157,Song_01102,Hindi,Pop,155.6,17.97
S01103,A0459,AL00018,Song_01103,Malayalam,Classical,272.05,74.87
S01104,A0076,AL00527,Song_01104,Telugu,Devotional,270.33,72.57
S01105,A0153,AL00841,Song_01105,Marathi,Hip-Hop,197.33,69.92
S01106,A0091,AL00364,Song_01106,Marathi,Pop,294.01,2.61
S01107,A0122,AL01032,Song_01107,English,Classical,296.36,26.0
S01108,A0453,AL00443,Song_01108,Marathi,Devotional,143.27,83.99
S01109,A0470,AL01081,Song_01109,Hindi,Rock,186.19,60.09
S01110,A0023,AL00283,Song_01110,Malayalam,Hip-Hop,228.06,60.22
S01111,A0316,AL00647,Song_01111,English,Romantic,135.27,29.59
S01112,A0117,AL00916,Song_01112,Hindi,Electronic,188.88,26.02
S01113,A0097,AL00071,Song_01113,Tamil,Folk,167.01,94.66
S01114,A0146,AL01116,Song_01114,Marathi,Electronic,291.37,72.78
S01115,A0097,AL00438,Song_01115,English,Indie,194.09,12.69
S01116,A0245,AL00598,Song_01116,Marathi,Electronic,257.28,93.77
S01117,A0497,AL00754,Song_01117,Hindi,Rock,189.61,58.24
S01118,A0293,AL00771,Song_01118,Marathi,Pop,143.73,33.34
S01119,A0361,AL00029,Song_01119,Hindi,Rock,275.37,39.71
S01120,A0247,AL01040,Song_01120,Hindi,Electronic,120.08,72.54
S01121,A0007,AL00748,Song_01121,Hindi,Devotional,130.07,37.63
S01122,A0042,AL01198,Song_01122,English,Lo-Fi,185.59,57.87
S01123,A0135,AL00566,Song_01123,English,Lo-Fi,243.64,71.05
S01124,A0122,AL00736,Song_01124,English,Hip-Hop,181.51,19.54
S01125,A0420,AL00529,Song_01125,Hindi,Pop,131.94,94.42
S01126,A0421,AL01067,Song_01126,Hindi,Hip-Hop,177.21,35.62
S01127,A0427,AL00999,Song_01127,Punjabi,Folk,164.1,41.94
S01128,A0319,AL01090,Song_01128,Hindi,Folk,120.98,69.85
S01129,A0278,AL00605,Song_01129,Tamil,Pop,216.26,60.88
S01130,A0324,AL00949,Song_01130,Malayalam,Romantic,141.0,44.01
S01131,A0203,AL00431,Song_01131,English,Indie,171.75,64.97
S01132,A0335,AL00553,Song_01132,Kannada,Devotional,235.41,90.28
S01133,A0397,AL00912,Song_01133,Hindi,Lo-Fi,250.52,80.03
S01134,A0381,AL00098,Song_01134,Hindi,Electronic,167.42,82.43
S01135,A0307,AL00852,Song_01135,Tamil,Hip-Hop,179.25,25.84
S01136,A0029,AL00019,Song_01136,Telugu,Pop,164.44,41.94
S01137,A0362,AL00697,Song_01137,Bengali,Devotional,292.24,55.38
S01138,A0183,AL00573,Song_01138,Hindi,Indie,154.29,4.42
S01139,A0372,AL00562,Song_01139,Telugu,Lo-Fi,152.97,76.98
S01140,A0270,AL00593,Song_01140,English,Indie,200.11,32.35
S01141,A0440,AL00590,Song_01141,English,Indie,154.08,28.26
S01142,A0169,AL00489,Song_01142,Hindi,Rock,148.21,25.93
S01143,A0465,AL00542,Song_01143,Gujarati,Pop,137.26,28.34
S01144,A0422,AL00682,Song_01144,Hindi,Folk,235.23,33.8
S01145,A0166,AL00916,Song_01145,Bengali,Folk,230.17,60.48
S01146,A0241,AL00663,Song_01146,Marathi,Romantic,237.03,58.36
S01147,A0266,AL00771,Song_01147,Tamil,Electronic,259.19,25.57
S01148,A0384,AL01004,Song_01148,Tamil,Rock,178.74,20.64
S01149,A0344,AL01187,Song_01149,Bengali,Classical,285.32,82.64
S01150,A0426,AL00131,Song_01150,Hindi,Folk,251.98,9.27
S01151,A0185,AL00855,Song_01151,Hindi,Folk,264.85,51.28
S01152,A0252,AL00270,Song_01152,Punjabi,Romantic,249.77,52.06
S01153,A0216,AL00236,Song_01153,English,Rock,184.52,57.41
S01154,A0454,AL00951,Song_01154,Hindi,Folk,170.95,88.57
S01155,A0153,AL00083,Song_01155,Hindi,Lo-Fi,196.05,62.39
S01156,A0293,AL01017,Song_01156,English,Pop,137.47,97.36
S01157,A0060,AL00924,Song_01157,Hindi,Folk,201.23,87.14
S01158,A0425,AL01193,Song_01158,Hindi,Classical,127.77,21.47
S01159,A0192,AL00801,Song_01159,Kannada,Indie,120.71,24.12
S01160,A0170,AL01047,Song_01160,English,Pop,287.67,34.48
S01161,A0291,AL00143,Song_01161,Gujarati,Devotional,244.08,39.15
S01162,A0249,AL01067,Song_01162,Gujarati,Devotional,221.13,55.3
S01163,A0424,AL00193,Song_01163,Hindi,Devotional,181.4,23.25
S01164,A0266,AL00377,Song_01164,Tamil,Electronic,222.7,22.23
S01165,A0258,AL00154,Song_01165,Marathi,Lo-Fi,280.48,38.14
S01166,A0053,AL00482,Song_01166,Tamil,Folk,237.43,67.2
S01167,A0011,AL00899,Song_01167,Hindi,Electronic,228.45,68.81
S01168,A0199,AL00322,Song_01168,Hindi,Lo-Fi,202.84,97.61
S01169,A0499,AL00986,Song_01169,Hindi,Devotional,182.23,20.24
S01170,A0458,AL00727,Song_01170,Marathi,Devotional,245.74,39.29
S01171,A0314,AL00755,Song_01171,Gujarati,Indie,296.58,96.47
S01172,A0315,AL01126,Song_01172,Marathi,Electronic,196.46,69.0
S01173,A0196,AL00518,Song_01173,Tamil,Pop,190.6,59.23
S01174,A0089,AL00414,Song_01174,Gujarati,Indie,197.06,53.96
S01175,A0005,AL01193,Song_01175,Marathi,Classical,196.6,7.55
S01176,A0170,AL00668,Song_01176,Hindi,Lo-Fi,298.31,89.34
S01177,A0158,AL00737,Song_01177,Bengali,Pop,247.22,62.55
S01178,A0096,AL00356,Song_01178,English,Devotional,184.65,57.17
S01179,A0130,AL00259,Song_01179,Hindi,Romantic,186.87,53.95
S01180,A0013,AL00204,Song_01180,Punjabi,Folk,197.54,39.19
S01181,A0304,AL00269,Song_01181,Malayalam,Folk,126.61,25.47
S01182,A0463,AL00235,Song_01182,Hindi,Hip-Hop,215.01,75.53
S01183,A0345,AL00896,Song_01183,English,Folk,266.05,50.96
S01184,A0224,AL00070,Song_01184,Hindi,Classical,238.9,3.39
S01185,A0210,AL00755,Song_01185,Hindi,Lo-Fi,155.72,39.91
S01186,A0154,AL01139,Song_01186,Hindi,Electronic,251.05,92.86
S01187,A0072,AL00918,Song_01187,Tamil,Pop,249.5,37.39
S01188,A0299,AL00484,Song_01188,Bengali,Hip-Hop,167.26,41.32
S01189,A0283,AL00072,Song_01189,Hindi,Classical,232.12,62.4
S01190,A0004,AL01001,Song_01190,Hindi,Hip-Hop,229.97,80.17
S01191,A0208,AL00004,Song_01191,Hindi,Romantic,271.16,66.85
S01192,A0139,AL00817,Song_01192,Hindi,Lo-Fi,144.49,85.01
S01193,A0085,AL00805,Song_01193,Punjabi,Folk,155.07,11.4
S01194,A0351,AL00231,Song_01194,Tamil,Classical,207.47,92.46
S01195,A0263,AL00888,Song_01195,Marathi,Hip-Hop,127.95,90.39
S01196,A0317,AL00211,Song_01196,English,Romantic,194.81,51.91
S01197,A0357,AL00271,Song_01197,Punjabi,Lo-Fi,261.88,62.47
S01198,A0490,AL00974,Song_01198,Hindi,Rock,146.77,21.28
S01199,A0401,AL01174,Song_01199,Hindi,Pop,202.79,44.79
S01200,A0310,AL00318,Song_01200,Malayalam,Rock,298.16,20.27
S01201,A0439,AL01105,Song_01201,Telugu,Classical,211.07,2.2
S01202,A0239,AL01096,Song_01202,Malayalam,Devotional,209.7,98.09
S01203,A0492,AL00923,Song_01203,Kannada,Rock,220.58,25.91
S01204,A0380,AL00168,Song_01204,Marathi,Lo-Fi,153.48,59.31
S01205,A0325,AL00360,Song_01205,Malayalam,Devotional,146.49,30.03
S01206,A0451,AL00813,Song_01206,English,Lo-Fi,241.92,37.06
S01207,A0258,AL01199,Song_01207,Hindi,Rock,191.24,39.78
S01208,A0360,AL00977,Song_01208,Hindi,Devotional,172.18,33.5
S01209,A0143,AL00504,Song_01209,Hindi,Rock,125.65,63.74
S01210,A0481,AL00283,Song_01210,Hindi,Devotional,272.29,96.09
S01211,A0312,AL01152,Song_01211,English,Electronic,125.82,42.86
S01212,A0391,AL00332,Song_01212,Tamil,Rock,255.0,97.33
S01213,A0230,AL00411,Song_01213,Telugu,Lo-Fi,188.76,66.78
S01214,A0433,AL01157,Song_01214,Punjabi,Folk,227.76,60.71
S01215,A0038,AL00674,Song_01215,Hindi,Folk,164.58,23.71
S01216,A0057,AL00318,Song_01216,Tamil,Hip-Hop,147.97,6.29
S01217,A0254,AL00007,Song_01217,English,Electronic,216.01,85.19
S01218,A0366,AL00516,Song_01218,Hindi,Romantic,245.21,57.4
S01219,A0404,AL01183,Song_01219,Hindi,Romantic,155.19,41.44
S01220,A0220,AL00519,Song_01220,English,Lo-Fi,198.54,81.2
S01221,A0325,AL00839,Song_01221,Hindi,Romantic,200.04,31.06
S01222,A0276,AL00304,Song_01222,Telugu,Folk,158.88,78.36
S01223,A0480,AL00930,Song_01223,Telugu,Classical,221.71,32.8
S01224,A0327,AL00931,Song_01224,Tamil,Rock,146.27,92.09
S01225,A0209,AL00730,Song_01225,Hindi,Pop,211.75,26.8
S01226,A0484,AL00926,Song_01226,Telugu,Devotional,140.42,13.76
S01227,A0054,AL00695,Song_01227,Marathi,Electronic,207.4,69.81
S01228,A0492,AL00454,Song_01228,Hindi,Classical,176.09,16.28
S01229,A0077,AL00885,Song_01229,Marathi,Folk,201.4,94.94
S01230,A0144,AL01002,Song_01230,English,Rock,198.07,65.56
S01231,A0410,AL01009,Song_01231,English,Indie,283.43,23.09
S01232,A0367,AL00256,Song_01232,Hindi,Hip-Hop,208.19,20.88
S01233,A0485,AL00812,Song_01233,Punjabi,Indie,267.33,92.39
S01234,A0375,AL00006,Song_01234,Hindi,Romantic,160.62,60.79
S01235,A0318,AL00686,Song_01235,Hindi,Classical,183.37,89.37
S01236,A0173,AL00685,Song_01236,Hindi,Indie,133.52,11.02
S01237,A0003,AL00436,Song_01237,Malayalam,Indie,195.73,92.54
S01238,A0062,AL01192,Song_01238,Hindi,Classical,240.37,52.0
S01239,A0149,AL01059,Song_01239,English,Devotional,270.87,66.84
S01240,A0021,AL00047,Song_01240,English,Indie,221.86,37.29
S01241,A0254,AL00251,Song_01241,Kannada,Hip-Hop,235.21,5.91
S01242,A0388,AL00250,Song_01242,Punjabi,Hip-Hop,151.91,95.8
S01243,A0481,AL01077,Song_01243,Kannada,Devotional,126.7,99.46
S01244,A0245,AL00623,Song_01244,Hindi,Lo-Fi,262.5,36.45
S01245,A0437,AL00874,Song_01245,Hindi,Electronic,150.07,94.39
S01246,A0492,AL00972,Song_01246,Punjabi,Devotional,136.41,16.77
S01247,A0430,AL00921,Song_01247,English,Lo-Fi,288.76,15.47
S01248,A0233,AL00107,Song_01248,Telugu,Folk,293.43,7.31
S01249,A0163,AL00169,Song_01249,Kannada,Indie,230.93,39.13
S01250,A0488,AL00474,Song_01250,English,Romantic,188.15,5.23
S01251,A0121,AL00406,Song_01251,Gujarati,Devotional,269.98,39.47
S01252,A0206,AL00896,Song_01252,Punjabi,Devotional,156.85,13.84
S01253,A0037,AL00188,Song_01253,Hindi,Hip-Hop,197.29,73.05
S01254,A0397,AL00446,Song_01254,English,Folk,184.26,83.34
S01255,A0325,AL00284,Song_01255,Hindi,Folk,284.29,68.78
S01256,A0043,AL00227,Song_01256,Telugu,Rock,285.56,20.05
S01257,A0111,AL00208,Song_01257,Hindi,Classical,237.16,76.68
S01258,A0278,AL00235,Song_01258,English,Romantic,139.93,24.95
S01259,A0270,AL00677,Song_01259,Punjabi,Romantic,206.79,75.95
S01260,A0401,AL00492,Song_01260,Hindi,Hip-Hop,164.16,56.74
S01261,A0133,AL00522,Song_01261,Hindi,Rock,279.28,36.67
S01262,A0462,AL00575,Song_01262,Tamil,Hip-Hop,144.91,8.35
S01263,A0222,AL00889,Song_01263,Hindi,Romantic,129.78,82.75
S01264,A0411,AL01034,Song_01264,English,Classical,246.8,93.97
S01265,A0119,AL00632,Song_01265,English,Devotional,201.59,66.59
S01266,A0019,AL00771,Song_01266,Hindi,Rock,270.91,96.45
S01267,A0028,AL00886,Song_01267,Hindi,Indie,133.43,93.41
S01268,A0186,AL00828,Song_01268,Telugu,Hip-Hop,264.19,19.46
S01269,A0476,AL00161,Song_01269,Malayalam,Electronic,126.72,73.12
S01270,A0025,AL01179,Song_01270,Hindi,Devotional,125.05,34.93
S01271,A0185,AL00198,Song_01271,Malayalam,Lo-Fi,203.04,48.75
S01272,A0055,AL00494,Song_01272,Punjabi,Pop,159.83,15.7
S01273,A0465,AL00783,Song_01273,Marathi,Folk,226.87,97.48
S01274,A0337,AL00484,Song_01274,Tamil,Rock,124.65,72.61
S01275,A0381,AL00292,Song_01275,Tamil,Pop,126.37,26.69
S01276,A0356,AL01108,Song_01276,Telugu,Devotional,250.89,37.15
S01277,A0328,AL00086,Song_01277,English,Romantic,157.83,42.25
S01278,A0387,AL00295,Song_01278,Punjabi,Romantic,238.16,74.75
S01279,A0005,AL01191,Song_01279,English,Lo-Fi,254.99,92.57
S01280,A0432,AL00876,Song_01280,Hindi,Hip-Hop,130.68,32.14
S01281,A0370,AL00105,Song_01281,Marathi,Indie,258.56,47.25
S01282,A0369,AL00905,Song_01282,Hindi,Hip-Hop,168.32,59.32
S01283,A0197,AL01163,Song_01283,Hindi,Romantic,190.12,39.33
S01284,A0400,AL00118,Song_01284,Hindi,Pop,135.6,50.42
S01285,A0191,AL00497,Song_01285,Hindi,Pop,270.95,10.57
S01286,A0025,AL00562,Song_01286,Marathi,Classical,220.93,16.77
S01287,A0454,AL00158,Song_01287,Marathi,Classical,210.84,40.11
S01288,A0118,AL00241,Song_01288,English,Pop,294.34,91.49
S01289,A0051,AL00209,Song_01289,Hindi,Rock,180.21,34.94
S01290,A0311,AL00223,Song_01290,English,Hip-Hop,280.34,24.98
S01291,A0117,AL00484,Song_01291,English,Indie,249.54,74.29
S01292,A0429,AL00557,Song_01292,Tamil,Lo-Fi,287.14,94.91
S01293,A0222,AL00286,Song_01293,Punjabi,Devotional,283.4,45.91
S01294,A0003,AL00348,Song_01294,English,Lo-Fi,298.39,0.86
S01295,A0475,AL00231,Song_01295,English,Romantic,143.7,68.81
S01296,A0257,AL00955,Song_01296,Gujarati,Hip-Hop,263.28,41.51
S01297,A0132,AL00254,Song_01297,Telugu,Electronic,264.81,67.36
S01298,A0338,AL01089,Song_01298,English,Rock,235.99,27.77
S01299,A0265,AL00647,Song_01299,English,Folk,170.19,0.24
S01300,A0015,AL00963,Song_01300,Hindi,Classical,293.73,34.45
S01301,A0380,AL00764,Song_01301,Malayalam,Hip-Hop,156.8,70.48
S01302,A0201,AL00319,Song_01302,English,Folk,209.92,39.31
S01303,A0350,AL00722,Song_01303,Hindi,Indie,213.87,21.92
S01304,A0447,AL00329,Song_01304,Gujarati,Folk,149.13,46.4
S01305,A0305,AL00143,Song_01305,Tamil,Classical,250.06,75.23
S01306,A0336,AL00306,Song_01306,Hindi,Romantic,136.0,11.94
S01307,A0128,AL00331,Song_01307,Hindi,Devotional,244.76,69.18
S01308,A0119,AL00162,Song_01308,Hindi,Romantic,272.75,66.73
S01309,A0208,AL00029,Song_01309,Punjabi,Devotional,182.89,37.07
S01310,A0426,AL01132,Song_01310,Hindi,Classical,247.7,97.03
S01311,A0262,AL00616,Song_01311,Malayalam,Electronic,148.22,89.47
S01312,A0174,AL00483,Song_01312,Malayalam,Folk,272.27,31.62
S01313,A0390,AL01116,Song_01313,Punjabi,Classical,291.37,3.11
S01314,A0426,AL00270,Song_01314,Marathi,Folk,147.48,30.83
S01315,A0451,AL00484,Song_01315,Hindi,Romantic,244.53,20.47
S01316,A0150,AL01016,Song_01316,Hindi,Romantic,211.05,54.73
S01317,A0355,AL00758,Song_01317,Tamil,Lo-Fi,215.67,91.87
S01318,A0295,AL00479,Song_01318,Hindi,Indie,247.17,87.03
S01319,A0225,AL00307,Song_01319,Hindi,Classical,207.97,30.58
S01320,A0199,AL00043,Song_01320,English,Romantic,228.06,42.86
S01321,A0058,AL00102,Song_01321,Hindi,Hip-Hop,161.56,3.65
S01322,A0138,AL00195,Song_01322,English,Devotional,188.13,54.42
S01323,A0275,AL00944,Song_01323,Tamil,Folk,275.74,6.34
S01324,A0443,AL00767,Song_01324,Telugu,Lo-Fi,139.78,93.86
S01325,A0433,AL00520,Song_01325,Marathi,Classical,227.56,86.69
S01326,A0094,AL00939,Song_01326,Bengali,Classical,153.17,21.42
S01327,A0339,AL00193,Song_01327,English,Romantic,272.38,69.94
S01328,A0043,AL00253,Song_01328,Bengali,Pop,224.23,56.8
S01329,A0337,AL00471,Song_01329,Punjabi,Classical,192.55,80.14
S01330,A0171,AL01100,Song_01330,Hindi,Indie,164.97,47.57
S01331,A0225,AL00737,Song_01331,Malayalam,Romantic,198.63,19.18
S01332,A0359,AL01021,Song_01332,Hindi,Classical,292.37,63.98
S01333,A0213,AL00298,Song_01333,Hindi,Devotional,211.66,8.03
S01334,A0403,AL01018,Song_01334,Hindi,Folk,204.51,58.46
S01335,A0267,AL00087,Song_01335,English,Lo-Fi,254.33,21.27
S01336,A0499,AL00273,Song_01336,English,Rock,188.23,68.49
S01337,A0319,AL00628,Song_01337,Punjabi,Rock,196.94,82.8
S01338,A0148,AL00061,Song_01338,Kannada,Folk,180.65,10.95
S01339,A0387,AL01030,Song_01339,Hindi,Devotional,147.17,40.03
S01340,A0204,AL01041,Song_01340,Punjabi,Hip-Hop,248.49,73.35
S01341,A0267,AL00650,Song_01341,English,Devotional,277.15,16.37
S01342,A0069,AL00367,Song_01342,Bengali,Romantic,283.01,56.65
S01343,A0060,AL00119,Song_01343,Hindi,Classical,278.54,67.18
S01344,A0287,AL00743,Song_01344,Hindi,Rock,201.32,35.48
S01345,A0094,AL00645,Song_01345,Punjabi,Lo-Fi,171.13,83.2
S01346,A0498,AL00912,Song_01346,Marathi,Pop,234.83,51.07
S01347,A0427,AL00723,Song_01347,Telugu,Folk,291.85,62.7
S01348,A0350,AL00154,Song_01348,Punjabi,Hip-Hop,250.87,14.09
S01349,A0367,AL00146,Song_01349,Telugu,Pop,209.07,2.32
S01350,A0298,AL00937,Song_01350,English,Devotional,243.99,5.07
S01351,A0031,AL00191,Song_01351,Hindi,Devotional,259.06,90.39
S01352,A0196,AL01126,Song_01352,Hindi,Romantic,285.47,88.26
S01353,A0248,AL00128,Song_01353,Hindi,Pop,257.38,80.76
S01354,A0457,AL00874,Song_01354,English,Romantic,197.97,19.96
S01355,A0110,AL01170,Song_01355,English,Classical,169.25,52.55
S01356,A0248,AL00530,Song_01356,English,Romantic,209.98,79.61
S01357,A0172,AL00069,Song_01357,Punjabi,Electronic,179.07,67.47
S01358,A0068,AL01052,Song_01358,English,Pop,289.7,11.55
S01359,A0052,AL00225,Song_01359,Marathi,Electronic,211.43,89.55
S01360,A0183,AL00633,Song_01360,Marathi,Folk,204.97,16.07
S01361,A0042,AL01181,Song_01361,English,Electronic,182.68,17.18
S01362,A0034,AL00893,Song_01362,English,Lo-Fi,235.09,90.1
S01363,A0176,AL00056,Song_01363,Punjabi,Lo-Fi,213.61,48.46
S01364,A0101,AL00984,Song_01364,Punjabi,Pop,143.23,37.29
S01365,A0277,AL00194,Song_01365,English,Rock,276.46,55.37
S01366,A0009,AL00899,Song_01366,English,Electronic,184.62,98.14
S01367,A0151,AL00745,Song_01367,Tamil,Rock,197.86,11.96
S01368,A0227,AL00346,Song_01368,Marathi,Electronic,157.02,75.69
S01369,A0481,AL00508,Song_01369,Hindi,Electronic,219.61,33.43
S01370,A0317,AL00142,Song_01370,English,Lo-Fi,246.37,11.7
S01371,A0440,AL01184,Song_01371,Kannada,Rock,278.61,42.19
S01372,A0172,AL00286,Song_01372,Hindi,Rock,129.29,54.88
S01373,A0225,AL00371,Song_01373,Bengali,Pop,295.2,20.6
S01374,A0210,AL00603,Song_01374,Hindi,Hip-Hop,246.69,40.53
S01375,A0443,AL00807,Song_01375,Punjabi,Hip-Hop,171.17,63.57
S01376,A0479,AL00606,Song_01376,English,Classical,156.81,57.64
S01377,A0481,AL00606,Song_01377,Hindi,Classical,173.3,72.32
S01378,A0376,AL00699,Song_01378,Kannada,Folk,277.63,83.64
S01379,A0252,AL01029,Song_01379,English,Electronic,172.45,40.91
S01380,A0270,AL00474,Song_01380,Malayalam,Electronic,203.31,42.3
S01381,A0490,AL00998,Song_01381,Hindi,Pop,247.03,49.67
S01382,A0142,AL00944,Song_01382,Bengali,Classical,276.96,56.64
S01383,A0174,AL01153,Song_01383,Malayalam,Electronic,238.54,10.83
S01384,A0448,AL01095,Song_01384,Punjabi,Hip-Hop,255.56,31.26
S01385,A0193,AL00958,Song_01385,Hindi,Classical,151.2,17.19
S01386,A0118,AL00296,Song_01386,Tamil,Electronic,277.93,38.59
S01387,A0280,AL00929,Song_01387,Punjabi,Electronic,169.63,97.34
S01388,A0163,AL00884,Song_01388,Malayalam,Folk,143.11,58.27
S01389,A0445,AL00348,Song_01389,English,Classical,295.72,42.94
S01390,A0454,AL00813,Song_01390,Hindi,Rock,156.3,56.59
S01391,A0153,AL00304,Song_01391,Hindi,Rock,144.6,66.91
S01392,A0265,AL00628,Song_01392,Tamil,Devotional,232.68,43.5
S01393,A0492,AL00956,Song_01393,Gujarati,Classical,177.4,44.77
S01394,A0371,AL00227,Song_01394,Hindi,Classical,144.0,70.14
S01395,A0108,AL00405,Song_01395,Tamil,Romantic,228.2,6.09
S01396,A0295,AL00954,Song_01396,Malayalam,Classical,256.62,54.01
S01397,A0310,AL00545,Song_01397,Hindi,Hip-Hop,262.78,54.73
S01398,A0327,AL01152,Song_01398,Hindi,Indie,147.99,75.68
S01399,A0013,AL00010,Song_01399,Tamil,Folk,220.24,98.26
S01400,A0150,AL00866,Song_01400,Marathi,Electronic,266.46,79.58
S01401,A0427,AL00977,Song_01401,Hindi,Classical,149.0,50.38
S01402,A0121,AL01101,Song_01402,Bengali,Lo-Fi,157.38,16.95
S01403,A0150,AL00188,Song_01403,Punjabi,Lo-Fi,120.43,58.83
S01404,A0161,AL01181,Song_01404,Kannada,Classical,214.43,83.43
S01405,A0089,AL00471,Song_01405,Kannada,Electronic,155.04,93.24
S01406,A0078,AL00423,Song_01406,Telugu,Rock,250.36,82.53
S01407,A0174,AL00427,Song_01407,Punjabi,Folk,293.2,18.9
S01408,A0437,AL00766,Song_01408,Hindi,Rock,157.58,71.26
S01409,A0001,AL00791,Song_01409,Punjabi,Hip-Hop,236.84,88.02
S01410,A0142,AL00569,Song_01410,Hindi,Romantic,158.13,68.1
S01411,A0031,AL00086,Song_01411,Marathi,Folk,123.24,68.58
S01412,A0281,AL01183,Song_01412,Hindi,Hip-Hop,256.54,50.02
S01413,A0126,AL00267,Song_01413,Punjabi,Folk,198.12,63.7
S01414,A0396,AL00113,Song_01414,Hindi,Pop,290.42,29.44
S01415,A0292,AL00717,Song_01415,Hindi,Indie,216.17,8.88
S01416,A0392,AL00495,Song_01416,Hindi,Classical,148.35,82.77
S01417,A0317,AL00739,Song_01417,Marathi,Classical,200.96,94.31
S01418,A0219,AL01050,Song_01418,Telugu,Romantic,156.52,85.68
S01419,A0430,AL00117,Song_01419,Hindi,Pop,278.05,33.39
S01420,A0238,AL00341,Song_01420,Bengali,Rock,244.36,9.35
S01421,A0475,AL00620,Song_01421,Bengali,Classical,181.42,28.01
S01422,A0497,AL00945,Song_01422,English,Electronic,215.01,84.28
S01423,A0294,AL00721,Song_01423,Marathi,Classical,240.51,65.58
S01424,A0337,AL00459,Song_01424,English,Hip-Hop,260.91,96.67
S01425,A0128,AL00732,Song_01425,Hindi,Hip-Hop,134.43,34.27
S01426,A0407,AL01175,Song_01426,Punjabi,Devotional,124.05,55.15
S01427,A0336,AL00576,Song_01427,Hindi,Classical,140.6,79.0
S01428,A0451,AL01060,Song_01428,Kannada,Lo-Fi,191.1,23.4
S01429,A0134,AL00936,Song_01429,Malayalam,Classical,204.01,96.41
S01430,A0394,AL00362,Song_01430,Bengali,Indie,144.56,59.24
S01431,A0235,AL00300,Song_01431,Punjabi,Pop,194.01,0.79
S01432,A0093,AL00924,Song_01432,Punjabi,Romantic,199.49,2.52
S01433,A0086,AL00249,Song_01433,Gujarati,Folk,139.64,88.22
S01434,A0281,AL00404,Song_01434,Hindi,Rock,285.0,64.53
S01435,A0160,AL00283,Song_01435,Hindi,Classical,227.85,76.31
S01436,A0051,AL00728,Song_01436,Punjabi,Indie,189.94,78.4
S01437,A0214,AL00353,Song_01437,English,Pop,211.24,42.05
S01438,A0326,AL00790,Song_01438,English,Indie,176.56,79.86
S01439,A0160,AL01121,Song_01439,Hindi,Rock,273.78,93.75
S01440,A0477,AL00995,Song_01440,Punjabi,Romantic,223.5,17.22
S01441,A0389,AL01137,Song_01441,Hindi,Classical,209.08,76.41
S01442,A0256,AL00030,Song_01442,Hindi,Classical,283.96,30.78
S01443,A0467,AL00547,Song_01443,Hindi,Romantic,270.84,32.15
S01444,A0217,AL00264,Song_01444,English,Indie,266.3,41.28
S01445,A0070,AL01101,Song_01445,Kannada,Electronic,160.61,86.37
S01446,A0018,AL00854,Song_01446,English,Hip-Hop,147.56,2.21
S01447,A0469,AL00384,Song_01447,Marathi,Lo-Fi,244.22,43.39
S01448,A0479,AL00676,Song_01448,Telugu,Devotional,204.36,68.0
S01449,A0369,AL00726,Song_01449,English,Electronic,243.07,11.04
S01450,A0052,AL00595,Song_01450,Bengali,Pop,256.91,79.23
S01451,A0147,AL00569,Song_01451,Tamil,Electronic,173.16,94.19
S01452,A0021,AL00067,Song_01452,Punjabi,Rock,171.24,9.09
S01453,A0026,AL00543,Song_01453,Hindi,Electronic,208.35,15.29
S01454,A0123,AL00418,Song_01454,Hindi,Folk,169.24,97.41
S01455,A0286,AL00982,Song_01455,Gujarati,Hip-Hop,240.11,19.79
S01456,A0033,AL01038,Song_01456,Telugu,Hip-Hop,254.41,7.89
S01457,A0492,AL00900,Song_01457,Malayalam,Pop,204.97,95.22
S01458,A0228,AL00038,Song_01458,Kannada,Devotional,250.28,89.26
S01459,A0132,AL01009,Song_01459,Hindi,Electronic,211.88,65.57
S01460,A0258,AL00476,Song_01460,Telugu,Classical,248.32,55.14
S01461,A0395,AL00500,Song_01461,English,Romantic,160.49,91.92
S01462,A0156,AL01134,Song_01462,Telugu,Rock,252.99,65.55
S01463,A0024,AL01040,Song_01463,Hindi,Classical,248.72,65.84
S01464,A0026,AL00062,Song_01464,Hindi,Lo-Fi,167.99,84.37
S01465,A0426,AL00432,Song_01465,Telugu,Romantic,220.07,65.32
S01466,A0056,AL00899,Song_01466,Telugu,Rock,273.96,50.37
S01467,A0318,AL00647,Song_01467,Marathi,Devotional,164.91,38.97
S01468,A0192,AL00309,Song_01468,English,Hip-Hop,252.48,50.31
S01469,A0388,AL00630,Song_01469,English,Folk,291.71,52.25
S01470,A0031,AL01040,Song_01470,Gujarati,Lo-Fi,275.92,36.08
S01471,A0448,AL00268,Song_01471,English,Rock,192.27,44.81
S01472,A0349,AL00895,Song_01472,English,Electronic,229.3,80.19
S01473,A0225,AL00881,Song_01473,Punjabi,Electronic,298.52,41.65
S01474,A0104,AL01062,Song_01474,English,Devotional,222.32,2.56
S01475,A0488,AL00358,Song_01475,Punjabi,Romantic,140.7,28.3
S01476,A0151,AL00259,Song_01476,English,Pop,128.18,23.17
S01477,A0245,AL00657,Song_01477,Bengali,Rock,262.26,79.36
S01478,A0197,AL00638,Song_01478,Kannada,Romantic,196.25,44.93
S01479,A0116,AL00492,Song_01479,Malayalam,Hip-Hop,164.43,28.03
S01480,A0208,AL00935,Song_01480,Punjabi,Devotional,182.58,81.07
S01481,A0076,AL00959,Song_01481,English,Indie,256.33,1.92
S01482,A0001,AL00295,Song_01482,Tamil,Hip-Hop,203.74,17.43
S01483,A0145,AL00954,Song_01483,Bengali,Pop,276.33,82.7
S01484,A0056,AL00277,Song_01484,Punjabi,Hip-Hop,252.29,55.07
S01485,A0207,AL00489,Song_01485,Tamil,Classical,295.32,77.36
S01486,A0431,AL00033,Song_01486,Tamil,Electronic,279.93,83.82
S01487,A0082,AL00409,Song_01487,Marathi,Rock,165.82,94.2
S01488,A0001,AL01150,Song_01488,Tamil,Hip-Hop,238.63,6.34
S01489,A0056,AL00531,Song_01489,Hindi,Indie,123.7,79.92
S01490,A0254,AL00852,Song_01490,English,Pop,298.4,70.88
S01491,A0138,AL00130,Song_01491,Punjabi,Hip-Hop,166.98,20.7
S01492,A0245,AL00763,Song_01492,Hindi,Pop,239.66,93.17
S01493,A0015,AL00446,Song_01493,Bengali,Indie,272.85,40.42
S01494,A0167,AL00893,Song_01494,Marathi,Classical,148.88,88.76
S01495,A0205,AL01113,Song_01495,Hindi,Indie,272.62,60.51
S01496,A0216,AL00638,Song_01496,Telugu,Devotional,122.2,52.67
S01497,A0276,AL00124,Song_01497,Tamil,Rock,199.56,15.95
S01498,A0390,AL00571,Song_01498,Telugu,Folk,204.97,91.43
S01499,A0234,AL00148,Song_01499,English,Lo-Fi,187.34,55.67
S01500,A0420,AL00539,Song_01500,Bengali,Romantic,225.55,0.61
S01501,A0265,AL00074,Song_01501,English,Lo-Fi,284.67,1.83
S01502,A0130,AL00768,Song_01502,Punjabi,Romantic,178.86,77.76
S01503,A0115,AL00373,Song_01503,Hindi,Hip-Hop,224.27,16.19
S01504,A0161,AL00242,Song_01504,Marathi,Indie,277.94,59.87
S01505,A0299,AL00021,Song_01505,Tamil,Pop,259.14,68.11
S01506,A0121,AL01065,Song_01506,Punjabi,Rock,127.33,27.94
S01507,A0457,AL01004,Song_01507,English,Romantic,289.7,56.93
S01508,A0240,AL00974,Song_01508,Telugu,Classical,128.4,24.03
S01509,A0431,AL00070,Song_01509,Tamil,Folk,225.98,94.63
S01510,A0341,AL00420,Song_01510,Hindi,Lo-Fi,223.56,86.02
S01511,A0167,AL01165,Song_01511,Malayalam,Hip-Hop,261.55,28.8
S01512,A0114,AL00694,Song_01512,Tamil,Indie,146.72,52.88
S01513,A0372,AL00155,Song_01513,Gujarati,Classical,152.29,50.06
S01514,A0166,AL00170,Song_01514,Gujarati,Classical,255.38,96.0
S01515,A0124,AL00316,Song_01515,Kannada,Devotional,146.91,39.4
S01516,A0465,AL01166,Song_01516,Telugu,Lo-Fi,204.5,56.22
S01517,A0241,AL00204,Song_01517,Marathi,Classical,251.7,92.87
S01518,A0025,AL01083,Song_01518,Hindi,Pop,237.22,16.28
S01519,A0247,AL00813,Song_01519,Punjabi,Lo-Fi,157.91,55.05
S01520,A0230,AL01106,Song_01520,Telugu,Lo-Fi,174.71,10.57
S01521,A0432,AL00991,Song_01521,Punjabi,Rock,294.42,61.75
S01522,A0356,AL00399,Song_01522,Bengali,Indie,200.76,36.57
S01523,A0096,AL00993,Song_01523,Hindi,Folk,128.0,96.76
S01524,A0076,AL00203,Song_01524,English,Indie,159.53,41.54
S01525,A0302,AL00349,Song_01525,Punjabi,Classical,181.64,13.62
S01526,A0024,AL00254,Song_01526,English,Lo-Fi,299.91,83.4
S01527,A0160,AL00160,Song_01527,Hindi,Folk,174.48,82.09
S01528,A0069,AL00108,Song_01528,Hindi,Indie,124.75,69.49
S01529,A0011,AL00225,Song_01529,Bengali,Romantic,212.33,74.88
S01530,A0459,AL00145,Song_01530,English,Classical,135.05,26.47
S01531,A0045,AL00457,Song_01531,Hindi,Devotional,169.33,64.21
S01532,A0005,AL00086,Song_01532,Hindi,Hip-Hop,298.63,3.8
S01533,A0466,AL00074,Song_01533,English,Indie,246.83,19.69
S01534,A0094,AL01187,Song_01534,Hindi,Devotional,129.12,93.23
S01535,A0408,AL00106,Song_01535,Tamil,Pop,200.76,73.92
S01536,A0016,AL00089,Song_01536,Telugu,Indie,150.89,23.07
S01537,A0077,AL00037,Song_01537,Hindi,Electronic,142.13,11.14
S01538,A0056,AL00159,Song_01538,Punjabi,Hip-Hop,225.67,94.89
S01539,A0353,AL00633,Song_01539,Hindi,Indie,211.02,11.22
S01540,A0310,AL00992,Song_01540,English,Electronic,253.72,25.71
S01541,A0238,AL00882,Song_01541,Kannada,Pop,280.62,18.26
S01542,A0121,AL00696,Song_01542,Punjabi,Devotional,164.4,0.75
S01543,A0045,AL00102,Song_01543,Kannada,Hip-Hop,286.14,31.41
S01544,A0285,AL00929,Song_01544,Hindi,Rock,213.24,97.42
S01545,A0116,AL00045,Song_01545,English,Devotional,166.59,34.19
S01546,A0295,AL00757,Song_01546,English,Pop,272.24,50.43
S01547,A0344,AL00491,Song_01547,English,Pop,126.4,74.59
S01548,A0424,AL01058,Song_01548,Gujarati,Classical,220.71,55.11
S01549,A0247,AL00369,Song_01549,Hindi,Lo-Fi,249.89,74.36
S01550,A0003,AL00766,Song_01550,Bengali,Pop,170.4,66.16
S01551,A0141,AL00528,Song_01551,Bengali,Electronic,275.43,60.86
S01552,A0426,AL00627,Song_01552,Punjabi,Pop,163.25,64.96
S01553,A0267,AL01126,Song_01553,English,Classical,271.18,79.92
S01554,A0309,AL00855,Song_01554,Punjabi,Classical,134.14,71.02
S01555,A0229,AL00498,Song_01555,Hindi,Classical,148.79,79.18
S01556,A0082,AL00537,Song_01556,Telugu,Pop,188.58,14.56
S01557,A0448,AL00845,Song_01557,English,Electronic,273.73,67.77
S01558,A0386,AL00415,Song_01558,Malayalam,Hip-Hop,146.03,73.7
S01559,A0497,AL00202,Song_01559,Marathi,Electronic,277.58,30.0
S01560,A0427,AL00561,Song_01560,Punjabi,Devotional,161.35,87.46
S01561,A0146,AL00082,Song_01561,Tamil,Indie,201.45,30.47
S01562,A0127,AL00204,Song_01562,Punjabi,Rock,183.49,24.38
S01563,A0124,AL00505,Song_01563,Kannada,Devotional,141.26,86.71
S01564,A0459,AL00956,Song_01564,Hindi,Lo-Fi,289.98,24.7
S01565,A0278,AL00937,Song_01565,Gujarati,Lo-Fi,198.87,41.55
S01566,A0227,AL00313,Song_01566,Telugu,Lo-Fi,244.26,36.79
S01567,A0484,AL00506,Song_01567,Bengali,Hip-Hop,223.55,89.81
S01568,A0302,AL00185,Song_01568,English,Indie,210.31,45.52
S01569,A0454,AL00906,Song_01569,Bengali,Rock,230.98,69.43
S01570,A0492,AL00296,Song_01570,English,Lo-Fi,281.7,79.4
S01571,A0040,AL00959,Song_01571,Telugu,Lo-Fi,245.88,62.79
S01572,A0181,AL01010,Song_01572,Hindi,Folk,215.85,94.37
S01573,A0367,AL00827,Song_01573,English,Romantic,236.13,80.25
S01574,A0406,AL00396,Song_01574,English,Rock,229.15,40.02
S01575,A0075,AL01143,Song_01575,English,Electronic,197.96,95.08
S01576,A0159,AL00823,Song_01576,English,Electronic,232.46,52.46
S01577,A0274,AL00775,Song_01577,Bengali,Rock,199.84,2.26
S01578,A0399,AL01027,Song_01578,Hindi,Romantic,256.37,26.0
S01579,A0057,AL01057,Song_01579,Tamil,Romantic,294.4,62.17
S01580,A0300,AL00094,Song_01580,Hindi,Devotional,292.78,15.68
S01581,A0148,AL01057,Song_01581,Telugu,Classical,267.73,58.41
S01582,A0108,AL00918,Song_01582,Telugu,Classical,228.32,36.16
S01583,A0258,AL00248,Song_01583,English,Folk,254.88,53.44
S01584,A0207,AL00369,Song_01584,Tamil,Pop,152.05,0.19
S01585,A0318,AL00903,Song_01585,Kannada,Electronic,206.22,84.84
S01586,A0159,AL00260,Song_01586,Telugu,Hip-Hop,166.31,36.19
S01587,A0411,AL00543,Song_01587,English,Lo-Fi,120.63,14.02
S01588,A0039,AL00826,Song_01588,English,Lo-Fi,294.01,43.79
S01589,A0431,AL00780,Song_01589,Telugu,Indie,275.49,48.62
S01590,A0015,AL01091,Song_01590,Hindi,Rock,212.47,63.74
S01591,A0368,AL00134,Song_01591,Telugu,Hip-Hop,165.75,52.46
S01592,A0173,AL00354,Song_01592,English,Romantic,244.74,4.35
S01593,A0192,AL01181,Song_01593,Telugu,Lo-Fi,198.26,87.15
S01594,A0010,AL00683,Song_01594,Hindi,Romantic,264.6,45.65
S01595,A0351,AL00299,Song_01595,Hindi,Classical,299.91,7.7
S01596,A0083,AL00348,Song_01596,Gujarati,Classical,182.83,77.28
S01597,A0329,AL00407,Song_01597,Bengali,Devotional,163.99,66.02
S01598,A0362,AL00665,Song_01598,Kannada,Folk,168.13,64.94
S01599,A0422,AL00342,Song_01599,Malayalam,Indie,136.8,42.69
S01600,A0354,AL00746,Song_01600,English,Electronic,190.93,41.05
S01601,A0151,AL00534,Song_01601,Hindi,Indie,123.14,53.63
S01602,A0369,AL00732,Song_01602,Hindi,Classical,140.59,5.06
S01603,A0413,AL00186,Song_01603,Punjabi,Romantic,168.91,29.9
S01604,A0159,AL00748,Song_01604,Hindi,Hip-Hop,148.78,98.79
S01605,A0062,AL01109,Song_01605,Malayalam,Classical,251.79,66.22
S01606,A0445,AL00162,Song_01606,Hindi,Pop,139.01,41.89
S01607,A0074,AL00393,Song_01607,Hindi,Rock,275.88,22.24
S01608,A0297,AL00832,Song_01608,Hindi,Classical,159.8,74.52
S01609,A0118,AL00741,Song_01609,Hindi,Classical,139.55,26.03
S01610,A0063,AL00810,Song_01610,Hindi,Folk,121.82,16.24
S01611,A0388,AL00671,Song_01611,Marathi,Lo-Fi,248.74,15.45
S01612,A0072,AL00819,Song_01612,English,Electronic,166.19,72.93
S01613,A0335,AL00731,Song_01613,Marathi,Pop,211.71,64.28
S01614,A0346,AL00089,Song_01614,Kannada,Classical,140.09,6.98
S01615,A0031,AL00901,Song_01615,Marathi,Electronic,297.35,11.5
S01616,A0087,AL00536,Song_01616,Tamil,Indie,142.57,63.38
S01617,A0397,AL00062,Song_01617,English,Classical,194.15,57.11
S01618,A0254,AL00491,Song_01618,Hindi,Classical,273.3,68.6
S01619,A0061,AL00522,Song_01619,English,Classical,164.08,17.8
S01620,A0495,AL00104,Song_01620,Gujarati,Indie,168.05,72.66
S01621,A0133,AL01195,Song_01621,Marathi,Romantic,265.53,93.61
S01622,A0002,AL00267,Song_01622,Hindi,Indie,169.2,60.11
S01623,A0462,AL00397,Song_01623,English,Hip-Hop,120.52,19.61
S01624,A0009,AL00529,Song_01624,Bengali,Devotional,197.02,67.95
S01625,A0277,AL00999,Song_01625,Marathi,Folk,122.26,34.31
S01626,A0496,AL00891,Song_01626,Punjabi,Indie,283.76,4.93
S01627,A0289,AL00925,Song_01627,Kannada,Rock,235.53,30.23
S01628,A0292,AL00285,Song_01628,Marathi,Lo-Fi,224.94,90.56
S01629,A0194,AL01014,Song_01629,Marathi,Devotional,156.29,41.11
S01630,A0064,AL00995,Song_01630,Hindi,Classical,245.99,86.47
S01631,A0286,AL00557,Song_01631,Hindi,Pop,241.91,50.87
S01632,A0448,AL00655,Song_01632,Gujarati,Pop,130.88,51.7
S01633,A0046,AL00045,Song_01633,Punjabi,Hip-Hop,278.55,0.52
S01634,A0440,AL00912,Song_01634,English,Hip-Hop,224.29,63.71
S01635,A0208,AL01153,Song_01635,Punjabi,Electronic,262.64,10.78
S01636,A0268,AL00567,Song_01636,Hindi,Indie,167.32,47.87
S01637,A0083,AL00649,Song_01637,Bengali,Lo-Fi,141.97,26.03
S01638,A0311,AL00599,Song_01638,Hindi,Indie,246.44,39.24
S01639,A0091,AL00100,Song_01639,Telugu,Lo-Fi,262.9,53.71
S01640,A0137,AL00744,Song_01640,Punjabi,Indie,189.49,1.45
S01641,A0361,AL00866,Song_01641,Hindi,Rock,124.26,28.46
S01642,A0026,AL01113,Song_01642,Hindi,Electronic,267.29,98.96
S01643,A0224,AL01115,Song_01643,Telugu,Classical,157.1,5.74
S01644,A0297,AL00590,Song_01644,Hindi,Hip-Hop,181.03,31.94
S01645,A0066,AL01150,Song_01645,Hindi,Classical,233.08,32.14
S01646,A0148,AL00634,Song_01646,Telugu,Devotional,137.99,37.94
S01647,A0172,AL00770,Song_01647,English,Rock,132.96,68.48
S01648,A0332,AL00722,Song_01648,English,Electronic,124.63,24.77
S01649,A0488,AL01198,Song_01649,Hindi,Lo-Fi,285.0,46.03
S01650,A0418,AL00885,Song_01650,Bengali,Classical,176.05,64.49
S01651,A0095,AL00144,Song_01651,Hindi,Hip-Hop,238.92,32.23
S01652,A0010,AL00087,Song_01652,Hindi,Classical,298.06,94.88
S01653,A0026,AL00492,Song_01653,English,Folk,240.5,97.97
S01654,A0298,AL00619,Song_01654,Hindi,Romantic,214.52,11.97
S01655,A0078,AL00802,Song_01655,English,Lo-Fi,213.77,34.38
S01656,A0116,AL00578,Song_01656,Hindi,Classical,187.85,20.8
S01657,A0423,AL00618,Song_01657,Hindi,Folk,227.96,18.68
S01658,A0437,AL01106,Song_01658,English,Electronic,292.58,49.1
S01659,A0419,AL00402,Song_01659,Kannada,Electronic,261.85,56.38
S01660,A0127,AL00592,Song_01660,Hindi,Lo-Fi,196.36,42.57
S01661,A0310,AL00669,Song_01661,Hindi,Romantic,179.84,27.26
S01662,A0305,AL00562,Song_01662,Kannada,Indie,279.04,27.86
S01663,A0093,AL01161,Song_01663,Kannada,Pop,144.44,99.21
S01664,A0277,AL01154,Song_01664,Marathi,Hip-Hop,272.93,92.37
S01665,A0263,AL00616,Song_01665,Hindi,Pop,165.91,7.59
S01666,A0198,AL00541,Song_01666,English,Devotional,248.81,65.66
S01667,A0376,AL00707,Song_01667,Hindi,Devotional,265.12,45.69
S01668,A0339,AL00217,Song_01668,Hindi,Electronic,205.86,68.88
S01669,A0266,AL00511,Song_01669,English,Romantic,154.61,59.7
S01670,A0363,AL00261,Song_01670,Punjabi,Rock,272.06,88.93
S01671,A0381,AL00173,Song_01671,English,Devotional,186.15,6.7
S01672,A0283,AL00115,Song_01672,Marathi,Folk,177.72,34.96
S01673,A0134,AL00704,Song_01673,Hindi,Folk,211.8,98.55
S01674,A0379,AL00001,Song_01674,English,Pop,198.32,18.23
S01675,A0359,AL00775,Song_01675,Telugu,Classical,242.95,12.73
S01676,A0491,AL00518,Song_01676,Kannada,Pop,144.7,72.9
S01677,A0075,AL00440,Song_01677,English,Folk,198.42,77.74
S01678,A0210,AL00923,Song_01678,Punjabi,Romantic,280.51,67.23
S01679,A0462,AL00646,Song_01679,Hindi,Folk,126.49,77.62
S01680,A0257,AL00880,Song_01680,Hindi,Romantic,202.32,69.37
S01681,A0471,AL00851,Song_01681,Tamil,Pop,238.9,13.58
S01682,A0007,AL00039,Song_01682,Hindi,Folk,279.79,60.82
S01683,A0018,AL00259,Song_01683,English,Classical,226.88,77.69
S01684,A0398,AL00684,Song_01684,English,Classical,268.41,86.55
S01685,A0179,AL01170,Song_01685,Hindi,Devotional,160.08,24.62
S01686,A0260,AL00185,Song_01686,Hindi,Hip-Hop,183.51,12.74
S01687,A0214,AL00127,Song_01687,English,Devotional,289.58,78.11
S01688,A0204,AL01129,Song_01688,Malayalam,Classical,279.48,25.65
S01689,A0469,AL01160,Song_01689,Marathi,Hip-Hop,220.43,3.19
S01690,A0047,AL00201,Song_01690,English,Rock,205.59,82.52
S01691,A0386,AL00482,Song_01691,Hindi,Pop,201.19,50.6
S01692,A0444,AL00752,Song_01692,Marathi,Rock,130.58,32.66
S01693,A0329,AL00235,Song_01693,Hindi,Indie,280.63,1.14
S01694,A0198,AL00392,Song_01694,Punjabi,Romantic,267.27,3.53
S01695,A0080,AL00474,Song_01695,Telugu,Romantic,202.13,79.26
S01696,A0341,AL00770,Song_01696,English,Devotional,170.3,48.97
S01697,A0234,AL00370,Song_01697,Hindi,Classical,181.73,14.97
S01698,A0075,AL00495,Song_01698,Hindi,Romantic,142.17,35.85
S01699,A0180,AL00348,Song_01699,Hindi,Electronic,249.92,16.53
S01700,A0480,AL00911,Song_01700,English,Electronic,220.2,11.29
S01701,A0133,AL00184,Song_01701,Kannada,Pop,162.14,27.63
S01702,A0090,AL00277,Song_01702,Hindi,Hip-Hop,232.14,54.95
S01703,A0341,AL00300,Song_01703,Punjabi,Rock,296.26,21.0
S01704,A0100,AL01087,Song_01704,Tamil,Electronic,142.03,34.37
S01705,A0460,AL01133,Song_01705,Hindi,Pop,202.53,47.79
S01706,A0429,AL00600,Song_01706,Hindi,Folk,208.95,42.0
S01707,A0491,AL00188,Song_01707,English,Rock,150.02,12.86
S01708,A0456,AL00907,Song_01708,Marathi,Romantic,215.68,3.89
S01709,A0122,AL00591,Song_01709,English,Folk,229.08,3.55
S01710,A0106,AL01019,Song_01710,Tamil,Pop,148.32,35.02
S01711,A0171,AL00432,Song_01711,Bengali,Romantic,147.85,71.88
S01712,A0235,AL01198,Song_01712,Telugu,Lo-Fi,274.14,13.13
S01713,A0440,AL00968,Song_01713,Gujarati,Indie,176.05,78.7
S01714,A0367,AL00269,Song_01714,Telugu,Classical,233.46,71.57
S01715,A0322,AL00870,Song_01715,Bengali,Devotional,232.82,0.39
S01716,A0439,AL00344,Song_01716,Bengali,Devotional,271.05,2.67
S01717,A0323,AL00420,Song_01717,Tamil,Devotional,253.18,19.5
S01718,A0190,AL00301,Song_01718,Telugu,Pop,271.3,5.61
S01719,A0207,AL00818,Song_01719,Malayalam,Indie,232.54,53.13
S01720,A0258,AL00316,Song_01720,English,Hip-Hop,200.9,3.96
S01721,A0045,AL00766,Song_01721,Marathi,Folk,190.84,80.26
S01722,A0371,AL00699,Song_01722,Punjabi,Indie,188.23,49.3
S01723,A0326,AL00901,Song_01723,Bengali,Romantic,195.31,72.8
S01724,A0365,AL01192,Song_01724,English,Folk,143.28,75.07
S01725,A0267,AL00011,Song_01725,Telugu,Hip-Hop,196.31,50.68
S01726,A0391,AL01188,Song_01726,Telugu,Hip-Hop,190.1,92.54
S01727,A0474,AL00132,Song_01727,Gujarati,Lo-Fi,126.22,99.02
S01728,A0285,AL00632,Song_01728,Hindi,Electronic,169.52,35.92
S01729,A0222,AL00409,Song_01729,Tamil,Folk,255.34,12.59
S01730,A0053,AL00767,Song_01730,Telugu,Devotional,224.03,36.32
S01731,A0389,AL00866,Song_01731,Malayalam,Lo-Fi,265.11,22.34
S01732,A0452,AL01032,Song_01732,Kannada,Romantic,217.68,53.1
S01733,A0350,AL00482,Song_01733,Punjabi,Indie,273.74,37.84
S01734,A0432,AL01119,Song_01734,Punjabi,Hip-Hop,263.29,48.04
S01735,A0430,AL00387,Song_01735,Hindi,Rock,137.69,76.32
S01736,A0399,AL00245,Song_01736,Gujarati,Hip-Hop,295.86,27.4
S01737,A0251,AL00455,Song_01737,Hindi,Hip-Hop,122.65,53.75
S01738,A0050,AL00634,Song_01738,Tamil,Classical,227.43,33.52
S01739,A0002,AL00802,Song_01739,Telugu,Lo-Fi,262.65,78.5
S01740,A0102,AL00999,Song_01740,English,Devotional,179.74,63.95
S01741,A0216,AL00270,Song_01741,Hindi,Rock,227.74,0.85
S01742,A0372,AL00364,Song_01742,Hindi,Classical,185.18,66.01
S01743,A0228,AL01126,Song_01743,Bengali,Indie,130.91,17.02
S01744,A0012,AL00528,Song_01744,Punjabi,Hip-Hop,121.52,72.45
S01745,A0105,AL00290,Song_01745,Hindi,Indie,137.08,56.73
S01746,A0489,AL01182,Song_01746,Tamil,Devotional,137.71,40.15
S01747,A0494,AL00539,Song_01747,Hindi,Hip-Hop,229.96,69.41
S01748,A0189,AL01182,Song_01748,Kannada,Indie,214.66,85.66
S01749,A0402,AL01103,Song_01749,English,Electronic,201.98,77.87
S01750,A0359,AL01087,Song_01750,Hindi,Indie,244.55,54.54
S01751,A0465,AL00698,Song_01751,Hindi,Hip-Hop,123.03,72.27
S01752,A0443,AL00958,Song_01752,Punjabi,Indie,168.78,41.39
S01753,A0314,AL01152,Song_01753,English,Electronic,259.93,78.9
S01754,A0197,AL00323,Song_01754,Telugu,Hip-Hop,283.8,82.91
S01755,A0313,AL00046,Song_01755,English,Indie,198.9,13.73
S01756,A0160,AL00385,Song_01756,English,Devotional,134.67,23.8
S01757,A0174,AL00764,Song_01757,Hindi,Rock,263.77,27.0
S01758,A0304,AL00657,Song_01758,Hindi,Rock,279.33,16.61
S01759,A0286,AL00097,Song_01759,Malayalam,Folk,194.46,39.25
S01760,A0290,AL00673,Song_01760,Hindi,Rock,163.8,19.3
S01761,A0192,AL00210,Song_01761,Gujarati,Indie,127.91,59.55
S01762,A0205,AL00607,Song_01762,English,Romantic,226.39,10.16
S01763,A0006,AL00691,Song_01763,Hindi,Lo-Fi,283.78,26.99
S01764,A0301,AL00764,Song_01764,Hindi,Indie,242.02,66.55
S01765,A0288,AL00495,Song_01765,Hindi,Electronic,177.1,39.85
S01766,A0467,AL00490,Song_01766,Telugu,Devotional,235.72,42.15
S01767,A0252,AL00814,Song_01767,Punjabi,Rock,269.77,79.79
S01768,A0234,AL00899,Song_01768,English,Rock,205.65,98.45
S01769,A0034,AL00969,Song_01769,Marathi,Electronic,267.55,56.51
S01770,A0099,AL00400,Song_01770,Marathi,Folk,190.54,7.91
S01771,A0169,AL00509,Song_01771,Malayalam,Romantic,182.73,10.29
S01772,A0189,AL00397,Song_01772,Gujarati,Folk,224.94,96.85
S01773,A0181,AL00633,Song_01773,Tamil,Folk,203.64,67.92
S01774,A0197,AL00153,Song_01774,Telugu,Romantic,295.88,75.25
S01775,A0384,AL00516,Song_01775,Telugu,Romantic,212.95,67.58
S01776,A0066,AL00227,Song_01776,English,Devotional,189.33,17.96
S01777,A0166,AL00639,Song_01777,Tamil,Folk,191.09,44.84
S01778,A0082,AL01020,Song_01778,Hindi,Rock,218.63,79.81
S01779,A0154,AL01182,Song_01779,Telugu,Devotional,183.88,86.64
S01780,A0342,AL00536,Song_01780,Gujarati,Lo-Fi,250.12,23.73
S01781,A0024,AL00068,Song_01781,Hindi,Rock,188.52,59.6
S01782,A0170,AL00274,Song_01782,Bengali,Hip-Hop,189.15,15.71
S01783,A0012,AL00126,Song_01783,Malayalam,Lo-Fi,231.06,95.83
S01784,A0477,AL00911,Song_01784,Hindi,Hip-Hop,130.95,25.22
S01785,A0363,AL01181,Song_01785,Punjabi,Classical,237.96,72.66
S01786,A0122,AL00665,Song_01786,Malayalam,Classical,210.89,23.11
S01787,A0099,AL00213,Song_01787,Gujarati,Indie,201.54,61.61
S01788,A0050,AL00026,Song_01788,Hindi,Hip-Hop,249.47,65.93
S01789,A0236,AL01171,Song_01789,English,Devotional,256.49,32.84
S01790,A0376,AL00380,Song_01790,Tamil,Devotional,272.33,81.88
S01791,A0292,AL00135,Song_01791,Hindi,Hip-Hop,187.46,88.54
S01792,A0440,AL00213,Song_01792,English,Classical,178.87,85.51
S01793,A0172,AL00307,Song_01793,Hindi,Pop,248.58,33.08
S01794,A0139,AL00787,Song_01794,Hindi,Hip-Hop,224.72,74.43
S01795,A0239,AL01070,Song_01795,Punjabi,Lo-Fi,233.72,55.95
S01796,A0101,AL00330,Song_01796,Marathi,Indie,219.99,59.26
S01797,A0487,AL00825,Song_01797,Marathi,Devotional,259.08,47.74
S01798,A0093,AL00078,Song_01798,Telugu,Folk,154.21,60.03
S01799,A0239,AL00013,Song_01799,English,Electronic,220.03,13.57
S01800,A0261,AL00066,Song_01800,Hindi,Electronic,148.46,40.88
S01801,A0029,AL01107,Song_01801,Hindi,Electronic,193.31,17.77
S01802,A0234,AL00698,Song_01802,Hindi,Classical,239.52,28.01
S01803,A0227,AL00966,Song_01803,English,Devotional,208.75,12.78
S01804,A0130,AL00027,Song_01804,Hindi,Hip-Hop,188.33,21.25
S01805,A0064,AL00027,Song_01805,Hindi,Folk,279.29,78.19
S01806,A0023,AL01018,Song_01806,Hindi,Romantic,259.11,54.98
S01807,A0005,AL00124,Song_01807,Marathi,Folk,214.73,2.36
S01808,A0241,AL00187,Song_01808,Marathi,Folk,291.01,78.85
S01809,A0045,AL00623,Song_01809,Malayalam,Romantic,196.39,90.95
S01810,A0479,AL00728,Song_01810,Telugu,Electronic,261.85,88.04
S01811,A0123,AL00275,Song_01811,Punjabi,Lo-Fi,150.23,82.3
S01812,A0326,AL00534,Song_01812,Hindi,Indie,171.44,99.22
S01813,A0337,AL00810,Song_01813,Punjabi,Rock,180.86,58.64
S01814,A0248,AL00531,Song_01814,Hindi,Folk,139.05,96.26
S01815,A0441,AL00459,Song_01815,English,Indie,210.32,94.88
S01816,A0056,AL00087,Song_01816,English,Romantic,154.61,31.32
S01817,A0117,AL00542,Song_01817,English,Hip-Hop,234.15,86.34
S01818,A0126,AL00963,Song_01818,Hindi,Devotional,154.22,79.25
S01819,A0068,AL00752,Song_01819,Tamil,Classical,142.23,77.58
S01820,A0148,AL01071,Song_01820,Bengali,Hip-Hop,294.44,89.63
S01821,A0157,AL00152,Song_01821,Telugu,Electronic,238.48,38.42
S01822,A0382,AL00014,Song_01822,Marathi,Romantic,288.56,40.01
S01823,A0151,AL00658,Song_01823,Punjabi,Hip-Hop,208.18,64.01
S01824,A0438,AL00215,Song_01824,Hindi,Classical,126.01,73.78
S01825,A0386,AL00713,Song_01825,Tamil,Pop,223.39,87.97
S01826,A0450,AL01084,Song_01826,Punjabi,Rock,220.5,87.58
S01827,A0053,AL00405,Song_01827,Hindi,Lo-Fi,122.7,72.13
S01828,A0492,AL00659,Song_01828,English,Lo-Fi,275.02,95.69
S01829,A0307,AL00818,Song_01829,Malayalam,Folk,231.59,17.86
S01830,A0491,AL00180,Song_01830,Marathi,Rock,254.04,95.03
S01831,A0178,AL01076,Song_01831,English,Pop,208.91,6.42
S01832,A0476,AL00244,Song_01832,Marathi,Folk,231.31,55.56
S01833,A0294,AL00970,Song_01833,English,Rock,166.34,9.02
S01834,A0036,AL00792,Song_01834,English,Electronic,295.28,56.8
S01835,A0205,AL00170,Song_01835,Hindi,Romantic,192.13,39.01
S01836,A0069,AL00870,Song_01836,English,Devotional,149.22,8.16
S01837,A0470,AL00236,Song_01837,Tamil,Indie,130.06,64.81
S01838,A0152,AL00719,Song_01838,Hindi,Lo-Fi,234.51,73.12
S01839,A0111,AL01151,Song_01839,Telugu,Romantic,297.01,17.42
S01840,A0276,AL01143,Song_01840,Hindi,Classical,281.24,69.44
S01841,A0213,AL01045,Song_01841,Tamil,Lo-Fi,246.38,17.9
S01842,A0049,AL00593,Song_01842,Marathi,Rock,298.31,13.74
S01843,A0408,AL00671,Song_01843,Marathi,Devotional,250.11,14.74
S01844,A0423,AL00361,Song_01844,Marathi,Romantic,181.07,59.91
S01845,A0371,AL01105,Song_01845,Malayalam,Electronic,228.22,77.88
S01846,A0308,AL00573,Song_01846,Punjabi,Hip-Hop,134.36,59.69
S01847,A0201,AL00926,Song_01847,Tamil,Indie,159.9,80.94
S01848,A0271,AL00432,Song_01848,Tamil,Folk,195.16,59.15
S01849,A0260,AL00888,Song_01849,Hindi,Devotional,156.33,79.73
S01850,A0083,AL00270,Song_01850,Hindi,Classical,291.63,97.65
S01851,A0041,AL00880,Song_01851,English,Romantic,299.21,39.1
S01852,A0127,AL00056,Song_01852,Hindi,Rock,186.77,14.99
S01853,A0227,AL00126,Song_01853,English,Folk,247.66,13.54
S01854,A0080,AL00423,Song_01854,English,Hip-Hop,193.4,59.75
S01855,A0054,AL00578,Song_01855,Marathi,Devotional,145.11,54.71
S01856,A0426,AL00853,Song_01856,Hindi,Classical,180.65,18.42
S01857,A0188,AL00431,Song_01857,Telugu,Rock,162.01,88.21
S01858,A0292,AL00023,Song_01858,English,Electronic,179.05,95.67
S01859,A0262,AL00391,Song_01859,Tamil,Rock,158.7,25.32
S01860,A0367,AL00527,Song_01860,Hindi,Hip-Hop,140.22,20.69
S01861,A0370,AL00652,Song_01861,English,Indie,159.14,21.39
S01862,A0148,AL00773,Song_01862,Hindi,Electronic,283.04,38.74
S01863,A0424,AL00297,Song_01863,Marathi,Folk,135.34,85.32
S01864,A0186,AL00732,Song_01864,English,Devotional,178.46,59.6
S01865,A0417,AL00758,Song_01865,Malayalam,Devotional,215.12,6.76
S01866,A0203,AL00932,Song_01866,English,Electronic,183.81,47.3
S01867,A0056,AL00626,Song_01867,Punjabi,Hip-Hop,213.17,9.03
S01868,A0380,AL00972,Song_01868,Hindi,Hip-Hop,127.82,40.62
S01869,A0016,AL00266,Song_01869,Marathi,Classical,236.74,40.35
S01870,A0386,AL00854,Song_01870,English,Devotional,221.43,64.84
S01871,A0022,AL00055,Song_01871,English,Devotional,242.57,54.95
S01872,A0104,AL00124,Song_01872,Hindi,Romantic,222.11,87.48
S01873,A0302,AL01037,Song_01873,Hindi,Electronic,198.82,1.63
S01874,A0470,AL00570,Song_01874,Hindi,Rock,183.03,77.4
S01875,A0204,AL00745,Song_01875,Gujarati,Folk,160.76,2.27
S01876,A0061,AL00724,Song_01876,English,Electronic,210.01,30.43
S01877,A0117,AL00834,Song_01877,Hindi,Lo-Fi,124.69,87.97
S01878,A0448,AL00295,Song_01878,Malayalam,Devotional,179.08,69.04
S01879,A0363,AL00214,Song_01879,Hindi,Indie,242.02,17.2
S01880,A0051,AL00052,Song_01880,English,Romantic,139.57,49.08
S01881,A0193,AL01037,Song_01881,Tamil,Rock,131.32,72.19
S01882,A0133,AL00269,Song_01882,Kannada,Folk,237.39,93.73
S01883,A0089,AL00690,Song_01883,Tamil,Rock,191.6,63.43
S01884,A0423,AL00546,Song_01884,English,Pop,264.33,2.47
S01885,A0309,AL00195,Song_01885,Gujarati,Hip-Hop,288.72,49.97
S01886,A0090,AL00497,Song_01886,Hindi,Indie,292.27,15.3
S01887,A0325,AL00100,Song_01887,Gujarati,Devotional,196.61,4.78
S01888,A0207,AL00212,Song_01888,Bengali,Lo-Fi,167.58,59.85
S01889,A0031,AL00168,Song_01889,Malayalam,Lo-Fi,229.55,77.69
S01890,A0225,AL00989,Song_01890,Hindi,Indie,233.07,3.61
S01891,A0093,AL00681,Song_01891,Hindi,Indie,232.02,78.36
S01892,A0123,AL01110,Song_01892,Marathi,Folk,177.92,70.64
S01893,A0439,AL00523,Song_01893,Punjabi,Pop,131.48,75.2
S01894,A0355,AL00242,Song_01894,Punjabi,Indie,157.8,24.47
S01895,A0067,AL00730,Song_01895,Malayalam,Classical,147.8,39.36
S01896,A0425,AL01115,Song_01896,Marathi,Electronic,142.3,11.98
S01897,A0287,AL00639,Song_01897,English,Folk,286.73,23.89
S01898,A0437,AL00022,Song_01898,English,Devotional,122.49,30.28
S01899,A0373,AL00365,Song_01899,Hindi,Devotional,228.33,31.94
S01900,A0170,AL01110,Song_01900,Hindi,Devotional,290.55,17.5
S01901,A0267,AL00622,Song_01901,Hindi,Indie,184.81,18.87
S01902,A0265,AL01142,Song_01902,Telugu,Hip-Hop,214.88,90.15
S01903,A0360,AL00611,Song_01903,Tamil,Hip-Hop,245.24,78.39
S01904,A0124,AL00015,Song_01904,Punjabi,Electronic,177.09,34.45
S01905,A0167,AL01047,Song_01905,English,Devotional,205.98,94.76
S01906,A0123,AL00915,Song_01906,Marathi,Hip-Hop,267.08,23.89
S01907,A0148,AL00858,Song_01907,Telugu,Folk,254.16,40.68
S01908,A0081,AL01164,Song_01908,Kannada,Lo-Fi,265.52,81.35
S01909,A0019,AL00236,Song_01909,Punjabi,Devotional,297.72,44.29
S01910,A0470,AL01087,Song_01910,Telugu,Hip-Hop,186.66,23.46
S01911,A0038,AL00279,Song_01911,Punjabi,Lo-Fi,254.48,36.85
S01912,A0444,AL01164,Song_01912,English,Hip-Hop,228.5,50.07
S01913,A0002,AL00230,Song_01913,Bengali,Classical,239.99,62.06
S01914,A0388,AL00660,Song_01914,English,Folk,253.18,40.56
S01915,A0164,AL00947,Song_01915,English,Indie,254.95,43.13
S01916,A0259,AL00094,Song_01916,English,Hip-Hop,279.43,26.39
S01917,A0141,AL00080,Song_01917,Punjabi,Pop,182.88,53.53
S01918,A0245,AL01019,Song_01918,Punjabi,Rock,237.63,21.95
S01919,A0226,AL00073,Song_01919,Marathi,Devotional,170.45,86.75
S01920,A0265,AL00736,Song_01920,English,Electronic,227.02,74.74
S01921,A0197,AL01125,Song_01921,Hindi,Hip-Hop,255.21,41.03
S01922,A0268,AL00738,Song_01922,Bengali,Romantic,262.38,74.72
S01923,A0412,AL00577,Song_01923,English,Electronic,195.62,0.7
S01924,A0217,AL00501,Song_01924,Malayalam,Romantic,211.57,34.45
S01925,A0181,AL00766,Song_01925,Hindi,Pop,180.09,44.03
S01926,A0066,AL00686,Song_01926,Punjabi,Classical,150.43,46.98
S01927,A0180,AL00602,Song_01927,Punjabi,Indie,166.89,74.87
S01928,A0063,AL00185,Song_01928,Bengali,Hip-Hop,284.18,96.28
S01929,A0092,AL00795,Song_01929,Hindi,Hip-Hop,175.61,38.0
S01930,A0476,AL00887,Song_01930,Kannada,Hip-Hop,295.46,35.06
S01931,A0045,AL00850,Song_01931,Punjabi,Rock,163.47,61.05
S01932,A0241,AL00090,Song_01932,Punjabi,Pop,250.15,28.13
S01933,A0417,AL00843,Song_01933,Punjabi,Pop,223.3,14.14
S01934,A0476,AL00876,Song_01934,Hindi,Rock,245.44,96.15
S01935,A0074,AL00220,Song_01935,English,Pop,235.91,80.95
S01936,A0082,AL01018,Song_01936,Hindi,Rock,247.21,95.85
S01937,A0186,AL00629,Song_01937,English,Indie,283.0,21.78
S01938,A0277,AL00567,Song_01938,Marathi,Pop,221.42,1.78
S01939,A0479,AL00867,Song_01939,English,Devotional,132.21,43.73
S01940,A0104,AL00612,Song_01940,Hindi,Devotional,168.75,93.36
S01941,A0083,AL00654,Song_01941,Hindi,Indie,247.48,13.83
S01942,A0127,AL00375,Song_01942,Hindi,Devotional,208.93,11.72
S01943,A0437,AL01113,Song_01943,Hindi,Folk,218.74,6.9
S01944,A0015,AL01163,Song_01944,Marathi,Pop,227.38,76.5
S01945,A0190,AL00157,Song_01945,Hindi,Romantic,188.87,78.59
S01946,A0060,AL00880,Song_01946,Kannada,Rock,259.3,69.54
S01947,A0079,AL00028,Song_01947,Hindi,Devotional,250.24,5.33
S01948,A0458,AL00443,Song_01948,Hindi,Folk,248.57,72.33
S01949,A0001,AL01164,Song_01949,Kannada,Lo-Fi,248.76,44.86
S01950,A0161,AL00210,Song_01950,Hindi,Indie,280.26,15.79
S01951,A0457,AL00453,Song_01951,English,Classical,227.17,29.51
S01952,A0304,AL00264,Song_01952,Malayalam,Classical,294.07,50.11
S01953,A0036,AL00874,Song_01953,Malayalam,Pop,141.45,32.97
S01954,A0233,AL00557,Song_01954,Tamil,Classical,233.75,96.97
S01955,A0485,AL00712,Song_01955,Hindi,Indie,249.05,47.47
S01956,A0200,AL01131,Song_01956,Punjabi,Hip-Hop,205.9,37.22
S01957,A0264,AL00625,Song_01957,Gujarati,Electronic,171.88,67.32
S01958,A0266,AL00881,Song_01958,Malayalam,Folk,219.01,65.05
S01959,A0330,AL00118,Song_01959,Hindi,Rock,185.65,0.24
S01960,A0094,AL00259,Song_01960,English,Lo-Fi,283.64,61.85
S01961,A0420,AL01136,Song_01961,English,Romantic,184.22,24.38
S01962,A0494,AL01031,Song_01962,Hindi,Lo-Fi,151.63,37.52
S01963,A0072,AL00788,Song_01963,Tamil,Electronic,223.75,70.63
S01964,A0409,AL00454,Song_01964,Hindi,Hip-Hop,191.28,55.74
S01965,A0408,AL00240,Song_01965,English,Devotional,137.26,36.87
S01966,A0371,AL01022,Song_01966,Hindi,Rock,221.67,16.74
S01967,A0186,AL00942,Song_01967,English,Electronic,216.81,50.55
S01968,A0234,AL00290,Song_01968,Hindi,Romantic,151.18,31.94
S01969,A0419,AL00708,Song_01969,English,Hip-Hop,227.57,91.29
S01970,A0077,AL00742,Song_01970,Hindi,Rock,222.12,53.43
S01971,A0414,AL00573,Song_01971,Malayalam,Romantic,259.25,86.6
S01972,A0460,AL01112,Song_01972,Hindi,Rock,185.08,39.02
S01973,A0341,AL00149,Song_01973,Punjabi,Devotional,164.78,82.74
S01974,A0171,AL00310,Song_01974,Hindi,Devotional,291.22,5.65
S01975,A0280,AL00114,Song_01975,Hindi,Indie,221.02,29.81
S01976,A0026,AL00831,Song_01976,Hindi,Romantic,124.89,7.82
S01977,A0465,AL00773,Song_01977,Hindi,Hip-Hop,267.73,3.17
S01978,A0171,AL01184,Song_01978,Hindi,Lo-Fi,155.42,91.89
S01979,A0029,AL00651,Song_01979,English,Hip-Hop,261.49,71.69
S01980,A0397,AL00181,Song_01980,Marathi,Romantic,246.93,62.51
S01981,A0329,AL00541,Song_01981,Hindi,Classical,294.39,53.25
S01982,A0311,AL00106,Song_01982,English,Pop,293.8,56.96
S01983,A0027,AL00805,Song_01983,Punjabi,Rock,169.39,63.87
S01984,A0375,AL00809,Song_01984,Hindi,Folk,257.96,82.66
S01985,A0319,AL01029,Song_01985,English,Hip-Hop,177.03,59.69
S01986,A0397,AL00408,Song_01986,Hindi,Electronic,233.26,74.86
S01987,A0413,AL00372,Song_01987,Hindi,Classical,227.59,28.1
S01988,A0106,AL00086,Song_01988,English,Rock,129.82,97.68
S01989,A0106,AL00498,Song_01989,Gujarati,Devotional,120.93,3.19
S01990,A0461,AL00570,Song_01990,Gujarati,Indie,130.4,38.66
S01991,A0265,AL00905,Song_01991,Gujarati,Rock,143.03,88.2
S01992,A0219,AL00904,Song_01992,English,Hip-Hop,166.38,18.05
S01993,A0144,AL00169,Song_01993,Hindi,Lo-Fi,283.25,14.13
S01994,A0319,AL00342,Song_01994,English,Romantic,213.35,36.54
S01995,A0377,AL00614,Song_01995,Hindi,Lo-Fi,263.44,42.82
S01996,A0002,AL00402,Song_01996,Hindi,Classical,270.9,93.34
S01997,A0276,AL00031,Song_01997,Hindi,Lo-Fi,252.29,83.61
S01998,A0496,AL01014,Song_01998,English,Rock,190.45,46.41
S01999,A0141,AL00877,Song_01999,English,Indie,275.49,97.3
S02000,A0141,AL00624,Song_02000,Hindi,Devotional,253.57,64.23
