user_id,age_group,region,subscription_type
U000001,35-44,Telangana,Premium
U000002,18-24,Kerala,Premium
U000003,25-34,Karnataka,Free
U000004,18-24,Gujarat,Free
U000005,18-24,Maharashtra,Free
U000006,35-44,Karnataka,Free
U000007,18-24,Punjab,Premium
U000008,25-34,Delhi,Free
U000009,25-34,Telangana,Free
U000010,18-24,Gujarat,Free
U000011,25-34,Delhi,Free
U000012,25-34,Gujarat,Premium
U000013,35-44,Gujarat,Free
U000014,18-24,Gujarat,Free
U000015,45+,Maharashtra,Free
U000016,35-44,Uttar Pradesh,Free
U000017,25-34,Tamil Nadu,Free
U000018,25-34,Telangana,Free
U000019,35-44,Karnataka,Free
U000020,35-44,Telangana,Free
U000021,18-24,Telangana,Premium
U000022,45+,Kerala,Free
U000023,45+,Karnataka,Premium
U000024,25-34,Delhi,Premium
U000025,35-44,Telangana,Free
U000026,25-34,Kerala,Premium
U000027,35-44,Maharashtra,Free
U000028,35-44,Gujarat,Free
U000029,18-24,Gujarat,Premium
U000030,18-24,Telangana,Premium
U000031,18-24,Uttar Pradesh,Free
U000032,45+,Karnataka,Free
U000033,25-34,Delhi,Free
U000034,35-44,West Bengal,Free
U000035,25-34,West Bengal,Premium
U000036,18-24,Uttar Pradesh,Free
U000037,45+,Punjab,Free
U000038,25-34,Delhi,Premium
U000039,25-34,West Bengal,Free
U000040,18-24,Karnataka,Free
U000041,18-24,Delhi,Free
U000042,18-24,West Bengal,Free
U000043,25-34,Delhi,Free
U000044,25-34,Gujarat,Free
U000045,18-24,Karnataka,Free
U000046,18-24,West Bengal,Free
U000047,18-24,Telangana,Premium
U000048,25-34,Telangana,Free
U000049,45+,Karnataka,Premium
U000050,25-34,Maharashtra,Premium
U000051,18-24,West Bengal,Premium
U000052,25-34,Tamil Nadu,Free
U000053,45+,Uttar Pradesh,Free
U000054,35-44,Gujarat,Premium
U000055,35-44,Maharashtra,Premium
U000056,45+,Karnataka,Free
U000057,25-34,Tamil Nadu,Free
U000058,45+,Karnataka,Free
U000059,18-24,Kerala,Free
U000060,35-44,Karnataka,Free
U000061,35-44,Delhi,Premium
U000062,45+,Karnataka,Free
U000063,25-34,Kerala,Free
U000064,35-44,Tamil Nadu,Free
U000065,18-24,Punjab,Premium
U000066,25-34,Kerala,Free
U000067,25-34,Maharashtra,Free
U000068,25-34,Tamil Nadu,Premium
U000069,25-34,Delhi,Free
U000070,18-24,West Bengal,Free
U000071,18-24,Gujarat,Free
U000072,18-24,Tamil Nadu,Free
U000073,25-34,Uttar Pradesh,Free
U000074,25-34,Gujarat,Free
U000075,35-44,Kerala,Free
U000076,18-24,Delhi,Free
U000077,35-44,Maharashtra,Free
U000078,25-34,Delhi,Premium
U000079,18-24,Karnataka,Premium
U000080,18-24,Tamil Nadu,Free
U000081,25-34,Punjab,Free
U000082,25-34,Uttar Pradesh,Free
U000083,18-24,Kerala,Free
U000084,18-24,West Bengal,Free
U000085,18-24,West Bengal,Free
U000086,18-24,West Bengal,Premium
U000087,18-24,Gujarat,Premium
U000088,35-44,Karnataka,Premium
U000089,25-34,Delhi,Free
U000090,25-34,Punjab,Premium
U000091,25-34,Punjab,Free
U000092,25-34,Uttar Pradesh,Free
U000093,18-24,Telangana,Free
U000094,18-24,Tamil Nadu,Premium
U000095,18-24,Maharashtra,Free
U000096,25-34,Kerala,Free
U000097,25-34,West Bengal,Free
U000098,25-34,Gujarat,Free
U000099,25-34,Delhi,Premium
U000100,45+,West Bengal,Free
U000101,18-24,Karnataka,Premium
U000102,25-34,Punjab,Premium
U000103,25-34,Punjab,Free
U000104,35-44,Punjab,Premium
U000105,35-44,Kerala,Premium
U000106,35-44,Maharashtra,Free
U000107,18-24,Uttar Pradesh,Free
U000108,25-34,Uttar Pradesh,Free
U000109,35-44,Uttar Pradesh,Free
U000110,25-34,Gujarat,Premium
U000111,45+,Karnataka,Free
U000112,25-34,Tamil Nadu,Premium
U000113,25-34,Delhi,Free
U000114,25-34,Gujarat,Free
U000115,25-34,Kerala,Free
U000116,35-44,Delhi,Premium
U000117,18-24,Uttar Pradesh,Free
U000118,25-34,Maharashtra,Free
U000119,25-34,Kerala,Free
U000120,35-44,Delhi,Free
U000121,25-34,Kerala,Free
U000122,45+,Gujarat,Premium
U000123,35-44,Uttar Pradesh,Free
U000124,18-24,Delhi,Free
U000125,35-44,Delhi,Premium
U000126,45+,Maharashtra,Free
U000127,18-24,Gujarat,Free
U000128,25-34,Delhi,Free
U000129,18-24,Karnataka,Free
U000130,25-34,Tamil Nadu,Free
U000131,18-24,Karnataka,Premium
U000132,35-44,Tamil Nadu,Free
U000133,25-34,Karnataka,Free
U000134,25-34,Punjab,Premium
U000135,18-24,Karnataka,Premium
U000136,25-34,Gujarat,Premium
U000137,25-34,Delhi,Free
U000138,25-34,Uttar Pradesh,Free
U000139,18-24,Tamil Nadu,Premium
U000140,18-24,Punjab,Premium
U000141,25-34,Tamil Nadu,Premium
U000142,45+,Uttar Pradesh,Free
U000143,18-24,Gujarat,Premium
U000144,25-34,Gujarat,Premium
U000145,18-24,Punjab,Free
U000146,35-44,Gujarat,Free
U000147,18-24,Kerala,Free
U000148,25-34,Maharashtra,Premium
U000149,25-34,Tamil Nadu,Free
U000150,18-24,Gujarat,Free
U000151,18-24,Telangana,Free
U000152,25-34,Telangana,Premium
U000153,25-34,Karnataka,Free
U000154,45+,Maharashtra,Premium
U000155,25-34,Gujarat,Free
U000156,45+,Kerala,Free
U000157,25-34,Punjab,Free
U000158,18-24,Punjab,Free
U000159,18-24,Telangana,Free
U000160,25-34,Kerala,Free
U000161,18-24,Maharashtra,Premium
U000162,35-44,West Bengal,Premium
U000163,25-34,Gujarat,Premium
U000164,25-34,Tamil Nadu,Premium
U000165,25-34,Maharashtra,Free
U000166,25-34,Maharashtra,Premium
U000167,25-34,Delhi,Free
U000168,18-24,Gujarat,Free
U000169,18-24,Tamil Nadu,Free
U000170,18-24,Delhi,Free
U000171,18-24,Uttar Pradesh,Premium
U000172,25-34,Gujarat,Free
U000173,18-24,Delhi,Free
U000174,18-24,West Bengal,Free
U000175,45+,Karnataka,Free
U000176,45+,Maharashtra,Premium
U000177,25-34,Maharashtra,Free
U000178,25-34,Telangana,Free
U000179,35-44,Gujarat,Premium
U000180,18-24,Uttar Pradesh,Free
U000181,25-34,Kerala,Free
U000182,18-24,Uttar Pradesh,Premium
U000183,25-34,Punjab,Premium
U000184,45+,Delhi,Free
U000185,35-44,Delhi,Free
U000186,45+,Delhi,Free
U000187,35-44,Kerala,Free
U000188,25-34,Delhi,Free
U000189,35-44,Tamil Nadu,Free
U000190,25-34,Kerala,Free
U000191,25-34,Uttar Pradesh,Premium
U000192,18-24,Delhi,Premium
U000193,25-34,Delhi,Premium
U000194,18-24,Maharashtra,Free
U000195,25-34,Delhi,Free
U000196,18-24,Karnataka,Free
U000197,25-34,Karnataka,Free
U000198,18-24,Uttar Pradesh,Free
U000199,18-24,Tamil Nadu,Premium
U000200,25-34,Karnataka,Free
U000201,18-24,Tamil Nadu,Free
U000202,45+,Kerala,Free
U000203,25-34,Karnataka,Free
U000204,25-34,Delhi,Free
U000205,18-24,Tamil Nadu,Free
U000206,35-44,West Bengal,Free
U000207,25-34,Karnataka,Free
U000208,25-34,Telangana,Free
U000209,18-24,Karnataka,Premium
U000210,35-44,Uttar Pradesh,Premium
U000211,45+,Gujarat,Free
U000212,25-34,Kerala,Free
U000213,18-24,Gujarat,Premium
U000214,18-24,Delhi,Premium
U000215,18-24,West Bengal,Premium
U000216,35-44,Tamil Nadu,Free
U000217,45+,Kerala,Premium
U000218,45+,Maharashtra,Premium
U000219,35-44,Delhi,Free
U000220,18-24,Punjab,Free
U000221,45+,Telangana,Premium
U000222,18-24,Uttar Pradesh,Premium
U000223,18-24,Gujarat,Free
U000224,25-34,Tamil Nadu,Free
U000225,18-24,Maharashtra,Free
U000226,35-44,Gujarat,Premium
U000227,45+,Telangana,Free
U000228,35-44,Maharashtra,Free
U000229,35-44,West Bengal,Free
U000230,25-34,Gujarat,Free
U000231,18-24,Gujarat,Premium
U000232,35-44,Gujarat,Premium
U000233,25-34,Uttar Pradesh,Free
U000234,45+,West Bengal,Free
U000235,18-24,West Bengal,Free
U000236,18-24,Delhi,Free
U000237,25-34,West Bengal,Free
U000238,25-34,Gujarat,Free
U000239,35-44,Gujarat,Free
U000240,45+,Gujarat,Premium
U000241,18-24,Delhi,Premium
U000242,25-34,Punjab,Free
U000243,18-24,Gujarat,Premium
U000244,18-24,Uttar Pradesh,Free
U000245,25-34,Telangana,Free
U000246,25-34,Gujarat,Free
U000247,25-34,West Bengal,Free
U000248,25-34,Punjab,Free
U000249,25-34,Telangana,Premium
U000250,35-44,Karnataka,Premium
U000251,18-24,Kerala,Free
U000252,18-24,Karnataka,Premium
U000253,35-44,Delhi,Premium
U000254,35-44,Tamil Nadu,Premium
U000255,35-44,Tamil Nadu,Free
U000256,18-24,Gujarat,Free
U000257,25-34,Maharashtra,Premium
U000258,45+,Gujarat,Premium
U000259,25-34,Punjab,Free
U000260,25-34,Delhi,Premium
U000261,45+,Tamil Nadu,Free
U000262,18-24,Telangana,Free
U000263,35-44,Uttar Pradesh,Premium
U000264,35-44,Telangana,Premium
U000265,18-24,Delhi,Free
U000266,35-44,Tamil Nadu,Premium
U000267,25-34,Uttar Pradesh,Free
U000268,35-44,Kerala,Free
U000269,45+,Punjab,Free
U000270,35-44,West Bengal,Free
U000271,18-24,Kerala,Free
U000272,35-44,Punjab,Free
U000273,45+,Telangana,Free
U000274,25-34,Karnataka,Free
U000275,25-34,Delhi,Free
U000276,18-24,Gujarat,Free
U000277,35-44,Karnataka,Free
U000278,18-24,Karnataka,Free
U000279,18-24,Delhi,Free
U000280,45+,Tamil Nadu,Premium
U000281,45+,West Bengal,Premium
U000282,45+,Uttar Pradesh,Free
U000283,25-34,Kerala,Free
U000284,18-24,Gujarat,Free
U000285,25-34,Uttar Pradesh,Free
U000286,18-24,West Bengal,Premium
U000287,35-44,Gujarat,Free
U000288,25-34,Karnataka,Premium
U000289,25-34,Kerala,Premium
U000290,18-24,West Bengal,Premium
U000291,25-34,Tamil Nadu,Premium
U000292,35-44,West Bengal,Free
U000293,35-44,Kerala,Free
U000294,18-24,Tamil Nadu,Free
U000295,18-24,Gujarat,Free
U000296,25-34,Maharashtra,Premium
U000297,18-24,Karnataka,Premium
U000298,45+,Karnataka,Premium
U000299,25-34,Gujarat,Premium
U000300,18-24,Telangana,Free
U000301,35-44,Uttar Pradesh,Premium
U000302,25-34,Uttar Pradesh,Premium
U000303,18-24,Tamil Nadu,Premium
U000304,25-34,Kerala,Free
U000305,18-24,Punjab,Free
U000306,25-34,Delhi,Free
U000307,35-44,Tamil Nadu,Free
U000308,45+,Karnataka,Free
U000309,18-24,Kerala,Free
U000310,25-34,Telangana,Free
U000311,18-24,Delhi,Free
U000312,25-34,Tamil Nadu,Free
U000313,18-24,Tamil Nadu,Premium
U000314,25-34,Maharashtra,Free
U000315,18-24,Telangana,Free
U000316,45+,Uttar Pradesh,Free
U000317,35-44,Gujarat,Free
U000318,18-24,Uttar Pradesh,Free
U000319,35-44,Gujarat,Premium
U000320,18-24,Uttar Pradesh,Free
U000321,35-44,Maharashtra,Free
U000322,18-24,Tamil Nadu,Free
U000323,18-24,Telangana,Free
U000324,25-34,Gujarat,Premium
U000325,25-34,Karnataka,Free
U000326,25-34,Kerala,Free
U000327,25-34,Kerala,Premium
U000328,18-24,Telangana,Premium
U000329,18-24,Punjab,Free
U000330,25-34,Maharashtra,Premium
U000331,25-34,Tamil Nadu,Free
U000332,18-24,Delhi,Free
U000333,25-34,West Bengal,Premium
U000334,25-34,Punjab,Premium
U000335,25-34,Gujarat,Free
U000336,35-44,Gujarat,Free
U000337,25-34,Gujarat,Free
U000338,25-34,West Bengal,Premium
U000339,25-34,Delhi,Free
U000340,18-24,Uttar Pradesh,Premium
U000341,18-24,Maharashtra,Free
U000342,18-24,Telangana,Premium
U000343,35-44,Gujarat,Premium
U000344,18-24,Maharashtra,Free
U000345,25-34,Tamil Nadu,Free
U000346,25-34,Tamil Nadu,Free
U000347,25-34,Delhi,Free
U000348,35-44,Delhi,Free
U000349,25-34,Uttar Pradesh,Premium
U000350,18-24,Uttar Pradesh,Free
U000351,35-44,Maharashtra,Free
U000352,25-34,Punjab,Free
U000353,18-24,Karnataka,Free
U000354,35-44,Delhi,Free
U000355,25-34,Maharashtra,Premium
U000356,18-24,Telangana,Premium
U000357,45+,Tamil Nadu,Free
U000358,25-34,Gujarat,Premium
U000359,25-34,Punjab,Free
U000360,18-24,Telangana,Premium
U000361,18-24,Karnataka,Free
U000362,25-34,Maharashtra,Free
U000363,25-34,Kerala,Premium
U000364,25-34,Kerala,Free
U000365,35-44,West Bengal,Premium
U000366,18-24,Maharashtra,Premium
U000367,35-44,West Bengal,Free
U000368,35-44,West Bengal,Free
U000369,35-44,Tamil Nadu,Free
U000370,35-44,West Bengal,Free
U000371,35-44,Delhi,Free
U000372,18-24,Punjab,Free
U000373,25-34,Delhi,Free
U000374,45+,Tamil Nadu,Free
U000375,25-34,Gujarat,Free
U000376,18-24,Maharashtra,Free
U000377,45+,Tamil Nadu,Free
U000378,18-24,Punjab,Premium
U000379,18-24,Uttar Pradesh,Free
U000380,18-24,West Bengal,Free
U000381,25-34,Punjab,Premium
U000382,25-34,Punjab,Free
U000383,25-34,Telangana,Free
U000384,45+,Maharashtra,Free
U000385,25-34,Maharashtra,Free
U000386,25-34,West Bengal,Premium
U000387,35-44,Gujarat,Free
U000388,35-44,Kerala,Free
U000389,18-24,Delhi,Free
U000390,18-24,Gujarat,Free
U000391,25-34,Punjab,Free
U000392,35-44,Gujarat,Free
U000393,25-34,Punjab,Free
U000394,18-24,Tamil Nadu,Free
U000395,35-44,Uttar Pradesh,Free
U000396,25-34,Tamil Nadu,Premium
U000397,25-34,West Bengal,Free
U000398,35-44,Telangana,Premium
U000399,35-44,Maharashtra,Premium
U000400,25-34,Kerala,Free
U000401,25-34,Karnataka,Premium
U000402,25-34,Tamil Nadu,Premium
U000403,25-34,Karnataka,Free
U000404,25-34,Uttar Pradesh,Free
U000405,35-44,Telangana,Free
U000406,25-34,West Bengal,Free
U000407,25-34,Telangana,Free
U000408,18-24,Karnataka,Free
U000409,35-44,Telangana,Free
U000410,25-34,Kerala,Free
U000411,18-24,Maharashtra,Free
U000412,25-34,Delhi,Free
U000413,18-24,Delhi,Free
U000414,45+,Uttar Pradesh,Premium
U000415,35-44,Telangana,Premium
U000416,25-34,Karnataka,Free
U000417,25-34,Delhi,Premium
U000418,35-44,West Bengal,Premium
U000419,25-34,Telangana,Premium
U000420,45+,West Bengal,Premium
U000421,18-24,Kerala,Free
U000422,18-24,Maharashtra,Free
U000423,25-34,West Bengal,Premium
U000424,18-24,Kerala,Premium
U000425,25-34,Punjab,Free
U000426,35-44,Karnataka,Free
U000427,18-24,Telangana,Free
U000428,25-34,Karnataka,Free
U000429,25-34,Uttar Pradesh,Free
U000430,35-44,Maharashtra,Free
U000431,25-34,Delhi,Free
U000432,18-24,Gujarat,Free
U000433,25-34,West Bengal,Free
U000434,25-34,Gujarat,Free
U000435,35-44,Maharashtra,Free
U000436,25-34,Delhi,Free
U000437,18-24,Gujarat,Free
U000438,35-44,Gujarat,Free
U000439,25-34,Gujarat,Free
U000440,18-24,Gujarat,Free
U000441,25-34,Punjab,Premium
U000442,45+,Maharashtra,Free
U000443,35-44,Punjab,Free
U000444,18-24,Uttar Pradesh,Free
U000445,35-44,Telangana,Free
U000446,18-24,Maharashtra,Free
U000447,25-34,Kerala,Free
U000448,25-34,Gujarat,Premium
U000449,18-24,Delhi,Free
U000450,18-24,Telangana,Premium
U000451,45+,Kerala,Premium
U000452,18-24,Uttar Pradesh,Free
U000453,35-44,West Bengal,Premium
U000454,25-34,Karnataka,Free
U000455,25-34,Uttar Pradesh,Free
U000456,18-24,Karnataka,Free
U000457,18-24,West Bengal,Free
U000458,18-24,Gujarat,Free
U000459,25-34,Telangana,Free
U000460,45+,Kerala,Free
U000461,35-44,Gujarat,Free
U000462,18-24,West Bengal,Free
U000463,18-24,Tamil Nadu,Free
U000464,18-24,West Bengal,Premium
U000465,45+,Tamil Nadu,Free
U000466,18-24,West Bengal,Premium
U000467,18-24,Maharashtra,Free
U000468,25-34,Maharashtra,Free
U000469,25-34,Tamil Nadu,Free
U000470,18-24,Delhi,Free
U000471,25-34,Kerala,Free
U000472,18-24,Delhi,Free
U000473,18-24,Tamil Nadu,Premium
U000474,18-24,Delhi,Free
U000475,25-34,Uttar Pradesh,Free
U000476,45+,Gujarat,Free
U000477,25-34,Maharashtra,Free
U000478,35-44,Karnataka,Premium
U000479,18-24,Uttar Pradesh,Free
U000480,35-44,Tamil Nadu,Free
U000481,45+,Gujarat,Premium
U000482,25-34,Maharashtra,Premium
U000483,45+,Tamil Nadu,Premium
U000484,25-34,Gujarat,Premium
U000485,35-44,Delhi,Free
U000486,18-24,Maharashtra,Free
U000487,25-34,Kerala,Free
U000488,25-34,Maharashtra,Free
U000489,45+,Karnataka,Premium
U000490,45+,Gujarat,Free
U000491,25-34,Gujarat,Free
U000492,45+,Delhi,Premium
U000493,35-44,Tamil Nadu,Free
U000494,25-34,Kerala,Free
U000495,18-24,Karnataka,Premium
U000496,18-24,Karnataka,Free
U000497,18-24,Telangana,Free
U000498,18-24,Kerala,Free
U000499,45+,Maharashtra,Free
U000500,18-24,Maharashtra,Free
U000501,25-34,Delhi,Premium
U000502,25-34,Karnataka,Free
U000503,25-34,Punjab,Free
U000504,18-24,Tamil Nadu,Free
U000505,25-34,Karnataka,Premium
U000506,25-34,West Bengal,Free
U000507,25-34,Karnataka,Premium
U000508,18-24,Gujarat,Free
U000509,35-44,Karnataka,Premium
U000510,18-24,Punjab,Free
U000511,25-34,Gujarat,Premium
U000512,25-34,West Bengal,Free
U000513,18-24,Maharashtra,Premium
U000514,35-44,Delhi,Free
U000515,18-24,Maharashtra,Free
U000516,45+,Kerala,Free
U000517,35-44,West Bengal,Free
U000518,25-34,Uttar Pradesh,Premium
U000519,18-24,Karnataka,Free
U000520,18-24,Maharashtra,Premium
U000521,45+,Tamil Nadu,Free
U000522,25-34,Maharashtra,Free
U000523,18-24,Delhi,Premium
U000524,25-34,Kerala,Free
U000525,18-24,Karnataka,Free
U000526,25-34,Gujarat,Free
U000527,25-34,Telangana,Free
U000528,18-24,West Bengal,Premium
U000529,35-44,Gujarat,Free
U000530,18-24,Tamil Nadu,Free
U000531,25-34,Karnataka,Premium
U000532,25-34,Kerala,Free
U000533,45+,Gujarat,Premium
U000534,25-34,Punjab,Premium
U000535,45+,Gujarat,Premium
U000536,25-34,Uttar Pradesh,Free
U000537,35-44,Delhi,Premium
U000538,18-24,Gujarat,Free
U000539,35-44,Maharashtra,Free
U000540,18-24,Gujarat,Premium
U000541,45+,Gujarat,Premium
U000542,45+,Gujarat,Free
U000543,25-34,Karnataka,Premium
U000544,25-34,Uttar Pradesh,Premium
U000545,25-34,Telangana,Free
U000546,18-24,Maharashtra,Free
U000547,25-34,Gujarat,Premium
U000548,25-34,Uttar Pradesh,Free
U000549,25-34,Karnataka,Free
U000550,18-24,Punjab,Free
U000551,45+,Telangana,Premium
U000552,18-24,Karnataka,Premium
U000553,25-34,West Bengal,Free
U000554,18-24,Karnataka,Premium
U000555,18-24,Punjab,Free
U000556,18-24,Punjab,Free
U000557,25-34,West Bengal,Free
U000558,25-34,Tamil Nadu,Free
U000559,25-34,Maharashtra,Free
U000560,25-34,Telangana,Free
U000561,25-34,Kerala,Free
U000562,18-24,Delhi,Free
U000563,18-24,Punjab,Free
U000564,25-34,Karnataka,Free
U000565,25-34,Uttar Pradesh,Free
U000566,25-34,Karnataka,Free
U000567,18-24,Gujarat,Premium
U000568,35-44,West Bengal,Premium
U000569,18-24,Uttar Pradesh,Free
U000570,25-34,Telangana,Free
U000571,18-24,Karnataka,Free
U000572,25-34,Kerala,Premium
U000573,25-34,Maharashtra,Free
U000574,35-44,Kerala,Free
U000575,18-24,Punjab,Free
U000576,25-34,West Bengal,Free
U000577,18-24,Telangana,Free
U000578,25-34,Punjab,Free
U000579,18-24,Tamil Nadu,Free
U000580,18-24,Telangana,Free
U000581,35-44,Kerala,Free
U000582,18-24,Tamil Nadu,Premium
U000583,18-24,Maharashtra,Free
U000584,35-44,Maharashtra,Premium
U000585,35-44,West Bengal,Free
U000586,35-44,Gujarat,Premium
U000587,18-24,Tamil Nadu,Premium
U000588,25-34,Maharashtra,Free
U000589,35-44,Delhi,Free
U000590,18-24,Uttar Pradesh,Free
U000591,35-44,Kerala,Premium
U000592,18-24,Maharashtra,Free
U000593,45+,Punjab,Free
U000594,25-34,Kerala,Premium
U000595,25-34,West Bengal,Free
U000596,25-34,Punjab,Free
U000597,18-24,West Bengal,Premium
U000598,18-24,Uttar Pradesh,Premium
U000599,35-44,Uttar Pradesh,Free
U000600,25-34,Gujarat,Free
U000601,25-34,Karnataka,Free
U000602,18-24,Maharashtra,Free
U000603,25-34,Karnataka,Premium
U000604,25-34,Maharashtra,Free
U000605,18-24,Telangana,Free
U000606,45+,West Bengal,Premium
U000607,25-34,Karnataka,Free
U000608,25-34,Delhi,Premium
U000609,45+,Telangana,Free
U000610,25-34,Maharashtra,Free
U000611,45+,Punjab,Premium
U000612,25-34,Uttar Pradesh,Free
U000613,25-34,Uttar Pradesh,Free
U000614,18-24,West Bengal,Free
U000615,18-24,Karnataka,Premium
U000616,25-34,Maharashtra,Free
U000617,18-24,West Bengal,Premium
U000618,18-24,Tamil Nadu,Premium
U000619,25-34,Kerala,Free
U000620,35-44,Delhi,Free
U000621,18-24,Gujarat,Premium
U000622,35-44,Gujarat,Premium
U000623,45+,Tamil Nadu,Free
U000624,35-44,Maharashtra,Premium
U000625,35-44,Tamil Nadu,Premium
U000626,35-44,Karnataka,Premium
U000627,18-24,Kerala,Free
U000628,25-34,Punjab,Free
U000629,45+,Maharashtra,Premium
U000630,25-34,Uttar Pradesh,Free
U000631,35-44,Punjab,Free
U000632,45+,Maharashtra,Free
U000633,18-24,Gujarat,Premium
U000634,18-24,Kerala,Free
U000635,25-34,Punjab,Free
U000636,18-24,Tamil Nadu,Free
U000637,25-34,West Bengal,Free
U000638,35-44,Gujarat,Free
U000639,25-34,Karnataka,Free
U000640,18-24,Punjab,Free
U000641,35-44,Maharashtra,Premium
U000642,18-24,Gujarat,Free
U000643,35-44,Gujarat,Free
U000644,18-24,Uttar Pradesh,Premium
U000645,35-44,Kerala,Free
U000646,25-34,Punjab,Premium
U000647,25-34,Punjab,Free
U000648,25-34,Punjab,Premium
U000649,18-24,Tamil Nadu,Premium
U000650,25-34,Uttar Pradesh,Premium
U000651,35-44,West Bengal,Free
U000652,35-44,Tamil Nadu,Free
U000653,18-24,Kerala,Premium
U000654,25-34,Gujarat,Free
U000655,35-44,Tamil Nadu,Free
U000656,35-44,Gujarat,Free
U000657,25-34,Maharashtra,Premium
U000658,18-24,Karnataka,Premium
U000659,45+,Delhi,Premium
U000660,25-34,Delhi,Free
U000661,25-34,Punjab,Premium
U000662,35-44,Karnataka,Premium
U000663,18-24,Kerala,Free
U000664,35-44,Telangana,Free
U000665,18-24,Tamil Nadu,Free
U000666,35-44,Tamil Nadu,Free
U000667,45+,Delhi,Free
U000668,45+,Kerala,Free
U000669,45+,Kerala,Free
U000670,35-44,Telangana,Free
U000671,18-24,Gujarat,Free
U000672,45+,Gujarat,Premium
U000673,45+,Gujarat,Free
U000674,25-34,Delhi,Free
U000675,25-34,Maharashtra,Premium
U000676,18-24,Tamil Nadu,Free
U000677,25-34,Maharashtra,Free
U000678,35-44,Maharashtra,Premium
U000679,25-34,Delhi,Free
U000680,25-34,Delhi,Premium
U000681,25-34,Karnataka,Premium
U000682,18-24,Karnataka,Free
U000683,45+,Gujarat,Premium
U000684,18-24,Uttar Pradesh,Free
U000685,18-24,Delhi,Premium
U000686,18-24,Karnataka,Free
U000687,35-44,Telangana,Premium
U000688,35-44,Punjab,Free
U000689,18-24,Karnataka,Free
U000690,18-24,West Bengal,Premium
U000691,25-34,Tamil Nadu,Premium
U000692,18-24,Kerala,Free
U000693,35-44,Maharashtra,Free
U000694,18-24,Tamil Nadu,Premium
U000695,25-34,Karnataka,Free
U000696,25-34,Punjab,Free
U000697,25-34,Tamil Nadu,Free
U000698,25-34,Karnataka,Premium
U000699,18-24,Kerala,Premium
U000700,18-24,Delhi,Free
U000701,18-24,Gujarat,Premium
U000702,18-24,Karnataka,Free
U000703,45+,Telangana,Free
U000704,18-24,Delhi,Premium
U000705,18-24,Uttar Pradesh,Free
U000706,18-24,West Bengal,Free
U000707,35-44,Kerala,Free
U000708,45+,Gujarat,Free
U000709,35-44,Uttar Pradesh,Free
U000710,25-34,Punjab,Premium
U000711,35-44,Karnataka,Free
U000712,25-34,Punjab,Free
U000713,35-44,Telangana,Free
U000714,35-44,Gujarat,Premium
U000715,18-24,Kerala,Free
U000716,25-34,Telangana,Premium
U000717,18-24,Tamil Nadu,Free
U000718,18-24,Kerala,Free
U000719,35-44,Tamil Nadu,Free
U000720,18-24,Gujarat,Free
U000721,35-44,Telangana,Free
U000722,45+,West Bengal,Premium
U000723,25-34,West Bengal,Free
U000724,25-34,Kerala,Premium
U000725,25-34,Tamil Nadu,Free
U000726,35-44,Karnataka,Free
U000727,18-24,Tamil Nadu,Premium
U000728,18-24,Uttar Pradesh,Free
U000729,25-34,Delhi,Premium
U000730,45+,Kerala,Premium
U000731,18-24,Uttar Pradesh,Premium
U000732,25-34,Maharashtra,Free
U000733,45+,West Bengal,Premium
U000734,18-24,Telangana,Premium
U000735,18-24,Karnataka,Free
U000736,25-34,Maharashtra,Free
U000737,18-24,West Bengal,Premium
U000738,18-24,Telangana,Free
U000739,25-34,Kerala,Free
U000740,25-34,Maharashtra,Premium
U000741,25-34,Uttar Pradesh,Premium
U000742,25-34,West Bengal,Free
U000743,25-34,Tamil Nadu,Free
U000744,25-34,Tamil Nadu,Free
U000745,35-44,Uttar Pradesh,Free
U000746,35-44,Telangana,Free
U000747,25-34,Telangana,Premium
U000748,35-44,West Bengal,Premium
U000749,35-44,Karnataka,Premium
U000750,18-24,Punjab,Premium
U000751,45+,Kerala,Premium
U000752,35-44,Karnataka,Free
U000753,18-24,Maharashtra,Free
U000754,18-24,Tamil Nadu,Free
U000755,25-34,Maharashtra,Free
U000756,25-34,Telangana,Premium
U000757,35-44,West Bengal,Free
U000758,25-34,Uttar Pradesh,Free
U000759,18-24,West Bengal,Free
U000760,18-24,Karnataka,Free
U000761,35-44,West Bengal,Premium
U000762,18-24,Telangana,Free
U000763,35-44,Kerala,Free
U000764,18-24,Uttar Pradesh,Premium
U000765,25-34,Maharashtra,Free
U000766,25-34,Kerala,Free
U000767,18-24,Gujarat,Premium
U000768,25-34,Karnataka,Free
U000769,25-34,Tamil Nadu,Free
U000770,18-24,Tamil Nadu,Free
U000771,25-34,Karnataka,Free
U000772,35-44,Gujarat,Free
U000773,35-44,Karnataka,Premium
U000774,25-34,Tamil Nadu,Free
U000775,35-44,Telangana,Premium
U000776,18-24,Punjab,Free
U000777,18-24,West Bengal,Premium
U000778,25-34,Telangana,Premium
U000779,25-34,Delhi,Free
U000780,35-44,Delhi,Free
U000781,18-24,Maharashtra,Premium
U000782,25-34,Telangana,Free
U000783,25-34,Gujarat,Premium
U000784,18-24,Uttar Pradesh,Free
U000785,25-34,West Bengal,Premium
U000786,25-34,Uttar Pradesh,Free
U000787,18-24,Uttar Pradesh,Free
U000788,25-34,West Bengal,Free
U000789,18-24,Karnataka,Free
U000790,45+,Gujarat,Free
U000791,18-24,West Bengal,Free
U000792,18-24,Gujarat,Premium
U000793,18-24,Punjab,Free
U000794,18-24,Uttar Pradesh,Free
U000795,18-24,Tamil Nadu,Premium
U000796,25-34,Gujarat,Premium
U000797,18-24,Karnataka,Premium
U000798,18-24,Gujarat,Free
U000799,18-24,West Bengal,Premium
U000800,25-34,Punjab,Free
U000801,18-24,Delhi,Free
U000802,25-34,Delhi,Premium
U000803,25-34,Karnataka,Free
U000804,35-44,Maharashtra,Free
U000805,18-24,Telangana,Free
U000806,35-44,West Bengal,Free
U000807,25-34,Kerala,Free
U000808,18-24,Uttar Pradesh,Premium
U000809,25-34,Gujarat,Premium
U000810,35-44,Uttar Pradesh,Premium
U000811,18-24,West Bengal,Free
U000812,25-34,Gujarat,Free
U000813,25-34,Kerala,Premium
U000814,18-24,Gujarat,Free
U000815,45+,Tamil Nadu,Free
U000816,18-24,Telangana,Free
U000817,18-24,Uttar Pradesh,Free
U000818,18-24,Tamil Nadu,Free
U000819,25-34,West Bengal,Premium
U000820,35-44,West Bengal,Free
U000821,35-44,Delhi,Free
U000822,45+,Maharashtra,Free
U000823,25-34,West Bengal,Free
U000824,25-34,Kerala,Free
U000825,25-34,Telangana,Premium
U000826,18-24,West Bengal,Free
U000827,45+,Maharashtra,Premium
U000828,25-34,Delhi,Free
U000829,25-34,Kerala,Free
U000830,25-34,West Bengal,Premium
U000831,35-44,Delhi,Free
U000832,18-24,Telangana,Free
U000833,35-44,Maharashtra,Premium
U000834,35-44,Kerala,Free
U000835,35-44,Maharashtra,Premium
U000836,18-24,Gujarat,Premium
U000837,18-24,Punjab,Free
U000838,25-34,Punjab,Free
U000839,35-44,Uttar Pradesh,Free
U000840,45+,Gujarat,Free
U000841,25-34,Karnataka,Free
U000842,18-24,Delhi,Free
U000843,18-24,Delhi,Premium
U000844,25-34,Karnataka,Premium
U000845,18-24,Telangana,Free
U000846,25-34,Tamil Nadu,Free
U000847,35-44,Gujarat,Premium
U000848,25-34,Gujarat,Free
U000849,25-34,Punjab,Free
U000850,18-24,Uttar Pradesh,Free
U000851,18-24,Tamil Nadu,Free
U000852,25-34,Maharashtra,Free
U000853,25-34,Gujarat,Free
U000854,18-24,Kerala,Free
U000855,18-24,Karnataka,Premium
U000856,18-24,Gujarat,Free
U000857,25-34,Uttar Pradesh,Premium
U000858,25-34,Uttar Pradesh,Free
U000859,25-34,Uttar Pradesh,Free
U000860,25-34,Punjab,Premium
U000861,18-24,Telangana,Free
U000862,25-34,Delhi,Free
U000863,18-24,West Bengal,Free
U000864,45+,Tamil Nadu,Free
U000865,18-24,Gujarat,Free
U000866,25-34,Uttar Pradesh,Premium
U000867,18-24,Karnataka,Premium
U000868,35-44,Karnataka,Free
U000869,18-24,Maharashtra,Free
U000870,45+,Telangana,Free
U000871,18-24,Karnataka,Free
U000872,35-44,Uttar Pradesh,Free
U000873,25-34,Gujarat,Free
U000874,18-24,Tamil Nadu,Free
U000875,18-24,Telangana,Free
U000876,25-34,West Bengal,Free
U000877,35-44,Uttar Pradesh,Free
U000878,35-44,Uttar Pradesh,Free
U000879,18-24,Tamil Nadu,Premium
U000880,25-34,Karnataka,Premium
U000881,18-24,Kerala,Free
U000882,18-24,Punjab,Free
U000883,25-34,Delhi,Free
U000884,18-24,Punjab,Free
U000885,18-24,Karnataka,Free
U000886,35-44,West Bengal,Free
U000887,35-44,Kerala,Free
U000888,35-44,Delhi,Free
U000889,18-24,Maharashtra,Premium
U000890,45+,Delhi,Free
U000891,25-34,Uttar Pradesh,Free
U000892,25-34,Punjab,Premium
U000893,18-24,Telangana,Free
U000894,35-44,Telangana,Premium
U000895,25-34,Punjab,Premium
U000896,35-44,Gujarat,Premium
U000897,25-34,Maharashtra,Premium
U000898,35-44,Telangana,Premium
U000899,25-34,Tamil Nadu,Free
U000900,45+,Kerala,Free
U000901,18-24,Delhi,Free
U000902,18-24,Uttar Pradesh,Premium
U000903,35-44,Kerala,Free
U000904,25-34,Kerala,Premium
U000905,25-34,Tamil Nadu,Free
U000906,35-44,West Bengal,Free
U000907,25-34,Punjab,Premium
U000908,35-44,Maharashtra,Free
U000909,18-24,Kerala,Free
U000910,35-44,Tamil Nadu,Premium
U000911,18-24,Karnataka,Free
U000912,25-34,Punjab,Free
U000913,35-44,West Bengal,Free
U000914,18-24,Telangana,Premium
U000915,18-24,West Bengal,Free
U000916,18-24,Uttar Pradesh,Free
U000917,25-34,Gujarat,Premium
U000918,25-34,Karnataka,Premium
U000919,18-24,Punjab,Free
U000920,35-44,Delhi,Free
U000921,18-24,Telangana,Premium
U000922,25-34,Gujarat,Premium
U000923,25-34,Punjab,Premium
U000924,18-24,Uttar Pradesh,Free
U000925,18-24,Tamil Nadu,Premium
U000926,45+,Kerala,Premium
U000927,25-34,Punjab,Premium
U000928,18-24,Delhi,Premium
U000929,35-44,Telangana,Free
U000930,25-34,Telangana,Premium
U000931,18-24,Tamil Nadu,Free
U000932,25-34,Tamil Nadu,Free
U000933,25-34,West Bengal,Free
U000934,18-24,West Bengal,Free
U000935,35-44,Delhi,Free
U000936,18-24,West Bengal,Free
U000937,18-24,Karnataka,Free
U000938,18-24,Gujarat,Premium
U000939,35-44,Tamil Nadu,Free
U000940,35-44,Punjab,Free
U000941,45+,Delhi,Free
U000942,18-24,Uttar Pradesh,Premium
U000943,35-44,Kerala,Free
U000944,25-34,Punjab,Free
U000945,18-24,Telangana,Free
U000946,18-24,Delhi,Free
U000947,35-44,Gujarat,Premium
U000948,18-24,Gujarat,Premium
U000949,25-34,Gujarat,Free
U000950,25-34,Tamil Nadu,Free
U000951,18-24,Delhi,Free
U000952,45+,Tamil Nadu,Premium
U000953,35-44,Telangana,Premium
U000954,25-34,Karnataka,Premium
U000955,25-34,Karnataka,Premium
U000956,25-34,Maharashtra,Free
U000957,35-44,Telangana,Free
U000958,18-24,Delhi,Premium
U000959,25-34,Gujarat,Free
U000960,18-24,Kerala,Free
U000961,25-34,West Bengal,Premium
U000962,25-34,Punjab,Free
U000963,18-24,West Bengal,Free
U000964,45+,Uttar Pradesh,Free
U000965,18-24,West Bengal,Free
U000966,18-24,Kerala,Free
U000967,25-34,Uttar Pradesh,Free
U000968,25-34,Gujarat,Free
U000969,18-24,Delhi,Premium
U000970,25-34,Gujarat,Free
U000971,35-44,Kerala,Premium
U000972,18-24,Kerala,Premium
U000973,45+,Punjab,Free
U000974,18-24,Tamil Nadu,Free
U000975,25-34,Uttar Pradesh,Premium
U000976,18-24,Uttar Pradesh,Free
U000977,35-44,Delhi,Free
U000978,35-44,Tamil Nadu,Free
U000979,18-24,West Bengal,Premium
U000980,18-24,Maharashtra,Premium
U000981,18-24,Punjab,Free
U000982,18-24,Telangana,Free
U000983,45+,West Bengal,Free
U000984,25-34,Delhi,Free
U000985,25-34,Tamil Nadu,Free
U000986,45+,West Bengal,Premium
U000987,35-44,Uttar Pradesh,Free
U000988,35-44,Uttar Pradesh,Free
U000989,18-24,Karnataka,Free
U000990,18-24,West Bengal,Free
U000991,18-24,Telangana,Premium
U000992,18-24,Punjab,Free
U000993,25-34,Telangana,Free
U000994,18-24,Delhi,Premium
U000995,25-34,Delhi,Free
U000996,25-34,Karnataka,Premium
U000997,18-24,Punjab,Premium
U000998,18-24,Delhi,Premium
U000999,25-34,Maharashtra,Free
U001000,25-34,Telangana,Free
U001001,35-44,Maharashtra,Free
U001002,35-44,Kerala,Free
U001003,18-24,Maharashtra,Free
U001004,18-24,West Bengal,Free
U001005,18-24,Delhi,Premium
U001006,18-24,West Bengal,Free
U001007,25-34,Delhi,Free
U001008,45+,Tamil Nadu,Free
U001009,18-24,West Bengal,Free
U001010,18-24,Delhi,Free
U001011,35-44,Delhi,Free
U001012,25-34,West Bengal,Free
U001013,18-24,West Bengal,Premium
U001014,18-24,Tamil Nadu,Free
U001015,45+,Delhi,Premium
U001016,18-24,Karnataka,Free
U001017,25-34,Punjab,Free
U001018,35-44,West Bengal,Free
U001019,18-24,Karnataka,Free
U001020,35-44,Karnataka,Free
U001021,18-24,Punjab,Free
U001022,18-24,Delhi,Premium
U001023,18-24,Gujarat,Free
U001024,45+,Tamil Nadu,Free
U001025,18-24,Telangana,Free
U001026,18-24,Punjab,Free
U001027,45+,Maharashtra,Premium
U001028,18-24,Kerala,Free
U001029,35-44,Kerala,Free
U001030,25-34,Maharashtra,Premium
U001031,25-34,Gujarat,Free
U001032,35-44,Gujarat,Free
U001033,35-44,Gujarat,Free
U001034,18-24,Tamil Nadu,Premium
U001035,45+,West Bengal,Free
U001036,45+,Maharashtra,Free
U001037,35-44,Telangana,Free
U001038,25-34,Delhi,Free
U001039,25-34,Uttar Pradesh,Free
U001040,25-34,Uttar Pradesh,Premium
U001041,18-24,Delhi,Free
U001042,25-34,Telangana,Free
U001043,25-34,Telangana,Free
U001044,25-34,Kerala,Free
U001045,18-24,Tamil Nadu,Free
U001046,25-34,Gujarat,Free
U001047,25-34,Karnataka,Premium
U001048,25-34,Karnataka,Free
U001049,45+,Kerala,Free
U001050,35-44,Telangana,Free
U001051,18-24,Maharashtra,Free
U001052,18-24,West Bengal,Free
U001053,25-34,Punjab,Free
U001054,25-34,Gujarat,Premium
U001055,35-44,Gujarat,Free
U001056,18-24,Tamil Nadu,Free
U001057,18-24,Gujarat,Free
U001058,25-34,Uttar Pradesh,Free
U001059,35-44,Kerala,Premium
U001060,45+,West Bengal,Free
U001061,35-44,Uttar Pradesh,Free
U001062,25-34,Gujarat,Premium
U001063,35-44,Tamil Nadu,Free
U001064,18-24,Maharashtra,Free
U001065,25-34,West Bengal,Premium
U001066,45+,Tamil Nadu,Free
U001067,25-34,Karnataka,Free
U001068,45+,Delhi,Free
U001069,18-24,Kerala,Free
U001070,18-24,Uttar Pradesh,Free
U001071,25-34,Telangana,Premium
U001072,45+,Punjab,Free
U001073,18-24,Maharashtra,Premium
U001074,35-44,Kerala,Free
U001075,18-24,Delhi,Free
U001076,35-44,Maharashtra,Free
U001077,25-34,Delhi,Free
U001078,18-24,Punjab,Free
U001079,35-44,Karnataka,Free
U001080,35-44,Karnataka,Free
U001081,25-34,Delhi,Free
U001082,18-24,Kerala,Free
U001083,18-24,Gujarat,Free
U001084,45+,Punjab,Free
U001085,25-34,Karnataka,Free
U001086,35-44,Gujarat,Free
U001087,25-34,Uttar Pradesh,Premium
U001088,35-44,Kerala,Free
U001089,18-24,Telangana,Free
U001090,25-34,Uttar Pradesh,Free
U001091,25-34,Kerala,Free
U001092,18-24,West Bengal,Free
U001093,18-24,Maharashtra,Premium
U001094,25-34,West Bengal,Free
U001095,35-44,Punjab,Premium
U001096,25-34,West Bengal,Premium
U001097,18-24,Telangana,Premium
U001098,45+,Delhi,Free
U001099,18-24,Tamil Nadu,Free
U001100,18-24,Telangana,Premium
U001101,45+,Maharashtra,Premium
U001102,35-44,Gujarat,Free
U001103,45+,Uttar Pradesh,Free
U001104,35-44,Maharashtra,Free
U001105,25-34,Delhi,Free
U001106,18-24,Delhi,Free
U001107,18-24,Tamil Nadu,Free
U001108,45+,West Bengal,Premium
U001109,35-44,Punjab,Free
U001110,25-34,Gujarat,Free
U001111,25-34,Karnataka,Premium
U001112,18-24,Karnataka,Free
U001113,18-24,Telangana,Free
U001114,35-44,Gujarat,Premium
U001115,18-24,Punjab,Free
U001116,25-34,Karnataka,Premium
U001117,45+,Karnataka,Free
U001118,25-34,Tamil Nadu,Free
U001119,25-34,Tamil Nadu,Free
U001120,18-24,Uttar Pradesh,Free
U001121,18-24,Delhi,Free
U001122,18-24,Tamil Nadu,Free
U001123,18-24,Punjab,Premium
U001124,18-24,Telangana,Free
U001125,18-24,Kerala,Free
U001126,18-24,Uttar Pradesh,Premium
U001127,18-24,Tamil Nadu,Free
U001128,45+,Punjab,Premium
U001129,18-24,Uttar Pradesh,Free
U001130,25-34,Maharashtra,Free
U001131,35-44,Delhi,Free
U001132,18-24,Uttar Pradesh,Premium
U001133,25-34,Gujarat,Premium
U001134,35-44,Telangana,Premium
U001135,25-34,Karnataka,Free
U001136,18-24,Uttar Pradesh,Free
U001137,35-44,Uttar Pradesh,Free
U001138,25-34,Gujarat,Free
U001139,25-34,Kerala,Free
U001140,18-24,Telangana,Free
U001141,18-24,Karnataka,Premium
U001142,35-44,Tamil Nadu,Free
U001143,18-24,Telangana,Free
U001144,18-24,Tamil Nadu,Free
U001145,25-34,Gujarat,Free
U001146,45+,Delhi,Free
U001147,18-24,Maharashtra,Free
U001148,18-24,Tamil Nadu,Premium
U001149,25-34,Punjab,Free
U001150,25-34,Gujarat,Free
U001151,25-34,Gujarat,Free
U001152,35-44,Uttar Pradesh,Premium
U001153,18-24,Karnataka,Free
U001154,18-24,Uttar Pradesh,Free
U001155,25-34,Delhi,Free
U001156,18-24,Uttar Pradesh,Premium
U001157,25-34,Punjab,Free
U001158,35-44,Maharashtra,Free
U001159,18-24,Gujarat,Free
U001160,35-44,Telangana,Premium
U001161,18-24,Tamil Nadu,Premium
U001162,25-34,Punjab,Premium
U001163,25-34,Tamil Nadu,Free
U001164,25-34,West Bengal,Free
U001165,18-24,Delhi,Free
U001166,45+,Uttar Pradesh,Free
U001167,45+,Kerala,Free
U001168,35-44,Gujarat,Free
U001169,35-44,Maharashtra,Premium
U001170,18-24,Gujarat,Free
U001171,25-34,Gujarat,Free
U001172,18-24,Karnataka,Free
U001173,35-44,Telangana,Free
U001174,18-24,Telangana,Free
U001175,18-24,Gujarat,Free
U001176,25-34,Punjab,Free
U001177,18-24,Uttar Pradesh,Premium
U001178,35-44,Telangana,Free
U001179,18-24,Maharashtra,Premium
U001180,25-34,Karnataka,Premium
U001181,35-44,Delhi,Free
U001182,25-34,Gujarat,Free
U001183,18-24,Tamil Nadu,Premium
U001184,18-24,Tamil Nadu,Free
U001185,18-24,Karnataka,Free
U001186,18-24,Kerala,Free
U001187,25-34,Uttar Pradesh,Premium
U001188,18-24,Gujarat,Free
U001189,18-24,Uttar Pradesh,Free
U001190,18-24,Punjab,Free
U001191,45+,West Bengal,Free
U001192,18-24,West Bengal,Free
U001193,18-24,Karnataka,Free
U001194,25-34,Gujarat,Free
U001195,18-24,Uttar Pradesh,Free
U001196,45+,Uttar Pradesh,Free
U001197,18-24,Uttar Pradesh,Free
U001198,25-34,Delhi,Free
U001199,25-34,Delhi,Free
U001200,35-44,West Bengal,Free
U001201,25-34,Kerala,Free
U001202,35-44,Tamil Nadu,Free
U001203,25-34,Delhi,Free
U001204,25-34,Punjab,Free
U001205,35-44,Delhi,Premium
U001206,25-34,Delhi,Free
U001207,25-34,Delhi,Premium
U001208,18-24,Telangana,Free
U001209,18-24,Telangana,Free
U001210,25-34,Karnataka,Free
U001211,18-24,Telangana,Free
U001212,25-34,West Bengal,Premium
U001213,18-24,Maharashtra,Free
U001214,25-34,Punjab,Premium
U001215,35-44,Punjab,Free
U001216,25-34,Maharashtra,Free
U001217,25-34,Delhi,Premium
U001218,18-24,Kerala,Free
U001219,18-24,Gujarat,Premium
U001220,25-34,Delhi,Free
U001221,35-44,Kerala,Free
U001222,35-44,Punjab,Free
U001223,25-34,Delhi,Premium
U001224,35-44,Punjab,Free
U001225,35-44,Uttar Pradesh,Free
U001226,35-44,Karnataka,Premium
U001227,35-44,Kerala,Free
U001228,18-24,Tamil Nadu,Premium
U001229,18-24,Tamil Nadu,Free
U001230,25-34,Gujarat,Premium
U001231,25-34,Uttar Pradesh,Free
U001232,35-44,West Bengal,Premium
U001233,18-24,Gujarat,Premium
U001234,18-24,Delhi,Free
U001235,35-44,Uttar Pradesh,Premium
U001236,18-24,Delhi,Premium
U001237,35-44,Delhi,Premium
U001238,18-24,Gujarat,Premium
U001239,25-34,Tamil Nadu,Premium
U001240,25-34,Punjab,Free
U001241,18-24,Maharashtra,Premium
U001242,18-24,Punjab,Free
U001243,18-24,Gujarat,Free
U001244,18-24,Maharashtra,Free
U001245,18-24,Uttar Pradesh,Free
U001246,35-44,Kerala,Premium
U001247,18-24,Punjab,Premium
U001248,25-34,Kerala,Premium
U001249,18-24,Telangana,Free
U001250,45+,Karnataka,Free
U001251,35-44,Telangana,Free
U001252,45+,Maharashtra,Free
U001253,45+,Gujarat,Premium
U001254,18-24,Kerala,Premium
U001255,25-34,Delhi,Free
U001256,18-24,Maharashtra,Premium
U001257,35-44,Tamil Nadu,Free
U001258,25-34,Tamil Nadu,Premium
U001259,25-34,Kerala,Premium
U001260,45+,Gujarat,Free
U001261,35-44,Maharashtra,Premium
U001262,45+,Punjab,Free
U001263,18-24,Telangana,Premium
U001264,18-24,Karnataka,Premium
U001265,18-24,Uttar Pradesh,Premium
U001266,25-34,West Bengal,Free
U001267,25-34,Karnataka,Premium
U001268,18-24,West Bengal,Free
U001269,35-44,Tamil Nadu,Premium
U001270,18-24,Tamil Nadu,Premium
U001271,25-34,Kerala,Free
U001272,35-44,Tamil Nadu,Free
U001273,25-34,West Bengal,Free
U001274,25-34,Tamil Nadu,Premium
U001275,18-24,Telangana,Free
U001276,18-24,Tamil Nadu,Premium
U001277,35-44,Telangana,Premium
U001278,25-34,Karnataka,Free
U001279,18-24,Delhi,Free
U001280,45+,Punjab,Free
U001281,25-34,Karnataka,Free
U001282,35-44,Karnataka,Premium
U001283,25-34,Tamil Nadu,Free
U001284,45+,Tamil Nadu,Free
U001285,18-24,Punjab,Free
U001286,18-24,Karnataka,Premium
U001287,35-44,Punjab,Free
U001288,35-44,Telangana,Free
U001289,25-34,Tamil Nadu,Free
U001290,18-24,West Bengal,Free
U001291,18-24,Tamil Nadu,Free
U001292,35-44,Uttar Pradesh,Free
U001293,35-44,Tamil Nadu,Free
U001294,18-24,West Bengal,Free
U001295,18-24,Tamil Nadu,Free
U001296,25-34,Kerala,Premium
U001297,35-44,Telangana,Free
U001298,25-34,Maharashtra,Free
U001299,25-34,Kerala,Free
U001300,45+,Kerala,Free
U001301,18-24,Tamil Nadu,Free
U001302,25-34,Telangana,Premium
U001303,25-34,Maharashtra,Premium
U001304,25-34,Gujarat,Free
U001305,35-44,Kerala,Premium
U001306,25-34,Uttar Pradesh,Free
U001307,25-34,Telangana,Premium
U001308,18-24,Punjab,Free
U001309,35-44,Punjab,Free
U001310,18-24,Uttar Pradesh,Premium
U001311,18-24,Maharashtra,Free
U001312,25-34,West Bengal,Free
U001313,25-34,Maharashtra,Premium
U001314,45+,Kerala,Free
U001315,35-44,Telangana,Premium
U001316,35-44,Tamil Nadu,Free
U001317,18-24,Kerala,Free
U001318,25-34,Karnataka,Free
U001319,45+,Telangana,Premium
U001320,25-34,Gujarat,Free
U001321,35-44,Tamil Nadu,Free
U001322,25-34,Maharashtra,Free
U001323,18-24,Uttar Pradesh,Premium
U001324,25-34,Telangana,Free
U001325,18-24,Tamil Nadu,Premium
U001326,18-24,Maharashtra,Free
U001327,18-24,Maharashtra,Free
U001328,18-24,Punjab,Premium
U001329,25-34,Uttar Pradesh,Free
U001330,35-44,Kerala,Free
U001331,25-34,Tamil Nadu,Free
U001332,35-44,Kerala,Free
U001333,25-34,Karnataka,Premium
U001334,18-24,Gujarat,Premium
U001335,18-24,Karnataka,Free
U001336,45+,Kerala,Premium
U001337,25-34,Tamil Nadu,Premium
U001338,45+,West Bengal,Premium
U001339,18-24,Delhi,Premium
U001340,35-44,Uttar Pradesh,Free
U001341,35-44,Punjab,Premium
U001342,45+,Telangana,Free
U001343,18-24,West Bengal,Free
U001344,45+,West Bengal,Free
U001345,25-34,Telangana,Free
U001346,35-44,Gujarat,Free
U001347,25-34,Uttar Pradesh,Free
U001348,25-34,Kerala,Free
U001349,25-34,Delhi,Premium
U001350,35-44,Kerala,Premium
U001351,18-24,Telangana,Premium
U001352,25-34,Telangana,Free
U001353,25-34,Uttar Pradesh,Free
U001354,35-44,Telangana,Free
U001355,25-34,Gujarat,Free
U001356,25-34,West Bengal,Free
U001357,25-34,Maharashtra,Free
U001358,25-34,Kerala,Free
U001359,25-34,Tamil Nadu,Premium
U001360,35-44,Telangana,Free
U001361,35-44,Karnataka,Free
U001362,25-34,Delhi,Free
U001363,18-24,Kerala,Free
U001364,25-34,Punjab,Premium
U001365,18-24,Maharashtra,Free
U001366,18-24,Tamil Nadu,Free
U001367,35-44,Kerala,Free
U001368,25-34,Punjab,Free
U001369,25-34,Karnataka,Free
U001370,45+,Tamil Nadu,Premium
U001371,18-24,Uttar Pradesh,Premium
U001372,18-24,Delhi,Free
U001373,18-24,Uttar Pradesh,Premium
U001374,18-24,Delhi,Premium
U001375,35-44,Telangana,Free
U001376,35-44,Gujarat,Free
U001377,25-34,Uttar Pradesh,Premium
U001378,18-24,Telangana,Free
U001379,25-34,Tamil Nadu,Free
U001380,18-24,Kerala,Free
U001381,25-34,Uttar Pradesh,Free
U001382,25-34,Maharashtra,Free
U001383,18-24,Punjab,Free
U001384,35-44,Punjab,Premium
U001385,35-44,Gujarat,Free
U001386,18-24,Maharashtra,Free
U001387,25-34,Delhi,Free
U001388,25-34,Maharashtra,Free
U001389,18-24,Uttar Pradesh,Free
U001390,18-24,Maharashtra,Premium
U001391,25-34,Punjab,Free
U001392,45+,Telangana,Free
U001393,25-34,Karnataka,Free
U001394,25-34,Maharashtra,Free
U001395,25-34,Tamil Nadu,Free
U001396,25-34,Kerala,Free
U001397,18-24,Punjab,Free
U001398,25-34,Telangana,Free
U001399,45+,Tamil Nadu,Premium
U001400,35-44,Punjab,Premium
U001401,45+,Maharashtra,Free
U001402,18-24,Gujarat,Free
U001403,25-34,Uttar Pradesh,Free
U001404,25-34,Telangana,Free
U001405,18-24,Gujarat,Free
U001406,18-24,Karnataka,Premium
U001407,35-44,Uttar Pradesh,Free
U001408,25-34,Telangana,Premium
U001409,25-34,Gujarat,Free
U001410,18-24,West Bengal,Free
U001411,25-34,Uttar Pradesh,Free
U001412,18-24,Telangana,Free
U001413,18-24,Gujarat,Premium
U001414,25-34,Uttar Pradesh,Premium
U001415,18-24,Kerala,Free
U001416,45+,Karnataka,Free
U001417,25-34,Maharashtra,Free
U001418,18-24,Tamil Nadu,Free
U001419,18-24,West Bengal,Premium
U001420,35-44,Gujarat,Free
U001421,18-24,Kerala,Free
U001422,18-24,West Bengal,Free
U001423,25-34,Telangana,Free
U001424,18-24,Uttar Pradesh,Free
U001425,25-34,Punjab,Free
U001426,25-34,Kerala,Free
U001427,18-24,Telangana,Premium
U001428,35-44,Telangana,Premium
U001429,25-34,Karnataka,Free
U001430,25-34,West Bengal,Premium
U001431,18-24,Uttar Pradesh,Free
U001432,25-34,Tamil Nadu,Free
U001433,18-24,Delhi,Free
U001434,25-34,Delhi,Free
U001435,18-24,Delhi,Free
U001436,45+,Tamil Nadu,Premium
U001437,18-24,Maharashtra,Free
U001438,45+,Punjab,Premium
U001439,45+,West Bengal,Free
U001440,25-34,West Bengal,Free
U001441,18-24,West Bengal,Premium
U001442,25-34,West Bengal,Free
U001443,45+,Maharashtra,Free
U001444,25-34,Uttar Pradesh,Free
U001445,25-34,Punjab,Premium
U001446,18-24,Maharashtra,Free
U001447,35-44,Gujarat,Premium
U001448,18-24,Tamil Nadu,Free
U001449,18-24,Karnataka,Free
U001450,18-24,Karnataka,Premium
U001451,25-34,Telangana,Free
U001452,35-44,Telangana,Free
U001453,35-44,Maharashtra,Free
U001454,18-24,Delhi,Free
U001455,25-34,Uttar Pradesh,Free
U001456,35-44,Tamil Nadu,Free
U001457,25-34,Uttar Pradesh,Free
U001458,18-24,West Bengal,Free
U001459,25-34,Kerala,Premium
U001460,25-34,Karnataka,Premium
U001461,45+,Gujarat,Free
U001462,25-34,West Bengal,Free
U001463,18-24,Kerala,Free
U001464,35-44,Punjab,Free
U001465,18-24,Telangana,Free
U001466,35-44,Karnataka,Free
U001467,25-34,Uttar Pradesh,Free
U001468,18-24,Uttar Pradesh,Free
U001469,25-34,Karnataka,Free
U001470,18-24,Maharashtra,Premium
U001471,18-24,Punjab,Free
U001472,25-34,Punjab,Free
U001473,35-44,Maharashtra,Free
U001474,35-44,Uttar Pradesh,Free
U001475,25-34,Tamil Nadu,Free
U001476,18-24,Delhi,Free
U001477,25-34,West Bengal,Free
U001478,25-34,Karnataka,Free
U001479,18-24,Delhi,Free
U001480,35-44,Tamil Nadu,Free
U001481,45+,Telangana,Free
U001482,18-24,West Bengal,Free
U001483,35-44,Punjab,Free
U001484,25-34,West Bengal,Premium
U001485,18-24,Kerala,Free
U001486,25-34,West Bengal,Free
U001487,18-24,Uttar Pradesh,Premium
U001488,18-24,Uttar Pradesh,Premium
U001489,45+,Tamil Nadu,Free
U001490,25-34,Karnataka,Free
U001491,18-24,Tamil Nadu,Free
U001492,25-34,Tamil Nadu,Free
U001493,45+,Delhi,Premium
U001494,25-34,Uttar Pradesh,Free
U001495,45+,Telangana,Free
U001496,35-44,Delhi,Free
U001497,18-24,Uttar Pradesh,Free
U001498,25-34,Uttar Pradesh,Free
U001499,25-34,Telangana,Premium
U001500,35-44,Uttar Pradesh,Free
U001501,25-34,Uttar Pradesh,Free
U001502,18-24,Uttar Pradesh,Premium
U001503,18-24,Uttar Pradesh,Free
U001504,25-34,Maharashtra,Free
U001505,35-44,Maharashtra,Free
U001506,35-44,Telangana,Premium
U001507,25-34,Kerala,Free
U001508,18-24,Gujarat,Free
U001509,18-24,West Bengal,Free
U001510,35-44,Karnataka,Premium
U001511,25-34,Uttar Pradesh,Premium
U001512,35-44,Telangana,Free
U001513,18-24,West Bengal,Free
U001514,25-34,Punjab,Free
U001515,45+,Kerala,Free
U001516,18-24,Delhi,Free
U001517,18-24,Gujarat,Premium
U001518,25-34,Gujarat,Premium
U001519,25-34,West Bengal,Premium
U001520,45+,Uttar Pradesh,Free
U001521,45+,Uttar Pradesh,Premium
U001522,35-44,Maharashtra,Free
U001523,18-24,Punjab,Premium
U001524,25-34,Delhi,Free
U001525,35-44,Karnataka,Premium
U001526,25-34,Telangana,Free
U001527,45+,Delhi,Free
U001528,25-34,Maharashtra,Free
U001529,18-24,West Bengal,Premium
U001530,25-34,West Bengal,Free
U001531,25-34,Karnataka,Free
U001532,18-24,Kerala,Free
U001533,18-24,Telangana,Premium
U001534,35-44,Tamil Nadu,Premium
U001535,18-24,Maharashtra,Free
U001536,18-24,Kerala,Free
U001537,25-34,West Bengal,Free
U001538,35-44,Delhi,Free
U001539,25-34,Delhi,Free
U001540,45+,Karnataka,Premium
U001541,45+,Delhi,Free
U001542,25-34,Gujarat,Free
U001543,18-24,Uttar Pradesh,Free
U001544,35-44,Maharashtra,Free
U001545,18-24,Punjab,Premium
U001546,35-44,Punjab,Free
U001547,25-34,Uttar Pradesh,Free
U001548,25-34,West Bengal,Free
U001549,25-34,Uttar Pradesh,Premium
U001550,25-34,Punjab,Premium
U001551,45+,Maharashtra,Premium
U001552,18-24,Tamil Nadu,Free
U001553,45+,Gujarat,Free
U001554,18-24,Gujarat,Free
U001555,35-44,Tamil Nadu,Free
U001556,45+,Punjab,Free
U001557,25-34,Maharashtra,Free
U001558,18-24,Tamil Nadu,Premium
U001559,35-44,Telangana,Free
U001560,35-44,Maharashtra,Premium
U001561,18-24,Uttar Pradesh,Free
U001562,25-34,Kerala,Free
U001563,35-44,Karnataka,Free
U001564,18-24,Karnataka,Free
U001565,25-34,Karnataka,Free
U001566,25-34,Gujarat,Free
U001567,18-24,Kerala,Premium
U001568,35-44,Maharashtra,Premium
U001569,18-24,Karnataka,Free
U001570,45+,Kerala,Free
U001571,25-34,Karnataka,Free
U001572,25-34,Gujarat,Premium
U001573,25-34,Telangana,Premium
U001574,25-34,Kerala,Premium
U001575,35-44,Telangana,Free
U001576,25-34,Kerala,Premium
U001577,35-44,Tamil Nadu,Free
U001578,25-34,Punjab,Free
U001579,18-24,Gujarat,Premium
U001580,18-24,Tamil Nadu,Free
U001581,35-44,Maharashtra,Premium
U001582,25-34,Karnataka,Free
U001583,25-34,Tamil Nadu,Premium
U001584,25-34,Punjab,Free
U001585,25-34,Gujarat,Free
U001586,25-34,Tamil Nadu,Premium
U001587,25-34,Karnataka,Free
U001588,45+,West Bengal,Free
U001589,18-24,West Bengal,Free
U001590,25-34,Tamil Nadu,Premium
U001591,18-24,Uttar Pradesh,Premium
U001592,35-44,Uttar Pradesh,Premium
U001593,25-34,Tamil Nadu,Premium
U001594,25-34,Kerala,Premium
U001595,35-44,Maharashtra,Free
U001596,25-34,Tamil Nadu,Free
U001597,18-24,Tamil Nadu,Free
U001598,25-34,Tamil Nadu,Premium
U001599,18-24,Gujarat,Free
U001600,35-44,Telangana,Premium
U001601,35-44,Tamil Nadu,Premium
U001602,35-44,Tamil Nadu,Free
U001603,35-44,West Bengal,Free
U001604,35-44,Punjab,Free
U001605,25-34,Punjab,Free
U001606,18-24,Telangana,Free
U001607,25-34,Karnataka,Premium
U001608,45+,West Bengal,Free
U001609,45+,Uttar Pradesh,Premium
U001610,35-44,Karnataka,Free
U001611,18-24,Telangana,Premium
U001612,18-24,Punjab,Premium
U001613,35-44,Kerala,Free
U001614,18-24,Punjab,Free
U001615,25-34,Telangana,Premium
U001616,25-34,Karnataka,Premium
U001617,18-24,Kerala,Premium
U001618,25-34,Punjab,Free
U001619,45+,Punjab,Premium
U001620,35-44,Kerala,Free
U001621,25-34,Telangana,Free
U001622,25-34,West Bengal,Premium
U001623,45+,Kerala,Free
U001624,25-34,Punjab,Free
U001625,25-34,Punjab,Free
U001626,25-34,Uttar Pradesh,Free
U001627,18-24,Delhi,Free
U001628,18-24,West Bengal,Free
U001629,35-44,Karnataka,Free
U001630,25-34,Delhi,Free
U001631,18-24,Uttar Pradesh,Premium
U001632,18-24,Gujarat,Free
U001633,45+,Punjab,Free
U001634,25-34,Kerala,Premium
U001635,25-34,Kerala,Premium
U001636,18-24,Telangana,Free
U001637,45+,Uttar Pradesh,Free
U001638,35-44,Punjab,Free
U001639,25-34,Maharashtra,Free
U001640,18-24,Gujarat,Premium
U001641,25-34,Karnataka,Premium
U001642,35-44,Delhi,Free
U001643,35-44,Uttar Pradesh,Free
U001644,45+,Tamil Nadu,Premium
U001645,25-34,Gujarat,Premium
U001646,18-24,Gujarat,Premium
U001647,25-34,Karnataka,Free
U001648,35-44,Gujarat,Premium
U001649,18-24,Tamil Nadu,Free
U001650,18-24,West Bengal,Free
U001651,35-44,Punjab,Free
U001652,25-34,Maharashtra,Free
U001653,35-44,Delhi,Free
U001654,18-24,Karnataka,Free
U001655,18-24,Telangana,Free
U001656,18-24,Gujarat,Free
U001657,25-34,Delhi,Free
U001658,35-44,Kerala,Premium
U001659,25-34,Kerala,Premium
U001660,25-34,Gujarat,Free
U001661,18-24,Gujarat,Free
U001662,35-44,Maharashtra,Free
U001663,45+,Punjab,Free
U001664,35-44,Uttar Pradesh,Free
U001665,18-24,West Bengal,Premium
U001666,25-34,Punjab,Free
U001667,18-24,Uttar Pradesh,Premium
U001668,18-24,Karnataka,Premium
U001669,18-24,Punjab,Free
U001670,18-24,Gujarat,Premium
U001671,18-24,Uttar Pradesh,Free
U001672,35-44,Tamil Nadu,Free
U001673,18-24,West Bengal,Premium
U001674,35-44,West Bengal,Free
U001675,45+,Punjab,Free
U001676,25-34,Telangana,Premium
U001677,25-34,Maharashtra,Free
U001678,35-44,Gujarat,Premium
U001679,18-24,Gujarat,Free
U001680,25-34,Delhi,Free
U001681,25-34,West Bengal,Free
U001682,35-44,Maharashtra,Free
U001683,35-44,Maharashtra,Premium
U001684,35-44,West Bengal,Free
U001685,25-34,Kerala,Free
U001686,25-34,Gujarat,Free
U001687,35-44,Karnataka,Free
U001688,35-44,Uttar Pradesh,Free
U001689,25-34,Telangana,Free
U001690,45+,Karnataka,Free
U001691,35-44,Karnataka,Free
U001692,25-34,Kerala,Premium
U001693,18-24,Karnataka,Free
U001694,18-24,Karnataka,Premium
U001695,35-44,Karnataka,Free
U001696,18-24,Karnataka,Free
U001697,25-34,Karnataka,Free
U001698,25-34,Maharashtra,Free
U001699,35-44,Gujarat,Premium
U001700,35-44,Punjab,Premium
U001701,35-44,Tamil Nadu,Free
U001702,25-34,Delhi,Premium
U001703,18-24,Telangana,Free
U001704,25-34,Punjab,Free
U001705,18-24,Delhi,Free
U001706,25-34,Punjab,Premium
U001707,45+,Uttar Pradesh,Free
U001708,25-34,Gujarat,Free
U001709,25-34,Kerala,Premium
U001710,25-34,Punjab,Free
U001711,35-44,West Bengal,Free
U001712,25-34,Gujarat,Free
U001713,25-34,West Bengal,Free
U001714,18-24,Gujarat,Free
U001715,25-34,Punjab,Free
U001716,18-24,Tamil Nadu,Free
U001717,25-34,Karnataka,Free
U001718,35-44,Kerala,Free
U001719,18-24,Delhi,Free
U001720,25-34,Karnataka,Premium
U001721,18-24,Kerala,Free
U001722,18-24,Maharashtra,Free
U001723,18-24,Punjab,Free
U001724,18-24,Kerala,Free
U001725,45+,Punjab,Free
U001726,45+,West Bengal,Premium
U001727,35-44,Tamil Nadu,Premium
U001728,25-34,Tamil Nadu,Premium
U001729,35-44,Karnataka,Free
U001730,35-44,Gujarat,Premium
U001731,25-34,Kerala,Free
U001732,18-24,Kerala,Free
U001733,35-44,Kerala,Free
U001734,45+,Tamil Nadu,Premium
U001735,18-24,Delhi,Free
U001736,25-34,Maharashtra,Premium
U001737,25-34,Tamil Nadu,Free
U001738,25-34,Gujarat,Premium
U001739,35-44,Tamil Nadu,Free
U001740,25-34,Uttar Pradesh,Free
U001741,45+,Telangana,Free
U001742,35-44,West Bengal,Free
U001743,18-24,Maharashtra,Free
U001744,35-44,Kerala,Free
U001745,35-44,Gujarat,Free
U001746,25-34,Telangana,Free
U001747,25-34,Uttar Pradesh,Free
U001748,35-44,Punjab,Free
U001749,25-34,Tamil Nadu,Free
U001750,18-24,Uttar Pradesh,Premium
U001751,18-24,West Bengal,Free
U001752,18-24,West Bengal,Premium
U001753,25-34,Tamil Nadu,Free
U001754,18-24,Telangana,Free
U001755,25-34,Karnataka,Free
U001756,25-34,West Bengal,Free
U001757,35-44,Maharashtra,Free
U001758,25-34,Telangana,Free
U001759,45+,Uttar Pradesh,Free
U001760,45+,Maharashtra,Free
U001761,18-24,Tamil Nadu,Premium
U001762,25-34,West Bengal,Free
U001763,18-24,Maharashtra,Free
U001764,35-44,Maharashtra,Free
U001765,25-34,Delhi,Free
U001766,18-24,Punjab,Premium
U001767,18-24,Gujarat,Premium
U001768,25-34,Delhi,Free
U001769,35-44,West Bengal,Premium
U001770,35-44,Karnataka,Free
U001771,18-24,Telangana,Free
U001772,18-24,Uttar Pradesh,Free
U001773,25-34,Gujarat,Free
U001774,25-34,Maharashtra,Free
U001775,18-24,Maharashtra,Free
U001776,18-24,Karnataka,Free
U001777,35-44,Gujarat,Free
U001778,25-34,Kerala,Premium
U001779,35-44,West Bengal,Premium
U001780,25-34,Gujarat,Free
U001781,25-34,Delhi,Premium
U001782,25-34,Kerala,Free
U001783,18-24,Uttar Pradesh,Free
U001784,18-24,Uttar Pradesh,Premium
U001785,45+,Kerala,Free
U001786,35-44,West Bengal,Free
U001787,35-44,Punjab,Premium
U001788,18-24,Kerala,Free
U001789,18-24,Punjab,Free
U001790,18-24,Tamil Nadu,Premium
U001791,45+,Delhi,Free
U001792,35-44,Karnataka,Free
U001793,25-34,Maharashtra,Premium
U001794,45+,Tamil Nadu,Premium
U001795,18-24,Maharashtra,Premium
U001796,25-34,Kerala,Free
U001797,18-24,West Bengal,Premium
U001798,18-24,West Bengal,Free
U001799,45+,Kerala,Free
U001800,35-44,Kerala,Free
U001801,18-24,West Bengal,Free
U001802,18-24,West Bengal,Free
U001803,25-34,Delhi,Premium
U001804,18-24,Kerala,Free
U001805,25-34,Tamil Nadu,Free
U001806,25-34,Delhi,Free
U001807,18-24,Tamil Nadu,Free
U001808,18-24,Karnataka,Free
U001809,18-24,Delhi,Premium
U001810,45+,Telangana,Free
U001811,25-34,Gujarat,Free
U001812,25-34,Maharashtra,Free
U001813,18-24,Delhi,Free
U001814,35-44,Uttar Pradesh,Free
U001815,18-24,West Bengal,Free
U001816,18-24,Punjab,Free
U001817,35-44,Karnataka,Free
U001818,35-44,Maharashtra,Free
U001819,18-24,Gujarat,Free
U001820,25-34,West Bengal,Free
U001821,45+,Punjab,Free
U001822,18-24,Delhi,Free
U001823,18-24,West Bengal,Free
U001824,25-34,Telangana,Free
U001825,18-24,Kerala,Free
U001826,25-34,Punjab,Premium
U001827,25-34,Uttar Pradesh,Free
U001828,25-34,Delhi,Premium
U001829,25-34,Delhi,Free
U001830,25-34,Kerala,Premium
U001831,35-44,Telangana,Premium
U001832,18-24,Karnataka,Free
U001833,18-24,Kerala,Free
U001834,25-34,Telangana,Free
U001835,18-24,Tamil Nadu,Free
U001836,18-24,Punjab,Premium
U001837,18-24,Kerala,Free
U001838,35-44,Telangana,Premium
U001839,18-24,Gujarat,Premium
U001840,35-44,Tamil Nadu,Free
U001841,35-44,Punjab,Free
U001842,25-34,Maharashtra,Premium
U001843,18-24,Punjab,Free
U001844,35-44,Kerala,Premium
U001845,18-24,Punjab,Free
U001846,45+,Telangana,Free
U001847,35-44,Punjab,Free
U001848,18-24,Uttar Pradesh,Free
U001849,35-44,Uttar Pradesh,Free
U001850,25-34,Gujarat,Premium
U001851,25-34,Kerala,Free
U001852,25-34,Telangana,Premium
U001853,25-34,Maharashtra,Premium
U001854,35-44,Maharashtra,Premium
U001855,35-44,Tamil Nadu,Premium
U001856,18-24,Kerala,Premium
U001857,25-34,Delhi,Free
U001858,25-34,Telangana,Free
U001859,25-34,Uttar Pradesh,Free
U001860,25-34,Gujarat,Free
U001861,25-34,Telangana,Premium
U001862,35-44,Telangana,Free
U001863,18-24,Maharashtra,Premium
U001864,18-24,Maharashtra,Free
U001865,25-34,Karnataka,Premium
U001866,18-24,Gujarat,Free
U001867,18-24,Maharashtra,Free
U001868,18-24,Kerala,Premium
U001869,25-34,Punjab,Free
U001870,45+,Maharashtra,Premium
U001871,25-34,Maharashtra,Free
U001872,18-24,West Bengal,Premium
U001873,35-44,Maharashtra,Free
U001874,18-24,Telangana,Premium
U001875,45+,Uttar Pradesh,Free
U001876,25-34,Telangana,Free
U001877,18-24,Karnataka,Free
U001878,25-34,Gujarat,Free
U001879,18-24,Maharashtra,Free
U001880,35-44,Punjab,Free
U001881,18-24,Delhi,Premium
U001882,35-44,Maharashtra,Free
U001883,35-44,Uttar Pradesh,Free
U001884,35-44,Punjab,Free
U001885,35-44,Maharashtra,Free
U001886,18-24,Uttar Pradesh,Premium
U001887,25-34,Uttar Pradesh,Premium
U001888,35-44,Punjab,Free
U001889,25-34,Tamil Nadu,Premium
U001890,18-24,West Bengal,Free
U001891,18-24,Tamil Nadu,Free
U001892,18-24,Kerala,Free
U001893,35-44,Punjab,Free
U001894,25-34,Gujarat,Premium
U001895,25-34,Telangana,Free
U001896,45+,Maharashtra,Free
U001897,18-24,West Bengal,Free
U001898,35-44,Maharashtra,Free
U001899,18-24,Gujarat,Free
U001900,18-24,Uttar Pradesh,Free
U001901,18-24,Delhi,Premium
U001902,18-24,Telangana,Free
U001903,25-34,Karnataka,Free
U001904,25-34,Maharashtra,Free
U001905,18-24,West Bengal,Premium
U001906,18-24,Maharashtra,Premium
U001907,25-34,Maharashtra,Premium
U001908,18-24,Gujarat,Free
U001909,35-44,Punjab,Free
U001910,45+,Uttar Pradesh,Premium
U001911,35-44,Telangana,Free
U001912,25-34,Telangana,Free
U001913,25-34,Tamil Nadu,Premium
U001914,25-34,Karnataka,Free
U001915,45+,Punjab,Free
U001916,45+,Kerala,Free
U001917,25-34,West Bengal,Free
U001918,25-34,Maharashtra,Premium
U001919,35-44,Karnataka,Free
U001920,18-24,Gujarat,Free
U001921,25-34,Tamil Nadu,Free
U001922,25-34,Punjab,Free
U001923,35-44,Punjab,Premium
U001924,25-34,Delhi,Free
U001925,18-24,Gujarat,Free
U001926,18-24,Karnataka,Free
U001927,25-34,Punjab,Free
U001928,45+,Maharashtra,Free
U001929,35-44,Gujarat,Premium
U001930,25-34,Karnataka,Premium
U001931,18-24,Kerala,Free
U001932,35-44,Kerala,Premium
U001933,35-44,Karnataka,Premium
U001934,25-34,Tamil Nadu,Premium
U001935,25-34,Delhi,Premium
U001936,18-24,West Bengal,Premium
U001937,35-44,West Bengal,Free
U001938,25-34,Punjab,Free
U001939,25-34,Delhi,Premium
U001940,45+,Karnataka,Free
U001941,25-34,West Bengal,Free
U001942,45+,Telangana,Free
U001943,25-34,Maharashtra,Free
U001944,25-34,Telangana,Premium
U001945,45+,Kerala,Free
U001946,45+,Delhi,Free
U001947,45+,Tamil Nadu,Free
U001948,35-44,Gujarat,Premium
U001949,25-34,Karnataka,Free
U001950,18-24,Maharashtra,Premium
U001951,25-34,Uttar Pradesh,Free
U001952,45+,Maharashtra,Premium
U001953,25-34,Maharashtra,Free
U001954,35-44,Punjab,Premium
U001955,45+,Kerala,Free
U001956,45+,West Bengal,Free
U001957,45+,Punjab,Free
U001958,25-34,Maharashtra,Premium
U001959,25-34,Uttar Pradesh,Free
U001960,45+,Maharashtra,Free
U001961,18-24,Uttar Pradesh,Free
U001962,18-24,Tamil Nadu,Premium
U001963,45+,Delhi,Free
U001964,25-34,Karnataka,Free
U001965,25-34,Karnataka,Free
U001966,18-24,Delhi,Free
U001967,25-34,Tamil Nadu,Free
U001968,45+,West Bengal,Free
U001969,25-34,Tamil Nadu,Premium
U001970,25-34,West Bengal,Free
U001971,25-34,Uttar Pradesh,Free
U001972,35-44,Delhi,Free
U001973,45+,Kerala,Free
U001974,25-34,Punjab,Free
U001975,25-34,Maharashtra,Free
U001976,18-24,Karnataka,Premium
U001977,25-34,Karnataka,Free
U001978,18-24,Uttar Pradesh,Premium
U001979,25-34,Karnataka,Premium
U001980,25-34,Kerala,Premium
U001981,18-24,Uttar Pradesh,Free
U001982,18-24,Karnataka,Free
U001983,18-24,Delhi,Premium
U001984,18-24,Uttar Pradesh,Premium
U001985,35-44,Tamil Nadu,Free
U001986,18-24,Tamil Nadu,Premium
U001987,18-24,Kerala,Premium
U001988,45+,Karnataka,Premium
U001989,18-24,Telangana,Free
U001990,35-44,Uttar Pradesh,Free
U001991,25-34,Maharashtra,Premium
U001992,35-44,Kerala,Free
U001993,25-34,Karnataka,Premium
U001994,18-24,Telangana,Free
U001995,35-44,Uttar Pradesh,Free
U001996,35-44,West Bengal,Premium
U001997,18-24,Tamil Nadu,Free
U001998,35-44,Uttar Pradesh,Free
U001999,25-34,West Bengal,Premium
U002000,45+,Delhi,Premium
U002001,35-44,Maharashtra,Premium
U002002,18-24,Karnataka,Free
U002003,35-44,Kerala,Free
U002004,45+,Tamil Nadu,Free
U002005,35-44,Delhi,Free
U002006,18-24,Uttar Pradesh,Free
U002007,35-44,Delhi,Free
U002008,25-34,Maharashtra,Free
U002009,18-24,Karnataka,Free
U002010,35-44,Delhi,Premium
U002011,25-34,Telangana,Premium
U002012,35-44,Tamil Nadu,Free
U002013,25-34,Uttar Pradesh,Premium
U002014,18-24,Delhi,Free
U002015,45+,Punjab,Free
U002016,25-34,West Bengal,Free
U002017,25-34,West Bengal,Premium
U002018,25-34,Karnataka,Free
U002019,18-24,Uttar Pradesh,Free
U002020,25-34,Gujarat,Free
U002021,25-34,West Bengal,Free
U002022,45+,Kerala,Free
U002023,45+,Telangana,Free
U002024,35-44,Tamil Nadu,Premium
U002025,18-24,Telangana,Free
U002026,35-44,Gujarat,Free
U002027,18-24,Maharashtra,Premium
U002028,35-44,Delhi,Free
U002029,25-34,Tamil Nadu,Premium
U002030,45+,Telangana,Free
U002031,25-34,Delhi,Free
U002032,18-24,West Bengal,Premium
U002033,45+,Maharashtra,Premium
U002034,25-34,Punjab,Free
U002035,35-44,Tamil Nadu,Free
U002036,45+,Maharashtra,Premium
U002037,25-34,West Bengal,Free
U002038,25-34,Telangana,Premium
U002039,25-34,Telangana,Free
U002040,35-44,Telangana,Free
U002041,45+,West Bengal,Free
U002042,18-24,West Bengal,Free
U002043,35-44,West Bengal,Premium
U002044,18-24,Punjab,Free
U002045,25-34,West Bengal,Free
U002046,35-44,Delhi,Free
U002047,35-44,Maharashtra,Free
U002048,25-34,Uttar Pradesh,Free
U002049,25-34,Delhi,Free
U002050,18-24,Delhi,Free
U002051,18-24,Karnataka,Premium
U002052,25-34,Uttar Pradesh,Free
U002053,35-44,Gujarat,Premium
U002054,25-34,Kerala,Free
U002055,18-24,Delhi,Free
U002056,35-44,West Bengal,Free
U002057,18-24,Gujarat,Premium
U002058,18-24,Karnataka,Free
U002059,45+,Punjab,Free
U002060,18-24,Gujarat,Free
U002061,25-34,Delhi,Free
U002062,25-34,Uttar Pradesh,Free
U002063,18-24,Tamil Nadu,Premium
U002064,18-24,Kerala,Free
U002065,18-24,Karnataka,Premium
U002066,18-24,Kerala,Premium
U002067,35-44,Uttar Pradesh,Free
U002068,25-34,Tamil Nadu,Free
U002069,25-34,Punjab,Premium
U002070,25-34,Maharashtra,Free
U002071,45+,Uttar Pradesh,Free
U002072,18-24,Uttar Pradesh,Free
U002073,35-44,West Bengal,Free
U002074,18-24,Maharashtra,Premium
U002075,45+,Gujarat,Premium
U002076,18-24,Tamil Nadu,Free
U002077,18-24,Punjab,Free
U002078,25-34,Karnataka,Free
U002079,18-24,Uttar Pradesh,Free
U002080,35-44,Kerala,Free
U002081,25-34,Telangana,Free
U002082,25-34,Kerala,Premium
U002083,18-24,Gujarat,Free
U002084,35-44,West Bengal,Free
U002085,18-24,Karnataka,Premium
U002086,45+,Maharashtra,Free
U002087,35-44,Delhi,Free
U002088,25-34,Punjab,Premium
U002089,35-44,Kerala,Free
U002090,25-34,Maharashtra,Free
U002091,25-34,Delhi,Premium
U002092,18-24,Uttar Pradesh,Free
U002093,25-34,Tamil Nadu,Free
U002094,25-34,Delhi,Free
U002095,18-24,Gujarat,Free
U002096,35-44,Uttar Pradesh,Free
U002097,18-24,Telangana,Premium
U002098,25-34,Delhi,Free
U002099,18-24,West Bengal,Free
U002100,25-34,Gujarat,Free
U002101,35-44,Uttar Pradesh,Free
U002102,18-24,Telangana,Premium
U002103,25-34,Uttar Pradesh,Premium
U002104,25-34,Gujarat,Free
U002105,35-44,Delhi,Free
U002106,18-24,West Bengal,Free
U002107,35-44,West Bengal,Free
U002108,25-34,Kerala,Free
U002109,25-34,Telangana,Free
U002110,25-34,Kerala,Free
U002111,25-34,Telangana,Free
U002112,25-34,Punjab,Free
U002113,18-24,Tamil Nadu,Free
U002114,25-34,Uttar Pradesh,Free
U002115,25-34,Gujarat,Premium
U002116,25-34,West Bengal,Free
U002117,18-24,Karnataka,Free
U002118,25-34,Punjab,Premium
U002119,25-34,Punjab,Free
U002120,25-34,Karnataka,Free
U002121,45+,Uttar Pradesh,Free
U002122,25-34,Telangana,Free
U002123,25-34,Karnataka,Free
U002124,18-24,Gujarat,Premium
U002125,45+,Karnataka,Free
U002126,18-24,Kerala,Free
U002127,25-34,West Bengal,Free
U002128,18-24,Karnataka,Premium
U002129,18-24,Uttar Pradesh,Free
U002130,35-44,West Bengal,Premium
U002131,18-24,Uttar Pradesh,Free
U002132,18-24,Maharashtra,Premium
U002133,18-24,Punjab,Premium
U002134,45+,Karnataka,Free
U002135,35-44,West Bengal,Premium
U002136,45+,Gujarat,Premium
U002137,35-44,Delhi,Free
U002138,45+,Delhi,Free
U002139,25-34,West Bengal,Free
U002140,18-24,Karnataka,Premium
U002141,18-24,West Bengal,Free
U002142,18-24,Maharashtra,Free
U002143,35-44,Telangana,Free
U002144,18-24,Maharashtra,Premium
U002145,18-24,Uttar Pradesh,Free
U002146,25-34,Delhi,Free
U002147,18-24,Delhi,Free
U002148,18-24,Delhi,Premium
U002149,18-24,Punjab,Premium
U002150,25-34,Tamil Nadu,Free
U002151,18-24,West Bengal,Premium
U002152,18-24,Uttar Pradesh,Premium
U002153,18-24,Gujarat,Free
U002154,35-44,Maharashtra,Free
U002155,18-24,Tamil Nadu,Free
U002156,18-24,Gujarat,Free
U002157,45+,Delhi,Premium
U002158,35-44,West Bengal,Free
U002159,18-24,Tamil Nadu,Free
U002160,18-24,Delhi,Free
U002161,18-24,Maharashtra,Free
U002162,35-44,Punjab,Free
U002163,18-24,Maharashtra,Free
U002164,45+,Delhi,Premium
U002165,35-44,Telangana,Free
U002166,25-34,Kerala,Free
U002167,18-24,Telangana,Premium
U002168,35-44,Kerala,Free
U002169,35-44,Maharashtra,Free
U002170,35-44,Karnataka,Free
U002171,18-24,West Bengal,Premium
U002172,35-44,Maharashtra,Free
U002173,35-44,Telangana,Premium
U002174,45+,Delhi,Free
U002175,25-34,Tamil Nadu,Free
U002176,25-34,West Bengal,Free
U002177,25-34,Uttar Pradesh,Free
U002178,35-44,Maharashtra,Free
U002179,45+,Telangana,Free
U002180,25-34,Telangana,Free
U002181,18-24,Maharashtra,Free
U002182,18-24,West Bengal,Free
U002183,25-34,Maharashtra,Premium
U002184,35-44,West Bengal,Premium
U002185,18-24,Punjab,Free
U002186,25-34,Delhi,Free
U002187,45+,Maharashtra,Free
U002188,25-34,Tamil Nadu,Premium
U002189,18-24,Punjab,Premium
U002190,25-34,Tamil Nadu,Free
U002191,25-34,Gujarat,Free
U002192,18-24,Gujarat,Free
U002193,25-34,Kerala,Free
U002194,25-34,Tamil Nadu,Free
U002195,25-34,Delhi,Free
U002196,25-34,Tamil Nadu,Free
U002197,18-24,Maharashtra,Free
U002198,18-24,Delhi,Premium
U002199,18-24,Karnataka,Premium
U002200,18-24,West Bengal,Free
U002201,35-44,Kerala,Premium
U002202,18-24,West Bengal,Free
U002203,25-34,Punjab,Free
U002204,18-24,Kerala,Free
U002205,18-24,Uttar Pradesh,Free
U002206,18-24,West Bengal,Free
U002207,25-34,Kerala,Free
U002208,25-34,Gujarat,Premium
U002209,35-44,Kerala,Free
U002210,18-24,Gujarat,Free
U002211,25-34,Punjab,Free
U002212,35-44,Karnataka,Free
U002213,18-24,Delhi,Premium
U002214,18-24,Delhi,Free
U002215,18-24,Telangana,Free
U002216,18-24,Uttar Pradesh,Free
U002217,35-44,Punjab,Premium
U002218,25-34,Kerala,Free
U002219,25-34,Maharashtra,Free
U002220,35-44,Uttar Pradesh,Free
U002221,25-34,Telangana,Free
U002222,25-34,Tamil Nadu,Free
U002223,18-24,Karnataka,Free
U002224,25-34,Uttar Pradesh,Free
U002225,18-24,Tamil Nadu,Free
U002226,18-24,Delhi,Free
U002227,18-24,Telangana,Free
U002228,35-44,Telangana,Premium
U002229,25-34,Kerala,Premium
U002230,35-44,Tamil Nadu,Free
U002231,18-24,Punjab,Free
U002232,45+,Maharashtra,Free
U002233,18-24,Uttar Pradesh,Premium
U002234,35-44,Delhi,Free
U002235,35-44,Karnataka,Free
U002236,25-34,Delhi,Free
U002237,25-34,Punjab,Free
U002238,35-44,Maharashtra,Free
U002239,35-44,Karnataka,Free
U002240,18-24,Uttar Pradesh,Free
U002241,35-44,Punjab,Free
U002242,18-24,Uttar Pradesh,Premium
U002243,25-34,West Bengal,Free
U002244,25-34,Gujarat,Premium
U002245,35-44,West Bengal,Free
U002246,25-34,Uttar Pradesh,Premium
U002247,18-24,Telangana,Free
U002248,25-34,Gujarat,Free
U002249,18-24,Maharashtra,Premium
U002250,25-34,Uttar Pradesh,Free
U002251,25-34,Maharashtra,Free
U002252,35-44,Delhi,Premium
U002253,18-24,Kerala,Free
U002254,18-24,Punjab,Free
U002255,25-34,Maharashtra,Premium
U002256,18-24,Gujarat,Premium
U002257,18-24,Telangana,Free
U002258,25-34,Tamil Nadu,Premium
U002259,25-34,Karnataka,Premium
U002260,18-24,Kerala,Free
U002261,25-34,Karnataka,Free
U002262,35-44,Telangana,Free
U002263,25-34,Delhi,Free
U002264,18-24,Karnataka,Free
U002265,18-24,Maharashtra,Premium
U002266,18-24,Punjab,Premium
U002267,25-34,Karnataka,Premium
U002268,25-34,Kerala,Free
U002269,18-24,Gujarat,Free
U002270,18-24,Telangana,Free
U002271,18-24,Uttar Pradesh,Free
U002272,18-24,Karnataka,Free
U002273,45+,Tamil Nadu,Free
U002274,18-24,West Bengal,Premium
U002275,18-24,Delhi,Free
U002276,25-34,Tamil Nadu,Free
U002277,18-24,Gujarat,Free
U002278,18-24,Tamil Nadu,Premium
U002279,25-34,Uttar Pradesh,Free
U002280,18-24,West Bengal,Free
U002281,18-24,Delhi,Premium
U002282,25-34,Tamil Nadu,Premium
U002283,25-34,Karnataka,Free
U002284,18-24,Uttar Pradesh,Premium
U002285,35-44,Karnataka,Premium
U002286,18-24,Tamil Nadu,Free
U002287,45+,West Bengal,Premium
U002288,45+,Uttar Pradesh,Free
U002289,25-34,Telangana,Premium
U002290,18-24,Gujarat,Free
U002291,35-44,Delhi,Free
U002292,25-34,Gujarat,Premium
U002293,18-24,Punjab,Free
U002294,25-34,Kerala,Premium
U002295,25-34,Telangana,Free
U002296,35-44,West Bengal,Free
U002297,35-44,Maharashtra,Premium
U002298,35-44,Telangana,Premium
U002299,35-44,Maharashtra,Premium
U002300,25-34,Telangana,Premium
U002301,25-34,Tamil Nadu,Free
U002302,45+,Punjab,Free
U002303,45+,Tamil Nadu,Premium
U002304,35-44,Punjab,Premium
U002305,35-44,Maharashtra,Free
U002306,25-34,Maharashtra,Free
U002307,18-24,Karnataka,Free
U002308,35-44,Kerala,Free
U002309,18-24,Telangana,Premium
U002310,18-24,Delhi,Free
U002311,25-34,Tamil Nadu,Free
U002312,25-34,Telangana,Free
U002313,25-34,Punjab,Premium
U002314,18-24,Delhi,Premium
U002315,18-24,Punjab,Free
U002316,18-24,Maharashtra,Premium
U002317,18-24,Punjab,Free
U002318,18-24,Telangana,Free
U002319,25-34,Gujarat,Premium
U002320,18-24,Gujarat,Free
U002321,25-34,West Bengal,Free
U002322,18-24,Karnataka,Free
U002323,25-34,Uttar Pradesh,Free
U002324,35-44,Uttar Pradesh,Premium
U002325,18-24,Karnataka,Free
U002326,18-24,Maharashtra,Free
U002327,25-34,Tamil Nadu,Free
U002328,18-24,Tamil Nadu,Free
U002329,35-44,West Bengal,Premium
U002330,45+,Delhi,Free
U002331,25-34,Telangana,Premium
U002332,45+,Karnataka,Free
U002333,25-34,Tamil Nadu,Free
U002334,25-34,Maharashtra,Free
U002335,18-24,Telangana,Free
U002336,18-24,Maharashtra,Free
U002337,18-24,Gujarat,Free
U002338,25-34,Kerala,Free
U002339,25-34,Uttar Pradesh,Free
U002340,18-24,West Bengal,Premium
U002341,25-34,Uttar Pradesh,Free
U002342,18-24,Punjab,Free
U002343,18-24,Maharashtra,Free
U002344,18-24,Uttar Pradesh,Premium
U002345,25-34,West Bengal,Free
U002346,25-34,West Bengal,Free
U002347,35-44,Punjab,Free
U002348,18-24,Karnataka,Free
U002349,25-34,West Bengal,Free
U002350,45+,Tamil Nadu,Premium
U002351,18-24,Maharashtra,Free
U002352,25-34,Punjab,Premium
U002353,18-24,Karnataka,Premium
U002354,18-24,Gujarat,Premium
U002355,25-34,Karnataka,Premium
U002356,18-24,Tamil Nadu,Free
U002357,25-34,Telangana,Premium
U002358,45+,Delhi,Free
U002359,18-24,Telangana,Premium
U002360,18-24,Punjab,Free
U002361,35-44,Gujarat,Premium
U002362,25-34,Punjab,Free
U002363,35-44,Karnataka,Free
U002364,18-24,Tamil Nadu,Free
U002365,25-34,Karnataka,Free
U002366,45+,Telangana,Free
U002367,18-24,Kerala,Premium
U002368,35-44,Uttar Pradesh,Free
U002369,25-34,Gujarat,Premium
U002370,35-44,Punjab,Premium
U002371,18-24,West Bengal,Premium
U002372,25-34,Karnataka,Premium
U002373,18-24,Gujarat,Free
U002374,45+,Maharashtra,Premium
U002375,18-24,Uttar Pradesh,Free
U002376,18-24,Karnataka,Free
U002377,35-44,Kerala,Free
U002378,18-24,West Bengal,Free
U002379,25-34,Karnataka,Free
U002380,18-24,Uttar Pradesh,Free
U002381,25-34,Punjab,Premium
U002382,18-24,Kerala,Free
U002383,25-34,Uttar Pradesh,Premium
U002384,25-34,Delhi,Premium
U002385,18-24,Uttar Pradesh,Premium
U002386,18-24,Gujarat,Premium
U002387,18-24,Karnataka,Premium
U002388,35-44,Gujarat,Free
U002389,18-24,Maharashtra,Free
U002390,18-24,Delhi,Free
U002391,18-24,Kerala,Free
U002392,25-34,Uttar Pradesh,Free
U002393,35-44,Delhi,Free
U002394,25-34,Kerala,Premium
U002395,35-44,Delhi,Free
U002396,25-34,Kerala,Premium
U002397,35-44,Gujarat,Free
U002398,35-44,Tamil Nadu,Free
U002399,18-24,Delhi,Free
U002400,45+,Punjab,Premium
U002401,35-44,Telangana,Free
U002402,25-34,Kerala,Free
U002403,18-24,Telangana,Premium
U002404,18-24,Tamil Nadu,Free
U002405,25-34,West Bengal,Premium
U002406,25-34,Uttar Pradesh,Free
U002407,25-34,Kerala,Free
U002408,25-34,Delhi,Free
U002409,25-34,Delhi,Free
U002410,18-24,Karnataka,Premium
U002411,18-24,Punjab,Free
U002412,18-24,Kerala,Free
U002413,35-44,Uttar Pradesh,Free
U002414,25-34,Telangana,Free
U002415,45+,Gujarat,Free
U002416,35-44,Tamil Nadu,Free
U002417,35-44,West Bengal,Free
U002418,25-34,Kerala,Free
U002419,35-44,Punjab,Free
U002420,45+,Kerala,Free
U002421,35-44,Telangana,Premium
U002422,18-24,Telangana,Premium
U002423,25-34,Punjab,Premium
U002424,18-24,Karnataka,Premium
U002425,18-24,Gujarat,Free
U002426,25-34,West Bengal,Premium
U002427,35-44,Delhi,Free
U002428,18-24,Telangana,Free
U002429,18-24,West Bengal,Premium
U002430,35-44,Kerala,Premium
U002431,18-24,Gujarat,Free
U002432,18-24,West Bengal,Premium
U002433,35-44,Maharashtra,Free
U002434,35-44,Tamil Nadu,Free
U002435,25-34,Punjab,Premium
U002436,25-34,Maharashtra,Free
U002437,18-24,Uttar Pradesh,Premium
U002438,18-24,Delhi,Premium
U002439,35-44,Punjab,Free
U002440,35-44,Karnataka,Premium
U002441,18-24,Tamil Nadu,Free
U002442,18-24,West Bengal,Premium
U002443,18-24,Karnataka,Premium
U002444,18-24,Kerala,Premium
U002445,18-24,Delhi,Premium
U002446,18-24,Uttar Pradesh,Free
U002447,35-44,Gujarat,Free
U002448,18-24,Telangana,Free
U002449,25-34,Maharashtra,Free
U002450,25-34,Kerala,Free
U002451,35-44,Kerala,Free
U002452,45+,West Bengal,Free
U002453,25-34,Punjab,Premium
U002454,18-24,Tamil Nadu,Free
U002455,35-44,Tamil Nadu,Premium
U002456,18-24,West Bengal,Free
U002457,18-24,Karnataka,Premium
U002458,18-24,Tamil Nadu,Premium
U002459,35-44,Uttar Pradesh,Free
U002460,18-24,Tamil Nadu,Free
U002461,25-34,Telangana,Premium
U002462,25-34,Uttar Pradesh,Premium
U002463,25-34,Uttar Pradesh,Free
U002464,18-24,Telangana,Premium
U002465,35-44,Punjab,Premium
U002466,35-44,Delhi,Free
U002467,25-34,Gujarat,Free
U002468,25-34,Telangana,Premium
U002469,35-44,Telangana,Free
U002470,35-44,Uttar Pradesh,Premium
U002471,25-34,Karnataka,Free
U002472,18-24,Delhi,Free
U002473,18-24,West Bengal,Free
U002474,18-24,Uttar Pradesh,Premium
U002475,18-24,Delhi,Free
U002476,18-24,Uttar Pradesh,Free
U002477,18-24,Telangana,Free
U002478,35-44,Telangana,Free
U002479,35-44,Uttar Pradesh,Premium
U002480,35-44,Karnataka,Free
U002481,25-34,Kerala,Free
U002482,25-34,Maharashtra,Free
U002483,18-24,West Bengal,Free
U002484,25-34,Maharashtra,Free
U002485,18-24,Maharashtra,Free
U002486,25-34,Karnataka,Premium
U002487,45+,Karnataka,Free
U002488,35-44,Kerala,Free
U002489,18-24,Gujarat,Free
U002490,35-44,Uttar Pradesh,Premium
U002491,18-24,West Bengal,Free
U002492,18-24,Delhi,Premium
U002493,18-24,West Bengal,Premium
U002494,18-24,Tamil Nadu,Free
U002495,25-34,Telangana,Free
U002496,25-34,Telangana,Premium
U002497,18-24,Gujarat,Premium
U002498,45+,Karnataka,Free
U002499,25-34,Uttar Pradesh,Free
U002500,25-34,Telangana,Premium
U002501,25-34,West Bengal,Free
U002502,25-34,Uttar Pradesh,Free
U002503,25-34,Gujarat,Free
U002504,25-34,Tamil Nadu,Premium
U002505,35-44,Punjab,Free
U002506,18-24,Delhi,Free
U002507,25-34,Karnataka,Free
U002508,18-24,West Bengal,Free
U002509,35-44,Kerala,Free
U002510,18-24,Maharashtra,Free
U002511,18-24,Tamil Nadu,Free
U002512,45+,Uttar Pradesh,Free
U002513,25-34,Gujarat,Premium
U002514,18-24,Uttar Pradesh,Premium
U002515,18-24,Uttar Pradesh,Free
U002516,25-34,Maharashtra,Free
U002517,45+,West Bengal,Free
U002518,25-34,Telangana,Free
U002519,18-24,Tamil Nadu,Free
U002520,25-34,Kerala,Free
U002521,25-34,Uttar Pradesh,Premium
U002522,18-24,Tamil Nadu,Premium
U002523,35-44,West Bengal,Free
U002524,18-24,Tamil Nadu,Free
U002525,35-44,West Bengal,Free
U002526,35-44,Uttar Pradesh,Free
U002527,18-24,Gujarat,Premium
U002528,35-44,Punjab,Free
U002529,35-44,Gujarat,Premium
U002530,25-34,Telangana,Free
U002531,25-34,Telangana,Free
U002532,18-24,Delhi,Free
U002533,18-24,Tamil Nadu,Free
U002534,35-44,Karnataka,Free
U002535,18-24,Maharashtra,Premium
U002536,18-24,Gujarat,Free
U002537,25-34,Delhi,Free
U002538,18-24,Kerala,Free
U002539,35-44,Kerala,Premium
U002540,35-44,West Bengal,Premium
U002541,35-44,Gujarat,Free
U002542,18-24,Delhi,Premium
U002543,25-34,Maharashtra,Premium
U002544,35-44,Gujarat,Premium
U002545,25-34,Delhi,Free
U002546,25-34,Punjab,Premium
U002547,25-34,West Bengal,Premium
U002548,18-24,Telangana,Free
U002549,18-24,Punjab,Free
U002550,25-34,Punjab,Free
U002551,18-24,Gujarat,Free
U002552,35-44,Telangana,Premium
U002553,25-34,Uttar Pradesh,Premium
U002554,18-24,Telangana,Premium
U002555,35-44,West Bengal,Free
U002556,25-34,Karnataka,Premium
U002557,18-24,Maharashtra,Premium
U002558,45+,Telangana,Free
U002559,35-44,Kerala,Free
U002560,25-34,Tamil Nadu,Premium
U002561,35-44,Gujarat,Free
U002562,25-34,West Bengal,Free
U002563,25-34,Telangana,Premium
U002564,18-24,Telangana,Free
U002565,18-24,Punjab,Free
U002566,25-34,Gujarat,Premium
U002567,25-34,Maharashtra,Free
U002568,35-44,Maharashtra,Free
U002569,25-34,Kerala,Free
U002570,25-34,Maharashtra,Premium
U002571,35-44,Telangana,Free
U002572,45+,Delhi,Free
U002573,18-24,West Bengal,Free
U002574,45+,Delhi,Premium
U002575,35-44,Punjab,Free
U002576,18-24,Telangana,Free
U002577,18-24,Karnataka,Free
U002578,18-24,Punjab,Free
U002579,25-34,Maharashtra,Free
U002580,25-34,Maharashtra,Free
U002581,25-34,Delhi,Premium
U002582,35-44,Punjab,Premium
U002583,18-24,Delhi,Free
U002584,25-34,Telangana,Premium
U002585,35-44,Gujarat,Free
U002586,45+,Kerala,Premium
U002587,35-44,Karnataka,Premium
U002588,18-24,Tamil Nadu,Free
U002589,18-24,Kerala,Free
U002590,18-24,Uttar Pradesh,Free
U002591,25-34,Telangana,Premium
U002592,18-24,Delhi,Free
U002593,45+,Gujarat,Free
U002594,25-34,Telangana,Free
U002595,25-34,Maharashtra,Free
U002596,18-24,Punjab,Free
U002597,25-34,Telangana,Premium
U002598,25-34,Gujarat,Free
U002599,35-44,Gujarat,Free
U002600,18-24,Delhi,Free
U002601,35-44,Kerala,Free
U002602,18-24,Uttar Pradesh,Free
U002603,18-24,Kerala,Free
U002604,45+,Kerala,Free
U002605,18-24,Kerala,Premium
U002606,18-24,Telangana,Free
U002607,25-34,West Bengal,Free
U002608,25-34,Telangana,Premium
U002609,18-24,Uttar Pradesh,Free
U002610,18-24,Karnataka,Premium
U002611,18-24,Kerala,Free
U002612,25-34,Maharashtra,Free
U002613,18-24,Tamil Nadu,Premium
U002614,35-44,Uttar Pradesh,Free
U002615,35-44,Punjab,Premium
U002616,18-24,Kerala,Free
U002617,18-24,Telangana,Free
U002618,18-24,Delhi,Free
U002619,18-24,Delhi,Free
U002620,18-24,Delhi,Premium
U002621,35-44,Tamil Nadu,Free
U002622,18-24,Karnataka,Free
U002623,25-34,Gujarat,Free
U002624,25-34,Kerala,Free
U002625,35-44,Delhi,Free
U002626,18-24,Telangana,Free
U002627,18-24,Kerala,Free
U002628,45+,West Bengal,Premium
U002629,18-24,Maharashtra,Premium
U002630,25-34,Maharashtra,Free
U002631,25-34,Telangana,Free
U002632,25-34,Uttar Pradesh,Free
U002633,18-24,Maharashtra,Free
U002634,18-24,Delhi,Free
U002635,25-34,Delhi,Free
U002636,25-34,Karnataka,Free
U002637,35-44,Gujarat,Free
U002638,35-44,Uttar Pradesh,Free
U002639,45+,Karnataka,Premium
U002640,45+,Kerala,Premium
U002641,35-44,Maharashtra,Free
U002642,18-24,Telangana,Free
U002643,25-34,West Bengal,Free
U002644,25-34,Gujarat,Free
U002645,25-34,Gujarat,Premium
U002646,18-24,Maharashtra,Premium
U002647,25-34,Tamil Nadu,Free
U002648,18-24,Maharashtra,Free
U002649,18-24,Maharashtra,Free
U002650,35-44,Delhi,Premium
U002651,25-34,Uttar Pradesh,Free
U002652,25-34,Punjab,Premium
U002653,25-34,Kerala,Premium
U002654,25-34,Kerala,Free
U002655,18-24,Gujarat,Premium
U002656,25-34,Telangana,Premium
U002657,18-24,Uttar Pradesh,Free
U002658,25-34,Tamil Nadu,Free
U002659,18-24,Kerala,Free
U002660,45+,Kerala,Free
U002661,35-44,Telangana,Free
U002662,25-34,Karnataka,Free
U002663,18-24,Delhi,Premium
U002664,25-34,Maharashtra,Free
U002665,35-44,Tamil Nadu,Free
U002666,25-34,Karnataka,Premium
U002667,35-44,Punjab,Free
U002668,35-44,Kerala,Free
U002669,25-34,Delhi,Premium
U002670,25-34,Tamil Nadu,Free
U002671,25-34,Tamil Nadu,Free
U002672,25-34,Uttar Pradesh,Free
U002673,25-34,Delhi,Free
U002674,35-44,Gujarat,Premium
U002675,18-24,West Bengal,Free
U002676,18-24,Kerala,Free
U002677,18-24,Kerala,Premium
U002678,45+,Kerala,Free
U002679,25-34,Tamil Nadu,Premium
U002680,25-34,Telangana,Free
U002681,25-34,Karnataka,Free
U002682,25-34,Uttar Pradesh,Premium
U002683,35-44,Punjab,Free
U002684,45+,Telangana,Free
U002685,35-44,Punjab,Premium
U002686,35-44,Karnataka,Free
U002687,18-24,Uttar Pradesh,Free
U002688,18-24,Delhi,Free
U002689,25-34,Gujarat,Free
U002690,25-34,Gujarat,Free
U002691,18-24,Karnataka,Free
U002692,35-44,Karnataka,Premium
U002693,18-24,Maharashtra,Free
U002694,18-24,Kerala,Free
U002695,18-24,West Bengal,Free
U002696,35-44,Uttar Pradesh,Premium
U002697,35-44,Punjab,Premium
U002698,25-34,Karnataka,Premium
U002699,35-44,West Bengal,Premium
U002700,35-44,Karnataka,Free
U002701,25-34,Karnataka,Free
U002702,35-44,Delhi,Premium
U002703,18-24,Uttar Pradesh,Premium
U002704,25-34,Tamil Nadu,Free
U002705,18-24,Kerala,Free
U002706,25-34,West Bengal,Free
U002707,25-34,Telangana,Free
U002708,18-24,Karnataka,Premium
U002709,25-34,Karnataka,Free
U002710,25-34,Tamil Nadu,Free
U002711,25-34,Delhi,Free
U002712,18-24,Telangana,Free
U002713,18-24,Maharashtra,Premium
U002714,25-34,Punjab,Free
U002715,35-44,West Bengal,Free
U002716,35-44,Maharashtra,Premium
U002717,18-24,Maharashtra,Free
U002718,35-44,Punjab,Free
U002719,25-34,Kerala,Free
U002720,45+,Gujarat,Free
U002721,18-24,Maharashtra,Free
U002722,25-34,Punjab,Free
U002723,25-34,Maharashtra,Free
U002724,18-24,Maharashtra,Premium
U002725,18-24,Uttar Pradesh,Free
U002726,18-24,Tamil Nadu,Free
U002727,25-34,Kerala,Free
U002728,25-34,West Bengal,Free
U002729,35-44,Tamil Nadu,Premium
U002730,18-24,Kerala,Free
U002731,35-44,Punjab,Free
U002732,25-34,Tamil Nadu,Premium
U002733,45+,Karnataka,Free
U002734,18-24,Telangana,Free
U002735,35-44,Punjab,Free
U002736,45+,Kerala,Free
U002737,35-44,Gujarat,Premium
U002738,35-44,Gujarat,Premium
U002739,25-34,Gujarat,Premium
U002740,35-44,West Bengal,Premium
U002741,25-34,Kerala,Free
U002742,25-34,West Bengal,Free
U002743,45+,Uttar Pradesh,Free
U002744,18-24,Maharashtra,Premium
U002745,25-34,Delhi,Premium
U002746,45+,Tamil Nadu,Premium
U002747,18-24,West Bengal,Free
U002748,18-24,Gujarat,Free
U002749,18-24,Maharashtra,Premium
U002750,35-44,Delhi,Premium
U002751,35-44,Gujarat,Free
U002752,18-24,Karnataka,Free
U002753,25-34,Maharashtra,Premium
U002754,25-34,West Bengal,Free
U002755,25-34,Gujarat,Free
U002756,25-34,Uttar Pradesh,Premium
U002757,45+,Gujarat,Free
U002758,18-24,Maharashtra,Free
U002759,18-24,Delhi,Premium
U002760,25-34,Gujarat,Free
U002761,25-34,West Bengal,Free
U002762,25-34,Punjab,Free
U002763,18-24,Karnataka,Premium
U002764,18-24,Gujarat,Free
U002765,45+,Uttar Pradesh,Premium
U002766,18-24,Gujarat,Free
U002767,25-34,Tamil Nadu,Free
U002768,35-44,Kerala,Free
U002769,18-24,Maharashtra,Free
U002770,18-24,Uttar Pradesh,Free
U002771,25-34,Punjab,Premium
U002772,25-34,Uttar Pradesh,Free
U002773,18-24,Maharashtra,Free
U002774,25-34,Uttar Pradesh,Premium
U002775,18-24,Telangana,Free
U002776,18-24,Telangana,Premium
U002777,18-24,West Bengal,Premium
U002778,18-24,Tamil Nadu,Free
U002779,25-34,Uttar Pradesh,Free
U002780,45+,Delhi,Free
U002781,18-24,West Bengal,Free
U002782,25-34,Punjab,Free
U002783,25-34,Maharashtra,Free
U002784,25-34,West Bengal,Premium
U002785,25-34,West Bengal,Free
U002786,18-24,Delhi,Free
U002787,25-34,Kerala,Premium
U002788,18-24,Uttar Pradesh,Free
U002789,35-44,West Bengal,Free
U002790,18-24,Punjab,Free
U002791,35-44,Maharashtra,Premium
U002792,25-34,Maharashtra,Free
U002793,25-34,West Bengal,Free
U002794,18-24,Punjab,Premium
U002795,25-34,Karnataka,Free
U002796,35-44,Maharashtra,Free
U002797,25-34,Tamil Nadu,Free
U002798,18-24,Delhi,Free
U002799,18-24,Tamil Nadu,Free
U002800,18-24,Telangana,Free
U002801,35-44,Uttar Pradesh,Free
U002802,25-34,Punjab,Premium
U002803,35-44,Karnataka,Free
U002804,35-44,Gujarat,Free
U002805,25-34,Uttar Pradesh,Free
U002806,25-34,Tamil Nadu,Free
U002807,25-34,Karnataka,Free
U002808,25-34,Kerala,Premium
U002809,18-24,Kerala,Free
U002810,35-44,Kerala,Free
U002811,45+,West Bengal,Free
U002812,25-34,Delhi,Premium
U002813,45+,Punjab,Free
U002814,45+,Maharashtra,Free
U002815,25-34,Karnataka,Free
U002816,35-44,Gujarat,Free
U002817,25-34,Punjab,Free
U002818,18-24,Kerala,Free
U002819,18-24,Tamil Nadu,Premium
U002820,25-34,Delhi,Premium
U002821,35-44,Punjab,Free
U002822,18-24,West Bengal,Free
U002823,35-44,Kerala,Free
U002824,25-34,Karnataka,Premium
U002825,25-34,Uttar Pradesh,Free
U002826,18-24,Maharashtra,Free
U002827,25-34,Telangana,Free
U002828,18-24,Punjab,Free
U002829,18-24,Gujarat,Free
U002830,18-24,Kerala,Premium
U002831,18-24,Maharashtra,Free
U002832,18-24,Karnataka,Free
U002833,25-34,Kerala,Free
U002834,25-34,Telangana,Free
U002835,18-24,Tamil Nadu,Free
U002836,35-44,Delhi,Free
U002837,25-34,Telangana,Premium
U002838,45+,Maharashtra,Premium
U002839,25-34,Karnataka,Free
U002840,18-24,Punjab,Free
U002841,45+,West Bengal,Premium
U002842,35-44,Tamil Nadu,Free
U002843,25-34,Tamil Nadu,Free
U002844,25-34,Gujarat,Premium
U002845,25-34,Karnataka,Free
U002846,25-34,Kerala,Premium
U002847,35-44,Gujarat,Free
U002848,25-34,Delhi,Premium
U002849,18-24,Kerala,Free
U002850,18-24,Maharashtra,Premium
U002851,18-24,West Bengal,Free
U002852,18-24,Punjab,Free
U002853,25-34,Punjab,Free
U002854,35-44,Gujarat,Premium
U002855,18-24,Delhi,Free
U002856,18-24,Telangana,Free
U002857,18-24,Kerala,Free
U002858,25-34,Gujarat,Free
U002859,25-34,Punjab,Free
U002860,25-34,Karnataka,Free
U002861,45+,Telangana,Premium
U002862,45+,Telangana,Free
U002863,35-44,Delhi,Free
U002864,35-44,Telangana,Free
U002865,25-34,Maharashtra,Free
U002866,25-34,West Bengal,Free
U002867,25-34,Kerala,Premium
U002868,35-44,Tamil Nadu,Free
U002869,18-24,Punjab,Free
U002870,18-24,Punjab,Free
U002871,18-24,West Bengal,Free
U002872,25-34,Tamil Nadu,Premium
U002873,25-34,Uttar Pradesh,Premium
U002874,18-24,Uttar Pradesh,Free
U002875,25-34,Tamil Nadu,Free
U002876,25-34,Punjab,Free
U002877,35-44,Gujarat,Free
U002878,18-24,Kerala,Free
U002879,18-24,Delhi,Free
U002880,25-34,Uttar Pradesh,Premium
U002881,25-34,Punjab,Premium
U002882,35-44,Telangana,Premium
U002883,25-34,Delhi,Free
U002884,45+,Tamil Nadu,Premium
U002885,18-24,West Bengal,Free
U002886,25-34,Delhi,Premium
U002887,45+,Punjab,Free
U002888,18-24,Kerala,Free
U002889,35-44,Uttar Pradesh,Free
U002890,18-24,Uttar Pradesh,Free
U002891,25-34,Kerala,Free
U002892,18-24,Uttar Pradesh,Free
U002893,25-34,Delhi,Free
U002894,35-44,Punjab,Free
U002895,18-24,Tamil Nadu,Free
U002896,18-24,Uttar Pradesh,Premium
U002897,18-24,Kerala,Free
U002898,18-24,Karnataka,Free
U002899,25-34,Maharashtra,Free
U002900,45+,West Bengal,Premium
U002901,18-24,Karnataka,Premium
U002902,25-34,Punjab,Free
U002903,25-34,Punjab,Premium
U002904,18-24,Punjab,Free
U002905,18-24,Karnataka,Free
U002906,35-44,West Bengal,Free
U002907,25-34,Delhi,Premium
U002908,35-44,Tamil Nadu,Premium
U002909,25-34,Uttar Pradesh,Free
U002910,25-34,Uttar Pradesh,Free
U002911,35-44,Gujarat,Free
U002912,35-44,Punjab,Free
U002913,45+,Delhi,Free
U002914,18-24,Gujarat,Premium
U002915,45+,Tamil Nadu,Premium
U002916,35-44,Tamil Nadu,Free
U002917,35-44,Tamil Nadu,Free
U002918,25-34,Delhi,Free
U002919,45+,Kerala,Premium
U002920,25-34,Punjab,Premium
U002921,35-44,Punjab,Premium
U002922,25-34,Kerala,Premium
U002923,35-44,Kerala,Free
U002924,35-44,Gujarat,Free
U002925,18-24,Kerala,Premium
U002926,18-24,Maharashtra,Free
U002927,25-34,Tamil Nadu,Premium
U002928,35-44,Tamil Nadu,Premium
U002929,35-44,Karnataka,Free
U002930,35-44,Tamil Nadu,Free
U002931,35-44,Tamil Nadu,Premium
U002932,25-34,West Bengal,Free
U002933,18-24,Uttar Pradesh,Free
U002934,25-34,West Bengal,Free
U002935,35-44,Uttar Pradesh,Free
U002936,25-34,Gujarat,Free
U002937,35-44,Kerala,Free
U002938,45+,Punjab,Free
U002939,25-34,Telangana,Premium
U002940,35-44,Delhi,Free
U002941,25-34,Uttar Pradesh,Premium
U002942,25-34,Delhi,Premium
U002943,18-24,Punjab,Premium
U002944,18-24,Uttar Pradesh,Premium
U002945,18-24,Delhi,Free
U002946,25-34,Telangana,Free
U002947,18-24,Telangana,Free
U002948,25-34,Punjab,Free
U002949,25-34,Karnataka,Free
U002950,25-34,Kerala,Free
U002951,35-44,Kerala,Premium
U002952,25-34,Telangana,Premium
U002953,18-24,Telangana,Free
U002954,45+,Karnataka,Free
U002955,35-44,West Bengal,Premium
U002956,25-34,Maharashtra,Premium
U002957,35-44,Maharashtra,Free
U002958,18-24,Kerala,Free
U002959,35-44,Delhi,Premium
U002960,18-24,Kerala,Free
U002961,25-34,Maharashtra,Premium
U002962,18-24,Punjab,Free
U002963,35-44,Uttar Pradesh,Free
U002964,18-24,Punjab,Free
U002965,18-24,Uttar Pradesh,Premium
U002966,18-24,Punjab,Free
U002967,35-44,West Bengal,Premium
U002968,18-24,West Bengal,Free
U002969,25-34,West Bengal,Premium
U002970,18-24,Punjab,Free
U002971,35-44,Kerala,Free
U002972,18-24,Karnataka,Premium
U002973,45+,Gujarat,Free
U002974,18-24,Karnataka,Free
U002975,18-24,Gujarat,Free
U002976,18-24,Uttar Pradesh,Premium
U002977,18-24,Kerala,Premium
U002978,25-34,Tamil Nadu,Premium
U002979,18-24,Tamil Nadu,Free
U002980,35-44,Karnataka,Free
U002981,25-34,Karnataka,Free
U002982,18-24,Tamil Nadu,Premium
U002983,25-34,Tamil Nadu,Free
U002984,18-24,Kerala,Free
U002985,18-24,Gujarat,Free
U002986,18-24,Gujarat,Free
U002987,18-24,West Bengal,Premium
U002988,18-24,Uttar Pradesh,Free
U002989,45+,Gujarat,Free
U002990,25-34,Tamil Nadu,Free
U002991,45+,Tamil Nadu,Free
U002992,18-24,Tamil Nadu,Free
U002993,35-44,Maharashtra,Premium
U002994,25-34,Karnataka,Free
U002995,18-24,Karnataka,Free
U002996,35-44,Kerala,Premium
U002997,18-24,Punjab,Free
U002998,25-34,West Bengal,Free
U002999,35-44,Karnataka,Premium
U003000,25-34,Karnataka,Free
U003001,25-34,Maharashtra,Free
U003002,25-34,Telangana,Free
U003003,18-24,Maharashtra,Free
U003004,45+,Punjab,Free
U003005,18-24,Telangana,Premium
U003006,18-24,West Bengal,Free
U003007,18-24,Tamil Nadu,Premium
U003008,45+,Punjab,Premium
U003009,35-44,Gujarat,Free
U003010,25-34,Karnataka,Free
U003011,45+,Karnataka,Free
U003012,18-24,Maharashtra,Premium
U003013,35-44,Karnataka,Free
U003014,18-24,Punjab,Premium
U003015,25-34,Karnataka,Premium
U003016,18-24,Delhi,Free
U003017,45+,Delhi,Premium
U003018,45+,Kerala,Free
U003019,25-34,Tamil Nadu,Free
U003020,18-24,West Bengal,Free
U003021,18-24,Telangana,Premium
U003022,25-34,Telangana,Free
U003023,18-24,Tamil Nadu,Free
U003024,18-24,Karnataka,Premium
U003025,25-34,Punjab,Free
U003026,25-34,Gujarat,Free
U003027,45+,Tamil Nadu,Free
U003028,25-34,Gujarat,Free
U003029,18-24,Kerala,Free
U003030,25-34,West Bengal,Premium
U003031,18-24,Gujarat,Free
U003032,25-34,West Bengal,Free
U003033,35-44,Gujarat,Premium
U003034,18-24,Kerala,Free
U003035,18-24,West Bengal,Free
U003036,35-44,Kerala,Free
U003037,25-34,Gujarat,Premium
U003038,25-34,Punjab,Premium
U003039,35-44,Gujarat,Free
U003040,25-34,Telangana,Free
U003041,18-24,Delhi,Free
U003042,35-44,Delhi,Free
U003043,45+,Kerala,Free
U003044,18-24,Gujarat,Premium
U003045,18-24,West Bengal,Premium
U003046,35-44,West Bengal,Free
U003047,25-34,Gujarat,Free
U003048,25-34,Uttar Pradesh,Free
U003049,25-34,Gujarat,Free
U003050,35-44,Delhi,Free
U003051,25-34,Gujarat,Premium
U003052,18-24,Telangana,Premium
U003053,18-24,Kerala,Premium
U003054,25-34,Kerala,Premium
U003055,45+,West Bengal,Free
U003056,25-34,Gujarat,Free
U003057,25-34,Delhi,Premium
U003058,45+,Gujarat,Free
U003059,25-34,Karnataka,Free
U003060,25-34,Punjab,Free
U003061,18-24,Kerala,Premium
U003062,35-44,Uttar Pradesh,Free
U003063,35-44,Maharashtra,Premium
U003064,35-44,Uttar Pradesh,Free
U003065,18-24,Karnataka,Free
U003066,25-34,Uttar Pradesh,Premium
U003067,18-24,Maharashtra,Premium
U003068,45+,West Bengal,Free
U003069,18-24,Telangana,Free
U003070,25-34,Gujarat,Free
U003071,35-44,Tamil Nadu,Free
U003072,18-24,Maharashtra,Free
U003073,25-34,Delhi,Premium
U003074,18-24,Punjab,Free
U003075,25-34,Gujarat,Free
U003076,45+,Maharashtra,Free
U003077,25-34,Gujarat,Free
U003078,45+,Telangana,Free
U003079,18-24,Telangana,Free
U003080,25-34,Uttar Pradesh,Premium
U003081,45+,Kerala,Premium
U003082,35-44,West Bengal,Free
U003083,18-24,Gujarat,Premium
U003084,25-34,Tamil Nadu,Free
U003085,35-44,Uttar Pradesh,Free
U003086,35-44,Kerala,Premium
U003087,25-34,Uttar Pradesh,Free
U003088,18-24,Telangana,Premium
U003089,18-24,West Bengal,Free
U003090,25-34,Tamil Nadu,Premium
U003091,25-34,Uttar Pradesh,Free
U003092,18-24,West Bengal,Free
U003093,18-24,Delhi,Free
U003094,25-34,Telangana,Premium
U003095,25-34,Delhi,Free
U003096,25-34,West Bengal,Free
U003097,25-34,West Bengal,Premium
U003098,18-24,Gujarat,Free
U003099,35-44,Delhi,Free
U003100,25-34,Tamil Nadu,Free
U003101,18-24,Karnataka,Premium
U003102,25-34,Tamil Nadu,Premium
U003103,25-34,Uttar Pradesh,Premium
U003104,25-34,Telangana,Free
U003105,25-34,Tamil Nadu,Free
U003106,25-34,Uttar Pradesh,Free
U003107,25-34,Telangana,Premium
U003108,18-24,Tamil Nadu,Premium
U003109,18-24,Telangana,Premium
U003110,18-24,Gujarat,Free
U003111,25-34,Tamil Nadu,Free
U003112,25-34,West Bengal,Premium
U003113,35-44,Delhi,Free
U003114,18-24,Maharashtra,Free
U003115,25-34,Maharashtra,Premium
U003116,18-24,Tamil Nadu,Free
U003117,25-34,Kerala,Premium
U003118,35-44,Punjab,Premium
U003119,18-24,Uttar Pradesh,Free
U003120,18-24,Delhi,Premium
U003121,25-34,West Bengal,Free
U003122,35-44,Punjab,Free
U003123,18-24,Maharashtra,Premium
U003124,45+,Kerala,Premium
U003125,45+,Telangana,Free
U003126,35-44,West Bengal,Premium
U003127,18-24,Uttar Pradesh,Free
U003128,25-34,Telangana,Premium
U003129,18-24,Gujarat,Free
U003130,35-44,Tamil Nadu,Free
U003131,25-34,Karnataka,Free
U003132,18-24,Karnataka,Premium
U003133,18-24,Karnataka,Premium
U003134,35-44,Gujarat,Free
U003135,35-44,Telangana,Free
U003136,25-34,Uttar Pradesh,Free
U003137,25-34,Punjab,Free
U003138,35-44,Kerala,Free
U003139,35-44,Delhi,Premium
U003140,35-44,Punjab,Free
U003141,25-34,Maharashtra,Free
U003142,25-34,Uttar Pradesh,Premium
U003143,35-44,Punjab,Free
U003144,18-24,Gujarat,Free
U003145,25-34,Tamil Nadu,Premium
U003146,18-24,Delhi,Premium
U003147,25-34,Karnataka,Free
U003148,35-44,Karnataka,Free
U003149,18-24,Telangana,Premium
U003150,25-34,Karnataka,Free
U003151,18-24,West Bengal,Free
U003152,35-44,Kerala,Free
U003153,35-44,Delhi,Premium
U003154,25-34,Telangana,Free
U003155,35-44,Telangana,Free
U003156,18-24,Punjab,Premium
U003157,35-44,Kerala,Free
U003158,35-44,Punjab,Free
U003159,18-24,Gujarat,Premium
U003160,45+,Tamil Nadu,Free
U003161,18-24,Karnataka,Free
U003162,25-34,West Bengal,Premium
U003163,18-24,West Bengal,Free
U003164,35-44,Telangana,Free
U003165,18-24,West Bengal,Free
U003166,18-24,Punjab,Premium
U003167,25-34,Gujarat,Free
U003168,45+,West Bengal,Free
U003169,18-24,Punjab,Free
U003170,25-34,Uttar Pradesh,Free
U003171,25-34,Gujarat,Premium
U003172,35-44,Delhi,Free
U003173,18-24,Kerala,Free
U003174,25-34,Telangana,Free
U003175,45+,Kerala,Premium
U003176,18-24,Karnataka,Free
U003177,25-34,Punjab,Free
U003178,35-44,Punjab,Free
U003179,18-24,Maharashtra,Premium
U003180,25-34,Gujarat,Free
U003181,18-24,Karnataka,Free
U003182,35-44,Uttar Pradesh,Free
U003183,45+,Punjab,Free
U003184,25-34,Karnataka,Free
U003185,25-34,Gujarat,Free
U003186,25-34,Karnataka,Free
U003187,18-24,Kerala,Free
U003188,18-24,Maharashtra,Premium
U003189,18-24,Uttar Pradesh,Free
U003190,18-24,West Bengal,Free
U003191,25-34,Kerala,Free
U003192,18-24,Maharashtra,Premium
U003193,18-24,Uttar Pradesh,Premium
U003194,25-34,Tamil Nadu,Premium
U003195,18-24,Punjab,Premium
U003196,18-24,Delhi,Free
U003197,18-24,Maharashtra,Free
U003198,18-24,West Bengal,Free
U003199,25-34,Punjab,Free
U003200,35-44,Uttar Pradesh,Premium
U003201,35-44,Punjab,Free
U003202,35-44,Maharashtra,Free
U003203,25-34,Gujarat,Free
U003204,45+,Kerala,Premium
U003205,25-34,Telangana,Premium
U003206,25-34,Gujarat,Premium
U003207,25-34,Kerala,Free
U003208,18-24,Delhi,Premium
U003209,18-24,Tamil Nadu,Premium
U003210,18-24,Uttar Pradesh,Free
U003211,35-44,West Bengal,Free
U003212,18-24,West Bengal,Free
U003213,25-34,Delhi,Premium
U003214,35-44,Telangana,Premium
U003215,25-34,Delhi,Free
U003216,18-24,West Bengal,Free
U003217,25-34,Punjab,Free
U003218,18-24,Punjab,Premium
U003219,45+,Telangana,Free
U003220,25-34,Maharashtra,Premium
U003221,35-44,West Bengal,Free
U003222,25-34,Tamil Nadu,Free
U003223,35-44,Telangana,Free
U003224,35-44,Kerala,Free
U003225,18-24,Kerala,Free
U003226,18-24,Uttar Pradesh,Free
U003227,18-24,Delhi,Free
U003228,25-34,Tamil Nadu,Free
U003229,35-44,Maharashtra,Free
U003230,25-34,Punjab,Premium
U003231,25-34,Telangana,Free
U003232,45+,Delhi,Premium
U003233,18-24,Tamil Nadu,Free
U003234,18-24,Uttar Pradesh,Free
U003235,45+,Maharashtra,Free
U003236,45+,Punjab,Free
U003237,25-34,Punjab,Premium
U003238,18-24,Uttar Pradesh,Premium
U003239,45+,Kerala,Free
U003240,35-44,Delhi,Free
U003241,25-34,Kerala,Premium
U003242,18-24,Maharashtra,Premium
U003243,25-34,Kerala,Free
U003244,35-44,Punjab,Free
U003245,35-44,Kerala,Free
U003246,25-34,Tamil Nadu,Premium
U003247,25-34,Kerala,Free
U003248,25-34,Karnataka,Free
U003249,25-34,Telangana,Premium
U003250,25-34,Uttar Pradesh,Free
U003251,18-24,Gujarat,Free
U003252,18-24,Telangana,Free
U003253,35-44,Uttar Pradesh,Premium
U003254,18-24,Delhi,Premium
U003255,18-24,Kerala,Free
U003256,45+,West Bengal,Premium
U003257,35-44,Punjab,Free
U003258,18-24,Karnataka,Free
U003259,18-24,Tamil Nadu,Free
U003260,35-44,West Bengal,Premium
U003261,25-34,West Bengal,Free
U003262,25-34,Kerala,Free
U003263,25-34,West Bengal,Free
U003264,18-24,Uttar Pradesh,Premium
U003265,35-44,Gujarat,Free
U003266,18-24,Telangana,Premium
U003267,25-34,Maharashtra,Premium
U003268,18-24,Karnataka,Premium
U003269,18-24,Delhi,Premium
U003270,18-24,Tamil Nadu,Free
U003271,35-44,Uttar Pradesh,Premium
U003272,18-24,Tamil Nadu,Free
U003273,18-24,Gujarat,Free
U003274,18-24,Tamil Nadu,Free
U003275,35-44,Telangana,Free
U003276,25-34,Maharashtra,Free
U003277,45+,West Bengal,Free
U003278,25-34,Punjab,Free
U003279,25-34,Tamil Nadu,Free
U003280,25-34,Uttar Pradesh,Free
U003281,18-24,Punjab,Free
U003282,45+,Uttar Pradesh,Free
U003283,45+,Gujarat,Free
U003284,18-24,Maharashtra,Premium
U003285,25-34,Karnataka,Free
U003286,18-24,Uttar Pradesh,Premium
U003287,25-34,Tamil Nadu,Free
U003288,35-44,Kerala,Premium
U003289,45+,Uttar Pradesh,Premium
U003290,18-24,Maharashtra,Free
U003291,25-34,Kerala,Premium
U003292,35-44,Uttar Pradesh,Free
U003293,18-24,Telangana,Premium
U003294,25-34,Uttar Pradesh,Free
U003295,25-34,West Bengal,Free
U003296,35-44,West Bengal,Free
U003297,45+,Delhi,Free
U003298,18-24,Kerala,Premium
U003299,18-24,Gujarat,Premium
U003300,18-24,Karnataka,Free
U003301,18-24,Delhi,Free
U003302,25-34,Telangana,Premium
U003303,35-44,Uttar Pradesh,Premium
U003304,25-34,Kerala,Premium
U003305,25-34,Gujarat,Free
U003306,25-34,Telangana,Free
U003307,18-24,Tamil Nadu,Free
U003308,35-44,Karnataka,Premium
U003309,25-34,Gujarat,Free
U003310,25-34,West Bengal,Free
U003311,45+,Kerala,Free
U003312,25-34,Gujarat,Free
U003313,18-24,Uttar Pradesh,Free
U003314,25-34,Gujarat,Premium
U003315,25-34,Tamil Nadu,Premium
U003316,25-34,Delhi,Free
U003317,35-44,Telangana,Free
U003318,25-34,Tamil Nadu,Free
U003319,25-34,Uttar Pradesh,Premium
U003320,35-44,Maharashtra,Premium
U003321,25-34,Gujarat,Free
U003322,25-34,West Bengal,Free
U003323,18-24,Maharashtra,Premium
U003324,25-34,Punjab,Free
U003325,25-34,Maharashtra,Free
U003326,18-24,Uttar Pradesh,Free
U003327,25-34,West Bengal,Free
U003328,18-24,West Bengal,Free
U003329,18-24,Telangana,Free
U003330,25-34,Tamil Nadu,Premium
U003331,18-24,Delhi,Free
U003332,25-34,Kerala,Free
U003333,25-34,Delhi,Free
U003334,18-24,Punjab,Free
U003335,18-24,Uttar Pradesh,Free
U003336,25-34,Maharashtra,Free
U003337,18-24,Uttar Pradesh,Premium
U003338,25-34,Maharashtra,Free
U003339,35-44,Tamil Nadu,Free
U003340,25-34,Telangana,Premium
U003341,25-34,Delhi,Free
U003342,45+,Gujarat,Free
U003343,18-24,Uttar Pradesh,Free
U003344,35-44,Punjab,Free
U003345,35-44,Punjab,Free
U003346,25-34,Kerala,Free
U003347,18-24,Karnataka,Free
U003348,18-24,Maharashtra,Free
U003349,45+,Kerala,Premium
U003350,18-24,Karnataka,Free
U003351,35-44,Tamil Nadu,Free
U003352,25-34,West Bengal,Free
U003353,25-34,Telangana,Free
U003354,25-34,Gujarat,Free
U003355,18-24,Kerala,Free
U003356,25-34,Uttar Pradesh,Free
U003357,45+,Uttar Pradesh,Free
U003358,18-24,West Bengal,Premium
U003359,45+,Telangana,Free
U003360,45+,Tamil Nadu,Free
U003361,18-24,West Bengal,Free
U003362,25-34,Maharashtra,Free
U003363,18-24,Tamil Nadu,Free
U003364,25-34,Punjab,Free
U003365,45+,Telangana,Free
U003366,35-44,Uttar Pradesh,Premium
U003367,45+,Tamil Nadu,Premium
U003368,18-24,Telangana,Free
U003369,25-34,Tamil Nadu,Premium
U003370,18-24,Karnataka,Free
U003371,35-44,West Bengal,Premium
U003372,18-24,Punjab,Free
U003373,18-24,Gujarat,Free
U003374,18-24,Delhi,Free
U003375,18-24,Punjab,Premium
U003376,18-24,Kerala,Free
U003377,18-24,Maharashtra,Free
U003378,35-44,Tamil Nadu,Free
U003379,35-44,Karnataka,Free
U003380,18-24,Uttar Pradesh,Free
U003381,35-44,Delhi,Free
U003382,25-34,Tamil Nadu,Free
U003383,35-44,Tamil Nadu,Free
U003384,18-24,Gujarat,Free
U003385,25-34,Telangana,Free
U003386,25-34,Delhi,Free
U003387,18-24,Gujarat,Free
U003388,25-34,Delhi,Premium
U003389,35-44,West Bengal,Free
U003390,35-44,Punjab,Premium
U003391,25-34,Delhi,Free
U003392,25-34,Delhi,Free
U003393,35-44,Uttar Pradesh,Free
U003394,18-24,Uttar Pradesh,Free
U003395,18-24,West Bengal,Premium
U003396,25-34,Gujarat,Free
U003397,18-24,Uttar Pradesh,Free
U003398,25-34,Karnataka,Free
U003399,18-24,Kerala,Premium
U003400,25-34,Telangana,Free
U003401,25-34,Delhi,Free
U003402,35-44,Telangana,Premium
U003403,25-34,Maharashtra,Free
U003404,25-34,West Bengal,Free
U003405,45+,Punjab,Premium
U003406,35-44,Delhi,Premium
U003407,25-34,Kerala,Premium
U003408,18-24,Karnataka,Free
U003409,25-34,Tamil Nadu,Premium
U003410,25-34,Maharashtra,Free
U003411,25-34,Maharashtra,Premium
U003412,35-44,Uttar Pradesh,Premium
U003413,45+,Telangana,Free
U003414,45+,Tamil Nadu,Free
U003415,25-34,West Bengal,Premium
U003416,45+,Kerala,Free
U003417,45+,Delhi,Premium
U003418,18-24,Uttar Pradesh,Premium
U003419,25-34,West Bengal,Premium
U003420,18-24,Karnataka,Free
U003421,18-24,Punjab,Premium
U003422,18-24,Maharashtra,Premium
U003423,25-34,Punjab,Free
U003424,18-24,Karnataka,Free
U003425,18-24,Punjab,Premium
U003426,18-24,West Bengal,Free
U003427,25-34,Punjab,Free
U003428,35-44,Tamil Nadu,Free
U003429,45+,Telangana,Free
U003430,25-34,Maharashtra,Free
U003431,18-24,Delhi,Free
U003432,35-44,Maharashtra,Free
U003433,18-24,West Bengal,Premium
U003434,45+,West Bengal,Free
U003435,35-44,Delhi,Free
U003436,25-34,Kerala,Free
U003437,18-24,Gujarat,Free
U003438,18-24,Delhi,Free
U003439,25-34,Delhi,Premium
U003440,25-34,Kerala,Premium
U003441,35-44,Karnataka,Free
U003442,25-34,Karnataka,Free
U003443,25-34,Telangana,Premium
U003444,18-24,Maharashtra,Premium
U003445,25-34,Tamil Nadu,Premium
U003446,18-24,Karnataka,Premium
U003447,25-34,Gujarat,Free
U003448,25-34,Kerala,Premium
U003449,35-44,Punjab,Free
U003450,25-34,West Bengal,Free
U003451,18-24,Tamil Nadu,Free
U003452,35-44,Tamil Nadu,Free
U003453,25-34,Kerala,Free
U003454,35-44,Punjab,Free
U003455,25-34,Telangana,Free
U003456,35-44,Tamil Nadu,Free
U003457,18-24,West Bengal,Free
U003458,25-34,Karnataka,Free
U003459,35-44,Uttar Pradesh,Free
U003460,18-24,Karnataka,Free
U003461,35-44,Delhi,Free
U003462,25-34,Tamil Nadu,Premium
U003463,18-24,Punjab,Free
U003464,18-24,Tamil Nadu,Premium
U003465,35-44,Uttar Pradesh,Premium
U003466,35-44,Delhi,Premium
U003467,18-24,Maharashtra,Free
U003468,18-24,Punjab,Premium
U003469,18-24,Tamil Nadu,Free
U003470,18-24,Delhi,Premium
U003471,35-44,West Bengal,Free
U003472,18-24,West Bengal,Free
U003473,18-24,Kerala,Free
U003474,18-24,Tamil Nadu,Premium
U003475,25-34,Uttar Pradesh,Premium
U003476,25-34,West Bengal,Free
U003477,25-34,Uttar Pradesh,Free
U003478,25-34,Maharashtra,Premium
U003479,45+,West Bengal,Premium
U003480,25-34,Karnataka,Free
U003481,35-44,Delhi,Premium
U003482,25-34,Delhi,Free
U003483,18-24,Delhi,Free
U003484,35-44,Maharashtra,Free
U003485,25-34,Tamil Nadu,Premium
U003486,25-34,Kerala,Free
U003487,18-24,Tamil Nadu,Premium
U003488,25-34,Delhi,Free
U003489,35-44,Kerala,Free
U003490,18-24,Delhi,Free
U003491,18-24,Gujarat,Premium
U003492,18-24,Karnataka,Free
U003493,25-34,Maharashtra,Free
U003494,35-44,Punjab,Free
U003495,25-34,Gujarat,Free
U003496,45+,Uttar Pradesh,Free
U003497,25-34,Tamil Nadu,Free
U003498,25-34,Uttar Pradesh,Free
U003499,18-24,Punjab,Free
U003500,18-24,Tamil Nadu,Free
U003501,35-44,Tamil Nadu,Free
U003502,18-24,Punjab,Free
U003503,18-24,Karnataka,Free
U003504,35-44,Tamil Nadu,Free
U003505,25-34,West Bengal,Free
U003506,18-24,Tamil Nadu,Premium
U003507,35-44,Delhi,Premium
U003508,25-34,Tamil Nadu,Free
U003509,35-44,Gujarat,Free
U003510,25-34,Maharashtra,Free
U003511,18-24,Uttar Pradesh,Free
U003512,18-24,Delhi,Free
U003513,18-24,Maharashtra,Premium
U003514,35-44,Delhi,Free
U003515,25-34,Punjab,Premium
U003516,35-44,Karnataka,Free
U003517,25-34,Gujarat,Free
U003518,18-24,Telangana,Free
U003519,18-24,West Bengal,Free
U003520,18-24,Gujarat,Free
U003521,25-34,Delhi,Premium
U003522,25-34,Punjab,Free
U003523,45+,Uttar Pradesh,Premium
U003524,18-24,Kerala,Premium
U003525,25-34,Maharashtra,Premium
U003526,18-24,Punjab,Premium
U003527,35-44,Karnataka,Free
U003528,18-24,Maharashtra,Premium
U003529,25-34,Telangana,Free
U003530,18-24,West Bengal,Free
U003531,18-24,Karnataka,Free
U003532,25-34,Punjab,Premium
U003533,25-34,Tamil Nadu,Premium
U003534,25-34,Uttar Pradesh,Free
U003535,18-24,Kerala,Free
U003536,45+,Uttar Pradesh,Free
U003537,18-24,Telangana,Premium
U003538,25-34,Delhi,Free
U003539,35-44,Maharashtra,Free
U003540,25-34,Delhi,Free
U003541,18-24,Telangana,Premium
U003542,25-34,Punjab,Premium
U003543,18-24,Karnataka,Free
U003544,25-34,Uttar Pradesh,Free
U003545,25-34,Maharashtra,Premium
U003546,35-44,Maharashtra,Free
U003547,35-44,Karnataka,Free
U003548,18-24,Kerala,Premium
U003549,18-24,Gujarat,Free
U003550,25-34,Punjab,Premium
U003551,25-34,Punjab,Free
U003552,25-34,Telangana,Free
U003553,25-34,Gujarat,Premium
U003554,25-34,Delhi,Premium
U003555,45+,Gujarat,Premium
U003556,25-34,Gujarat,Premium
U003557,18-24,Punjab,Free
U003558,18-24,West Bengal,Free
U003559,25-34,West Bengal,Premium
U003560,18-24,Maharashtra,Premium
U003561,18-24,Tamil Nadu,Premium
U003562,18-24,Punjab,Free
U003563,35-44,Maharashtra,Free
U003564,45+,Tamil Nadu,Free
U003565,25-34,Kerala,Free
U003566,18-24,Telangana,Free
U003567,25-34,Maharashtra,Premium
U003568,25-34,Gujarat,Free
U003569,45+,Maharashtra,Free
U003570,25-34,Karnataka,Free
U003571,25-34,Telangana,Free
U003572,45+,Uttar Pradesh,Free
U003573,25-34,Kerala,Premium
U003574,18-24,Delhi,Free
U003575,25-34,Tamil Nadu,Premium
U003576,25-34,Gujarat,Premium
U003577,25-34,Punjab,Free
U003578,45+,Uttar Pradesh,Free
U003579,18-24,Telangana,Free
U003580,25-34,West Bengal,Free
U003581,18-24,West Bengal,Free
U003582,18-24,Uttar Pradesh,Premium
U003583,25-34,West Bengal,Free
U003584,35-44,Tamil Nadu,Free
U003585,25-34,Telangana,Free
U003586,18-24,West Bengal,Premium
U003587,18-24,Telangana,Free
U003588,25-34,Maharashtra,Premium
U003589,25-34,Uttar Pradesh,Free
U003590,35-44,Punjab,Free
U003591,25-34,West Bengal,Free
U003592,35-44,Telangana,Free
U003593,35-44,Delhi,Free
U003594,25-34,Gujarat,Free
U003595,25-34,Maharashtra,Free
U003596,35-44,Uttar Pradesh,Free
U003597,45+,Uttar Pradesh,Free
U003598,25-34,Telangana,Free
U003599,25-34,Uttar Pradesh,Premium
U003600,25-34,Gujarat,Free
U003601,35-44,Gujarat,Free
U003602,45+,Kerala,Premium
U003603,45+,Uttar Pradesh,Free
U003604,18-24,Kerala,Free
U003605,18-24,Gujarat,Free
U003606,35-44,Delhi,Premium
U003607,25-34,Tamil Nadu,Premium
U003608,45+,Tamil Nadu,Free
U003609,18-24,Uttar Pradesh,Free
U003610,35-44,Tamil Nadu,Free
U003611,25-34,Tamil Nadu,Free
U003612,18-24,Kerala,Premium
U003613,18-24,West Bengal,Free
U003614,35-44,Telangana,Free
U003615,18-24,Uttar Pradesh,Free
U003616,35-44,Gujarat,Premium
U003617,25-34,Kerala,Free
U003618,25-34,Uttar Pradesh,Free
U003619,18-24,Maharashtra,Free
U003620,45+,Telangana,Free
U003621,35-44,Maharashtra,Free
U003622,35-44,Kerala,Premium
U003623,35-44,Delhi,Free
U003624,25-34,Telangana,Free
U003625,45+,Kerala,Free
U003626,25-34,West Bengal,Free
U003627,25-34,Maharashtra,Premium
U003628,18-24,Tamil Nadu,Free
U003629,18-24,Kerala,Free
U003630,35-44,Uttar Pradesh,Free
U003631,18-24,Gujarat,Free
U003632,35-44,Gujarat,Free
U003633,45+,Karnataka,Premium
U003634,25-34,Kerala,Premium
U003635,18-24,Delhi,Free
U003636,25-34,Karnataka,Free
U003637,18-24,Punjab,Free
U003638,35-44,Tamil Nadu,Premium
U003639,25-34,Gujarat,Free
U003640,25-34,Gujarat,Premium
U003641,25-34,Gujarat,Premium
U003642,25-34,Uttar Pradesh,Free
U003643,18-24,Maharashtra,Free
U003644,18-24,Uttar Pradesh,Free
U003645,25-34,Gujarat,Premium
U003646,35-44,Kerala,Free
U003647,18-24,Maharashtra,Premium
U003648,18-24,Kerala,Premium
U003649,18-24,West Bengal,Premium
U003650,25-34,Maharashtra,Free
U003651,18-24,Punjab,Free
U003652,35-44,Kerala,Premium
U003653,18-24,Delhi,Free
U003654,25-34,Karnataka,Premium
U003655,18-24,West Bengal,Free
U003656,25-34,Gujarat,Free
U003657,18-24,Punjab,Free
U003658,35-44,Maharashtra,Free
U003659,45+,Gujarat,Free
U003660,18-24,Uttar Pradesh,Premium
U003661,45+,Gujarat,Free
U003662,18-24,Tamil Nadu,Free
U003663,25-34,Kerala,Premium
U003664,35-44,Delhi,Premium
U003665,18-24,West Bengal,Premium
U003666,25-34,West Bengal,Free
U003667,18-24,West Bengal,Free
U003668,25-34,West Bengal,Free
U003669,25-34,Gujarat,Premium
U003670,35-44,Kerala,Premium
U003671,18-24,Maharashtra,Free
U003672,45+,Kerala,Free
U003673,18-24,Kerala,Premium
U003674,25-34,Telangana,Free
U003675,18-24,West Bengal,Free
U003676,18-24,Maharashtra,Free
U003677,18-24,Punjab,Free
U003678,25-34,Gujarat,Free
U003679,18-24,Maharashtra,Free
U003680,25-34,Uttar Pradesh,Premium
U003681,45+,Punjab,Free
U003682,18-24,Kerala,Free
U003683,18-24,Punjab,Free
U003684,18-24,Maharashtra,Premium
U003685,18-24,West Bengal,Free
U003686,25-34,Kerala,Free
U003687,35-44,Maharashtra,Premium
U003688,18-24,Punjab,Free
U003689,18-24,Karnataka,Free
U003690,25-34,Uttar Pradesh,Free
U003691,18-24,Karnataka,Free
U003692,25-34,Maharashtra,Free
U003693,45+,Uttar Pradesh,Free
U003694,18-24,Maharashtra,Premium
U003695,25-34,Tamil Nadu,Free
U003696,35-44,Delhi,Free
U003697,25-34,Punjab,Free
U003698,35-44,Kerala,Premium
U003699,35-44,Delhi,Premium
U003700,25-34,West Bengal,Premium
U003701,25-34,Telangana,Free
U003702,35-44,Kerala,Free
U003703,25-34,Delhi,Premium
U003704,25-34,Karnataka,Free
U003705,25-34,Maharashtra,Premium
U003706,35-44,Gujarat,Free
U003707,18-24,Uttar Pradesh,Free
U003708,18-24,Tamil Nadu,Premium
U003709,18-24,Telangana,Premium
U003710,18-24,Delhi,Free
U003711,25-34,Gujarat,Free
U003712,18-24,Kerala,Free
U003713,25-34,Delhi,Free
U003714,25-34,Telangana,Free
U003715,18-24,Delhi,Premium
U003716,18-24,Telangana,Free
U003717,25-34,West Bengal,Free
U003718,35-44,Karnataka,Free
U003719,25-34,Tamil Nadu,Premium
U003720,18-24,Kerala,Free
U003721,18-24,Delhi,Free
U003722,18-24,Maharashtra,Free
U003723,18-24,Tamil Nadu,Free
U003724,45+,Tamil Nadu,Free
U003725,18-24,Punjab,Free
U003726,18-24,Tamil Nadu,Free
U003727,35-44,Delhi,Premium
U003728,25-34,Kerala,Free
U003729,25-34,Kerala,Free
U003730,25-34,Punjab,Free
U003731,45+,West Bengal,Premium
U003732,18-24,Punjab,Free
U003733,18-24,Karnataka,Free
U003734,35-44,Karnataka,Premium
U003735,35-44,Uttar Pradesh,Free
U003736,45+,Tamil Nadu,Premium
U003737,18-24,West Bengal,Free
U003738,45+,Punjab,Free
U003739,18-24,Uttar Pradesh,Free
U003740,35-44,West Bengal,Free
U003741,35-44,Delhi,Free
U003742,18-24,Karnataka,Free
U003743,18-24,Telangana,Free
U003744,25-34,Tamil Nadu,Premium
U003745,35-44,Gujarat,Premium
U003746,18-24,Telangana,Free
U003747,35-44,Telangana,Free
U003748,18-24,Karnataka,Premium
U003749,25-34,Gujarat,Free
U003750,18-24,Kerala,Free
U003751,45+,Kerala,Premium
U003752,18-24,West Bengal,Free
U003753,25-34,West Bengal,Free
U003754,18-24,Kerala,Premium
U003755,45+,Punjab,Free
U003756,35-44,Telangana,Premium
U003757,18-24,Delhi,Premium
U003758,18-24,Karnataka,Free
U003759,25-34,Punjab,Premium
U003760,25-34,Punjab,Free
U003761,35-44,Telangana,Premium
U003762,25-34,Tamil Nadu,Free
U003763,25-34,Tamil Nadu,Free
U003764,35-44,Gujarat,Premium
U003765,25-34,Karnataka,Premium
U003766,18-24,Delhi,Premium
U003767,18-24,Kerala,Premium
U003768,18-24,Punjab,Premium
U003769,25-34,Uttar Pradesh,Free
U003770,18-24,West Bengal,Premium
U003771,25-34,Punjab,Free
U003772,18-24,Telangana,Free
U003773,25-34,Uttar Pradesh,Free
U003774,18-24,Uttar Pradesh,Premium
U003775,25-34,Karnataka,Free
U003776,18-24,Maharashtra,Free
U003777,18-24,Maharashtra,Free
U003778,18-24,Gujarat,Free
U003779,25-34,West Bengal,Free
U003780,35-44,Kerala,Free
U003781,18-24,Kerala,Premium
U003782,35-44,Kerala,Premium
U003783,25-34,Telangana,Free
U003784,25-34,Karnataka,Free
U003785,25-34,Punjab,Premium
U003786,18-24,Karnataka,Free
U003787,35-44,Kerala,Free
U003788,35-44,Maharashtra,Free
U003789,35-44,Delhi,Free
U003790,18-24,Kerala,Free
U003791,25-34,West Bengal,Free
U003792,18-24,Delhi,Premium
U003793,25-34,Maharashtra,Free
U003794,18-24,Punjab,Free
U003795,18-24,Delhi,Free
U003796,25-34,Punjab,Premium
U003797,35-44,Gujarat,Free
U003798,18-24,Gujarat,Free
U003799,25-34,Punjab,Premium
U003800,25-34,Punjab,Free
U003801,45+,Gujarat,Free
U003802,25-34,Tamil Nadu,Free
U003803,18-24,Punjab,Free
U003804,18-24,Kerala,Free
U003805,25-34,Tamil Nadu,Premium
U003806,18-24,Gujarat,Free
U003807,45+,Gujarat,Free
U003808,45+,Kerala,Premium
U003809,45+,Uttar Pradesh,Free
U003810,18-24,Telangana,Premium
U003811,35-44,Telangana,Free
U003812,25-34,Maharashtra,Free
U003813,18-24,Delhi,Free
U003814,18-24,Delhi,Premium
U003815,18-24,Uttar Pradesh,Premium
U003816,25-34,Punjab,Free
U003817,45+,West Bengal,Premium
U003818,35-44,Tamil Nadu,Free
U003819,18-24,Kerala,Premium
U003820,25-34,Karnataka,Free
U003821,18-24,Uttar Pradesh,Free
U003822,18-24,Telangana,Free
U003823,18-24,Punjab,Free
U003824,25-34,Tamil Nadu,Free
U003825,25-34,Karnataka,Free
U003826,35-44,Kerala,Free
U003827,35-44,Karnataka,Free
U003828,18-24,Maharashtra,Free
U003829,35-44,Kerala,Free
U003830,18-24,Uttar Pradesh,Free
U003831,25-34,Punjab,Free
U003832,25-34,Gujarat,Free
U003833,18-24,Maharashtra,Premium
U003834,18-24,Karnataka,Premium
U003835,18-24,Maharashtra,Free
U003836,18-24,Karnataka,Free
U003837,45+,West Bengal,Free
U003838,18-24,Uttar Pradesh,Free
U003839,25-34,Gujarat,Free
U003840,45+,Uttar Pradesh,Free
U003841,25-34,West Bengal,Premium
U003842,25-34,Karnataka,Premium
U003843,45+,Uttar Pradesh,Free
U003844,18-24,Maharashtra,Premium
U003845,18-24,Gujarat,Premium
U003846,25-34,Uttar Pradesh,Free
U003847,25-34,Maharashtra,Premium
U003848,35-44,West Bengal,Free
U003849,18-24,Gujarat,Premium
U003850,25-34,West Bengal,Free
U003851,35-44,Uttar Pradesh,Free
U003852,45+,Punjab,Free
U003853,18-24,West Bengal,Free
U003854,18-24,Gujarat,Free
U003855,45+,Maharashtra,Premium
U003856,25-34,Telangana,Premium
U003857,18-24,Uttar Pradesh,Free
U003858,18-24,Tamil Nadu,Free
U003859,35-44,Gujarat,Free
U003860,25-34,Kerala,Free
U003861,25-34,Punjab,Free
U003862,35-44,Karnataka,Free
U003863,18-24,Tamil Nadu,Free
U003864,18-24,Tamil Nadu,Free
U003865,25-34,Telangana,Free
U003866,35-44,West Bengal,Premium
U003867,18-24,Tamil Nadu,Premium
U003868,25-34,West Bengal,Premium
U003869,18-24,West Bengal,Free
U003870,18-24,Uttar Pradesh,Free
U003871,45+,Gujarat,Free
U003872,18-24,Telangana,Premium
U003873,18-24,Delhi,Free
U003874,35-44,Karnataka,Premium
U003875,25-34,Karnataka,Free
U003876,25-34,Punjab,Premium
U003877,35-44,Uttar Pradesh,Premium
U003878,18-24,Telangana,Free
U003879,25-34,Uttar Pradesh,Free
U003880,18-24,Delhi,Free
U003881,18-24,Kerala,Free
U003882,25-34,Telangana,Free
U003883,18-24,Kerala,Free
U003884,35-44,Karnataka,Free
U003885,45+,Telangana,Premium
U003886,35-44,Karnataka,Free
U003887,18-24,West Bengal,Premium
U003888,18-24,Delhi,Free
U003889,35-44,West Bengal,Premium
U003890,25-34,Tamil Nadu,Free
U003891,35-44,Kerala,Free
U003892,35-44,Maharashtra,Premium
U003893,18-24,Delhi,Free
U003894,18-24,West Bengal,Premium
U003895,25-34,Karnataka,Free
U003896,25-34,Punjab,Free
U003897,18-24,Uttar Pradesh,Free
U003898,25-34,Uttar Pradesh,Free
U003899,35-44,Maharashtra,Free
U003900,25-34,Telangana,Free
U003901,18-24,West Bengal,Premium
U003902,35-44,Kerala,Free
U003903,35-44,Punjab,Free
U003904,45+,Gujarat,Free
U003905,18-24,West Bengal,Free
U003906,35-44,Gujarat,Free
U003907,35-44,West Bengal,Free
U003908,35-44,Gujarat,Premium
U003909,18-24,Maharashtra,Free
U003910,18-24,Punjab,Free
U003911,25-34,Telangana,Premium
U003912,18-24,Karnataka,Premium
U003913,18-24,Delhi,Free
U003914,45+,Kerala,Premium
U003915,18-24,Uttar Pradesh,Free
U003916,45+,Telangana,Premium
U003917,25-34,West Bengal,Free
U003918,35-44,West Bengal,Free
U003919,18-24,Tamil Nadu,Free
U003920,25-34,West Bengal,Free
U003921,25-34,Gujarat,Free
U003922,45+,Delhi,Free
U003923,18-24,Punjab,Premium
U003924,18-24,Delhi,Free
U003925,45+,Kerala,Free
U003926,18-24,West Bengal,Free
U003927,25-34,West Bengal,Premium
U003928,18-24,West Bengal,Free
U003929,18-24,Telangana,Free
U003930,25-34,Gujarat,Free
U003931,25-34,Delhi,Free
U003932,25-34,West Bengal,Free
U003933,25-34,Gujarat,Free
U003934,35-44,Punjab,Free
U003935,45+,Kerala,Free
U003936,18-24,Maharashtra,Premium
U003937,18-24,Delhi,Free
U003938,18-24,Karnataka,Free
U003939,35-44,Uttar Pradesh,Free
U003940,18-24,Karnataka,Free
U003941,25-34,Tamil Nadu,Free
U003942,25-34,Kerala,Free
U003943,25-34,Kerala,Free
U003944,35-44,West Bengal,Premium
U003945,25-34,Maharashtra,Free
U003946,25-34,Gujarat,Free
U003947,18-24,Punjab,Free
U003948,25-34,Telangana,Free
U003949,18-24,Kerala,Free
U003950,35-44,Punjab,Premium
U003951,25-34,West Bengal,Free
U003952,18-24,Telangana,Free
U003953,18-24,Delhi,Free
U003954,25-34,Punjab,Premium
U003955,45+,Kerala,Free
U003956,18-24,Maharashtra,Premium
U003957,18-24,Karnataka,Free
U003958,25-34,Tamil Nadu,Free
U003959,45+,Karnataka,Free
U003960,35-44,Tamil Nadu,Free
U003961,18-24,Uttar Pradesh,Premium
U003962,25-34,Maharashtra,Free
U003963,35-44,Uttar Pradesh,Free
U003964,35-44,Kerala,Premium
U003965,25-34,Uttar Pradesh,Premium
U003966,35-44,West Bengal,Free
U003967,25-34,Uttar Pradesh,Free
U003968,18-24,Maharashtra,Free
U003969,18-24,Kerala,Premium
U003970,25-34,Kerala,Free
U003971,18-24,Uttar Pradesh,Free
U003972,25-34,Maharashtra,Free
U003973,35-44,Telangana,Premium
U003974,35-44,Telangana,Free
U003975,18-24,Maharashtra,Free
U003976,18-24,West Bengal,Premium
U003977,25-34,Tamil Nadu,Free
U003978,25-34,Tamil Nadu,Free
U003979,18-24,West Bengal,Free
U003980,35-44,Kerala,Premium
U003981,18-24,West Bengal,Free
U003982,18-24,Karnataka,Premium
U003983,35-44,Uttar Pradesh,Free
U003984,25-34,Punjab,Free
U003985,25-34,Karnataka,Free
U003986,25-34,Tamil Nadu,Free
U003987,45+,Karnataka,Free
U003988,18-24,Karnataka,Premium
U003989,25-34,Uttar Pradesh,Free
U003990,18-24,Delhi,Free
U003991,25-34,Telangana,Free
U003992,25-34,Tamil Nadu,Free
U003993,25-34,Maharashtra,Premium
U003994,18-24,Punjab,Premium
U003995,35-44,Punjab,Premium
U003996,25-34,Tamil Nadu,Premium
U003997,35-44,Tamil Nadu,Free
U003998,25-34,Telangana,Premium
U003999,35-44,Karnataka,Premium
U004000,25-34,Kerala,Free
U004001,25-34,Karnataka,Free
U004002,35-44,Gujarat,Premium
U004003,35-44,Uttar Pradesh,Premium
U004004,25-34,West Bengal,Free
U004005,25-34,Delhi,Free
U004006,25-34,Gujarat,Free
U004007,25-34,Gujarat,Free
U004008,25-34,Telangana,Premium
U004009,35-44,Karnataka,Free
U004010,25-34,Kerala,Free
U004011,25-34,West Bengal,Free
U004012,25-34,Kerala,Free
U004013,45+,West Bengal,Premium
U004014,18-24,Gujarat,Premium
U004015,18-24,Uttar Pradesh,Free
U004016,18-24,Kerala,Free
U004017,25-34,Karnataka,Free
U004018,25-34,Uttar Pradesh,Premium
U004019,25-34,Gujarat,Premium
U004020,18-24,Tamil Nadu,Free
U004021,35-44,Maharashtra,Free
U004022,25-34,Uttar Pradesh,Free
U004023,25-34,Telangana,Premium
U004024,18-24,Tamil Nadu,Premium
U004025,18-24,West Bengal,Free
U004026,18-24,Maharashtra,Premium
U004027,25-34,Gujarat,Free
U004028,25-34,Delhi,Free
U004029,18-24,Punjab,Free
U004030,18-24,Telangana,Free
U004031,18-24,West Bengal,Free
U004032,25-34,Maharashtra,Free
U004033,18-24,Telangana,Premium
U004034,18-24,Delhi,Premium
U004035,18-24,Uttar Pradesh,Premium
U004036,25-34,Karnataka,Free
U004037,45+,Tamil Nadu,Free
U004038,25-34,West Bengal,Free
U004039,18-24,Delhi,Free
U004040,45+,Delhi,Premium
U004041,45+,Uttar Pradesh,Free
U004042,25-34,Telangana,Free
U004043,18-24,Punjab,Premium
U004044,35-44,West Bengal,Premium
U004045,45+,Gujarat,Free
U004046,35-44,Kerala,Free
U004047,25-34,Tamil Nadu,Free
U004048,25-34,West Bengal,Premium
U004049,45+,Gujarat,Free
U004050,18-24,Punjab,Premium
U004051,18-24,Kerala,Free
U004052,35-44,Uttar Pradesh,Free
U004053,18-24,Karnataka,Free
U004054,25-34,Gujarat,Free
U004055,18-24,Maharashtra,Free
U004056,18-24,Karnataka,Premium
U004057,18-24,Punjab,Free
U004058,25-34,Maharashtra,Free
U004059,25-34,West Bengal,Premium
U004060,25-34,Telangana,Free
U004061,18-24,Karnataka,Free
U004062,45+,Gujarat,Premium
U004063,25-34,Punjab,Free
U004064,45+,Gujarat,Free
U004065,25-34,West Bengal,Free
U004066,18-24,Gujarat,Free
U004067,35-44,Maharashtra,Free
U004068,35-44,Uttar Pradesh,Premium
U004069,18-24,Maharashtra,Free
U004070,25-34,Kerala,Premium
U004071,25-34,Kerala,Premium
U004072,18-24,Delhi,Free
U004073,25-34,Maharashtra,Free
U004074,18-24,Maharashtra,Free
U004075,18-24,Delhi,Free
U004076,35-44,Delhi,Premium
U004077,25-34,Uttar Pradesh,Free
U004078,35-44,Punjab,Free
U004079,35-44,Gujarat,Free
U004080,45+,Maharashtra,Free
U004081,25-34,West Bengal,Free
U004082,25-34,Tamil Nadu,Free
U004083,18-24,Telangana,Free
U004084,25-34,Kerala,Premium
U004085,25-34,Punjab,Free
U004086,35-44,Maharashtra,Free
U004087,25-34,Punjab,Premium
U004088,18-24,Gujarat,Premium
U004089,35-44,Telangana,Free
U004090,35-44,Uttar Pradesh,Premium
U004091,25-34,Gujarat,Free
U004092,25-34,Delhi,Premium
U004093,25-34,Maharashtra,Premium
U004094,35-44,Maharashtra,Free
U004095,25-34,Delhi,Free
U004096,25-34,Tamil Nadu,Free
U004097,18-24,Maharashtra,Free
U004098,18-24,Gujarat,Free
U004099,35-44,Tamil Nadu,Premium
U004100,25-34,Kerala,Free
U004101,18-24,Gujarat,Free
U004102,18-24,Maharashtra,Free
U004103,25-34,Tamil Nadu,Free
U004104,35-44,West Bengal,Free
U004105,25-34,Uttar Pradesh,Premium
U004106,35-44,Gujarat,Free
U004107,35-44,Punjab,Free
U004108,18-24,Punjab,Free
U004109,35-44,Kerala,Free
U004110,18-24,West Bengal,Free
U004111,25-34,Punjab,Free
U004112,18-24,Tamil Nadu,Free
U004113,18-24,Uttar Pradesh,Free
U004114,18-24,Punjab,Free
U004115,18-24,Karnataka,Premium
U004116,35-44,Uttar Pradesh,Premium
U004117,25-34,West Bengal,Free
U004118,45+,Punjab,Free
U004119,25-34,Punjab,Free
U004120,25-34,Gujarat,Free
U004121,18-24,Punjab,Free
U004122,25-34,Kerala,Premium
U004123,25-34,Tamil Nadu,Free
U004124,45+,Punjab,Free
U004125,45+,Karnataka,Free
U004126,18-24,Kerala,Free
U004127,25-34,Gujarat,Free
U004128,25-34,Maharashtra,Premium
U004129,25-34,Uttar Pradesh,Free
U004130,18-24,Punjab,Premium
U004131,25-34,West Bengal,Premium
U004132,35-44,Punjab,Free
U004133,18-24,Punjab,Free
U004134,25-34,Gujarat,Free
U004135,18-24,Kerala,Free
U004136,45+,Uttar Pradesh,Premium
U004137,18-24,Maharashtra,Premium
U004138,18-24,Punjab,Free
U004139,18-24,Maharashtra,Premium
U004140,35-44,Tamil Nadu,Free
U004141,35-44,Tamil Nadu,Premium
U004142,18-24,Uttar Pradesh,Premium
U004143,18-24,Punjab,Premium
U004144,35-44,West Bengal,Free
U004145,25-34,Uttar Pradesh,Free
U004146,18-24,Maharashtra,Premium
U004147,45+,Tamil Nadu,Free
U004148,18-24,Karnataka,Free
U004149,25-34,Maharashtra,Free
U004150,18-24,Tamil Nadu,Premium
U004151,35-44,Punjab,Premium
U004152,35-44,Karnataka,Free
U004153,25-34,Punjab,Free
U004154,25-34,Telangana,Premium
U004155,45+,Karnataka,Free
U004156,35-44,Kerala,Free
U004157,25-34,Karnataka,Free
U004158,25-34,West Bengal,Free
U004159,35-44,Telangana,Free
U004160,18-24,Karnataka,Free
U004161,18-24,Gujarat,Premium
U004162,18-24,Kerala,Free
U004163,35-44,Telangana,Free
U004164,18-24,Telangana,Free
U004165,18-24,Kerala,Free
U004166,25-34,Kerala,Free
U004167,18-24,Kerala,Free
U004168,18-24,Delhi,Free
U004169,25-34,Punjab,Free
U004170,18-24,Tamil Nadu,Free
U004171,45+,Telangana,Free
U004172,18-24,Karnataka,Free
U004173,35-44,Gujarat,Free
U004174,25-34,Karnataka,Free
U004175,18-24,Telangana,Free
U004176,18-24,West Bengal,Free
U004177,25-34,Karnataka,Free
U004178,25-34,Telangana,Free
U004179,18-24,Kerala,Premium
U004180,45+,Karnataka,Free
U004181,25-34,Uttar Pradesh,Premium
U004182,45+,Telangana,Free
U004183,18-24,Kerala,Free
U004184,18-24,Kerala,Free
U004185,25-34,Gujarat,Free
U004186,18-24,West Bengal,Free
U004187,18-24,Telangana,Free
U004188,18-24,Kerala,Premium
U004189,18-24,Tamil Nadu,Free
U004190,35-44,Gujarat,Premium
U004191,18-24,Telangana,Free
U004192,45+,Kerala,Free
U004193,18-24,Punjab,Premium
U004194,25-34,Delhi,Free
U004195,25-34,Telangana,Free
U004196,25-34,Gujarat,Free
U004197,35-44,Kerala,Free
U004198,35-44,Karnataka,Free
U004199,18-24,Gujarat,Free
U004200,25-34,West Bengal,Premium
U004201,35-44,Telangana,Premium
U004202,18-24,Uttar Pradesh,Free
U004203,25-34,Kerala,Free
U004204,18-24,Punjab,Premium
U004205,25-34,Maharashtra,Free
U004206,25-34,Punjab,Premium
U004207,25-34,Delhi,Free
U004208,35-44,Delhi,Free
U004209,25-34,Telangana,Free
U004210,45+,Uttar Pradesh,Free
U004211,35-44,West Bengal,Free
U004212,25-34,Tamil Nadu,Premium
U004213,25-34,Punjab,Premium
U004214,25-34,Kerala,Premium
U004215,35-44,Telangana,Premium
U004216,18-24,Maharashtra,Free
U004217,45+,Tamil Nadu,Free
U004218,25-34,Delhi,Free
U004219,25-34,Tamil Nadu,Free
U004220,25-34,Maharashtra,Premium
U004221,25-34,Punjab,Free
U004222,25-34,Gujarat,Premium
U004223,25-34,Delhi,Free
U004224,18-24,Delhi,Free
U004225,25-34,Punjab,Free
U004226,25-34,Uttar Pradesh,Free
U004227,25-34,Uttar Pradesh,Free
U004228,25-34,West Bengal,Free
U004229,18-24,Kerala,Free
U004230,35-44,Uttar Pradesh,Free
U004231,25-34,Punjab,Free
U004232,25-34,Tamil Nadu,Premium
U004233,25-34,Maharashtra,Free
U004234,25-34,Telangana,Free
U004235,35-44,Uttar Pradesh,Premium
U004236,18-24,Maharashtra,Free
U004237,18-24,Kerala,Premium
U004238,25-34,Tamil Nadu,Premium
U004239,18-24,Uttar Pradesh,Free
U004240,18-24,Telangana,Free
U004241,18-24,Tamil Nadu,Premium
U004242,18-24,Delhi,Free
U004243,45+,Telangana,Free
U004244,18-24,Uttar Pradesh,Free
U004245,18-24,Maharashtra,Free
U004246,45+,Maharashtra,Free
U004247,45+,Gujarat,Premium
U004248,18-24,Punjab,Free
U004249,35-44,West Bengal,Free
U004250,18-24,West Bengal,Free
U004251,35-44,Tamil Nadu,Free
U004252,18-24,Tamil Nadu,Premium
U004253,25-34,West Bengal,Premium
U004254,18-24,Punjab,Free
U004255,35-44,Delhi,Free
U004256,18-24,Uttar Pradesh,Premium
U004257,25-34,Maharashtra,Free
U004258,25-34,Delhi,Free
U004259,18-24,Kerala,Free
U004260,35-44,Telangana,Free
U004261,25-34,Karnataka,Premium
U004262,18-24,Delhi,Premium
U004263,18-24,Karnataka,Free
U004264,18-24,Maharashtra,Free
U004265,18-24,Telangana,Premium
U004266,25-34,Tamil Nadu,Premium
U004267,25-34,Uttar Pradesh,Premium
U004268,25-34,Gujarat,Premium
U004269,25-34,Tamil Nadu,Free
U004270,35-44,Telangana,Free
U004271,18-24,West Bengal,Free
U004272,25-34,Punjab,Free
U004273,35-44,West Bengal,Free
U004274,18-24,Maharashtra,Premium
U004275,25-34,Uttar Pradesh,Premium
U004276,45+,Uttar Pradesh,Free
U004277,25-34,Gujarat,Free
U004278,45+,Punjab,Free
U004279,18-24,Kerala,Free
U004280,25-34,Telangana,Premium
U004281,18-24,Uttar Pradesh,Premium
U004282,18-24,Maharashtra,Premium
U004283,45+,Karnataka,Free
U004284,18-24,Maharashtra,Free
U004285,45+,Uttar Pradesh,Premium
U004286,25-34,Delhi,Free
U004287,45+,Maharashtra,Free
U004288,45+,Delhi,Free
U004289,25-34,Uttar Pradesh,Free
U004290,45+,Telangana,Free
U004291,35-44,Delhi,Free
U004292,25-34,Karnataka,Premium
U004293,25-34,Tamil Nadu,Free
U004294,18-24,Gujarat,Free
U004295,18-24,Punjab,Free
U004296,18-24,Delhi,Premium
U004297,25-34,Kerala,Free
U004298,18-24,Tamil Nadu,Free
U004299,25-34,Delhi,Free
U004300,25-34,Tamil Nadu,Free
U004301,25-34,Tamil Nadu,Free
U004302,35-44,Punjab,Premium
U004303,45+,Punjab,Free
U004304,35-44,Maharashtra,Free
U004305,25-34,Gujarat,Free
U004306,18-24,Maharashtra,Free
U004307,45+,Telangana,Free
U004308,18-24,Maharashtra,Free
U004309,18-24,Gujarat,Free
U004310,18-24,Karnataka,Free
U004311,25-34,Uttar Pradesh,Free
U004312,25-34,Maharashtra,Free
U004313,18-24,Karnataka,Premium
U004314,35-44,Karnataka,Free
U004315,18-24,Maharashtra,Premium
U004316,18-24,Tamil Nadu,Free
U004317,18-24,Tamil Nadu,Free
U004318,18-24,Tamil Nadu,Free
U004319,35-44,Telangana,Free
U004320,18-24,Delhi,Free
U004321,18-24,Punjab,Free
U004322,18-24,Tamil Nadu,Premium
U004323,35-44,West Bengal,Free
U004324,45+,Karnataka,Free
U004325,25-34,Tamil Nadu,Premium
U004326,25-34,Uttar Pradesh,Free
U004327,45+,West Bengal,Premium
U004328,18-24,Maharashtra,Premium
U004329,18-24,Karnataka,Free
U004330,25-34,Maharashtra,Free
U004331,18-24,Gujarat,Premium
U004332,25-34,Gujarat,Premium
U004333,25-34,Tamil Nadu,Premium
U004334,18-24,Punjab,Free
U004335,25-34,Kerala,Free
U004336,25-34,Delhi,Free
U004337,18-24,Kerala,Free
U004338,35-44,Gujarat,Free
U004339,35-44,Delhi,Premium
U004340,18-24,Telangana,Free
U004341,18-24,Delhi,Premium
U004342,18-24,West Bengal,Free
U004343,18-24,West Bengal,Premium
U004344,18-24,Maharashtra,Free
U004345,18-24,Uttar Pradesh,Premium
U004346,35-44,Punjab,Free
U004347,35-44,Tamil Nadu,Free
U004348,35-44,Punjab,Premium
U004349,25-34,Uttar Pradesh,Free
U004350,35-44,Kerala,Free
U004351,35-44,Uttar Pradesh,Free
U004352,35-44,Karnataka,Premium
U004353,35-44,Telangana,Premium
U004354,35-44,Telangana,Free
U004355,35-44,Punjab,Free
U004356,25-34,Uttar Pradesh,Free
U004357,18-24,Gujarat,Free
U004358,18-24,Uttar Pradesh,Free
U004359,25-34,Tamil Nadu,Free
U004360,18-24,Delhi,Free
U004361,18-24,Delhi,Premium
U004362,18-24,Telangana,Premium
U004363,18-24,Gujarat,Free
U004364,45+,West Bengal,Free
U004365,25-34,Kerala,Free
U004366,18-24,Kerala,Free
U004367,25-34,Gujarat,Free
U004368,18-24,Uttar Pradesh,Free
U004369,25-34,Karnataka,Free
U004370,25-34,Kerala,Premium
U004371,18-24,Punjab,Free
U004372,25-34,West Bengal,Premium
U004373,18-24,Maharashtra,Free
U004374,25-34,Maharashtra,Free
U004375,45+,Delhi,Free
U004376,45+,Telangana,Premium
U004377,18-24,Uttar Pradesh,Free
U004378,35-44,Telangana,Free
U004379,35-44,Telangana,Premium
U004380,35-44,West Bengal,Free
U004381,18-24,Gujarat,Free
U004382,25-34,Telangana,Free
U004383,18-24,Kerala,Premium
U004384,18-24,Tamil Nadu,Free
U004385,25-34,Uttar Pradesh,Free
U004386,25-34,Tamil Nadu,Premium
U004387,18-24,Gujarat,Free
U004388,35-44,Uttar Pradesh,Free
U004389,25-34,Gujarat,Free
U004390,45+,Karnataka,Free
U004391,35-44,Karnataka,Free
U004392,35-44,Kerala,Free
U004393,35-44,Uttar Pradesh,Free
U004394,18-24,West Bengal,Free
U004395,18-24,Kerala,Free
U004396,45+,Tamil Nadu,Free
U004397,18-24,Gujarat,Premium
U004398,25-34,Tamil Nadu,Free
U004399,25-34,West Bengal,Premium
U004400,18-24,Telangana,Premium
U004401,18-24,Gujarat,Free
U004402,25-34,Kerala,Free
U004403,25-34,Gujarat,Premium
U004404,25-34,Delhi,Premium
U004405,18-24,Punjab,Premium
U004406,25-34,Uttar Pradesh,Free
U004407,18-24,Delhi,Premium
U004408,25-34,Kerala,Free
U004409,18-24,West Bengal,Free
U004410,18-24,Karnataka,Premium
U004411,35-44,Maharashtra,Free
U004412,18-24,Maharashtra,Free
U004413,35-44,Gujarat,Free
U004414,18-24,Delhi,Premium
U004415,18-24,Kerala,Free
U004416,18-24,Delhi,Free
U004417,35-44,Karnataka,Free
U004418,25-34,Delhi,Free
U004419,18-24,West Bengal,Free
U004420,25-34,Delhi,Free
U004421,25-34,West Bengal,Free
U004422,35-44,Uttar Pradesh,Free
U004423,45+,Kerala,Free
U004424,25-34,West Bengal,Free
U004425,25-34,Uttar Pradesh,Premium
U004426,18-24,Gujarat,Free
U004427,45+,Kerala,Free
U004428,25-34,Telangana,Premium
U004429,18-24,Karnataka,Premium
U004430,45+,West Bengal,Free
U004431,45+,Delhi,Free
U004432,25-34,Gujarat,Free
U004433,18-24,Gujarat,Free
U004434,25-34,Punjab,Premium
U004435,35-44,Kerala,Free
U004436,25-34,West Bengal,Free
U004437,18-24,Gujarat,Free
U004438,18-24,Gujarat,Free
U004439,18-24,Kerala,Free
U004440,18-24,Uttar Pradesh,Free
U004441,35-44,Karnataka,Free
U004442,18-24,Tamil Nadu,Free
U004443,25-34,Delhi,Free
U004444,35-44,Gujarat,Free
U004445,25-34,Punjab,Free
U004446,18-24,Telangana,Free
U004447,45+,Delhi,Free
U004448,18-24,Punjab,Free
U004449,35-44,West Bengal,Free
U004450,18-24,Punjab,Free
U004451,25-34,Telangana,Free
U004452,25-34,Tamil Nadu,Premium
U004453,25-34,West Bengal,Free
U004454,25-34,Punjab,Free
U004455,18-24,Tamil Nadu,Free
U004456,25-34,Maharashtra,Free
U004457,18-24,Telangana,Free
U004458,35-44,Delhi,Premium
U004459,25-34,Kerala,Free
U004460,25-34,Gujarat,Free
U004461,18-24,Tamil Nadu,Premium
U004462,25-34,Gujarat,Free
U004463,25-34,Karnataka,Free
U004464,18-24,Gujarat,Premium
U004465,25-34,Telangana,Premium
U004466,18-24,Telangana,Free
U004467,18-24,Tamil Nadu,Free
U004468,35-44,Uttar Pradesh,Free
U004469,18-24,Kerala,Free
U004470,18-24,Tamil Nadu,Premium
U004471,25-34,Kerala,Free
U004472,35-44,Tamil Nadu,Free
U004473,18-24,Gujarat,Free
U004474,18-24,Tamil Nadu,Free
U004475,25-34,Gujarat,Free
U004476,25-34,Punjab,Free
U004477,25-34,Telangana,Free
U004478,25-34,West Bengal,Free
U004479,35-44,Telangana,Premium
U004480,45+,Tamil Nadu,Free
U004481,18-24,Maharashtra,Premium
U004482,18-24,Uttar Pradesh,Free
U004483,18-24,Punjab,Premium
U004484,18-24,Delhi,Free
U004485,25-34,Gujarat,Free
U004486,35-44,Maharashtra,Premium
U004487,18-24,Kerala,Free
U004488,18-24,Karnataka,Free
U004489,25-34,Kerala,Premium
U004490,45+,Punjab,Free
U004491,18-24,Kerala,Premium
U004492,35-44,Uttar Pradesh,Free
U004493,35-44,Telangana,Premium
U004494,25-34,Telangana,Premium
U004495,25-34,West Bengal,Free
U004496,25-34,Karnataka,Free
U004497,18-24,Telangana,Free
U004498,25-34,West Bengal,Free
U004499,18-24,Maharashtra,Free
U004500,35-44,Tamil Nadu,Free
U004501,35-44,Telangana,Free
U004502,18-24,Punjab,Premium
U004503,25-34,Tamil Nadu,Premium
U004504,18-24,Karnataka,Free
U004505,18-24,Telangana,Free
U004506,25-34,Punjab,Premium
U004507,18-24,Gujarat,Free
U004508,35-44,West Bengal,Premium
U004509,18-24,West Bengal,Free
U004510,35-44,Gujarat,Free
U004511,25-34,Maharashtra,Free
U004512,25-34,Punjab,Free
U004513,35-44,Delhi,Free
U004514,25-34,West Bengal,Free
U004515,18-24,Karnataka,Free
U004516,35-44,Kerala,Free
U004517,18-24,Uttar Pradesh,Free
U004518,18-24,Karnataka,Free
U004519,25-34,Karnataka,Free
U004520,25-34,Tamil Nadu,Free
U004521,25-34,Tamil Nadu,Premium
U004522,35-44,Karnataka,Free
U004523,25-34,Karnataka,Free
U004524,18-24,Karnataka,Premium
U004525,18-24,Tamil Nadu,Premium
U004526,18-24,Tamil Nadu,Free
U004527,35-44,Tamil Nadu,Premium
U004528,18-24,Punjab,Premium
U004529,25-34,West Bengal,Premium
U004530,25-34,Tamil Nadu,Free
U004531,35-44,Punjab,Free
U004532,18-24,Kerala,Premium
U004533,18-24,Gujarat,Free
U004534,45+,Karnataka,Premium
U004535,25-34,Telangana,Free
U004536,25-34,Uttar Pradesh,Premium
U004537,35-44,Karnataka,Premium
U004538,45+,Punjab,Free
U004539,18-24,Karnataka,Free
U004540,45+,Tamil Nadu,Premium
U004541,18-24,Tamil Nadu,Premium
U004542,45+,West Bengal,Premium
U004543,18-24,Punjab,Premium
U004544,18-24,Telangana,Free
U004545,18-24,Delhi,Free
U004546,35-44,Uttar Pradesh,Free
U004547,45+,Punjab,Free
U004548,18-24,Karnataka,Free
U004549,18-24,Delhi,Free
U004550,18-24,Karnataka,Free
U004551,18-24,Uttar Pradesh,Free
U004552,35-44,Telangana,Free
U004553,18-24,West Bengal,Free
U004554,45+,Telangana,Free
U004555,45+,Karnataka,Free
U004556,18-24,Kerala,Free
U004557,25-34,Karnataka,Free
U004558,45+,Kerala,Premium
U004559,35-44,Uttar Pradesh,Free
U004560,35-44,Maharashtra,Premium
U004561,18-24,Delhi,Premium
U004562,18-24,Kerala,Free
U004563,35-44,Delhi,Free
U004564,25-34,Kerala,Premium
U004565,25-34,Punjab,Free
U004566,35-44,Telangana,Premium
U004567,25-34,West Bengal,Free
U004568,18-24,Karnataka,Free
U004569,25-34,Gujarat,Premium
U004570,35-44,Uttar Pradesh,Free
U004571,18-24,Punjab,Free
U004572,18-24,Kerala,Free
U004573,45+,West Bengal,Premium
U004574,25-34,Punjab,Free
U004575,25-34,Gujarat,Free
U004576,35-44,Karnataka,Free
U004577,25-34,Punjab,Free
U004578,45+,Kerala,Free
U004579,35-44,Delhi,Free
U004580,18-24,Uttar Pradesh,Free
U004581,25-34,Karnataka,Free
U004582,18-24,Tamil Nadu,Free
U004583,25-34,West Bengal,Free
U004584,25-34,Gujarat,Free
U004585,25-34,Kerala,Free
U004586,45+,Karnataka,Free
U004587,25-34,Kerala,Free
U004588,35-44,Karnataka,Premium
U004589,25-34,Telangana,Free
U004590,25-34,West Bengal,Premium
U004591,18-24,Telangana,Free
U004592,25-34,Maharashtra,Premium
U004593,25-34,Maharashtra,Free
U004594,18-24,Delhi,Free
U004595,35-44,Maharashtra,Free
U004596,25-34,Kerala,Premium
U004597,18-24,Delhi,Premium
U004598,35-44,Punjab,Premium
U004599,18-24,Karnataka,Free
U004600,25-34,Delhi,Free
U004601,25-34,Gujarat,Premium
U004602,18-24,Maharashtra,Free
U004603,25-34,Delhi,Free
U004604,18-24,Punjab,Free
U004605,18-24,Maharashtra,Free
U004606,25-34,Punjab,Free
U004607,18-24,Delhi,Premium
U004608,45+,Karnataka,Premium
U004609,25-34,Delhi,Free
U004610,18-24,Uttar Pradesh,Premium
U004611,45+,Kerala,Premium
U004612,25-34,West Bengal,Free
U004613,25-34,Telangana,Premium
U004614,25-34,West Bengal,Premium
U004615,35-44,Uttar Pradesh,Premium
U004616,18-24,Delhi,Free
U004617,18-24,Telangana,Free
U004618,45+,Delhi,Free
U004619,18-24,Tamil Nadu,Free
U004620,35-44,Gujarat,Free
U004621,25-34,West Bengal,Free
U004622,25-34,West Bengal,Free
U004623,35-44,Maharashtra,Free
U004624,45+,Gujarat,Premium
U004625,18-24,Kerala,Free
U004626,25-34,Karnataka,Free
U004627,35-44,Karnataka,Free
U004628,18-24,Telangana,Premium
U004629,35-44,Kerala,Free
U004630,25-34,Telangana,Free
U004631,18-24,Gujarat,Free
U004632,35-44,Punjab,Free
U004633,45+,West Bengal,Premium
U004634,18-24,Gujarat,Free
U004635,35-44,Kerala,Free
U004636,18-24,Karnataka,Free
U004637,18-24,Tamil Nadu,Premium
U004638,18-24,Tamil Nadu,Free
U004639,35-44,Karnataka,Free
U004640,18-24,Delhi,Free
U004641,18-24,Delhi,Free
U004642,35-44,West Bengal,Free
U004643,25-34,Punjab,Free
U004644,18-24,Kerala,Premium
U004645,18-24,Kerala,Free
U004646,35-44,Tamil Nadu,Free
U004647,25-34,Karnataka,Free
U004648,35-44,Uttar Pradesh,Premium
U004649,18-24,Maharashtra,Free
U004650,25-34,Punjab,Free
U004651,35-44,West Bengal,Premium
U004652,18-24,Gujarat,Free
U004653,18-24,Tamil Nadu,Premium
U004654,25-34,Kerala,Free
U004655,18-24,Punjab,Premium
U004656,18-24,Uttar Pradesh,Free
U004657,45+,Telangana,Free
U004658,25-34,Kerala,Premium
U004659,25-34,Delhi,Free
U004660,18-24,Tamil Nadu,Free
U004661,25-34,Kerala,Free
U004662,25-34,Tamil Nadu,Free
U004663,45+,Uttar Pradesh,Free
U004664,25-34,Gujarat,Free
U004665,35-44,Delhi,Free
U004666,18-24,Gujarat,Premium
U004667,25-34,Karnataka,Free
U004668,45+,Telangana,Free
U004669,25-34,Tamil Nadu,Free
U004670,35-44,Kerala,Premium
U004671,35-44,Tamil Nadu,Premium
U004672,45+,Tamil Nadu,Free
U004673,18-24,Telangana,Premium
U004674,18-24,Punjab,Free
U004675,25-34,Tamil Nadu,Free
U004676,45+,Maharashtra,Free
U004677,25-34,Maharashtra,Premium
U004678,18-24,West Bengal,Premium
U004679,25-34,Punjab,Free
U004680,18-24,West Bengal,Free
U004681,18-24,Kerala,Free
U004682,18-24,West Bengal,Free
U004683,18-24,Tamil Nadu,Free
U004684,35-44,Telangana,Premium
U004685,18-24,Kerala,Free
U004686,18-24,Karnataka,Free
U004687,25-34,Tamil Nadu,Premium
U004688,18-24,Punjab,Free
U004689,25-34,Punjab,Free
U004690,18-24,Maharashtra,Free
U004691,18-24,Maharashtra,Premium
U004692,25-34,Delhi,Free
U004693,18-24,Kerala,Free
U004694,18-24,West Bengal,Free
U004695,18-24,Maharashtra,Premium
U004696,18-24,Kerala,Free
U004697,18-24,Kerala,Free
U004698,18-24,Uttar Pradesh,Premium
U004699,18-24,Uttar Pradesh,Free
U004700,18-24,Maharashtra,Free
U004701,35-44,Telangana,Free
U004702,18-24,Gujarat,Free
U004703,18-24,Punjab,Premium
U004704,25-34,Telangana,Premium
U004705,18-24,Maharashtra,Free
U004706,35-44,Karnataka,Free
U004707,18-24,Uttar Pradesh,Free
U004708,25-34,Kerala,Free
U004709,45+,Punjab,Free
U004710,18-24,Uttar Pradesh,Premium
U004711,18-24,Punjab,Free
U004712,25-34,Karnataka,Free
U004713,45+,Tamil Nadu,Free
U004714,25-34,West Bengal,Premium
U004715,25-34,Punjab,Free
U004716,18-24,Punjab,Premium
U004717,25-34,West Bengal,Free
U004718,18-24,Punjab,Free
U004719,25-34,Delhi,Free
U004720,18-24,Delhi,Premium
U004721,25-34,Karnataka,Free
U004722,18-24,Maharashtra,Free
U004723,25-34,Maharashtra,Premium
U004724,35-44,Kerala,Free
U004725,35-44,Telangana,Free
U004726,45+,Delhi,Free
U004727,25-34,Punjab,Free
U004728,25-34,West Bengal,Premium
U004729,18-24,Gujarat,Free
U004730,45+,Gujarat,Free
U004731,25-34,Punjab,Free
U004732,25-34,Gujarat,Premium
U004733,25-34,Tamil Nadu,Free
U004734,35-44,Punjab,Free
U004735,35-44,Telangana,Premium
U004736,35-44,Delhi,Premium
U004737,25-34,Tamil Nadu,Free
U004738,25-34,Tamil Nadu,Free
U004739,45+,Telangana,Premium
U004740,25-34,Delhi,Free
U004741,25-34,Maharashtra,Premium
U004742,25-34,Karnataka,Free
U004743,25-34,Uttar Pradesh,Free
U004744,35-44,Telangana,Free
U004745,25-34,Telangana,Free
U004746,35-44,West Bengal,Free
U004747,35-44,Telangana,Free
U004748,25-34,Punjab,Premium
U004749,18-24,Uttar Pradesh,Free
U004750,25-34,Punjab,Free
U004751,25-34,West Bengal,Free
U004752,25-34,Gujarat,Free
U004753,35-44,West Bengal,Free
U004754,18-24,Uttar Pradesh,Free
U004755,18-24,Delhi,Free
U004756,35-44,West Bengal,Free
U004757,45+,Maharashtra,Free
U004758,25-34,Telangana,Premium
U004759,18-24,Delhi,Free
U004760,25-34,West Bengal,Free
U004761,25-34,Karnataka,Free
U004762,25-34,Delhi,Free
U004763,18-24,Gujarat,Premium
U004764,18-24,Gujarat,Premium
U004765,25-34,Delhi,Premium
U004766,25-34,Punjab,Premium
U004767,25-34,Maharashtra,Premium
U004768,25-34,West Bengal,Free
U004769,18-24,Gujarat,Free
U004770,25-34,Punjab,Free
U004771,45+,Tamil Nadu,Premium
U004772,25-34,Kerala,Premium
U004773,25-34,Tamil Nadu,Premium
U004774,25-34,Kerala,Premium
U004775,35-44,Kerala,Premium
U004776,25-34,Kerala,Free
U004777,25-34,Kerala,Free
U004778,35-44,Tamil Nadu,Premium
U004779,18-24,Karnataka,Free
U004780,25-34,West Bengal,Free
U004781,25-34,Delhi,Free
U004782,45+,Telangana,Free
U004783,35-44,Maharashtra,Premium
U004784,18-24,Kerala,Premium
U004785,35-44,West Bengal,Free
U004786,35-44,Tamil Nadu,Free
U004787,25-34,Karnataka,Free
U004788,18-24,Telangana,Free
U004789,18-24,West Bengal,Free
U004790,25-34,West Bengal,Free
U004791,25-34,Uttar Pradesh,Free
U004792,35-44,Delhi,Free
U004793,18-24,Maharashtra,Free
U004794,25-34,West Bengal,Premium
U004795,18-24,Delhi,Free
U004796,25-34,Delhi,Free
U004797,18-24,Punjab,Premium
U004798,25-34,Kerala,Free
U004799,18-24,Maharashtra,Premium
U004800,25-34,Karnataka,Free
U004801,18-24,Delhi,Free
U004802,35-44,Gujarat,Free
U004803,18-24,Kerala,Premium
U004804,25-34,Maharashtra,Premium
U004805,25-34,Punjab,Free
U004806,18-24,Tamil Nadu,Premium
U004807,18-24,Tamil Nadu,Free
U004808,18-24,Delhi,Free
U004809,25-34,Tamil Nadu,Free
U004810,45+,Gujarat,Free
U004811,18-24,Punjab,Free
U004812,35-44,Delhi,Free
U004813,25-34,Karnataka,Free
U004814,25-34,Tamil Nadu,Free
U004815,25-34,Punjab,Free
U004816,45+,Delhi,Free
U004817,25-34,Maharashtra,Free
U004818,35-44,Kerala,Free
U004819,18-24,Delhi,Free
U004820,35-44,Punjab,Free
U004821,45+,Kerala,Free
U004822,45+,Telangana,Free
U004823,18-24,Maharashtra,Free
U004824,35-44,Delhi,Free
U004825,18-24,Tamil Nadu,Free
U004826,25-34,Karnataka,Free
U004827,18-24,Uttar Pradesh,Free
U004828,25-34,Delhi,Premium
U004829,25-34,Maharashtra,Free
U004830,18-24,Telangana,Free
U004831,18-24,Uttar Pradesh,Premium
U004832,18-24,Maharashtra,Free
U004833,25-34,Gujarat,Free
U004834,35-44,Uttar Pradesh,Free
U004835,35-44,Tamil Nadu,Premium
U004836,35-44,Tamil Nadu,Free
U004837,35-44,Uttar Pradesh,Free
U004838,25-34,West Bengal,Free
U004839,25-34,Telangana,Free
U004840,25-34,Punjab,Free
U004841,18-24,Uttar Pradesh,Premium
U004842,25-34,Punjab,Free
U004843,35-44,Karnataka,Free
U004844,25-34,Gujarat,Premium
U004845,35-44,Telangana,Free
U004846,18-24,Kerala,Free
U004847,35-44,Uttar Pradesh,Free
U004848,18-24,West Bengal,Premium
U004849,35-44,Delhi,Free
U004850,18-24,Kerala,Free
U004851,25-34,Telangana,Free
U004852,25-34,Delhi,Free
U004853,18-24,Delhi,Free
U004854,25-34,Uttar Pradesh,Free
U004855,18-24,Delhi,Premium
U004856,25-34,Tamil Nadu,Premium
U004857,45+,Uttar Pradesh,Premium
U004858,18-24,Gujarat,Free
U004859,25-34,Gujarat,Free
U004860,35-44,Kerala,Free
U004861,25-34,Tamil Nadu,Free
U004862,35-44,Punjab,Premium
U004863,25-34,Gujarat,Free
U004864,25-34,Telangana,Free
U004865,18-24,Karnataka,Premium
U004866,18-24,Uttar Pradesh,Free
U004867,25-34,Karnataka,Premium
U004868,35-44,Maharashtra,Free
U004869,18-24,West Bengal,Premium
U004870,45+,Tamil Nadu,Premium
U004871,25-34,West Bengal,Free
U004872,25-34,West Bengal,Free
U004873,35-44,West Bengal,Free
U004874,35-44,Karnataka,Premium
U004875,25-34,Punjab,Free
U004876,18-24,Karnataka,Premium
U004877,18-24,Uttar Pradesh,Premium
U004878,18-24,Kerala,Free
U004879,35-44,Karnataka,Free
U004880,18-24,Uttar Pradesh,Free
U004881,25-34,Kerala,Free
U004882,18-24,Telangana,Free
U004883,25-34,Gujarat,Free
U004884,25-34,Uttar Pradesh,Free
U004885,25-34,Telangana,Free
U004886,25-34,Delhi,Free
U004887,45+,Tamil Nadu,Free
U004888,35-44,Punjab,Free
U004889,25-34,West Bengal,Premium
U004890,18-24,Maharashtra,Free
U004891,45+,Tamil Nadu,Free
U004892,35-44,Tamil Nadu,Premium
U004893,35-44,Karnataka,Premium
U004894,25-34,West Bengal,Free
U004895,18-24,Telangana,Premium
U004896,35-44,Punjab,Free
U004897,25-34,Gujarat,Premium
U004898,18-24,Tamil Nadu,Free
U004899,25-34,Delhi,Free
U004900,25-34,West Bengal,Premium
U004901,18-24,Karnataka,Free
U004902,25-34,West Bengal,Free
U004903,25-34,Kerala,Premium
U004904,25-34,West Bengal,Free
U004905,18-24,Uttar Pradesh,Free
U004906,45+,West Bengal,Free
U004907,25-34,Karnataka,Premium
U004908,25-34,Uttar Pradesh,Free
U004909,25-34,Telangana,Free
U004910,25-34,Kerala,Free
U004911,25-34,Karnataka,Free
U004912,18-24,Uttar Pradesh,Free
U004913,35-44,Uttar Pradesh,Free
U004914,18-24,Uttar Pradesh,Free
U004915,45+,Karnataka,Premium
U004916,25-34,Gujarat,Premium
U004917,18-24,West Bengal,Free
U004918,25-34,Maharashtra,Free
U004919,18-24,Uttar Pradesh,Free
U004920,45+,Telangana,Free
U004921,35-44,Telangana,Free
U004922,25-34,Karnataka,Free
U004923,25-34,Gujarat,Free
U004924,45+,Maharashtra,Free
U004925,25-34,Karnataka,Premium
U004926,25-34,Telangana,Free
U004927,25-34,Delhi,Free
U004928,18-24,Punjab,Free
U004929,35-44,West Bengal,Premium
U004930,25-34,Telangana,Premium
U004931,35-44,Gujarat,Free
U004932,25-34,Gujarat,Free
U004933,25-34,Maharashtra,Free
U004934,25-34,Karnataka,Free
U004935,35-44,Gujarat,Free
U004936,25-34,Uttar Pradesh,Free
U004937,35-44,Maharashtra,Free
U004938,18-24,Kerala,Free
U004939,25-34,Punjab,Premium
U004940,35-44,Gujarat,Free
U004941,35-44,Tamil Nadu,Free
U004942,18-24,Delhi,Premium
U004943,35-44,Punjab,Free
U004944,18-24,Uttar Pradesh,Free
U004945,18-24,Kerala,Premium
U004946,35-44,Maharashtra,Free
U004947,35-44,Uttar Pradesh,Premium
U004948,18-24,Gujarat,Free
U004949,45+,Telangana,Premium
U004950,25-34,Maharashtra,Free
U004951,45+,Tamil Nadu,Premium
U004952,35-44,Delhi,Free
U004953,45+,Karnataka,Free
U004954,35-44,Karnataka,Free
U004955,45+,Kerala,Free
U004956,25-34,Kerala,Free
U004957,18-24,Delhi,Free
U004958,25-34,Gujarat,Free
U004959,35-44,West Bengal,Free
U004960,18-24,West Bengal,Free
U004961,45+,Kerala,Free
U004962,18-24,Kerala,Premium
U004963,35-44,Kerala,Premium
U004964,25-34,Punjab,Free
U004965,35-44,West Bengal,Premium
U004966,45+,Uttar Pradesh,Premium
U004967,25-34,Kerala,Free
U004968,25-34,Tamil Nadu,Free
U004969,18-24,West Bengal,Free
U004970,35-44,Uttar Pradesh,Free
U004971,35-44,West Bengal,Premium
U004972,18-24,Kerala,Free
U004973,18-24,Gujarat,Free
U004974,25-34,Karnataka,Free
U004975,18-24,Karnataka,Free
U004976,35-44,Karnataka,Premium
U004977,18-24,Karnataka,Premium
U004978,45+,West Bengal,Premium
U004979,45+,Tamil Nadu,Free
U004980,45+,Uttar Pradesh,Free
U004981,25-34,West Bengal,Premium
U004982,18-24,West Bengal,Free
U004983,35-44,Uttar Pradesh,Premium
U004984,35-44,Gujarat,Free
U004985,45+,Maharashtra,Free
U004986,25-34,Uttar Pradesh,Free
U004987,18-24,Gujarat,Premium
U004988,45+,Karnataka,Free
U004989,35-44,Punjab,Premium
U004990,18-24,Telangana,Free
U004991,35-44,Uttar Pradesh,Free
U004992,18-24,West Bengal,Premium
U004993,25-34,Telangana,Free
U004994,25-34,Punjab,Free
U004995,25-34,Gujarat,Free
U004996,18-24,Kerala,Premium
U004997,18-24,Maharashtra,Free
U004998,25-34,Punjab,Free
U004999,18-24,Gujarat,Premium
U005000,25-34,Kerala,Free
U005001,25-34,Tamil Nadu,Free
U005002,35-44,Telangana,Premium
U005003,25-34,Delhi,Premium
U005004,18-24,Gujarat,Free
U005005,18-24,West Bengal,Premium
U005006,35-44,Telangana,Premium
U005007,35-44,West Bengal,Free
U005008,45+,Telangana,Free
U005009,45+,Tamil Nadu,Premium
U005010,25-34,Delhi,Free
U005011,35-44,Tamil Nadu,Free
U005012,25-34,Gujarat,Free
U005013,35-44,Maharashtra,Free
U005014,45+,Tamil Nadu,Free
U005015,35-44,Gujarat,Free
U005016,25-34,Telangana,Premium
U005017,25-34,Maharashtra,Free
U005018,18-24,Gujarat,Free
U005019,25-34,Maharashtra,Free
U005020,35-44,Tamil Nadu,Premium
U005021,35-44,Delhi,Free
U005022,18-24,Punjab,Free
U005023,35-44,Karnataka,Free
U005024,25-34,Punjab,Free
U005025,25-34,Gujarat,Premium
U005026,25-34,Telangana,Free
U005027,25-34,Karnataka,Free
U005028,35-44,Punjab,Premium
U005029,35-44,Tamil Nadu,Free
U005030,35-44,Karnataka,Free
U005031,25-34,Gujarat,Free
U005032,25-34,Punjab,Premium
U005033,18-24,West Bengal,Premium
U005034,25-34,Tamil Nadu,Free
U005035,25-34,Punjab,Free
U005036,25-34,Tamil Nadu,Free
U005037,45+,Delhi,Free
U005038,18-24,Telangana,Free
U005039,35-44,Kerala,Free
U005040,18-24,Telangana,Free
U005041,25-34,Maharashtra,Free
U005042,35-44,Telangana,Free
U005043,35-44,Maharashtra,Premium
U005044,35-44,Karnataka,Free
U005045,35-44,West Bengal,Premium
U005046,18-24,Uttar Pradesh,Free
U005047,45+,Uttar Pradesh,Free
U005048,45+,Telangana,Free
U005049,25-34,Punjab,Premium
U005050,18-24,Gujarat,Premium
U005051,18-24,Karnataka,Free
U005052,35-44,Telangana,Free
U005053,45+,Delhi,Free
U005054,35-44,Karnataka,Free
U005055,25-34,Tamil Nadu,Free
U005056,18-24,Kerala,Premium
U005057,25-34,Gujarat,Free
U005058,25-34,Delhi,Premium
U005059,18-24,Telangana,Free
U005060,18-24,Uttar Pradesh,Free
U005061,18-24,Maharashtra,Free
U005062,18-24,Telangana,Premium
U005063,35-44,Kerala,Free
U005064,25-34,Delhi,Free
U005065,25-34,West Bengal,Free
U005066,25-34,Tamil Nadu,Free
U005067,45+,West Bengal,Free
U005068,35-44,Kerala,Free
U005069,25-34,Delhi,Premium
U005070,35-44,Maharashtra,Premium
U005071,35-44,Karnataka,Premium
U005072,25-34,Punjab,Premium
U005073,25-34,Punjab,Free
U005074,25-34,Uttar Pradesh,Free
U005075,25-34,West Bengal,Free
U005076,25-34,Karnataka,Free
U005077,18-24,West Bengal,Premium
U005078,25-34,Delhi,Premium
U005079,25-34,Delhi,Free
U005080,25-34,Maharashtra,Free
U005081,25-34,Tamil Nadu,Free
U005082,18-24,West Bengal,Free
U005083,18-24,Telangana,Free
U005084,25-34,Telangana,Premium
U005085,35-44,Delhi,Free
U005086,18-24,West Bengal,Premium
U005087,18-24,Telangana,Free
U005088,18-24,Uttar Pradesh,Free
U005089,25-34,Punjab,Free
U005090,18-24,Maharashtra,Free
U005091,25-34,Tamil Nadu,Free
U005092,25-34,Delhi,Free
U005093,45+,Delhi,Free
U005094,25-34,Punjab,Free
U005095,18-24,West Bengal,Free
U005096,25-34,Tamil Nadu,Free
U005097,35-44,Gujarat,Premium
U005098,18-24,Delhi,Free
U005099,45+,Uttar Pradesh,Free
U005100,25-34,Tamil Nadu,Premium
U005101,18-24,Telangana,Free
U005102,18-24,Gujarat,Premium
U005103,45+,Tamil Nadu,Free
U005104,45+,Delhi,Premium
U005105,35-44,Punjab,Free
U005106,18-24,Uttar Pradesh,Premium
U005107,35-44,Maharashtra,Premium
U005108,18-24,Uttar Pradesh,Free
U005109,25-34,West Bengal,Free
U005110,25-34,Telangana,Premium
U005111,45+,Karnataka,Free
U005112,25-34,Gujarat,Free
U005113,25-34,Maharashtra,Free
U005114,18-24,Kerala,Free
U005115,25-34,Punjab,Premium
U005116,18-24,Karnataka,Free
U005117,35-44,Maharashtra,Free
U005118,18-24,Telangana,Free
U005119,25-34,Delhi,Premium
U005120,18-24,Delhi,Free
U005121,25-34,Karnataka,Free
U005122,18-24,Tamil Nadu,Free
U005123,25-34,Uttar Pradesh,Free
U005124,25-34,Gujarat,Free
U005125,25-34,Tamil Nadu,Free
U005126,45+,Telangana,Free
U005127,18-24,Kerala,Premium
U005128,25-34,Karnataka,Premium
U005129,45+,Kerala,Premium
U005130,18-24,West Bengal,Premium
U005131,35-44,Kerala,Free
U005132,45+,Uttar Pradesh,Premium
U005133,35-44,Karnataka,Free
U005134,25-34,Maharashtra,Premium
U005135,35-44,Telangana,Premium
U005136,25-34,Karnataka,Free
U005137,25-34,Maharashtra,Free
U005138,45+,Delhi,Free
U005139,18-24,Telangana,Premium
U005140,35-44,Uttar Pradesh,Free
U005141,25-34,Karnataka,Free
U005142,18-24,Telangana,Premium
U005143,25-34,Delhi,Free
U005144,35-44,Delhi,Free
U005145,25-34,Kerala,Free
U005146,35-44,West Bengal,Free
U005147,25-34,Delhi,Free
U005148,45+,Telangana,Free
U005149,25-34,Telangana,Free
U005150,35-44,Maharashtra,Free
U005151,18-24,Karnataka,Premium
U005152,25-34,Gujarat,Premium
U005153,45+,Karnataka,Free
U005154,18-24,Kerala,Free
U005155,25-34,West Bengal,Premium
U005156,35-44,Maharashtra,Free
U005157,35-44,Uttar Pradesh,Premium
U005158,35-44,Uttar Pradesh,Premium
U005159,35-44,West Bengal,Premium
U005160,45+,Delhi,Free
U005161,25-34,Gujarat,Free
U005162,25-34,Maharashtra,Free
U005163,35-44,Telangana,Free
U005164,35-44,Tamil Nadu,Free
U005165,18-24,West Bengal,Free
U005166,25-34,Delhi,Free
U005167,25-34,Gujarat,Free
U005168,35-44,Telangana,Free
U005169,25-34,Punjab,Free
U005170,35-44,Karnataka,Free
U005171,35-44,West Bengal,Free
U005172,18-24,Delhi,Premium
U005173,25-34,Punjab,Premium
U005174,25-34,Uttar Pradesh,Premium
U005175,18-24,Gujarat,Free
U005176,25-34,Karnataka,Premium
U005177,25-34,Telangana,Free
U005178,35-44,Tamil Nadu,Premium
U005179,25-34,Punjab,Free
U005180,18-24,Punjab,Premium
U005181,25-34,Delhi,Free
U005182,35-44,Gujarat,Free
U005183,25-34,Punjab,Free
U005184,18-24,Delhi,Free
U005185,45+,West Bengal,Free
U005186,18-24,Delhi,Premium
U005187,18-24,Uttar Pradesh,Free
U005188,25-34,Gujarat,Premium
U005189,35-44,Tamil Nadu,Premium
U005190,35-44,Delhi,Free
U005191,18-24,Delhi,Premium
U005192,35-44,Gujarat,Free
U005193,35-44,Tamil Nadu,Free
U005194,35-44,Telangana,Free
U005195,45+,Delhi,Premium
U005196,35-44,Gujarat,Free
U005197,18-24,Telangana,Free
U005198,18-24,Maharashtra,Free
U005199,45+,Maharashtra,Premium
U005200,25-34,Uttar Pradesh,Premium
U005201,25-34,Maharashtra,Free
U005202,45+,Punjab,Free
U005203,35-44,Maharashtra,Free
U005204,35-44,Maharashtra,Premium
U005205,35-44,Gujarat,Free
U005206,18-24,Kerala,Premium
U005207,35-44,Karnataka,Free
U005208,45+,Delhi,Free
U005209,18-24,Punjab,Free
U005210,18-24,Karnataka,Premium
U005211,35-44,Kerala,Premium
U005212,25-34,Telangana,Free
U005213,18-24,Tamil Nadu,Premium
U005214,18-24,Maharashtra,Free
U005215,18-24,Delhi,Free
U005216,18-24,Punjab,Premium
U005217,35-44,Punjab,Free
U005218,25-34,Tamil Nadu,Premium
U005219,35-44,Gujarat,Premium
U005220,18-24,Tamil Nadu,Premium
U005221,25-34,Karnataka,Free
U005222,18-24,Telangana,Premium
U005223,35-44,Maharashtra,Free
U005224,45+,Kerala,Free
U005225,25-34,Maharashtra,Free
U005226,45+,Karnataka,Free
U005227,18-24,Uttar Pradesh,Free
U005228,18-24,Tamil Nadu,Free
U005229,35-44,Kerala,Free
U005230,25-34,Punjab,Free
U005231,45+,Gujarat,Premium
U005232,18-24,Karnataka,Free
U005233,35-44,Punjab,Free
U005234,18-24,Maharashtra,Premium
U005235,18-24,Karnataka,Premium
U005236,25-34,Telangana,Premium
U005237,45+,Maharashtra,Free
U005238,25-34,Delhi,Free
U005239,25-34,Karnataka,Free
U005240,18-24,Kerala,Premium
U005241,18-24,Telangana,Free
U005242,18-24,Maharashtra,Premium
U005243,35-44,Maharashtra,Premium
U005244,18-24,Maharashtra,Free
U005245,18-24,Karnataka,Free
U005246,25-34,Punjab,Free
U005247,25-34,Delhi,Free
U005248,25-34,Tamil Nadu,Free
U005249,18-24,Telangana,Free
U005250,25-34,West Bengal,Free
U005251,35-44,Uttar Pradesh,Free
U005252,18-24,West Bengal,Free
U005253,35-44,Uttar Pradesh,Free
U005254,18-24,Uttar Pradesh,Free
U005255,45+,Gujarat,Free
U005256,45+,Karnataka,Free
U005257,18-24,Maharashtra,Premium
U005258,25-34,Maharashtra,Free
U005259,25-34,Gujarat,Free
U005260,35-44,Gujarat,Free
U005261,25-34,Karnataka,Free
U005262,25-34,Kerala,Free
U005263,18-24,Tamil Nadu,Free
U005264,18-24,Maharashtra,Free
U005265,25-34,West Bengal,Premium
U005266,25-34,Maharashtra,Premium
U005267,35-44,Delhi,Free
U005268,35-44,Tamil Nadu,Free
U005269,25-34,Maharashtra,Free
U005270,25-34,Karnataka,Free
U005271,45+,Kerala,Free
U005272,35-44,Telangana,Premium
U005273,35-44,Maharashtra,Free
U005274,45+,Punjab,Premium
U005275,25-34,Uttar Pradesh,Free
U005276,35-44,Uttar Pradesh,Premium
U005277,25-34,Uttar Pradesh,Free
U005278,18-24,Telangana,Free
U005279,25-34,Tamil Nadu,Free
U005280,25-34,Kerala,Free
U005281,25-34,Uttar Pradesh,Free
U005282,18-24,Delhi,Free
U005283,35-44,Gujarat,Premium
U005284,25-34,West Bengal,Premium
U005285,25-34,Delhi,Free
U005286,18-24,Gujarat,Free
U005287,25-34,Maharashtra,Premium
U005288,18-24,Maharashtra,Premium
U005289,18-24,Karnataka,Free
U005290,25-34,Telangana,Free
U005291,35-44,Tamil Nadu,Free
U005292,25-34,Punjab,Free
U005293,25-34,West Bengal,Premium
U005294,35-44,Tamil Nadu,Free
U005295,25-34,Delhi,Free
U005296,35-44,Gujarat,Free
U005297,18-24,Karnataka,Free
U005298,25-34,West Bengal,Free
U005299,18-24,Karnataka,Free
U005300,25-34,Kerala,Free
U005301,45+,Punjab,Free
U005302,25-34,Punjab,Free
U005303,25-34,Maharashtra,Premium
U005304,18-24,Gujarat,Premium
U005305,45+,Kerala,Free
U005306,25-34,West Bengal,Premium
U005307,18-24,West Bengal,Free
U005308,45+,Maharashtra,Free
U005309,25-34,Tamil Nadu,Free
U005310,25-34,Gujarat,Premium
U005311,18-24,Punjab,Free
U005312,18-24,Maharashtra,Premium
U005313,35-44,Gujarat,Free
U005314,25-34,Maharashtra,Premium
U005315,45+,West Bengal,Premium
U005316,18-24,Gujarat,Premium
U005317,25-34,Kerala,Premium
U005318,35-44,Maharashtra,Free
U005319,25-34,Gujarat,Free
U005320,25-34,Maharashtra,Free
U005321,25-34,Gujarat,Premium
U005322,25-34,Maharashtra,Free
U005323,35-44,Tamil Nadu,Free
U005324,18-24,Gujarat,Free
U005325,25-34,Punjab,Free
U005326,25-34,Maharashtra,Free
U005327,18-24,Maharashtra,Free
U005328,18-24,Karnataka,Premium
U005329,45+,Karnataka,Free
U005330,18-24,Punjab,Premium
U005331,18-24,Tamil Nadu,Free
U005332,25-34,Karnataka,Free
U005333,18-24,Telangana,Premium
U005334,18-24,Punjab,Free
U005335,18-24,Karnataka,Free
U005336,18-24,Gujarat,Premium
U005337,25-34,Kerala,Free
U005338,35-44,Kerala,Free
U005339,18-24,Karnataka,Premium
U005340,25-34,Gujarat,Premium
U005341,25-34,Karnataka,Free
U005342,18-24,Kerala,Free
U005343,25-34,Kerala,Free
U005344,25-34,Karnataka,Free
U005345,18-24,West Bengal,Free
U005346,25-34,Delhi,Free
U005347,18-24,Karnataka,Free
U005348,35-44,Telangana,Premium
U005349,45+,West Bengal,Premium
U005350,35-44,Karnataka,Premium
U005351,18-24,Kerala,Free
U005352,35-44,West Bengal,Free
U005353,25-34,Gujarat,Premium
U005354,18-24,Maharashtra,Free
U005355,45+,Telangana,Free
U005356,35-44,Kerala,Free
U005357,18-24,Tamil Nadu,Free
U005358,45+,Punjab,Premium
U005359,18-24,Telangana,Free
U005360,25-34,Tamil Nadu,Free
U005361,18-24,Tamil Nadu,Free
U005362,18-24,Uttar Pradesh,Premium
U005363,45+,Tamil Nadu,Free
U005364,25-34,Punjab,Free
U005365,18-24,Maharashtra,Premium
U005366,35-44,Delhi,Premium
U005367,35-44,Telangana,Free
U005368,45+,Punjab,Free
U005369,45+,Delhi,Premium
U005370,45+,Karnataka,Premium
U005371,25-34,Punjab,Free
U005372,18-24,Telangana,Free
U005373,45+,Maharashtra,Free
U005374,18-24,Uttar Pradesh,Free
U005375,18-24,Uttar Pradesh,Free
U005376,25-34,Gujarat,Free
U005377,18-24,Delhi,Premium
U005378,25-34,Kerala,Free
U005379,45+,Maharashtra,Premium
U005380,25-34,Kerala,Free
U005381,25-34,Kerala,Free
U005382,25-34,Punjab,Premium
U005383,35-44,Tamil Nadu,Free
U005384,18-24,Uttar Pradesh,Free
U005385,18-24,Delhi,Free
U005386,25-34,Telangana,Free
U005387,25-34,Karnataka,Free
U005388,25-34,Delhi,Premium
U005389,18-24,West Bengal,Premium
U005390,18-24,Uttar Pradesh,Free
U005391,25-34,Telangana,Free
U005392,25-34,Telangana,Free
U005393,25-34,Telangana,Premium
U005394,35-44,Delhi,Free
U005395,35-44,Punjab,Free
U005396,18-24,Kerala,Free
U005397,25-34,Telangana,Premium
U005398,18-24,Punjab,Free
U005399,18-24,Maharashtra,Free
U005400,35-44,Delhi,Free
U005401,18-24,Telangana,Free
U005402,18-24,Punjab,Free
U005403,35-44,Kerala,Free
U005404,35-44,Telangana,Free
U005405,45+,Delhi,Free
U005406,35-44,Punjab,Free
U005407,18-24,Maharashtra,Premium
U005408,25-34,Maharashtra,Premium
U005409,25-34,Kerala,Free
U005410,25-34,Karnataka,Free
U005411,18-24,Gujarat,Free
U005412,18-24,Punjab,Free
U005413,18-24,Karnataka,Premium
U005414,35-44,Telangana,Free
U005415,18-24,Punjab,Free
U005416,25-34,Tamil Nadu,Free
U005417,35-44,Delhi,Premium
U005418,35-44,Maharashtra,Premium
U005419,25-34,Gujarat,Free
U005420,18-24,Punjab,Free
U005421,45+,Delhi,Free
U005422,25-34,Punjab,Free
U005423,25-34,Tamil Nadu,Free
U005424,45+,Tamil Nadu,Premium
U005425,18-24,Kerala,Free
U005426,25-34,Gujarat,Premium
U005427,18-24,Punjab,Free
U005428,18-24,Punjab,Free
U005429,25-34,Delhi,Free
U005430,25-34,Delhi,Free
U005431,18-24,Maharashtra,Free
U005432,25-34,Maharashtra,Premium
U005433,35-44,Tamil Nadu,Free
U005434,35-44,West Bengal,Free
U005435,18-24,Gujarat,Free
U005436,35-44,Karnataka,Premium
U005437,18-24,Punjab,Free
U005438,25-34,West Bengal,Free
U005439,25-34,West Bengal,Premium
U005440,35-44,West Bengal,Free
U005441,18-24,Delhi,Free
U005442,25-34,Maharashtra,Free
U005443,18-24,Telangana,Free
U005444,18-24,Tamil Nadu,Free
U005445,25-34,Punjab,Free
U005446,18-24,Uttar Pradesh,Premium
U005447,35-44,Delhi,Free
U005448,25-34,Punjab,Free
U005449,25-34,Kerala,Free
U005450,35-44,Telangana,Free
U005451,35-44,Punjab,Premium
U005452,45+,Telangana,Free
U005453,18-24,Tamil Nadu,Free
U005454,25-34,Punjab,Premium
U005455,35-44,West Bengal,Free
U005456,18-24,Kerala,Free
U005457,18-24,Maharashtra,Premium
U005458,18-24,Maharashtra,Premium
U005459,25-34,Uttar Pradesh,Free
U005460,25-34,Punjab,Free
U005461,25-34,Maharashtra,Free
U005462,25-34,Telangana,Premium
U005463,25-34,Karnataka,Free
U005464,18-24,Uttar Pradesh,Free
U005465,35-44,Uttar Pradesh,Premium
U005466,25-34,Maharashtra,Free
U005467,18-24,Delhi,Free
U005468,18-24,West Bengal,Free
U005469,18-24,Karnataka,Free
U005470,45+,Maharashtra,Free
U005471,18-24,Tamil Nadu,Free
U005472,18-24,West Bengal,Free
U005473,18-24,Uttar Pradesh,Free
U005474,18-24,Tamil Nadu,Premium
U005475,25-34,Kerala,Free
U005476,35-44,Tamil Nadu,Premium
U005477,25-34,West Bengal,Free
U005478,35-44,Uttar Pradesh,Premium
U005479,18-24,Gujarat,Free
U005480,25-34,West Bengal,Free
U005481,35-44,Gujarat,Premium
U005482,25-34,Delhi,Free
U005483,35-44,Kerala,Free
U005484,18-24,Uttar Pradesh,Free
U005485,25-34,Uttar Pradesh,Free
U005486,25-34,Punjab,Premium
U005487,18-24,Tamil Nadu,Free
U005488,35-44,West Bengal,Free
U005489,18-24,Maharashtra,Free
U005490,18-24,West Bengal,Free
U005491,35-44,Punjab,Free
U005492,35-44,Gujarat,Premium
U005493,35-44,West Bengal,Free
U005494,35-44,Karnataka,Free
U005495,18-24,Maharashtra,Premium
U005496,25-34,West Bengal,Free
U005497,45+,Telangana,Free
U005498,18-24,West Bengal,Premium
U005499,25-34,Maharashtra,Free
U005500,45+,Tamil Nadu,Free
U005501,18-24,Kerala,Free
U005502,45+,Uttar Pradesh,Free
U005503,25-34,Karnataka,Premium
U005504,35-44,Punjab,Free
U005505,25-34,Kerala,Premium
U005506,25-34,Punjab,Free
U005507,35-44,Gujarat,Free
U005508,18-24,West Bengal,Free
U005509,25-34,Uttar Pradesh,Premium
U005510,45+,Delhi,Free
U005511,45+,Maharashtra,Free
U005512,45+,Gujarat,Free
U005513,25-34,Punjab,Free
U005514,25-34,Karnataka,Free
U005515,25-34,Punjab,Premium
U005516,25-34,Tamil Nadu,Free
U005517,25-34,Gujarat,Free
U005518,18-24,West Bengal,Free
U005519,18-24,Maharashtra,Free
U005520,25-34,Gujarat,Premium
U005521,18-24,Tamil Nadu,Premium
U005522,18-24,West Bengal,Free
U005523,18-24,Karnataka,Premium
U005524,35-44,Maharashtra,Premium
U005525,45+,Tamil Nadu,Free
U005526,25-34,Karnataka,Free
U005527,45+,Maharashtra,Free
U005528,35-44,Kerala,Premium
U005529,18-24,Gujarat,Premium
U005530,18-24,Uttar Pradesh,Free
U005531,18-24,Punjab,Free
U005532,18-24,West Bengal,Premium
U005533,25-34,Telangana,Free
U005534,18-24,Telangana,Premium
U005535,45+,Kerala,Premium
U005536,25-34,Karnataka,Free
U005537,25-34,Punjab,Free
U005538,45+,Tamil Nadu,Free
U005539,45+,West Bengal,Free
U005540,35-44,Tamil Nadu,Free
U005541,35-44,Karnataka,Premium
U005542,45+,Maharashtra,Premium
U005543,25-34,Telangana,Free
U005544,35-44,Maharashtra,Free
U005545,18-24,Tamil Nadu,Free
U005546,25-34,West Bengal,Free
U005547,25-34,Tamil Nadu,Free
U005548,18-24,Telangana,Free
U005549,18-24,Punjab,Free
U005550,18-24,Punjab,Premium
U005551,18-24,Gujarat,Free
U005552,18-24,Gujarat,Free
U005553,25-34,Delhi,Premium
U005554,35-44,Punjab,Free
U005555,25-34,Karnataka,Free
U005556,25-34,Kerala,Free
U005557,18-24,Maharashtra,Free
U005558,35-44,Kerala,Free
U005559,18-24,Maharashtra,Premium
U005560,18-24,Gujarat,Free
U005561,25-34,Maharashtra,Premium
U005562,45+,Gujarat,Free
U005563,45+,Uttar Pradesh,Free
U005564,35-44,Kerala,Free
U005565,35-44,Uttar Pradesh,Premium
U005566,25-34,Tamil Nadu,Premium
U005567,25-34,West Bengal,Free
U005568,18-24,West Bengal,Premium
U005569,18-24,Maharashtra,Premium
U005570,45+,Gujarat,Premium
U005571,45+,Kerala,Free
U005572,18-24,Tamil Nadu,Free
U005573,18-24,Punjab,Premium
U005574,18-24,West Bengal,Premium
U005575,25-34,Uttar Pradesh,Premium
U005576,18-24,Delhi,Free
U005577,25-34,Uttar Pradesh,Free
U005578,18-24,Telangana,Free
U005579,18-24,Kerala,Free
U005580,18-24,Delhi,Free
U005581,35-44,Delhi,Premium
U005582,18-24,West Bengal,Free
U005583,25-34,Punjab,Premium
U005584,25-34,Karnataka,Free
U005585,35-44,West Bengal,Free
U005586,18-24,Punjab,Free
U005587,35-44,Karnataka,Premium
U005588,18-24,Karnataka,Free
U005589,25-34,Karnataka,Premium
U005590,25-34,Kerala,Free
U005591,45+,Delhi,Free
U005592,45+,Uttar Pradesh,Premium
U005593,35-44,Kerala,Free
U005594,45+,Maharashtra,Free
U005595,18-24,Telangana,Free
U005596,25-34,Delhi,Free
U005597,18-24,Delhi,Premium
U005598,18-24,Kerala,Free
U005599,25-34,Punjab,Free
U005600,35-44,Telangana,Free
U005601,35-44,Punjab,Free
U005602,35-44,Karnataka,Premium
U005603,25-34,West Bengal,Free
U005604,45+,West Bengal,Premium
U005605,35-44,Maharashtra,Free
U005606,35-44,Gujarat,Free
U005607,18-24,Telangana,Free
U005608,25-34,Punjab,Premium
U005609,35-44,Delhi,Free
U005610,45+,Tamil Nadu,Free
U005611,18-24,West Bengal,Free
U005612,18-24,Maharashtra,Premium
U005613,18-24,Punjab,Free
U005614,18-24,Uttar Pradesh,Free
U005615,35-44,Delhi,Free
U005616,18-24,Gujarat,Free
U005617,25-34,Punjab,Free
U005618,35-44,Telangana,Free
U005619,25-34,Kerala,Free
U005620,18-24,Uttar Pradesh,Free
U005621,25-34,West Bengal,Free
U005622,25-34,Punjab,Free
U005623,45+,Maharashtra,Premium
U005624,35-44,Kerala,Free
U005625,45+,Telangana,Free
U005626,18-24,Kerala,Free
U005627,35-44,Uttar Pradesh,Free
U005628,25-34,Gujarat,Premium
U005629,35-44,Telangana,Free
U005630,25-34,West Bengal,Free
U005631,18-24,West Bengal,Premium
U005632,18-24,Delhi,Premium
U005633,35-44,Karnataka,Premium
U005634,35-44,Maharashtra,Free
U005635,18-24,Karnataka,Free
U005636,25-34,Delhi,Free
U005637,35-44,Gujarat,Free
U005638,25-34,Gujarat,Free
U005639,18-24,Kerala,Premium
U005640,35-44,Tamil Nadu,Free
U005641,25-34,Maharashtra,Premium
U005642,35-44,Telangana,Free
U005643,25-34,Maharashtra,Free
U005644,35-44,Maharashtra,Free
U005645,18-24,Delhi,Premium
U005646,45+,Tamil Nadu,Free
U005647,18-24,Kerala,Free
U005648,35-44,Tamil Nadu,Premium
U005649,35-44,Kerala,Free
U005650,25-34,Telangana,Free
U005651,25-34,Gujarat,Free
U005652,18-24,Karnataka,Premium
U005653,25-34,Karnataka,Free
U005654,25-34,Maharashtra,Premium
U005655,18-24,Punjab,Free
U005656,18-24,Maharashtra,Free
U005657,45+,Delhi,Free
U005658,18-24,Uttar Pradesh,Premium
U005659,18-24,Telangana,Free
U005660,18-24,West Bengal,Premium
U005661,25-34,Karnataka,Free
U005662,25-34,West Bengal,Free
U005663,35-44,Telangana,Free
U005664,25-34,Uttar Pradesh,Free
U005665,18-24,Kerala,Free
U005666,25-34,Telangana,Free
U005667,18-24,Kerala,Premium
U005668,35-44,West Bengal,Premium
U005669,18-24,Uttar Pradesh,Premium
U005670,18-24,Telangana,Free
U005671,25-34,Gujarat,Premium
U005672,18-24,Delhi,Free
U005673,25-34,Delhi,Free
U005674,25-34,Karnataka,Free
U005675,45+,Gujarat,Premium
U005676,18-24,Gujarat,Free
U005677,25-34,Tamil Nadu,Free
U005678,35-44,Tamil Nadu,Free
U005679,18-24,Tamil Nadu,Free
U005680,25-34,Punjab,Free
U005681,35-44,Telangana,Free
U005682,35-44,Gujarat,Free
U005683,45+,Kerala,Free
U005684,35-44,Maharashtra,Free
U005685,25-34,Karnataka,Free
U005686,45+,West Bengal,Free
U005687,18-24,Telangana,Free
U005688,25-34,Kerala,Free
U005689,35-44,Kerala,Free
U005690,35-44,Karnataka,Free
U005691,45+,Tamil Nadu,Free
U005692,18-24,Delhi,Free
U005693,35-44,Kerala,Free
U005694,18-24,Tamil Nadu,Free
U005695,35-44,Karnataka,Free
U005696,35-44,Kerala,Free
U005697,18-24,Uttar Pradesh,Premium
U005698,35-44,Gujarat,Free
U005699,25-34,Delhi,Free
U005700,25-34,Gujarat,Free
U005701,45+,Telangana,Free
U005702,25-34,Delhi,Free
U005703,25-34,Karnataka,Free
U005704,18-24,Punjab,Premium
U005705,18-24,Punjab,Premium
U005706,18-24,West Bengal,Premium
U005707,18-24,Tamil Nadu,Free
U005708,18-24,Kerala,Premium
U005709,25-34,Gujarat,Premium
U005710,25-34,Maharashtra,Free
U005711,18-24,Gujarat,Premium
U005712,25-34,Delhi,Premium
U005713,45+,Maharashtra,Free
U005714,18-24,Maharashtra,Premium
U005715,25-34,Maharashtra,Premium
U005716,18-24,Karnataka,Free
U005717,25-34,Gujarat,Free
U005718,35-44,West Bengal,Free
U005719,18-24,Tamil Nadu,Premium
U005720,18-24,Uttar Pradesh,Free
U005721,35-44,Tamil Nadu,Free
U005722,18-24,Maharashtra,Free
U005723,35-44,Maharashtra,Free
U005724,25-34,Telangana,Free
U005725,18-24,Punjab,Free
U005726,35-44,Karnataka,Premium
U005727,25-34,Karnataka,Free
U005728,18-24,Karnataka,Premium
U005729,45+,Uttar Pradesh,Premium
U005730,25-34,Maharashtra,Free
U005731,35-44,Delhi,Free
U005732,18-24,Punjab,Free
U005733,18-24,Kerala,Premium
U005734,35-44,Punjab,Free
U005735,25-34,Punjab,Premium
U005736,18-24,Kerala,Premium
U005737,35-44,West Bengal,Free
U005738,25-34,West Bengal,Premium
U005739,18-24,West Bengal,Premium
U005740,35-44,West Bengal,Free
U005741,25-34,Telangana,Premium
U005742,25-34,Telangana,Free
U005743,35-44,Kerala,Free
U005744,25-34,Karnataka,Free
U005745,45+,Karnataka,Premium
U005746,35-44,Punjab,Premium
U005747,25-34,Gujarat,Free
U005748,25-34,Maharashtra,Free
U005749,45+,Punjab,Free
U005750,35-44,Delhi,Free
U005751,18-24,Karnataka,Free
U005752,18-24,Punjab,Premium
U005753,25-34,Telangana,Free
U005754,35-44,Uttar Pradesh,Free
U005755,45+,Tamil Nadu,Free
U005756,35-44,Uttar Pradesh,Premium
U005757,18-24,Karnataka,Free
U005758,35-44,Kerala,Free
U005759,18-24,Delhi,Free
U005760,25-34,West Bengal,Free
U005761,25-34,Kerala,Premium
U005762,25-34,West Bengal,Free
U005763,25-34,Uttar Pradesh,Premium
U005764,18-24,West Bengal,Free
U005765,18-24,Telangana,Free
U005766,35-44,West Bengal,Free
U005767,18-24,Karnataka,Free
U005768,25-34,Punjab,Free
U005769,18-24,Uttar Pradesh,Free
U005770,18-24,Uttar Pradesh,Premium
U005771,18-24,Uttar Pradesh,Free
U005772,35-44,Kerala,Free
U005773,25-34,Punjab,Free
U005774,18-24,Punjab,Free
U005775,35-44,Karnataka,Premium
U005776,18-24,Telangana,Premium
U005777,35-44,Punjab,Free
U005778,18-24,Kerala,Premium
U005779,45+,Maharashtra,Free
U005780,18-24,Uttar Pradesh,Free
U005781,25-34,Tamil Nadu,Free
U005782,25-34,Karnataka,Premium
U005783,25-34,Tamil Nadu,Free
U005784,35-44,Tamil Nadu,Free
U005785,18-24,Telangana,Premium
U005786,25-34,Karnataka,Premium
U005787,35-44,Karnataka,Premium
U005788,35-44,Karnataka,Free
U005789,25-34,Delhi,Free
U005790,25-34,Punjab,Free
U005791,35-44,Tamil Nadu,Free
U005792,35-44,Maharashtra,Free
U005793,35-44,Tamil Nadu,Premium
U005794,35-44,Tamil Nadu,Free
U005795,25-34,Maharashtra,Free
U005796,25-34,Tamil Nadu,Free
U005797,25-34,West Bengal,Free
U005798,18-24,Kerala,Premium
U005799,35-44,Karnataka,Free
U005800,25-34,Telangana,Premium
U005801,18-24,Maharashtra,Free
U005802,25-34,Karnataka,Free
U005803,18-24,West Bengal,Free
U005804,18-24,Tamil Nadu,Free
U005805,25-34,Uttar Pradesh,Premium
U005806,35-44,Kerala,Premium
U005807,25-34,Uttar Pradesh,Free
U005808,18-24,Tamil Nadu,Premium
U005809,25-34,Maharashtra,Free
U005810,18-24,Telangana,Free
U005811,45+,Uttar Pradesh,Premium
U005812,18-24,Delhi,Premium
U005813,35-44,Uttar Pradesh,Premium
U005814,18-24,Maharashtra,Free
U005815,18-24,West Bengal,Free
U005816,25-34,Uttar Pradesh,Premium
U005817,35-44,Punjab,Free
U005818,45+,Punjab,Premium
U005819,25-34,Gujarat,Premium
U005820,25-34,Karnataka,Premium
U005821,18-24,West Bengal,Free
U005822,25-34,Delhi,Free
U005823,25-34,West Bengal,Free
U005824,45+,Telangana,Free
U005825,25-34,Telangana,Free
U005826,35-44,Kerala,Free
U005827,35-44,Tamil Nadu,Free
U005828,18-24,West Bengal,Free
U005829,25-34,Tamil Nadu,Free
U005830,35-44,Gujarat,Free
U005831,25-34,Telangana,Free
U005832,25-34,Punjab,Free
U005833,35-44,Gujarat,Free
U005834,18-24,Karnataka,Free
U005835,35-44,Uttar Pradesh,Free
U005836,25-34,Uttar Pradesh,Free
U005837,25-34,Telangana,Free
U005838,18-24,Tamil Nadu,Premium
U005839,25-34,Punjab,Premium
U005840,18-24,Gujarat,Free
U005841,18-24,Punjab,Free
U005842,25-34,West Bengal,Premium
U005843,18-24,Gujarat,Premium
U005844,25-34,Delhi,Free
U005845,18-24,Delhi,Free
U005846,18-24,Uttar Pradesh,Premium
U005847,18-24,Uttar Pradesh,Free
U005848,25-34,Karnataka,Free
U005849,18-24,Punjab,Premium
U005850,18-24,West Bengal,Free
U005851,25-34,Telangana,Premium
U005852,35-44,Punjab,Premium
U005853,25-34,Punjab,Premium
U005854,18-24,Telangana,Free
U005855,35-44,Punjab,Free
U005856,25-34,Telangana,Free
U005857,25-34,West Bengal,Free
U005858,18-24,Punjab,Free
U005859,18-24,Telangana,Free
U005860,25-34,Uttar Pradesh,Free
U005861,18-24,Telangana,Premium
U005862,25-34,Delhi,Premium
U005863,18-24,Kerala,Free
U005864,18-24,Tamil Nadu,Free
U005865,18-24,Kerala,Free
U005866,18-24,Maharashtra,Free
U005867,25-34,Kerala,Free
U005868,18-24,West Bengal,Free
U005869,25-34,Maharashtra,Free
U005870,18-24,Tamil Nadu,Free
U005871,25-34,Tamil Nadu,Premium
U005872,45+,Telangana,Premium
U005873,35-44,West Bengal,Free
U005874,25-34,West Bengal,Free
U005875,25-34,Uttar Pradesh,Free
U005876,25-34,Kerala,Free
U005877,45+,Karnataka,Free
U005878,25-34,Uttar Pradesh,Free
U005879,18-24,Tamil Nadu,Free
U005880,35-44,Gujarat,Premium
U005881,18-24,Tamil Nadu,Premium
U005882,35-44,Karnataka,Free
U005883,18-24,Kerala,Premium
U005884,18-24,Kerala,Free
U005885,35-44,Delhi,Free
U005886,25-34,Maharashtra,Premium
U005887,25-34,Kerala,Free
U005888,35-44,Delhi,Free
U005889,35-44,Tamil Nadu,Free
U005890,25-34,Tamil Nadu,Free
U005891,45+,Tamil Nadu,Free
U005892,25-34,Tamil Nadu,Premium
U005893,18-24,Uttar Pradesh,Premium
U005894,35-44,Telangana,Free
U005895,25-34,Gujarat,Free
U005896,35-44,Tamil Nadu,Premium
U005897,18-24,Tamil Nadu,Premium
U005898,18-24,West Bengal,Free
U005899,18-24,Punjab,Premium
U005900,25-34,Uttar Pradesh,Premium
U005901,35-44,Uttar Pradesh,Free
U005902,25-34,Delhi,Free
U005903,18-24,Delhi,Premium
U005904,25-34,Karnataka,Premium
U005905,18-24,Delhi,Free
U005906,25-34,Maharashtra,Premium
U005907,25-34,Gujarat,Premium
U005908,18-24,Delhi,Free
U005909,25-34,Karnataka,Free
U005910,25-34,Uttar Pradesh,Premium
U005911,18-24,Karnataka,Free
U005912,25-34,Maharashtra,Free
U005913,25-34,Punjab,Premium
U005914,25-34,Punjab,Premium
U005915,18-24,Telangana,Free
U005916,18-24,Tamil Nadu,Free
U005917,35-44,Maharashtra,Premium
U005918,18-24,Punjab,Free
U005919,35-44,Tamil Nadu,Free
U005920,25-34,Telangana,Premium
U005921,25-34,Tamil Nadu,Premium
U005922,35-44,Uttar Pradesh,Free
U005923,25-34,Tamil Nadu,Free
U005924,18-24,Kerala,Free
U005925,18-24,Telangana,Free
U005926,25-34,Tamil Nadu,Premium
U005927,25-34,Maharashtra,Free
U005928,35-44,West Bengal,Free
U005929,25-34,Gujarat,Free
U005930,25-34,Gujarat,Free
U005931,18-24,Kerala,Free
U005932,18-24,Punjab,Free
U005933,35-44,Tamil Nadu,Free
U005934,18-24,Kerala,Premium
U005935,45+,Kerala,Premium
U005936,18-24,West Bengal,Free
U005937,25-34,Maharashtra,Free
U005938,18-24,Kerala,Free
U005939,35-44,Telangana,Free
U005940,18-24,Maharashtra,Premium
U005941,25-34,Telangana,Premium
U005942,45+,Kerala,Free
U005943,25-34,Uttar Pradesh,Premium
U005944,18-24,Kerala,Free
U005945,35-44,Punjab,Free
U005946,25-34,West Bengal,Free
U005947,18-24,West Bengal,Free
U005948,25-34,Delhi,Free
U005949,35-44,Gujarat,Free
U005950,25-34,Delhi,Free
U005951,35-44,Kerala,Free
U005952,35-44,Kerala,Free
U005953,25-34,Uttar Pradesh,Free
U005954,18-24,West Bengal,Free
U005955,35-44,Maharashtra,Free
U005956,25-34,Uttar Pradesh,Free
U005957,18-24,Karnataka,Free
U005958,18-24,Tamil Nadu,Premium
U005959,35-44,Gujarat,Free
U005960,18-24,Punjab,Premium
U005961,18-24,West Bengal,Free
U005962,18-24,Kerala,Premium
U005963,18-24,Telangana,Free
U005964,45+,Kerala,Premium
U005965,25-34,Kerala,Free
U005966,35-44,Telangana,Premium
U005967,35-44,Maharashtra,Free
U005968,25-34,Kerala,Premium
U005969,35-44,Kerala,Free
U005970,45+,Karnataka,Free
U005971,35-44,Gujarat,Free
U005972,35-44,Punjab,Free
U005973,25-34,Delhi,Free
U005974,35-44,Delhi,Free
U005975,18-24,Telangana,Free
U005976,35-44,Punjab,Free
U005977,25-34,West Bengal,Free
U005978,25-34,West Bengal,Free
U005979,35-44,Tamil Nadu,Premium
U005980,25-34,Punjab,Free
U005981,18-24,Uttar Pradesh,Premium
U005982,35-44,Gujarat,Free
U005983,45+,Karnataka,Free
U005984,25-34,Punjab,Premium
U005985,35-44,Gujarat,Free
U005986,35-44,West Bengal,Free
U005987,35-44,Tamil Nadu,Free
U005988,18-24,Telangana,Free
U005989,25-34,Kerala,Free
U005990,35-44,Punjab,Premium
U005991,45+,Uttar Pradesh,Premium
U005992,18-24,Telangana,Free
U005993,18-24,Delhi,Free
U005994,18-24,Uttar Pradesh,Free
U005995,35-44,Uttar Pradesh,Premium
U005996,35-44,Uttar Pradesh,Free
U005997,25-34,West Bengal,Premium
U005998,18-24,Punjab,Free
U005999,18-24,Telangana,Free
U006000,35-44,Telangana,Free
U006001,18-24,Telangana,Free
U006002,18-24,Delhi,Premium
U006003,18-24,Karnataka,Free
U006004,35-44,Tamil Nadu,Free
U006005,25-34,Telangana,Free
U006006,18-24,Karnataka,Free
U006007,18-24,Kerala,Free
U006008,45+,Uttar Pradesh,Free
U006009,25-34,Tamil Nadu,Premium
U006010,25-34,West Bengal,Free
U006011,18-24,Delhi,Premium
U006012,18-24,Delhi,Premium
U006013,35-44,Maharashtra,Free
U006014,35-44,Uttar Pradesh,Premium
U006015,25-34,Karnataka,Premium
U006016,35-44,West Bengal,Premium
U006017,25-34,West Bengal,Free
U006018,35-44,Delhi,Premium
U006019,18-24,Delhi,Free
U006020,18-24,Kerala,Free
U006021,35-44,Kerala,Premium
U006022,45+,Telangana,Premium
U006023,35-44,Karnataka,Free
U006024,25-34,Tamil Nadu,Free
U006025,35-44,Kerala,Premium
U006026,35-44,Delhi,Free
U006027,18-24,Maharashtra,Free
U006028,25-34,Punjab,Free
U006029,25-34,Delhi,Free
U006030,25-34,Delhi,Free
U006031,35-44,Tamil Nadu,Premium
U006032,25-34,Gujarat,Free
U006033,18-24,West Bengal,Free
U006034,18-24,Punjab,Free
U006035,35-44,Tamil Nadu,Premium
U006036,18-24,Tamil Nadu,Free
U006037,35-44,Karnataka,Free
U006038,18-24,Uttar Pradesh,Premium
U006039,25-34,Uttar Pradesh,Premium
U006040,35-44,Uttar Pradesh,Free
U006041,25-34,Tamil Nadu,Premium
U006042,35-44,Kerala,Free
U006043,18-24,Kerala,Free
U006044,25-34,Kerala,Premium
U006045,25-34,Delhi,Free
U006046,35-44,Uttar Pradesh,Free
U006047,18-24,Uttar Pradesh,Premium
U006048,18-24,Kerala,Free
U006049,25-34,Telangana,Premium
U006050,45+,Tamil Nadu,Free
U006051,35-44,Punjab,Free
U006052,35-44,Maharashtra,Free
U006053,25-34,Uttar Pradesh,Free
U006054,25-34,Punjab,Premium
U006055,35-44,Karnataka,Premium
U006056,35-44,Tamil Nadu,Free
U006057,35-44,West Bengal,Free
U006058,35-44,Punjab,Free
U006059,35-44,Punjab,Premium
U006060,18-24,Karnataka,Free
U006061,18-24,Karnataka,Free
U006062,45+,Maharashtra,Free
U006063,25-34,Karnataka,Free
U006064,18-24,Telangana,Free
U006065,25-34,Tamil Nadu,Free
U006066,25-34,Karnataka,Premium
U006067,35-44,Uttar Pradesh,Free
U006068,35-44,Punjab,Free
U006069,18-24,Gujarat,Free
U006070,25-34,West Bengal,Free
U006071,18-24,West Bengal,Free
U006072,35-44,Punjab,Premium
U006073,18-24,Uttar Pradesh,Free
U006074,25-34,Tamil Nadu,Premium
U006075,25-34,Telangana,Free
U006076,25-34,Punjab,Premium
U006077,25-34,Tamil Nadu,Free
U006078,35-44,West Bengal,Free
U006079,25-34,Uttar Pradesh,Premium
U006080,18-24,Gujarat,Free
U006081,25-34,Delhi,Free
U006082,25-34,Maharashtra,Premium
U006083,18-24,Uttar Pradesh,Free
U006084,35-44,Gujarat,Free
U006085,18-24,Delhi,Premium
U006086,35-44,Gujarat,Free
U006087,18-24,Kerala,Premium
U006088,35-44,Uttar Pradesh,Premium
U006089,18-24,Delhi,Premium
U006090,25-34,Gujarat,Free
U006091,18-24,Karnataka,Free
U006092,25-34,Telangana,Premium
U006093,18-24,Punjab,Premium
U006094,35-44,Maharashtra,Premium
U006095,25-34,West Bengal,Premium
U006096,45+,Maharashtra,Free
U006097,35-44,Tamil Nadu,Free
U006098,25-34,Delhi,Free
U006099,35-44,Uttar Pradesh,Free
U006100,18-24,Tamil Nadu,Free
U006101,25-34,Delhi,Free
U006102,25-34,Uttar Pradesh,Free
U006103,35-44,West Bengal,Free
U006104,18-24,Delhi,Free
U006105,25-34,Karnataka,Free
U006106,25-34,Telangana,Free
U006107,25-34,Kerala,Free
U006108,18-24,Uttar Pradesh,Free
U006109,25-34,Gujarat,Free
U006110,35-44,Maharashtra,Free
U006111,18-24,Tamil Nadu,Premium
U006112,25-34,Maharashtra,Free
U006113,45+,Karnataka,Free
U006114,45+,Punjab,Premium
U006115,18-24,Punjab,Free
U006116,25-34,Punjab,Free
U006117,18-24,Tamil Nadu,Premium
U006118,45+,Tamil Nadu,Free
U006119,25-34,Uttar Pradesh,Premium
U006120,25-34,Tamil Nadu,Free
U006121,18-24,Maharashtra,Premium
U006122,25-34,Telangana,Premium
U006123,18-24,Karnataka,Premium
U006124,35-44,Delhi,Free
U006125,25-34,West Bengal,Free
U006126,25-34,West Bengal,Free
U006127,35-44,Karnataka,Free
U006128,18-24,Punjab,Premium
U006129,18-24,Tamil Nadu,Free
U006130,25-34,Tamil Nadu,Free
U006131,35-44,Uttar Pradesh,Free
U006132,18-24,Maharashtra,Free
U006133,35-44,Delhi,Free
U006134,25-34,Kerala,Free
U006135,25-34,Uttar Pradesh,Free
U006136,25-34,West Bengal,Free
U006137,18-24,Karnataka,Premium
U006138,18-24,Punjab,Free
U006139,35-44,Gujarat,Free
U006140,25-34,West Bengal,Free
U006141,25-34,Tamil Nadu,Free
U006142,45+,Tamil Nadu,Free
U006143,18-24,Delhi,Premium
U006144,25-34,Gujarat,Free
U006145,25-34,Maharashtra,Free
U006146,18-24,Uttar Pradesh,Free
U006147,45+,Delhi,Free
U006148,45+,Delhi,Premium
U006149,18-24,Maharashtra,Free
U006150,45+,Tamil Nadu,Free
U006151,18-24,Maharashtra,Free
U006152,45+,Punjab,Free
U006153,35-44,Kerala,Free
U006154,18-24,Kerala,Free
U006155,25-34,Karnataka,Premium
U006156,35-44,Maharashtra,Premium
U006157,18-24,Delhi,Free
U006158,25-34,Telangana,Premium
U006159,25-34,Tamil Nadu,Free
U006160,18-24,Gujarat,Free
U006161,18-24,Tamil Nadu,Free
U006162,18-24,Karnataka,Free
U006163,35-44,West Bengal,Free
U006164,25-34,Gujarat,Premium
U006165,25-34,Gujarat,Free
U006166,18-24,Delhi,Free
U006167,18-24,Tamil Nadu,Free
U006168,25-34,Uttar Pradesh,Free
U006169,18-24,Gujarat,Free
U006170,25-34,Kerala,Premium
U006171,25-34,Delhi,Free
U006172,25-34,Karnataka,Free
U006173,25-34,Gujarat,Free
U006174,35-44,Delhi,Free
U006175,18-24,Kerala,Free
U006176,35-44,Telangana,Free
U006177,18-24,Kerala,Premium
U006178,18-24,West Bengal,Premium
U006179,25-34,Maharashtra,Free
U006180,18-24,Delhi,Free
U006181,25-34,Karnataka,Free
U006182,35-44,Uttar Pradesh,Premium
U006183,35-44,Uttar Pradesh,Free
U006184,25-34,Kerala,Free
U006185,45+,Punjab,Premium
U006186,25-34,Uttar Pradesh,Free
U006187,18-24,Kerala,Premium
U006188,35-44,Punjab,Free
U006189,18-24,Kerala,Free
U006190,18-24,Tamil Nadu,Free
U006191,18-24,Tamil Nadu,Premium
U006192,18-24,Punjab,Free
U006193,18-24,West Bengal,Free
U006194,18-24,Punjab,Free
U006195,25-34,Uttar Pradesh,Free
U006196,35-44,Delhi,Premium
U006197,45+,Punjab,Free
U006198,18-24,Delhi,Free
U006199,18-24,Punjab,Premium
U006200,25-34,West Bengal,Free
U006201,18-24,Uttar Pradesh,Free
U006202,25-34,Delhi,Free
U006203,25-34,Punjab,Premium
U006204,35-44,Delhi,Free
U006205,18-24,Gujarat,Free
U006206,25-34,Telangana,Premium
U006207,25-34,Karnataka,Premium
U006208,35-44,Kerala,Free
U006209,18-24,Maharashtra,Free
U006210,35-44,Kerala,Premium
U006211,35-44,Maharashtra,Premium
U006212,18-24,Telangana,Free
U006213,25-34,Maharashtra,Free
U006214,25-34,Punjab,Free
U006215,18-24,West Bengal,Premium
U006216,25-34,Telangana,Free
U006217,25-34,Tamil Nadu,Premium
U006218,35-44,West Bengal,Free
U006219,18-24,Gujarat,Premium
U006220,25-34,Punjab,Free
U006221,18-24,Uttar Pradesh,Free
U006222,25-34,Delhi,Free
U006223,25-34,Uttar Pradesh,Premium
U006224,25-34,Uttar Pradesh,Free
U006225,25-34,Tamil Nadu,Free
U006226,18-24,Maharashtra,Premium
U006227,18-24,Tamil Nadu,Free
U006228,35-44,Punjab,Premium
U006229,18-24,Telangana,Free
U006230,35-44,Punjab,Free
U006231,25-34,Maharashtra,Free
U006232,35-44,Gujarat,Premium
U006233,18-24,Gujarat,Premium
U006234,25-34,Telangana,Free
U006235,18-24,Gujarat,Premium
U006236,45+,Uttar Pradesh,Premium
U006237,25-34,Uttar Pradesh,Premium
U006238,25-34,Gujarat,Free
U006239,35-44,Maharashtra,Free
U006240,18-24,Kerala,Free
U006241,25-34,Uttar Pradesh,Free
U006242,35-44,Delhi,Free
U006243,18-24,Maharashtra,Free
U006244,45+,Karnataka,Free
U006245,35-44,Gujarat,Free
U006246,45+,Gujarat,Premium
U006247,35-44,Telangana,Free
U006248,18-24,Uttar Pradesh,Free
U006249,25-34,Delhi,Free
U006250,18-24,Gujarat,Free
U006251,35-44,Gujarat,Free
U006252,18-24,Uttar Pradesh,Free
U006253,35-44,Punjab,Free
U006254,18-24,West Bengal,Free
U006255,18-24,Punjab,Premium
U006256,18-24,Tamil Nadu,Free
U006257,35-44,Uttar Pradesh,Free
U006258,18-24,Telangana,Premium
U006259,18-24,Kerala,Free
U006260,18-24,Tamil Nadu,Free
U006261,18-24,Maharashtra,Premium
U006262,45+,Delhi,Free
U006263,25-34,West Bengal,Free
U006264,18-24,Karnataka,Free
U006265,18-24,Karnataka,Premium
U006266,18-24,Maharashtra,Premium
U006267,25-34,Gujarat,Premium
U006268,18-24,Maharashtra,Free
U006269,18-24,Telangana,Free
U006270,18-24,Karnataka,Premium
U006271,18-24,Uttar Pradesh,Free
U006272,35-44,West Bengal,Premium
U006273,18-24,Maharashtra,Premium
U006274,25-34,West Bengal,Free
U006275,25-34,Delhi,Free
U006276,35-44,Telangana,Free
U006277,18-24,Punjab,Free
U006278,35-44,Kerala,Free
U006279,35-44,Tamil Nadu,Free
U006280,45+,Tamil Nadu,Free
U006281,35-44,Gujarat,Free
U006282,18-24,Tamil Nadu,Free
U006283,45+,Punjab,Free
U006284,35-44,Telangana,Free
U006285,18-24,Gujarat,Premium
U006286,18-24,Maharashtra,Free
U006287,45+,Punjab,Premium
U006288,18-24,Telangana,Free
U006289,35-44,Punjab,Premium
U006290,25-34,Kerala,Free
U006291,35-44,Maharashtra,Free
U006292,18-24,Punjab,Free
U006293,35-44,Telangana,Premium
U006294,25-34,Gujarat,Free
U006295,45+,Karnataka,Free
U006296,18-24,Punjab,Free
U006297,18-24,Uttar Pradesh,Free
U006298,18-24,Telangana,Free
U006299,18-24,Punjab,Free
U006300,45+,Gujarat,Premium
U006301,18-24,Maharashtra,Free
U006302,18-24,Kerala,Free
U006303,35-44,Uttar Pradesh,Free
U006304,18-24,Telangana,Free
U006305,18-24,Uttar Pradesh,Premium
U006306,25-34,West Bengal,Premium
U006307,25-34,Telangana,Premium
U006308,35-44,Delhi,Free
U006309,25-34,Delhi,Free
U006310,18-24,West Bengal,Premium
U006311,25-34,West Bengal,Free
U006312,35-44,West Bengal,Premium
U006313,25-34,Punjab,Free
U006314,35-44,Maharashtra,Free
U006315,25-34,Maharashtra,Premium
U006316,25-34,Delhi,Premium
U006317,35-44,Punjab,Premium
U006318,18-24,Uttar Pradesh,Premium
U006319,25-34,Kerala,Free
U006320,18-24,Delhi,Free
U006321,35-44,Karnataka,Free
U006322,25-34,Gujarat,Free
U006323,18-24,Tamil Nadu,Free
U006324,18-24,Punjab,Free
U006325,45+,Karnataka,Premium
U006326,18-24,Karnataka,Premium
U006327,18-24,Telangana,Free
U006328,18-24,Telangana,Free
U006329,25-34,Telangana,Premium
U006330,18-24,West Bengal,Premium
U006331,35-44,Punjab,Free
U006332,25-34,Tamil Nadu,Free
U006333,18-24,Gujarat,Free
U006334,25-34,Karnataka,Premium
U006335,18-24,Uttar Pradesh,Premium
U006336,18-24,Tamil Nadu,Free
U006337,25-34,Karnataka,Free
U006338,18-24,Kerala,Free
U006339,35-44,Karnataka,Free
U006340,25-34,Karnataka,Free
U006341,18-24,Karnataka,Premium
U006342,45+,Telangana,Free
U006343,25-34,Maharashtra,Free
U006344,18-24,Karnataka,Premium
U006345,25-34,Kerala,Premium
U006346,45+,Karnataka,Free
U006347,25-34,Telangana,Premium
U006348,25-34,Punjab,Free
U006349,25-34,Uttar Pradesh,Free
U006350,18-24,Punjab,Free
U006351,18-24,Kerala,Premium
U006352,25-34,Kerala,Free
U006353,35-44,Tamil Nadu,Free
U006354,35-44,Uttar Pradesh,Free
U006355,18-24,Uttar Pradesh,Premium
U006356,25-34,Maharashtra,Premium
U006357,18-24,Telangana,Premium
U006358,18-24,Delhi,Free
U006359,25-34,Uttar Pradesh,Premium
U006360,18-24,Uttar Pradesh,Free
U006361,35-44,Tamil Nadu,Premium
U006362,25-34,Karnataka,Free
U006363,25-34,Gujarat,Free
U006364,35-44,Karnataka,Premium
U006365,25-34,Kerala,Premium
U006366,35-44,West Bengal,Free
U006367,35-44,Punjab,Free
U006368,25-34,Karnataka,Free
U006369,18-24,Uttar Pradesh,Free
U006370,18-24,Tamil Nadu,Free
U006371,35-44,Tamil Nadu,Free
U006372,18-24,Uttar Pradesh,Free
U006373,45+,Telangana,Free
U006374,18-24,Telangana,Free
U006375,35-44,Karnataka,Free
U006376,18-24,West Bengal,Free
U006377,45+,Maharashtra,Premium
U006378,18-24,Punjab,Free
U006379,25-34,Gujarat,Premium
U006380,35-44,Punjab,Premium
U006381,18-24,Uttar Pradesh,Free
U006382,18-24,Gujarat,Free
U006383,35-44,Karnataka,Free
U006384,35-44,Uttar Pradesh,Free
U006385,18-24,Kerala,Free
U006386,25-34,Gujarat,Free
U006387,18-24,Tamil Nadu,Premium
U006388,18-24,Delhi,Free
U006389,25-34,Telangana,Free
U006390,18-24,Gujarat,Premium
U006391,25-34,Maharashtra,Free
U006392,18-24,Maharashtra,Free
U006393,35-44,Gujarat,Free
U006394,25-34,Telangana,Free
U006395,18-24,Telangana,Free
U006396,45+,West Bengal,Free
U006397,35-44,West Bengal,Free
U006398,18-24,Tamil Nadu,Free
U006399,45+,West Bengal,Free
U006400,18-24,Tamil Nadu,Free
U006401,18-24,Punjab,Free
U006402,25-34,Kerala,Free
U006403,18-24,Karnataka,Free
U006404,25-34,Gujarat,Premium
U006405,25-34,Karnataka,Free
U006406,35-44,Delhi,Free
U006407,18-24,Gujarat,Free
U006408,18-24,Delhi,Free
U006409,25-34,Uttar Pradesh,Premium
U006410,18-24,West Bengal,Premium
U006411,45+,Tamil Nadu,Free
U006412,35-44,Punjab,Free
U006413,35-44,Punjab,Free
U006414,35-44,Delhi,Premium
U006415,18-24,Gujarat,Premium
U006416,18-24,Punjab,Free
U006417,25-34,Maharashtra,Free
U006418,35-44,Delhi,Free
U006419,18-24,West Bengal,Free
U006420,18-24,Tamil Nadu,Free
U006421,25-34,Karnataka,Premium
U006422,18-24,Uttar Pradesh,Free
U006423,25-34,Karnataka,Premium
U006424,18-24,Gujarat,Free
U006425,25-34,Delhi,Free
U006426,25-34,Telangana,Free
U006427,35-44,Delhi,Free
U006428,35-44,Maharashtra,Free
U006429,18-24,West Bengal,Free
U006430,35-44,West Bengal,Free
U006431,35-44,Telangana,Free
U006432,25-34,Tamil Nadu,Premium
U006433,45+,Punjab,Premium
U006434,35-44,Kerala,Premium
U006435,18-24,Delhi,Free
U006436,25-34,Tamil Nadu,Free
U006437,18-24,Uttar Pradesh,Free
U006438,25-34,West Bengal,Free
U006439,45+,Gujarat,Free
U006440,25-34,Punjab,Free
U006441,18-24,Maharashtra,Free
U006442,45+,Gujarat,Free
U006443,35-44,Telangana,Free
U006444,18-24,Kerala,Premium
U006445,45+,Gujarat,Free
U006446,18-24,Karnataka,Free
U006447,25-34,Delhi,Free
U006448,25-34,Uttar Pradesh,Premium
U006449,45+,Karnataka,Free
U006450,18-24,Delhi,Premium
U006451,18-24,Telangana,Free
U006452,25-34,Maharashtra,Free
U006453,35-44,Maharashtra,Free
U006454,18-24,Kerala,Free
U006455,18-24,Maharashtra,Free
U006456,45+,West Bengal,Free
U006457,35-44,Tamil Nadu,Free
U006458,18-24,Delhi,Free
U006459,25-34,Uttar Pradesh,Free
U006460,25-34,Delhi,Free
U006461,25-34,West Bengal,Premium
U006462,25-34,Delhi,Premium
U006463,35-44,Telangana,Free
U006464,18-24,Delhi,Premium
U006465,35-44,Gujarat,Free
U006466,18-24,Tamil Nadu,Premium
U006467,35-44,Maharashtra,Premium
U006468,18-24,Maharashtra,Free
U006469,18-24,Telangana,Free
U006470,18-24,Telangana,Premium
U006471,18-24,Karnataka,Free
U006472,25-34,West Bengal,Free
U006473,25-34,Kerala,Premium
U006474,35-44,Kerala,Free
U006475,25-34,Kerala,Free
U006476,25-34,Uttar Pradesh,Free
U006477,18-24,Punjab,Premium
U006478,35-44,Maharashtra,Free
U006479,18-24,Delhi,Premium
U006480,18-24,Maharashtra,Free
U006481,18-24,Punjab,Free
U006482,18-24,Delhi,Free
U006483,25-34,Uttar Pradesh,Free
U006484,18-24,Karnataka,Free
U006485,18-24,Punjab,Free
U006486,35-44,Telangana,Free
U006487,18-24,Tamil Nadu,Free
U006488,25-34,Maharashtra,Free
U006489,25-34,Uttar Pradesh,Premium
U006490,35-44,West Bengal,Premium
U006491,35-44,Gujarat,Free
U006492,18-24,Uttar Pradesh,Premium
U006493,35-44,Gujarat,Free
U006494,25-34,Punjab,Premium
U006495,18-24,Kerala,Premium
U006496,25-34,Maharashtra,Free
U006497,35-44,Karnataka,Premium
U006498,18-24,Kerala,Free
U006499,25-34,West Bengal,Premium
U006500,18-24,Kerala,Free
U006501,25-34,Kerala,Free
U006502,45+,Maharashtra,Premium
U006503,25-34,Telangana,Premium
U006504,45+,West Bengal,Free
U006505,18-24,Delhi,Free
U006506,35-44,Punjab,Free
U006507,45+,Tamil Nadu,Premium
U006508,25-34,West Bengal,Free
U006509,18-24,Gujarat,Premium
U006510,18-24,Kerala,Free
U006511,18-24,Uttar Pradesh,Free
U006512,25-34,Punjab,Free
U006513,45+,Karnataka,Free
U006514,25-34,Punjab,Free
U006515,18-24,Gujarat,Free
U006516,18-24,West Bengal,Free
U006517,25-34,Telangana,Free
U006518,25-34,Telangana,Free
U006519,18-24,Karnataka,Free
U006520,35-44,Gujarat,Free
U006521,18-24,West Bengal,Free
U006522,25-34,Telangana,Premium
U006523,25-34,Kerala,Free
U006524,18-24,Kerala,Free
U006525,25-34,Karnataka,Free
U006526,25-34,Kerala,Free
U006527,25-34,Kerala,Free
U006528,35-44,West Bengal,Free
U006529,25-34,Delhi,Free
U006530,18-24,Delhi,Premium
U006531,45+,Maharashtra,Free
U006532,45+,Punjab,Free
U006533,18-24,Delhi,Premium
U006534,45+,Telangana,Free
U006535,35-44,Uttar Pradesh,Free
U006536,18-24,Maharashtra,Premium
U006537,25-34,Punjab,Free
U006538,18-24,Maharashtra,Free
U006539,25-34,Maharashtra,Premium
U006540,45+,Maharashtra,Free
U006541,25-34,West Bengal,Free
U006542,25-34,Uttar Pradesh,Free
U006543,18-24,Kerala,Free
U006544,25-34,West Bengal,Premium
U006545,35-44,Delhi,Premium
U006546,18-24,Gujarat,Premium
U006547,25-34,Telangana,Free
U006548,25-34,Uttar Pradesh,Premium
U006549,35-44,Karnataka,Free
U006550,35-44,Kerala,Free
U006551,25-34,Tamil Nadu,Premium
U006552,25-34,Telangana,Premium
U006553,25-34,Delhi,Free
U006554,25-34,Tamil Nadu,Free
U006555,25-34,Delhi,Free
U006556,25-34,Kerala,Free
U006557,35-44,Kerala,Free
U006558,18-24,Gujarat,Free
U006559,18-24,Tamil Nadu,Free
U006560,45+,Gujarat,Premium
U006561,18-24,Gujarat,Premium
U006562,45+,Tamil Nadu,Free
U006563,25-34,Uttar Pradesh,Free
U006564,45+,Kerala,Free
U006565,25-34,Punjab,Free
U006566,35-44,Tamil Nadu,Premium
U006567,35-44,Delhi,Free
U006568,25-34,Karnataka,Premium
U006569,25-34,Karnataka,Free
U006570,18-24,Punjab,Premium
U006571,18-24,Karnataka,Free
U006572,45+,Maharashtra,Free
U006573,18-24,Tamil Nadu,Free
U006574,35-44,Punjab,Free
U006575,25-34,Punjab,Free
U006576,18-24,Kerala,Free
U006577,45+,Gujarat,Free
U006578,18-24,Delhi,Free
U006579,25-34,Telangana,Free
U006580,25-34,Uttar Pradesh,Free
U006581,18-24,West Bengal,Free
U006582,18-24,Maharashtra,Free
U006583,25-34,Kerala,Free
U006584,18-24,Maharashtra,Free
U006585,35-44,West Bengal,Free
U006586,25-34,Tamil Nadu,Free
U006587,18-24,Telangana,Free
U006588,18-24,Punjab,Free
U006589,18-24,Gujarat,Free
U006590,35-44,Delhi,Free
U006591,25-34,Uttar Pradesh,Free
U006592,18-24,Maharashtra,Free
U006593,25-34,Karnataka,Free
U006594,25-34,Telangana,Free
U006595,25-34,Telangana,Free
U006596,18-24,Punjab,Premium
U006597,18-24,Punjab,Free
U006598,18-24,Telangana,Premium
U006599,25-34,Maharashtra,Premium
U006600,25-34,Delhi,Premium
U006601,18-24,Karnataka,Free
U006602,18-24,Maharashtra,Premium
U006603,25-34,Maharashtra,Free
U006604,18-24,Maharashtra,Free
U006605,25-34,Gujarat,Free
U006606,25-34,Delhi,Free
U006607,18-24,Delhi,Free
U006608,25-34,Kerala,Free
U006609,18-24,Tamil Nadu,Free
U006610,25-34,Tamil Nadu,Free
U006611,18-24,West Bengal,Free
U006612,25-34,West Bengal,Free
U006613,25-34,Tamil Nadu,Free
U006614,18-24,Gujarat,Free
U006615,25-34,Punjab,Free
U006616,35-44,Punjab,Free
U006617,45+,Telangana,Premium
U006618,18-24,Gujarat,Free
U006619,18-24,Gujarat,Free
U006620,18-24,Kerala,Free
U006621,35-44,Maharashtra,Free
U006622,25-34,Kerala,Free
U006623,18-24,Delhi,Premium
U006624,35-44,Gujarat,Free
U006625,18-24,Delhi,Free
U006626,25-34,Delhi,Free
U006627,25-34,Telangana,Premium
U006628,25-34,Telangana,Free
U006629,35-44,Karnataka,Free
U006630,18-24,Tamil Nadu,Free
U006631,25-34,Kerala,Free
U006632,25-34,West Bengal,Premium
U006633,18-24,Kerala,Free
U006634,35-44,Punjab,Free
U006635,35-44,Telangana,Premium
U006636,45+,Delhi,Premium
U006637,35-44,Punjab,Premium
U006638,18-24,Uttar Pradesh,Free
U006639,25-34,Maharashtra,Free
U006640,25-34,Tamil Nadu,Premium
U006641,18-24,Tamil Nadu,Premium
U006642,25-34,Punjab,Free
U006643,18-24,Maharashtra,Free
U006644,18-24,Delhi,Free
U006645,35-44,Kerala,Free
U006646,18-24,Telangana,Free
U006647,25-34,Telangana,Premium
U006648,35-44,Delhi,Premium
U006649,25-34,Telangana,Free
U006650,18-24,Delhi,Free
U006651,25-34,Karnataka,Premium
U006652,35-44,Uttar Pradesh,Free
U006653,35-44,Tamil Nadu,Free
U006654,18-24,Maharashtra,Premium
U006655,18-24,Telangana,Free
U006656,25-34,Delhi,Free
U006657,18-24,Maharashtra,Free
U006658,35-44,West Bengal,Premium
U006659,25-34,West Bengal,Free
U006660,35-44,Punjab,Free
U006661,45+,Kerala,Free
U006662,25-34,Delhi,Free
U006663,45+,Telangana,Free
U006664,25-34,Telangana,Free
U006665,18-24,Delhi,Free
U006666,35-44,West Bengal,Premium
U006667,25-34,Telangana,Premium
U006668,45+,Tamil Nadu,Free
U006669,18-24,Kerala,Free
U006670,18-24,Kerala,Free
U006671,35-44,Tamil Nadu,Premium
U006672,18-24,Gujarat,Free
U006673,25-34,Maharashtra,Free
U006674,25-34,West Bengal,Premium
U006675,18-24,Punjab,Free
U006676,18-24,Telangana,Free
U006677,35-44,West Bengal,Free
U006678,18-24,Gujarat,Free
U006679,35-44,Telangana,Premium
U006680,35-44,Maharashtra,Premium
U006681,25-34,Uttar Pradesh,Free
U006682,25-34,Telangana,Free
U006683,18-24,Delhi,Free
U006684,35-44,Delhi,Free
U006685,18-24,Maharashtra,Free
U006686,18-24,Punjab,Free
U006687,45+,Punjab,Premium
U006688,18-24,Uttar Pradesh,Free
U006689,18-24,Gujarat,Free
U006690,45+,Maharashtra,Free
U006691,18-24,Karnataka,Premium
U006692,18-24,Karnataka,Free
U006693,25-34,Tamil Nadu,Premium
U006694,35-44,Delhi,Free
U006695,35-44,Punjab,Free
U006696,35-44,Telangana,Premium
U006697,45+,Telangana,Free
U006698,18-24,Gujarat,Free
U006699,25-34,Uttar Pradesh,Free
U006700,18-24,Karnataka,Free
U006701,45+,Gujarat,Free
U006702,45+,Gujarat,Free
U006703,18-24,Karnataka,Free
U006704,35-44,Tamil Nadu,Premium
U006705,25-34,West Bengal,Free
U006706,18-24,Uttar Pradesh,Premium
U006707,25-34,Kerala,Premium
U006708,45+,Gujarat,Premium
U006709,18-24,Kerala,Premium
U006710,18-24,Delhi,Premium
U006711,45+,Punjab,Premium
U006712,25-34,Gujarat,Premium
U006713,25-34,Tamil Nadu,Premium
U006714,35-44,Delhi,Free
U006715,25-34,Punjab,Premium
U006716,18-24,Tamil Nadu,Free
U006717,18-24,Telangana,Premium
U006718,35-44,Delhi,Premium
U006719,25-34,Punjab,Free
U006720,25-34,Karnataka,Free
U006721,35-44,Punjab,Free
U006722,18-24,Uttar Pradesh,Free
U006723,35-44,Maharashtra,Free
U006724,35-44,Kerala,Free
U006725,45+,Punjab,Free
U006726,18-24,Telangana,Free
U006727,18-24,Karnataka,Premium
U006728,25-34,Uttar Pradesh,Free
U006729,45+,Uttar Pradesh,Free
U006730,45+,Karnataka,Free
U006731,25-34,Maharashtra,Free
U006732,25-34,Delhi,Free
U006733,18-24,Kerala,Premium
U006734,25-34,Gujarat,Free
U006735,35-44,Maharashtra,Premium
U006736,35-44,Maharashtra,Free
U006737,18-24,Tamil Nadu,Free
U006738,45+,Gujarat,Free
U006739,18-24,Kerala,Free
U006740,25-34,Maharashtra,Free
U006741,25-34,Uttar Pradesh,Free
U006742,25-34,Punjab,Premium
U006743,35-44,Punjab,Free
U006744,25-34,Karnataka,Premium
U006745,18-24,Kerala,Free
U006746,18-24,Karnataka,Free
U006747,25-34,West Bengal,Free
U006748,25-34,Punjab,Premium
U006749,25-34,Delhi,Premium
U006750,25-34,Delhi,Free
U006751,18-24,Tamil Nadu,Free
U006752,35-44,Maharashtra,Free
U006753,25-34,Telangana,Free
U006754,25-34,Kerala,Free
U006755,25-34,Telangana,Premium
U006756,18-24,Tamil Nadu,Free
U006757,18-24,Delhi,Premium
U006758,18-24,Delhi,Premium
U006759,35-44,Delhi,Free
U006760,18-24,Maharashtra,Free
U006761,18-24,Telangana,Free
U006762,45+,Punjab,Free
U006763,25-34,West Bengal,Free
U006764,25-34,Karnataka,Free
U006765,25-34,Karnataka,Free
U006766,18-24,Tamil Nadu,Free
U006767,18-24,Karnataka,Free
U006768,35-44,Delhi,Free
U006769,25-34,Maharashtra,Premium
U006770,35-44,Uttar Pradesh,Free
U006771,45+,Delhi,Free
U006772,18-24,Punjab,Free
U006773,25-34,Tamil Nadu,Free
U006774,18-24,Tamil Nadu,Free
U006775,25-34,Kerala,Free
U006776,35-44,Kerala,Premium
U006777,18-24,West Bengal,Free
U006778,45+,Karnataka,Premium
U006779,25-34,Uttar Pradesh,Free
U006780,25-34,Maharashtra,Free
U006781,18-24,Karnataka,Premium
U006782,25-34,Karnataka,Premium
U006783,25-34,Karnataka,Free
U006784,18-24,Telangana,Free
U006785,25-34,Maharashtra,Free
U006786,18-24,Gujarat,Premium
U006787,45+,Delhi,Free
U006788,18-24,Karnataka,Free
U006789,25-34,Telangana,Free
U006790,35-44,Gujarat,Premium
U006791,35-44,Telangana,Free
U006792,35-44,Telangana,Free
U006793,45+,Punjab,Premium
U006794,18-24,Kerala,Premium
U006795,25-34,Telangana,Free
U006796,25-34,Maharashtra,Free
U006797,18-24,Tamil Nadu,Free
U006798,35-44,Gujarat,Free
U006799,18-24,Gujarat,Premium
U006800,45+,Punjab,Free
U006801,35-44,Kerala,Free
U006802,25-34,Karnataka,Premium
U006803,25-34,Kerala,Free
U006804,45+,Telangana,Premium
U006805,35-44,Karnataka,Free
U006806,35-44,Uttar Pradesh,Free
U006807,35-44,Punjab,Free
U006808,18-24,Karnataka,Free
U006809,18-24,Uttar Pradesh,Premium
U006810,18-24,Punjab,Premium
U006811,25-34,Delhi,Free
U006812,25-34,Uttar Pradesh,Free
U006813,18-24,Tamil Nadu,Free
U006814,45+,Gujarat,Premium
U006815,18-24,Maharashtra,Free
U006816,35-44,West Bengal,Free
U006817,25-34,Delhi,Free
U006818,25-34,Tamil Nadu,Free
U006819,18-24,Punjab,Free
U006820,35-44,Tamil Nadu,Premium
U006821,35-44,Karnataka,Premium
U006822,18-24,Uttar Pradesh,Premium
U006823,25-34,West Bengal,Free
U006824,25-34,Maharashtra,Free
U006825,25-34,Tamil Nadu,Premium
U006826,25-34,Kerala,Free
U006827,25-34,Tamil Nadu,Premium
U006828,35-44,West Bengal,Free
U006829,35-44,Telangana,Premium
U006830,18-24,Uttar Pradesh,Premium
U006831,35-44,West Bengal,Free
U006832,18-24,Telangana,Premium
U006833,45+,Uttar Pradesh,Free
U006834,25-34,Punjab,Free
U006835,18-24,Kerala,Free
U006836,35-44,Kerala,Premium
U006837,18-24,Karnataka,Free
U006838,35-44,Uttar Pradesh,Free
U006839,45+,Punjab,Free
U006840,25-34,Uttar Pradesh,Premium
U006841,25-34,Maharashtra,Premium
U006842,25-34,Punjab,Premium
U006843,25-34,Karnataka,Free
U006844,18-24,Karnataka,Free
U006845,45+,Tamil Nadu,Free
U006846,18-24,Kerala,Premium
U006847,18-24,Tamil Nadu,Premium
U006848,18-24,Telangana,Free
U006849,45+,Delhi,Free
U006850,45+,Maharashtra,Free
U006851,18-24,Karnataka,Free
U006852,18-24,Delhi,Free
U006853,35-44,Delhi,Free
U006854,25-34,Maharashtra,Free
U006855,45+,Punjab,Free
U006856,45+,Delhi,Free
U006857,35-44,Delhi,Free
U006858,18-24,Karnataka,Premium
U006859,35-44,Punjab,Free
U006860,45+,Uttar Pradesh,Free
U006861,25-34,West Bengal,Premium
U006862,35-44,West Bengal,Free
U006863,25-34,West Bengal,Premium
U006864,45+,Maharashtra,Premium
U006865,25-34,Tamil Nadu,Premium
U006866,18-24,West Bengal,Free
U006867,25-34,Uttar Pradesh,Free
U006868,18-24,Tamil Nadu,Free
U006869,25-34,Punjab,Free
U006870,45+,Kerala,Free
U006871,18-24,Delhi,Free
U006872,45+,Gujarat,Free
U006873,18-24,Karnataka,Free
U006874,25-34,Maharashtra,Free
U006875,45+,Karnataka,Free
U006876,25-34,Uttar Pradesh,Free
U006877,35-44,Tamil Nadu,Free
U006878,45+,Maharashtra,Free
U006879,25-34,Karnataka,Free
U006880,35-44,Kerala,Free
U006881,18-24,Maharashtra,Free
U006882,25-34,Uttar Pradesh,Premium
U006883,18-24,Kerala,Free
U006884,35-44,Kerala,Free
U006885,25-34,Kerala,Premium
U006886,25-34,Delhi,Premium
U006887,45+,Gujarat,Free
U006888,18-24,Punjab,Premium
U006889,45+,Delhi,Free
U006890,18-24,Maharashtra,Free
U006891,18-24,Delhi,Premium
U006892,25-34,Delhi,Free
U006893,18-24,Gujarat,Free
U006894,25-34,Maharashtra,Free
U006895,35-44,West Bengal,Free
U006896,35-44,Maharashtra,Free
U006897,18-24,Uttar Pradesh,Premium
U006898,18-24,Telangana,Free
U006899,18-24,Telangana,Premium
U006900,25-34,Maharashtra,Free
U006901,18-24,Gujarat,Free
U006902,18-24,Tamil Nadu,Premium
U006903,35-44,Delhi,Free
U006904,45+,Kerala,Premium
U006905,35-44,Uttar Pradesh,Free
U006906,18-24,Maharashtra,Premium
U006907,25-34,Punjab,Free
U006908,18-24,West Bengal,Free
U006909,25-34,Maharashtra,Free
U006910,25-34,Kerala,Premium
U006911,45+,West Bengal,Free
U006912,25-34,Telangana,Premium
U006913,18-24,Karnataka,Free
U006914,25-34,Tamil Nadu,Premium
U006915,45+,Maharashtra,Premium
U006916,18-24,Kerala,Premium
U006917,35-44,West Bengal,Free
U006918,18-24,Telangana,Premium
U006919,18-24,Kerala,Free
U006920,35-44,Telangana,Free
U006921,18-24,Tamil Nadu,Free
U006922,35-44,Gujarat,Premium
U006923,18-24,Uttar Pradesh,Free
U006924,25-34,Gujarat,Premium
U006925,25-34,Telangana,Free
U006926,35-44,Karnataka,Free
U006927,35-44,Delhi,Free
U006928,25-34,Tamil Nadu,Free
U006929,25-34,Gujarat,Premium
U006930,18-24,Gujarat,Premium
U006931,25-34,Delhi,Free
U006932,25-34,Telangana,Free
U006933,18-24,West Bengal,Premium
U006934,45+,West Bengal,Free
U006935,18-24,Gujarat,Free
U006936,18-24,Maharashtra,Premium
U006937,45+,Tamil Nadu,Free
U006938,25-34,Maharashtra,Free
U006939,35-44,Kerala,Free
U006940,18-24,Telangana,Free
U006941,25-34,Tamil Nadu,Free
U006942,25-34,Gujarat,Free
U006943,18-24,Gujarat,Premium
U006944,35-44,Karnataka,Premium
U006945,18-24,Gujarat,Premium
U006946,18-24,Uttar Pradesh,Premium
U006947,18-24,Maharashtra,Free
U006948,18-24,Kerala,Free
U006949,18-24,Delhi,Free
U006950,35-44,Kerala,Free
U006951,25-34,West Bengal,Free
U006952,18-24,Gujarat,Free
U006953,25-34,Telangana,Free
U006954,18-24,Punjab,Free
U006955,25-34,West Bengal,Premium
U006956,35-44,Karnataka,Premium
U006957,35-44,Maharashtra,Free
U006958,25-34,Delhi,Free
U006959,18-24,Gujarat,Free
U006960,18-24,Karnataka,Premium
U006961,35-44,Delhi,Free
U006962,25-34,Maharashtra,Free
U006963,25-34,Maharashtra,Free
U006964,45+,Kerala,Premium
U006965,18-24,Delhi,Free
U006966,35-44,Gujarat,Free
U006967,25-34,Telangana,Premium
U006968,18-24,Punjab,Free
U006969,18-24,Uttar Pradesh,Free
U006970,25-34,Tamil Nadu,Free
U006971,18-24,Karnataka,Free
U006972,25-34,West Bengal,Premium
U006973,35-44,West Bengal,Free
U006974,25-34,Kerala,Premium
U006975,25-34,West Bengal,Premium
U006976,25-34,Uttar Pradesh,Free
U006977,25-34,Tamil Nadu,Free
U006978,35-44,Punjab,Free
U006979,18-24,Delhi,Premium
U006980,45+,Punjab,Free
U006981,18-24,Kerala,Premium
U006982,18-24,Gujarat,Free
U006983,35-44,Punjab,Free
U006984,18-24,Maharashtra,Premium
U006985,18-24,Kerala,Premium
U006986,18-24,Kerala,Free
U006987,35-44,Maharashtra,Premium
U006988,25-34,Delhi,Free
U006989,18-24,Karnataka,Free
U006990,25-34,Tamil Nadu,Free
U006991,18-24,Delhi,Premium
U006992,45+,Telangana,Premium
U006993,18-24,Tamil Nadu,Premium
U006994,25-34,Kerala,Free
U006995,25-34,Uttar Pradesh,Premium
U006996,25-34,Delhi,Free
U006997,45+,Tamil Nadu,Free
U006998,18-24,Gujarat,Premium
U006999,35-44,Maharashtra,Free
U007000,25-34,Gujarat,Free
U007001,25-34,Karnataka,Free
U007002,25-34,Kerala,Premium
U007003,18-24,West Bengal,Free
U007004,18-24,Uttar Pradesh,Free
U007005,18-24,Delhi,Premium
U007006,45+,Gujarat,Free
U007007,35-44,Telangana,Premium
U007008,18-24,Kerala,Free
U007009,25-34,Kerala,Free
U007010,35-44,Telangana,Free
U007011,25-34,Tamil Nadu,Free
U007012,25-34,Gujarat,Premium
U007013,35-44,Telangana,Free
U007014,18-24,Uttar Pradesh,Free
U007015,25-34,West Bengal,Free
U007016,18-24,West Bengal,Premium
U007017,18-24,Telangana,Free
U007018,25-34,Punjab,Free
U007019,35-44,Kerala,Premium
U007020,45+,Punjab,Free
U007021,18-24,West Bengal,Premium
U007022,35-44,Kerala,Free
U007023,45+,Tamil Nadu,Free
U007024,25-34,Uttar Pradesh,Free
U007025,45+,Delhi,Premium
U007026,45+,Punjab,Premium
U007027,35-44,Karnataka,Free
U007028,45+,Uttar Pradesh,Premium
U007029,25-34,Telangana,Premium
U007030,25-34,Punjab,Free
U007031,45+,Uttar Pradesh,Free
U007032,35-44,Tamil Nadu,Free
U007033,18-24,Punjab,Free
U007034,18-24,Uttar Pradesh,Premium
U007035,18-24,Delhi,Premium
U007036,35-44,Uttar Pradesh,Premium
U007037,18-24,Maharashtra,Premium
U007038,18-24,Telangana,Premium
U007039,25-34,Telangana,Premium
U007040,18-24,Uttar Pradesh,Premium
U007041,45+,Uttar Pradesh,Free
U007042,25-34,Gujarat,Premium
U007043,18-24,Uttar Pradesh,Premium
U007044,18-24,Gujarat,Free
U007045,35-44,Telangana,Free
U007046,25-34,Gujarat,Premium
U007047,25-34,Kerala,Free
U007048,18-24,Karnataka,Free
U007049,45+,Gujarat,Free
U007050,35-44,Maharashtra,Free
U007051,35-44,Delhi,Free
U007052,25-34,Delhi,Free
U007053,45+,Telangana,Premium
U007054,35-44,Maharashtra,Free
U007055,25-34,Punjab,Free
U007056,45+,Punjab,Free
U007057,35-44,Punjab,Free
U007058,35-44,Maharashtra,Free
U007059,35-44,Punjab,Premium
U007060,25-34,Punjab,Free
U007061,25-34,Kerala,Free
U007062,18-24,Telangana,Free
U007063,25-34,Karnataka,Premium
U007064,25-34,Delhi,Premium
U007065,18-24,Telangana,Premium
U007066,45+,Karnataka,Free
U007067,18-24,West Bengal,Free
U007068,35-44,Punjab,Free
U007069,18-24,Uttar Pradesh,Free
U007070,18-24,Maharashtra,Free
U007071,18-24,Gujarat,Free
U007072,25-34,West Bengal,Premium
U007073,25-34,West Bengal,Premium
U007074,18-24,Gujarat,Premium
U007075,25-34,Tamil Nadu,Premium
U007076,25-34,Kerala,Free
U007077,18-24,Telangana,Free
U007078,18-24,West Bengal,Premium
U007079,18-24,Telangana,Free
U007080,18-24,Uttar Pradesh,Free
U007081,18-24,Karnataka,Free
U007082,35-44,Kerala,Free
U007083,25-34,Delhi,Free
U007084,35-44,Maharashtra,Free
U007085,35-44,Kerala,Free
U007086,25-34,Punjab,Free
U007087,18-24,Maharashtra,Premium
U007088,18-24,West Bengal,Free
U007089,25-34,West Bengal,Premium
U007090,18-24,West Bengal,Premium
U007091,18-24,Tamil Nadu,Free
U007092,45+,Gujarat,Free
U007093,18-24,Maharashtra,Free
U007094,18-24,Delhi,Premium
U007095,45+,Karnataka,Premium
U007096,18-24,Uttar Pradesh,Free
U007097,25-34,Kerala,Premium
U007098,18-24,Telangana,Free
U007099,25-34,Uttar Pradesh,Premium
U007100,45+,Uttar Pradesh,Free
U007101,25-34,Delhi,Free
U007102,25-34,Telangana,Premium
U007103,18-24,Uttar Pradesh,Free
U007104,25-34,Delhi,Free
U007105,25-34,Delhi,Premium
U007106,18-24,Karnataka,Free
U007107,18-24,Uttar Pradesh,Premium
U007108,25-34,Punjab,Free
U007109,35-44,West Bengal,Free
U007110,45+,Punjab,Free
U007111,35-44,Kerala,Free
U007112,25-34,Gujarat,Free
U007113,35-44,Maharashtra,Free
U007114,45+,Karnataka,Premium
U007115,18-24,Telangana,Free
U007116,25-34,Delhi,Premium
U007117,18-24,West Bengal,Free
U007118,45+,Karnataka,Premium
U007119,45+,Maharashtra,Premium
U007120,35-44,West Bengal,Premium
U007121,18-24,Maharashtra,Free
U007122,45+,Punjab,Premium
U007123,18-24,Delhi,Free
U007124,18-24,Maharashtra,Premium
U007125,25-34,Tamil Nadu,Free
U007126,35-44,Gujarat,Premium
U007127,35-44,Karnataka,Free
U007128,18-24,Punjab,Premium
U007129,25-34,Gujarat,Free
U007130,25-34,Uttar Pradesh,Free
U007131,18-24,Karnataka,Premium
U007132,35-44,Maharashtra,Free
U007133,18-24,Kerala,Premium
U007134,18-24,West Bengal,Free
U007135,25-34,Uttar Pradesh,Premium
U007136,35-44,West Bengal,Free
U007137,35-44,Uttar Pradesh,Free
U007138,18-24,Delhi,Premium
U007139,18-24,Delhi,Free
U007140,45+,West Bengal,Free
U007141,25-34,Kerala,Premium
U007142,25-34,Karnataka,Free
U007143,18-24,Tamil Nadu,Free
U007144,45+,Karnataka,Free
U007145,35-44,Maharashtra,Free
U007146,18-24,Gujarat,Premium
U007147,18-24,Uttar Pradesh,Premium
U007148,18-24,Uttar Pradesh,Premium
U007149,18-24,Telangana,Premium
U007150,18-24,Delhi,Premium
U007151,18-24,Tamil Nadu,Free
U007152,18-24,West Bengal,Free
U007153,25-34,Delhi,Premium
U007154,25-34,Delhi,Free
U007155,25-34,Uttar Pradesh,Premium
U007156,35-44,Maharashtra,Premium
U007157,18-24,Telangana,Free
U007158,35-44,Delhi,Free
U007159,45+,Maharashtra,Free
U007160,45+,West Bengal,Premium
U007161,18-24,Delhi,Premium
U007162,18-24,Kerala,Free
U007163,25-34,Gujarat,Free
U007164,18-24,Telangana,Free
U007165,18-24,Delhi,Free
U007166,18-24,Uttar Pradesh,Free
U007167,25-34,Karnataka,Premium
U007168,35-44,Kerala,Free
U007169,18-24,Delhi,Premium
U007170,45+,Delhi,Premium
U007171,35-44,West Bengal,Premium
U007172,18-24,Punjab,Free
U007173,25-34,Telangana,Free
U007174,18-24,Telangana,Free
U007175,45+,Delhi,Free
U007176,35-44,Karnataka,Free
U007177,25-34,Delhi,Free
U007178,25-34,Maharashtra,Premium
U007179,18-24,Uttar Pradesh,Free
U007180,45+,Maharashtra,Free
U007181,45+,Gujarat,Free
U007182,35-44,Tamil Nadu,Free
U007183,25-34,Punjab,Free
U007184,18-24,Telangana,Free
U007185,18-24,Uttar Pradesh,Free
U007186,18-24,West Bengal,Free
U007187,25-34,Maharashtra,Free
U007188,35-44,Kerala,Free
U007189,45+,Kerala,Free
U007190,18-24,Uttar Pradesh,Free
U007191,18-24,Punjab,Premium
U007192,18-24,Gujarat,Free
U007193,45+,Karnataka,Free
U007194,35-44,Karnataka,Free
U007195,25-34,West Bengal,Free
U007196,25-34,Telangana,Free
U007197,25-34,Punjab,Free
U007198,18-24,Punjab,Premium
U007199,18-24,West Bengal,Premium
U007200,18-24,Uttar Pradesh,Premium
U007201,18-24,Punjab,Free
U007202,25-34,Telangana,Premium
U007203,18-24,Karnataka,Premium
U007204,35-44,Punjab,Premium
U007205,25-34,Kerala,Free
U007206,25-34,Kerala,Free
U007207,45+,Tamil Nadu,Free
U007208,18-24,Tamil Nadu,Free
U007209,25-34,Tamil Nadu,Free
U007210,18-24,Uttar Pradesh,Premium
U007211,35-44,Uttar Pradesh,Free
U007212,25-34,Maharashtra,Free
U007213,18-24,Gujarat,Free
U007214,18-24,Karnataka,Free
U007215,35-44,West Bengal,Free
U007216,25-34,Uttar Pradesh,Free
U007217,25-34,Tamil Nadu,Free
U007218,25-34,Tamil Nadu,Free
U007219,25-34,West Bengal,Premium
U007220,25-34,Karnataka,Free
U007221,18-24,Punjab,Free
U007222,25-34,West Bengal,Free
U007223,25-34,Punjab,Free
U007224,35-44,West Bengal,Free
U007225,25-34,Punjab,Free
U007226,25-34,Maharashtra,Free
U007227,45+,Delhi,Premium
U007228,35-44,Punjab,Free
U007229,18-24,Delhi,Free
U007230,45+,Karnataka,Premium
U007231,18-24,Tamil Nadu,Free
U007232,35-44,Punjab,Free
U007233,18-24,Telangana,Free
U007234,25-34,Karnataka,Premium
U007235,45+,Maharashtra,Premium
U007236,18-24,Karnataka,Free
U007237,35-44,Maharashtra,Free
U007238,25-34,Kerala,Free
U007239,18-24,Tamil Nadu,Free
U007240,45+,Telangana,Premium
U007241,25-34,Delhi,Free
U007242,35-44,Tamil Nadu,Free
U007243,35-44,Gujarat,Free
U007244,18-24,Punjab,Premium
U007245,18-24,Uttar Pradesh,Premium
U007246,18-24,Tamil Nadu,Free
U007247,25-34,Delhi,Premium
U007248,18-24,Delhi,Premium
U007249,25-34,Tamil Nadu,Premium
U007250,35-44,Uttar Pradesh,Free
U007251,18-24,Tamil Nadu,Free
U007252,35-44,Delhi,Premium
U007253,25-34,Karnataka,Free
U007254,18-24,Gujarat,Free
U007255,18-24,Uttar Pradesh,Premium
U007256,18-24,West Bengal,Premium
U007257,25-34,Gujarat,Free
U007258,18-24,Gujarat,Free
U007259,35-44,Tamil Nadu,Premium
U007260,35-44,Gujarat,Free
U007261,18-24,Maharashtra,Free
U007262,35-44,Gujarat,Free
U007263,45+,Telangana,Free
U007264,18-24,Telangana,Free
U007265,45+,Uttar Pradesh,Free
U007266,18-24,Punjab,Premium
U007267,25-34,Delhi,Free
U007268,18-24,West Bengal,Free
U007269,35-44,Kerala,Free
U007270,35-44,Maharashtra,Free
U007271,45+,Tamil Nadu,Premium
U007272,45+,Karnataka,Free
U007273,18-24,Gujarat,Premium
U007274,25-34,Gujarat,Free
U007275,18-24,Delhi,Premium
U007276,18-24,Telangana,Free
U007277,18-24,Kerala,Premium
U007278,45+,Punjab,Free
U007279,25-34,Uttar Pradesh,Premium
U007280,18-24,Gujarat,Free
U007281,45+,Delhi,Free
U007282,35-44,Maharashtra,Free
U007283,18-24,Telangana,Premium
U007284,25-34,Gujarat,Free
U007285,35-44,West Bengal,Free
U007286,25-34,Kerala,Free
U007287,25-34,Kerala,Free
U007288,25-34,Delhi,Free
U007289,18-24,Maharashtra,Free
U007290,25-34,Maharashtra,Free
U007291,18-24,Uttar Pradesh,Premium
U007292,18-24,Uttar Pradesh,Free
U007293,18-24,Gujarat,Free
U007294,25-34,Maharashtra,Free
U007295,25-34,Gujarat,Free
U007296,25-34,Uttar Pradesh,Free
U007297,18-24,Kerala,Premium
U007298,45+,Tamil Nadu,Premium
U007299,18-24,Maharashtra,Free
U007300,25-34,Karnataka,Free
U007301,18-24,Punjab,Free
U007302,35-44,West Bengal,Free
U007303,25-34,Gujarat,Free
U007304,25-34,Tamil Nadu,Free
U007305,35-44,Maharashtra,Free
U007306,35-44,Karnataka,Free
U007307,25-34,Kerala,Free
U007308,25-34,West Bengal,Premium
U007309,45+,Maharashtra,Premium
U007310,45+,Karnataka,Free
U007311,35-44,Karnataka,Premium
U007312,35-44,Maharashtra,Premium
U007313,35-44,Karnataka,Free
U007314,45+,Gujarat,Free
U007315,18-24,Delhi,Free
U007316,45+,Telangana,Premium
U007317,35-44,West Bengal,Premium
U007318,25-34,West Bengal,Free
U007319,25-34,Karnataka,Free
U007320,18-24,Telangana,Premium
U007321,35-44,Kerala,Free
U007322,25-34,West Bengal,Free
U007323,18-24,Gujarat,Free
U007324,25-34,Punjab,Premium
U007325,18-24,Delhi,Free
U007326,25-34,Uttar Pradesh,Free
U007327,25-34,Kerala,Free
U007328,25-34,Tamil Nadu,Free
U007329,18-24,Telangana,Free
U007330,18-24,Uttar Pradesh,Free
U007331,18-24,Gujarat,Free
U007332,25-34,Gujarat,Premium
U007333,45+,Telangana,Premium
U007334,35-44,Kerala,Free
U007335,35-44,Telangana,Premium
U007336,18-24,Tamil Nadu,Free
U007337,18-24,West Bengal,Free
U007338,35-44,Maharashtra,Free
U007339,25-34,Gujarat,Free
U007340,18-24,Karnataka,Free
U007341,25-34,Telangana,Free
U007342,25-34,West Bengal,Premium
U007343,18-24,Karnataka,Free
U007344,18-24,Karnataka,Free
U007345,25-34,Delhi,Premium
U007346,18-24,Maharashtra,Free
U007347,25-34,Gujarat,Free
U007348,35-44,Telangana,Free
U007349,45+,West Bengal,Free
U007350,25-34,Delhi,Premium
U007351,18-24,Gujarat,Free
U007352,25-34,Karnataka,Premium
U007353,18-24,Tamil Nadu,Free
U007354,35-44,Telangana,Free
U007355,35-44,Kerala,Free
U007356,25-34,Delhi,Free
U007357,35-44,Uttar Pradesh,Free
U007358,18-24,Delhi,Free
U007359,25-34,West Bengal,Free
U007360,45+,Punjab,Premium
U007361,18-24,Uttar Pradesh,Premium
U007362,18-24,Telangana,Free
U007363,35-44,Uttar Pradesh,Free
U007364,25-34,Uttar Pradesh,Free
U007365,18-24,Punjab,Free
U007366,18-24,Punjab,Free
U007367,25-34,Delhi,Premium
U007368,25-34,Kerala,Free
U007369,25-34,Maharashtra,Free
U007370,18-24,Delhi,Free
U007371,25-34,Uttar Pradesh,Free
U007372,25-34,West Bengal,Premium
U007373,35-44,Tamil Nadu,Free
U007374,25-34,Delhi,Free
U007375,25-34,Gujarat,Free
U007376,35-44,Gujarat,Premium
U007377,18-24,Maharashtra,Free
U007378,18-24,Kerala,Free
U007379,18-24,Karnataka,Free
U007380,18-24,West Bengal,Free
U007381,45+,Punjab,Premium
U007382,18-24,Maharashtra,Free
U007383,35-44,Kerala,Free
U007384,18-24,Gujarat,Premium
U007385,25-34,West Bengal,Premium
U007386,25-34,Delhi,Free
U007387,18-24,Tamil Nadu,Free
U007388,25-34,Telangana,Premium
U007389,25-34,Kerala,Free
U007390,25-34,Kerala,Free
U007391,35-44,Gujarat,Free
U007392,45+,West Bengal,Premium
U007393,25-34,Uttar Pradesh,Free
U007394,45+,Gujarat,Free
U007395,18-24,Punjab,Premium
U007396,18-24,Kerala,Premium
U007397,25-34,Maharashtra,Free
U007398,25-34,Kerala,Free
U007399,25-34,Punjab,Free
U007400,25-34,Punjab,Free
U007401,35-44,Telangana,Free
U007402,18-24,Karnataka,Free
U007403,35-44,West Bengal,Premium
U007404,25-34,Telangana,Free
U007405,25-34,West Bengal,Free
U007406,18-24,Telangana,Free
U007407,18-24,Punjab,Free
U007408,25-34,West Bengal,Free
U007409,35-44,Uttar Pradesh,Free
U007410,25-34,Telangana,Premium
U007411,18-24,West Bengal,Free
U007412,35-44,Kerala,Free
U007413,25-34,Maharashtra,Premium
U007414,45+,Delhi,Free
U007415,25-34,Telangana,Premium
U007416,25-34,Karnataka,Free
U007417,25-34,West Bengal,Free
U007418,25-34,Uttar Pradesh,Free
U007419,25-34,Kerala,Premium
U007420,18-24,Punjab,Free
U007421,45+,Karnataka,Free
U007422,35-44,Delhi,Free
U007423,25-34,Maharashtra,Free
U007424,25-34,Kerala,Free
U007425,35-44,West Bengal,Free
U007426,18-24,Delhi,Free
U007427,18-24,Kerala,Premium
U007428,18-24,Tamil Nadu,Free
U007429,18-24,Gujarat,Free
U007430,18-24,Kerala,Free
U007431,35-44,Punjab,Free
U007432,18-24,Tamil Nadu,Free
U007433,35-44,Punjab,Free
U007434,45+,Uttar Pradesh,Free
U007435,18-24,Telangana,Free
U007436,35-44,Gujarat,Free
U007437,25-34,Telangana,Free
U007438,45+,Telangana,Free
U007439,25-34,Delhi,Free
U007440,25-34,Uttar Pradesh,Free
U007441,18-24,West Bengal,Free
U007442,45+,Punjab,Free
U007443,18-24,Gujarat,Free
U007444,35-44,Punjab,Free
U007445,18-24,Maharashtra,Free
U007446,25-34,West Bengal,Premium
U007447,25-34,Kerala,Premium
U007448,18-24,Telangana,Premium
U007449,18-24,Kerala,Free
U007450,18-24,Punjab,Premium
U007451,35-44,Punjab,Free
U007452,35-44,Karnataka,Free
U007453,18-24,Punjab,Premium
U007454,25-34,Punjab,Free
U007455,18-24,Maharashtra,Free
U007456,35-44,Punjab,Free
U007457,35-44,Telangana,Premium
U007458,35-44,Karnataka,Free
U007459,35-44,Tamil Nadu,Free
U007460,18-24,Uttar Pradesh,Free
U007461,18-24,Maharashtra,Free
U007462,35-44,Gujarat,Premium
U007463,18-24,Maharashtra,Free
U007464,18-24,Telangana,Free
U007465,18-24,Delhi,Premium
U007466,35-44,Tamil Nadu,Free
U007467,25-34,Gujarat,Premium
U007468,45+,Maharashtra,Premium
U007469,25-34,Telangana,Premium
U007470,18-24,Tamil Nadu,Premium
U007471,25-34,Tamil Nadu,Premium
U007472,35-44,West Bengal,Free
U007473,18-24,Karnataka,Free
U007474,45+,Kerala,Premium
U007475,25-34,Punjab,Free
U007476,35-44,Karnataka,Free
U007477,35-44,Tamil Nadu,Premium
U007478,25-34,Uttar Pradesh,Free
U007479,35-44,Telangana,Free
U007480,25-34,Gujarat,Free
U007481,35-44,Delhi,Premium
U007482,35-44,Maharashtra,Premium
U007483,25-34,Telangana,Premium
U007484,18-24,Uttar Pradesh,Premium
U007485,45+,Punjab,Free
U007486,45+,Punjab,Free
U007487,25-34,Delhi,Free
U007488,45+,Uttar Pradesh,Free
U007489,25-34,Maharashtra,Premium
U007490,25-34,West Bengal,Free
U007491,25-34,Karnataka,Free
U007492,18-24,Tamil Nadu,Premium
U007493,25-34,Kerala,Premium
U007494,25-34,Tamil Nadu,Free
U007495,18-24,Maharashtra,Free
U007496,18-24,Telangana,Free
U007497,35-44,Maharashtra,Free
U007498,35-44,Gujarat,Premium
U007499,45+,Uttar Pradesh,Free
U007500,18-24,Gujarat,Free
U007501,35-44,Tamil Nadu,Free
U007502,18-24,Tamil Nadu,Free
U007503,18-24,Telangana,Premium
U007504,35-44,Gujarat,Free
U007505,25-34,Kerala,Free
U007506,35-44,Tamil Nadu,Free
U007507,18-24,Gujarat,Free
U007508,18-24,Tamil Nadu,Free
U007509,25-34,Kerala,Free
U007510,18-24,Punjab,Premium
U007511,18-24,Tamil Nadu,Free
U007512,18-24,Gujarat,Free
U007513,18-24,Punjab,Free
U007514,35-44,West Bengal,Free
U007515,18-24,Punjab,Free
U007516,25-34,Tamil Nadu,Free
U007517,25-34,Karnataka,Free
U007518,25-34,West Bengal,Premium
U007519,25-34,Kerala,Free
U007520,25-34,Gujarat,Premium
U007521,35-44,Karnataka,Premium
U007522,18-24,Delhi,Free
U007523,35-44,Uttar Pradesh,Free
U007524,18-24,Karnataka,Free
U007525,25-34,West Bengal,Free
U007526,25-34,Karnataka,Free
U007527,18-24,Gujarat,Free
U007528,18-24,Maharashtra,Free
U007529,18-24,Maharashtra,Free
U007530,18-24,Karnataka,Free
U007531,25-34,Tamil Nadu,Free
U007532,18-24,Kerala,Free
U007533,35-44,Tamil Nadu,Premium
U007534,35-44,Punjab,Free
U007535,18-24,Maharashtra,Free
U007536,18-24,Gujarat,Premium
U007537,25-34,Telangana,Free
U007538,35-44,Uttar Pradesh,Free
U007539,25-34,Karnataka,Free
U007540,18-24,Punjab,Free
U007541,45+,Punjab,Free
U007542,25-34,Tamil Nadu,Free
U007543,18-24,Delhi,Free
U007544,35-44,Delhi,Free
U007545,45+,Kerala,Premium
U007546,25-34,West Bengal,Premium
U007547,18-24,Telangana,Free
U007548,25-34,Tamil Nadu,Premium
U007549,18-24,Tamil Nadu,Free
U007550,25-34,Telangana,Premium
U007551,18-24,Punjab,Premium
U007552,25-34,Kerala,Free
U007553,35-44,Maharashtra,Free
U007554,45+,Kerala,Free
U007555,35-44,Kerala,Free
U007556,18-24,Telangana,Free
U007557,18-24,Punjab,Premium
U007558,25-34,Gujarat,Free
U007559,18-24,Gujarat,Free
U007560,18-24,Uttar Pradesh,Free
U007561,35-44,Maharashtra,Free
U007562,25-34,West Bengal,Free
U007563,18-24,Maharashtra,Free
U007564,25-34,Maharashtra,Free
U007565,45+,Maharashtra,Free
U007566,25-34,Kerala,Free
U007567,18-24,Kerala,Free
U007568,25-34,Gujarat,Premium
U007569,45+,West Bengal,Premium
U007570,18-24,Telangana,Premium
U007571,25-34,Delhi,Premium
U007572,35-44,Kerala,Free
U007573,35-44,Uttar Pradesh,Premium
U007574,18-24,Karnataka,Premium
U007575,45+,West Bengal,Premium
U007576,18-24,Telangana,Premium
U007577,18-24,Telangana,Free
U007578,18-24,Kerala,Free
U007579,25-34,Punjab,Premium
U007580,18-24,Gujarat,Free
U007581,35-44,Uttar Pradesh,Free
U007582,35-44,Delhi,Premium
U007583,18-24,Telangana,Premium
U007584,35-44,Maharashtra,Free
U007585,45+,Karnataka,Free
U007586,18-24,Karnataka,Free
U007587,35-44,West Bengal,Free
U007588,45+,Karnataka,Free
U007589,35-44,Karnataka,Free
U007590,25-34,Kerala,Premium
U007591,35-44,Kerala,Free
U007592,35-44,Maharashtra,Free
U007593,18-24,Karnataka,Free
U007594,18-24,Kerala,Free
U007595,25-34,Delhi,Premium
U007596,25-34,Telangana,Free
U007597,18-24,Tamil Nadu,Free
U007598,18-24,West Bengal,Free
U007599,35-44,West Bengal,Free
U007600,35-44,Telangana,Free
U007601,18-24,Tamil Nadu,Premium
U007602,18-24,Kerala,Premium
U007603,18-24,Karnataka,Premium
U007604,18-24,Tamil Nadu,Free
U007605,25-34,Tamil Nadu,Free
U007606,18-24,Karnataka,Premium
U007607,45+,West Bengal,Premium
U007608,18-24,West Bengal,Free
U007609,18-24,Gujarat,Premium
U007610,35-44,Tamil Nadu,Free
U007611,25-34,Kerala,Free
U007612,18-24,Karnataka,Premium
U007613,18-24,Uttar Pradesh,Premium
U007614,25-34,Uttar Pradesh,Premium
U007615,25-34,Telangana,Premium
U007616,35-44,Kerala,Free
U007617,25-34,Telangana,Free
U007618,35-44,Delhi,Free
U007619,25-34,Uttar Pradesh,Free
U007620,35-44,Kerala,Free
U007621,25-34,Tamil Nadu,Free
U007622,25-34,Punjab,Free
U007623,25-34,West Bengal,Free
U007624,25-34,Tamil Nadu,Premium
U007625,18-24,Gujarat,Premium
U007626,25-34,Punjab,Free
U007627,18-24,Telangana,Premium
U007628,25-34,Delhi,Free
U007629,18-24,Kerala,Free
U007630,18-24,Karnataka,Premium
U007631,18-24,Delhi,Premium
U007632,18-24,Telangana,Free
U007633,18-24,Telangana,Premium
U007634,18-24,Karnataka,Premium
U007635,25-34,Uttar Pradesh,Free
U007636,25-34,Maharashtra,Free
U007637,45+,Karnataka,Premium
U007638,35-44,Punjab,Free
U007639,18-24,Uttar Pradesh,Free
U007640,25-34,Punjab,Free
U007641,25-34,Punjab,Free
U007642,25-34,Telangana,Free
U007643,25-34,Punjab,Free
U007644,25-34,Punjab,Free
U007645,25-34,Punjab,Premium
U007646,25-34,Telangana,Free
U007647,35-44,Kerala,Free
U007648,18-24,Tamil Nadu,Premium
U007649,35-44,Gujarat,Free
U007650,45+,Punjab,Free
U007651,18-24,Gujarat,Free
U007652,35-44,Kerala,Free
U007653,35-44,Maharashtra,Free
U007654,25-34,West Bengal,Premium
U007655,18-24,Uttar Pradesh,Premium
U007656,35-44,West Bengal,Free
U007657,25-34,Punjab,Free
U007658,18-24,Tamil Nadu,Free
U007659,25-34,Gujarat,Premium
U007660,25-34,Karnataka,Free
U007661,18-24,Tamil Nadu,Premium
U007662,45+,Telangana,Premium
U007663,18-24,Gujarat,Free
U007664,25-34,Uttar Pradesh,Free
U007665,25-34,Kerala,Premium
U007666,18-24,Tamil Nadu,Free
U007667,35-44,Tamil Nadu,Free
U007668,25-34,West Bengal,Premium
U007669,25-34,Maharashtra,Free
U007670,25-34,Tamil Nadu,Free
U007671,45+,Karnataka,Free
U007672,45+,Uttar Pradesh,Free
U007673,18-24,Gujarat,Premium
U007674,25-34,Punjab,Premium
U007675,25-34,West Bengal,Premium
U007676,45+,Tamil Nadu,Free
U007677,35-44,Gujarat,Premium
U007678,25-34,Tamil Nadu,Premium
U007679,35-44,West Bengal,Free
U007680,25-34,Kerala,Free
U007681,18-24,Gujarat,Free
U007682,25-34,Kerala,Free
U007683,25-34,Punjab,Free
U007684,25-34,Kerala,Free
U007685,25-34,Karnataka,Free
U007686,35-44,Kerala,Free
U007687,45+,Uttar Pradesh,Free
U007688,18-24,Tamil Nadu,Free
U007689,25-34,Gujarat,Free
U007690,35-44,Delhi,Premium
U007691,18-24,Tamil Nadu,Free
U007692,35-44,Gujarat,Premium
U007693,25-34,Kerala,Premium
U007694,18-24,Karnataka,Premium
U007695,35-44,Telangana,Premium
U007696,25-34,Delhi,Free
U007697,18-24,Gujarat,Free
U007698,18-24,Delhi,Premium
U007699,35-44,Telangana,Free
U007700,45+,Tamil Nadu,Free
U007701,25-34,West Bengal,Free
U007702,18-24,Tamil Nadu,Free
U007703,18-24,Maharashtra,Premium
U007704,25-34,West Bengal,Premium
U007705,25-34,Gujarat,Free
U007706,25-34,West Bengal,Free
U007707,18-24,Maharashtra,Premium
U007708,25-34,Delhi,Free
U007709,25-34,Punjab,Free
U007710,25-34,Punjab,Free
U007711,18-24,Delhi,Premium
U007712,25-34,Gujarat,Free
U007713,25-34,Kerala,Free
U007714,25-34,Kerala,Free
U007715,18-24,Uttar Pradesh,Premium
U007716,18-24,Gujarat,Free
U007717,25-34,Delhi,Free
U007718,18-24,Maharashtra,Free
U007719,25-34,Kerala,Premium
U007720,25-34,Uttar Pradesh,Free
U007721,18-24,Kerala,Free
U007722,25-34,Gujarat,Free
U007723,25-34,West Bengal,Free
U007724,18-24,Tamil Nadu,Premium
U007725,35-44,Delhi,Free
U007726,25-34,West Bengal,Free
U007727,45+,Punjab,Free
U007728,18-24,Punjab,Free
U007729,35-44,Gujarat,Free
U007730,35-44,West Bengal,Premium
U007731,18-24,Tamil Nadu,Free
U007732,25-34,Kerala,Free
U007733,25-34,Kerala,Free
U007734,25-34,Tamil Nadu,Premium
U007735,25-34,Uttar Pradesh,Premium
U007736,45+,Maharashtra,Premium
U007737,35-44,Tamil Nadu,Free
U007738,45+,Tamil Nadu,Premium
U007739,35-44,Delhi,Free
U007740,35-44,Kerala,Free
U007741,35-44,Delhi,Free
U007742,25-34,Kerala,Free
U007743,35-44,Kerala,Free
U007744,25-34,Tamil Nadu,Free
U007745,18-24,Punjab,Free
U007746,25-34,Uttar Pradesh,Free
U007747,18-24,Kerala,Free
U007748,45+,Delhi,Free
U007749,25-34,Kerala,Free
U007750,25-34,Delhi,Free
U007751,18-24,West Bengal,Free
U007752,25-34,Punjab,Free
U007753,18-24,West Bengal,Free
U007754,25-34,Gujarat,Free
U007755,25-34,Kerala,Premium
U007756,25-34,Kerala,Premium
U007757,18-24,Kerala,Free
U007758,25-34,Kerala,Free
U007759,25-34,Uttar Pradesh,Free
U007760,35-44,Gujarat,Free
U007761,35-44,Kerala,Premium
U007762,35-44,Tamil Nadu,Premium
U007763,18-24,Punjab,Free
U007764,18-24,Karnataka,Premium
U007765,45+,West Bengal,Free
U007766,45+,West Bengal,Premium
U007767,18-24,Tamil Nadu,Free
U007768,25-34,Tamil Nadu,Free
U007769,25-34,Kerala,Premium
U007770,18-24,Telangana,Free
U007771,45+,Maharashtra,Premium
U007772,45+,Delhi,Free
U007773,45+,Karnataka,Premium
U007774,18-24,Karnataka,Premium
U007775,25-34,Kerala,Free
U007776,35-44,Tamil Nadu,Free
U007777,25-34,Tamil Nadu,Premium
U007778,25-34,Maharashtra,Free
U007779,25-34,Maharashtra,Free
U007780,18-24,Uttar Pradesh,Free
U007781,25-34,Gujarat,Free
U007782,35-44,Maharashtra,Free
U007783,18-24,Tamil Nadu,Free
U007784,18-24,Uttar Pradesh,Free
U007785,25-34,Kerala,Free
U007786,25-34,Maharashtra,Free
U007787,18-24,Tamil Nadu,Free
U007788,18-24,Gujarat,Free
U007789,35-44,Punjab,Free
U007790,18-24,Telangana,Free
U007791,25-34,Karnataka,Premium
U007792,25-34,Delhi,Free
U007793,25-34,Gujarat,Premium
U007794,25-34,Punjab,Free
U007795,25-34,Telangana,Premium
U007796,25-34,Karnataka,Premium
U007797,25-34,West Bengal,Premium
U007798,25-34,Kerala,Free
U007799,25-34,Telangana,Premium
U007800,25-34,Delhi,Premium
U007801,25-34,Punjab,Premium
U007802,25-34,Punjab,Free
U007803,18-24,West Bengal,Free
U007804,35-44,West Bengal,Free
U007805,18-24,Delhi,Premium
U007806,45+,West Bengal,Premium
U007807,25-34,Tamil Nadu,Premium
U007808,18-24,Tamil Nadu,Free
U007809,25-34,Gujarat,Premium
U007810,25-34,Maharashtra,Free
U007811,45+,Kerala,Free
U007812,45+,Telangana,Free
U007813,35-44,Punjab,Free
U007814,25-34,Punjab,Free
U007815,45+,Delhi,Free
U007816,25-34,West Bengal,Free
U007817,35-44,West Bengal,Free
U007818,18-24,Punjab,Free
U007819,45+,Karnataka,Free
U007820,25-34,Uttar Pradesh,Free
U007821,18-24,Kerala,Free
U007822,45+,Telangana,Free
U007823,25-34,Delhi,Free
U007824,45+,Telangana,Premium
U007825,18-24,Karnataka,Premium
U007826,25-34,Gujarat,Free
U007827,35-44,Delhi,Premium
U007828,18-24,Uttar Pradesh,Free
U007829,35-44,Uttar Pradesh,Premium
U007830,25-34,Kerala,Free
U007831,18-24,Telangana,Free
U007832,25-34,Telangana,Premium
U007833,18-24,Uttar Pradesh,Free
U007834,35-44,Gujarat,Premium
U007835,35-44,Gujarat,Premium
U007836,25-34,Delhi,Free
U007837,25-34,Tamil Nadu,Premium
U007838,25-34,Kerala,Free
U007839,18-24,Delhi,Free
U007840,35-44,West Bengal,Free
U007841,18-24,Karnataka,Premium
U007842,25-34,Telangana,Free
U007843,18-24,Uttar Pradesh,Free
U007844,25-34,Gujarat,Free
U007845,35-44,Karnataka,Free
U007846,18-24,Kerala,Free
U007847,18-24,Maharashtra,Free
U007848,18-24,Kerala,Free
U007849,18-24,Delhi,Free
U007850,25-34,Uttar Pradesh,Free
U007851,35-44,Punjab,Free
U007852,25-34,West Bengal,Premium
U007853,18-24,West Bengal,Premium
U007854,25-34,Punjab,Free
U007855,35-44,Gujarat,Free
U007856,25-34,Delhi,Free
U007857,18-24,Uttar Pradesh,Free
U007858,35-44,Telangana,Premium
U007859,18-24,Tamil Nadu,Free
U007860,35-44,Punjab,Free
U007861,35-44,Maharashtra,Free
U007862,35-44,West Bengal,Premium
U007863,18-24,Kerala,Free
U007864,18-24,Gujarat,Free
U007865,35-44,Uttar Pradesh,Premium
U007866,25-34,Punjab,Premium
U007867,25-34,Telangana,Free
U007868,25-34,Uttar Pradesh,Free
U007869,18-24,Telangana,Free
U007870,25-34,Kerala,Premium
U007871,45+,Kerala,Free
U007872,25-34,Uttar Pradesh,Premium
U007873,25-34,Karnataka,Free
U007874,45+,Delhi,Free
U007875,25-34,Uttar Pradesh,Free
U007876,18-24,Tamil Nadu,Premium
U007877,25-34,Delhi,Free
U007878,18-24,West Bengal,Free
U007879,18-24,Gujarat,Free
U007880,25-34,Kerala,Free
U007881,18-24,Karnataka,Free
U007882,18-24,Uttar Pradesh,Free
U007883,25-34,Maharashtra,Premium
U007884,18-24,Gujarat,Free
U007885,25-34,Delhi,Premium
U007886,18-24,Punjab,Free
U007887,25-34,Karnataka,Free
U007888,35-44,Tamil Nadu,Free
U007889,18-24,Maharashtra,Free
U007890,35-44,Kerala,Free
U007891,18-24,Delhi,Free
U007892,18-24,Delhi,Free
U007893,25-34,Maharashtra,Premium
U007894,18-24,Uttar Pradesh,Free
U007895,18-24,Maharashtra,Premium
U007896,35-44,Kerala,Premium
U007897,35-44,West Bengal,Free
U007898,45+,Gujarat,Free
U007899,45+,Tamil Nadu,Premium
U007900,25-34,Uttar Pradesh,Free
U007901,18-24,Tamil Nadu,Free
U007902,18-24,Delhi,Free
U007903,25-34,Uttar Pradesh,Free
U007904,35-44,Tamil Nadu,Premium
U007905,18-24,Maharashtra,Free
U007906,18-24,West Bengal,Free
U007907,25-34,Karnataka,Premium
U007908,35-44,Gujarat,Premium
U007909,25-34,Delhi,Premium
U007910,35-44,Kerala,Free
U007911,25-34,Gujarat,Free
U007912,25-34,Delhi,Free
U007913,25-34,Telangana,Free
U007914,35-44,West Bengal,Free
U007915,35-44,Uttar Pradesh,Premium
U007916,25-34,Punjab,Premium
U007917,18-24,Tamil Nadu,Free
U007918,18-24,Tamil Nadu,Free
U007919,18-24,Karnataka,Premium
U007920,18-24,Uttar Pradesh,Free
U007921,18-24,West Bengal,Free
U007922,25-34,Delhi,Free
U007923,35-44,Gujarat,Free
U007924,35-44,Delhi,Free
U007925,35-44,Gujarat,Premium
U007926,45+,Tamil Nadu,Free
U007927,45+,West Bengal,Free
U007928,18-24,Gujarat,Free
U007929,18-24,Gujarat,Free
U007930,18-24,Delhi,Free
U007931,35-44,Tamil Nadu,Free
U007932,18-24,Maharashtra,Free
U007933,18-24,West Bengal,Free
U007934,25-34,Tamil Nadu,Premium
U007935,25-34,Uttar Pradesh,Free
U007936,25-34,West Bengal,Premium
U007937,35-44,Tamil Nadu,Premium
U007938,25-34,Delhi,Free
U007939,35-44,Punjab,Free
U007940,18-24,Gujarat,Free
U007941,35-44,Delhi,Premium
U007942,25-34,Gujarat,Free
U007943,18-24,West Bengal,Free
U007944,45+,Telangana,Free
U007945,45+,Tamil Nadu,Free
U007946,35-44,Maharashtra,Free
U007947,45+,Punjab,Premium
U007948,25-34,Telangana,Free
U007949,18-24,Tamil Nadu,Free
U007950,18-24,Punjab,Premium
U007951,35-44,Gujarat,Premium
U007952,35-44,Tamil Nadu,Free
U007953,45+,Karnataka,Premium
U007954,35-44,Kerala,Premium
U007955,25-34,Delhi,Free
U007956,18-24,Maharashtra,Free
U007957,18-24,Karnataka,Free
U007958,25-34,Maharashtra,Free
U007959,35-44,Karnataka,Free
U007960,18-24,Delhi,Premium
U007961,45+,West Bengal,Premium
U007962,25-34,Maharashtra,Free
U007963,18-24,Punjab,Premium
U007964,35-44,Punjab,Premium
U007965,25-34,Telangana,Free
U007966,35-44,Tamil Nadu,Premium
U007967,25-34,Kerala,Premium
U007968,25-34,Kerala,Free
U007969,18-24,Karnataka,Premium
U007970,25-34,Maharashtra,Premium
U007971,35-44,Uttar Pradesh,Free
U007972,45+,Karnataka,Free
U007973,35-44,Telangana,Free
U007974,18-24,Uttar Pradesh,Free
U007975,45+,West Bengal,Free
U007976,18-24,Telangana,Free
U007977,18-24,Karnataka,Free
U007978,35-44,Gujarat,Free
U007979,45+,Delhi,Free
U007980,45+,Tamil Nadu,Free
U007981,35-44,Karnataka,Premium
U007982,18-24,Maharashtra,Free
U007983,18-24,Punjab,Free
U007984,18-24,Delhi,Free
U007985,25-34,Maharashtra,Free
U007986,25-34,Kerala,Free
U007987,18-24,Kerala,Free
U007988,25-34,Gujarat,Free
U007989,25-34,Maharashtra,Free
U007990,35-44,Tamil Nadu,Premium
U007991,25-34,West Bengal,Free
U007992,18-24,Tamil Nadu,Premium
U007993,25-34,Maharashtra,Free
U007994,25-34,Tamil Nadu,Free
U007995,18-24,Delhi,Free
U007996,18-24,Maharashtra,Free
U007997,45+,Kerala,Premium
U007998,35-44,Maharashtra,Free
U007999,18-24,Punjab,Free
U008000,25-34,Uttar Pradesh,Premium
U008001,25-34,Uttar Pradesh,Free
U008002,18-24,Maharashtra,Free
U008003,18-24,Tamil Nadu,Free
U008004,45+,Karnataka,Premium
U008005,25-34,West Bengal,Premium
U008006,18-24,West Bengal,Free
U008007,35-44,Maharashtra,Free
U008008,25-34,Tamil Nadu,Premium
U008009,25-34,Punjab,Free
U008010,18-24,Uttar Pradesh,Free
U008011,18-24,Punjab,Free
U008012,18-24,Maharashtra,Free
U008013,45+,West Bengal,Premium
U008014,25-34,Gujarat,Free
U008015,35-44,Gujarat,Free
U008016,18-24,Delhi,Free
U008017,35-44,Kerala,Free
U008018,25-34,Punjab,Premium
U008019,25-34,Delhi,Free
U008020,25-34,Telangana,Free
U008021,25-34,Gujarat,Premium
U008022,18-24,Gujarat,Free
U008023,18-24,West Bengal,Premium
U008024,35-44,Tamil Nadu,Premium
U008025,18-24,Telangana,Free
U008026,18-24,Punjab,Free
U008027,45+,Delhi,Free
U008028,18-24,Tamil Nadu,Free
U008029,25-34,Delhi,Free
U008030,35-44,Maharashtra,Free
U008031,35-44,Kerala,Free
U008032,18-24,Gujarat,Free
U008033,25-34,Kerala,Free
U008034,25-34,Uttar Pradesh,Free
U008035,25-34,Tamil Nadu,Free
U008036,35-44,West Bengal,Premium
U008037,45+,Punjab,Premium
U008038,18-24,Tamil Nadu,Free
U008039,18-24,Delhi,Premium
U008040,35-44,West Bengal,Free
U008041,25-34,Tamil Nadu,Premium
U008042,35-44,Telangana,Free
U008043,18-24,Gujarat,Free
U008044,18-24,Maharashtra,Free
U008045,25-34,Tamil Nadu,Premium
U008046,45+,Karnataka,Free
U008047,18-24,Kerala,Free
U008048,35-44,West Bengal,Premium
U008049,25-34,Kerala,Free
U008050,18-24,Gujarat,Free
U008051,25-34,Punjab,Free
U008052,18-24,Karnataka,Free
U008053,25-34,Karnataka,Free
U008054,18-24,Gujarat,Free
U008055,25-34,Tamil Nadu,Free
U008056,18-24,Kerala,Premium
U008057,35-44,Punjab,Premium
U008058,45+,Uttar Pradesh,Free
U008059,25-34,Tamil Nadu,Free
U008060,25-34,Uttar Pradesh,Premium
U008061,45+,Tamil Nadu,Premium
U008062,18-24,Maharashtra,Premium
U008063,35-44,Punjab,Free
U008064,25-34,Tamil Nadu,Premium
U008065,35-44,Delhi,Free
U008066,18-24,Kerala,Free
U008067,18-24,Karnataka,Free
U008068,18-24,Gujarat,Free
U008069,18-24,Uttar Pradesh,Free
U008070,18-24,Maharashtra,Free
U008071,45+,Punjab,Free
U008072,18-24,West Bengal,Free
U008073,18-24,Gujarat,Premium
U008074,18-24,Gujarat,Premium
U008075,25-34,Delhi,Free
U008076,25-34,Punjab,Free
U008077,18-24,Delhi,Free
U008078,35-44,Karnataka,Free
U008079,35-44,West Bengal,Free
U008080,18-24,Karnataka,Premium
U008081,35-44,Kerala,Premium
U008082,25-34,Karnataka,Free
U008083,25-34,Telangana,Free
U008084,45+,Telangana,Free
U008085,35-44,Punjab,Premium
U008086,25-34,Maharashtra,Free
U008087,25-34,Punjab,Premium
U008088,18-24,Kerala,Free
U008089,25-34,Kerala,Free
U008090,25-34,Delhi,Premium
U008091,18-24,Karnataka,Free
U008092,45+,Gujarat,Premium
U008093,35-44,Gujarat,Free
U008094,18-24,Maharashtra,Premium
U008095,35-44,Kerala,Premium
U008096,35-44,Kerala,Free
U008097,18-24,Delhi,Free
U008098,25-34,Karnataka,Free
U008099,35-44,Maharashtra,Free
U008100,45+,West Bengal,Free
U008101,18-24,Gujarat,Free
U008102,25-34,Delhi,Premium
U008103,35-44,Karnataka,Free
U008104,45+,Telangana,Free
U008105,18-24,Maharashtra,Premium
U008106,25-34,Punjab,Premium
U008107,35-44,Punjab,Free
U008108,18-24,Maharashtra,Free
U008109,25-34,West Bengal,Free
U008110,25-34,Kerala,Premium
U008111,25-34,Maharashtra,Free
U008112,35-44,Delhi,Free
U008113,18-24,Maharashtra,Free
U008114,35-44,Uttar Pradesh,Free
U008115,18-24,Telangana,Free
U008116,35-44,Telangana,Free
U008117,25-34,Maharashtra,Free
U008118,18-24,Maharashtra,Free
U008119,45+,Uttar Pradesh,Premium
U008120,35-44,Uttar Pradesh,Free
U008121,18-24,Telangana,Free
U008122,18-24,Delhi,Free
U008123,25-34,Maharashtra,Premium
U008124,45+,Gujarat,Free
U008125,18-24,Telangana,Free
U008126,45+,Karnataka,Premium
U008127,18-24,Maharashtra,Free
U008128,35-44,Telangana,Free
U008129,25-34,Gujarat,Premium
U008130,18-24,Gujarat,Free
U008131,45+,Kerala,Premium
U008132,18-24,Maharashtra,Premium
U008133,45+,Kerala,Premium
U008134,18-24,West Bengal,Free
U008135,18-24,Gujarat,Free
U008136,45+,Delhi,Premium
U008137,25-34,Gujarat,Premium
U008138,18-24,Kerala,Free
U008139,25-34,Kerala,Free
U008140,18-24,Delhi,Free
U008141,35-44,Gujarat,Premium
U008142,18-24,Maharashtra,Free
U008143,25-34,Punjab,Free
U008144,18-24,Delhi,Premium
U008145,25-34,Punjab,Free
U008146,45+,West Bengal,Free
U008147,35-44,Uttar Pradesh,Free
U008148,25-34,Uttar Pradesh,Free
U008149,18-24,Delhi,Free
U008150,18-24,Uttar Pradesh,Free
U008151,35-44,Delhi,Free
U008152,18-24,Kerala,Premium
U008153,25-34,Delhi,Free
U008154,25-34,Gujarat,Free
U008155,45+,Karnataka,Free
U008156,25-34,Gujarat,Free
U008157,25-34,Telangana,Free
U008158,45+,Telangana,Premium
U008159,45+,Tamil Nadu,Free
U008160,25-34,Punjab,Free
U008161,35-44,Telangana,Free
U008162,25-34,West Bengal,Free
U008163,25-34,Delhi,Free
U008164,18-24,Delhi,Free
U008165,35-44,Tamil Nadu,Premium
U008166,35-44,Gujarat,Premium
U008167,18-24,Karnataka,Free
U008168,18-24,Tamil Nadu,Free
U008169,35-44,Uttar Pradesh,Premium
U008170,18-24,Punjab,Free
U008171,25-34,Karnataka,Free
U008172,35-44,Gujarat,Free
U008173,25-34,Telangana,Free
U008174,18-24,Delhi,Free
U008175,25-34,Punjab,Premium
U008176,25-34,Uttar Pradesh,Free
U008177,25-34,Gujarat,Premium
U008178,35-44,Uttar Pradesh,Free
U008179,35-44,Tamil Nadu,Free
U008180,18-24,West Bengal,Premium
U008181,35-44,Delhi,Free
U008182,18-24,Kerala,Free
U008183,35-44,Telangana,Free
U008184,18-24,Maharashtra,Premium
U008185,25-34,Gujarat,Free
U008186,25-34,Tamil Nadu,Free
U008187,18-24,Uttar Pradesh,Premium
U008188,45+,Gujarat,Premium
U008189,18-24,Tamil Nadu,Premium
U008190,18-24,Maharashtra,Free
U008191,25-34,Delhi,Free
U008192,25-34,Punjab,Free
U008193,18-24,Punjab,Free
U008194,18-24,Karnataka,Free
U008195,18-24,Uttar Pradesh,Free
U008196,35-44,West Bengal,Free
U008197,25-34,Delhi,Free
U008198,18-24,Kerala,Premium
U008199,25-34,Maharashtra,Free
U008200,45+,Maharashtra,Free
U008201,35-44,West Bengal,Free
U008202,18-24,Punjab,Premium
U008203,25-34,Tamil Nadu,Free
U008204,18-24,Gujarat,Premium
U008205,18-24,Karnataka,Premium
U008206,35-44,Delhi,Free
U008207,35-44,Uttar Pradesh,Free
U008208,18-24,Punjab,Free
U008209,35-44,West Bengal,Free
U008210,35-44,Delhi,Free
U008211,35-44,Delhi,Free
U008212,35-44,Kerala,Free
U008213,25-34,Gujarat,Free
U008214,45+,Maharashtra,Free
U008215,18-24,Uttar Pradesh,Premium
U008216,25-34,Karnataka,Free
U008217,18-24,Uttar Pradesh,Free
U008218,35-44,Telangana,Free
U008219,18-24,Kerala,Free
U008220,25-34,Maharashtra,Free
U008221,35-44,Delhi,Free
U008222,18-24,Uttar Pradesh,Premium
U008223,18-24,Delhi,Free
U008224,18-24,Gujarat,Free
U008225,35-44,Delhi,Free
U008226,18-24,West Bengal,Free
U008227,25-34,Karnataka,Premium
U008228,25-34,Tamil Nadu,Free
U008229,45+,Kerala,Free
U008230,35-44,Delhi,Free
U008231,18-24,Karnataka,Free
U008232,35-44,Telangana,Free
U008233,35-44,Karnataka,Free
U008234,35-44,Punjab,Free
U008235,25-34,Maharashtra,Free
U008236,18-24,West Bengal,Free
U008237,35-44,Maharashtra,Free
U008238,25-34,Delhi,Free
U008239,18-24,Punjab,Free
U008240,18-24,Kerala,Free
U008241,18-24,Delhi,Free
U008242,25-34,Karnataka,Free
U008243,18-24,Maharashtra,Free
U008244,25-34,Telangana,Free
U008245,35-44,Delhi,Free
U008246,18-24,Delhi,Free
U008247,18-24,Karnataka,Premium
U008248,18-24,Punjab,Free
U008249,25-34,Maharashtra,Premium
U008250,35-44,Tamil Nadu,Free
U008251,25-34,Telangana,Premium
U008252,35-44,Tamil Nadu,Free
U008253,45+,Tamil Nadu,Premium
U008254,18-24,Uttar Pradesh,Premium
U008255,25-34,Punjab,Free
U008256,25-34,Karnataka,Premium
U008257,25-34,Telangana,Free
U008258,18-24,Maharashtra,Premium
U008259,18-24,Uttar Pradesh,Free
U008260,25-34,Telangana,Free
U008261,25-34,West Bengal,Free
U008262,18-24,Karnataka,Premium
U008263,18-24,West Bengal,Premium
U008264,25-34,Gujarat,Free
U008265,35-44,Telangana,Free
U008266,25-34,Punjab,Free
U008267,18-24,West Bengal,Free
U008268,18-24,Gujarat,Premium
U008269,35-44,West Bengal,Free
U008270,35-44,West Bengal,Free
U008271,18-24,Tamil Nadu,Free
U008272,25-34,Delhi,Premium
U008273,25-34,Kerala,Free
U008274,25-34,Tamil Nadu,Premium
U008275,18-24,Punjab,Free
U008276,25-34,Tamil Nadu,Free
U008277,45+,Maharashtra,Free
U008278,25-34,Telangana,Premium
U008279,18-24,Telangana,Free
U008280,18-24,Karnataka,Free
U008281,18-24,Kerala,Free
U008282,45+,Telangana,Free
U008283,45+,Karnataka,Premium
U008284,18-24,Kerala,Premium
U008285,45+,Delhi,Free
U008286,18-24,Telangana,Free
U008287,25-34,Delhi,Free
U008288,25-34,West Bengal,Free
U008289,25-34,Maharashtra,Premium
U008290,25-34,Gujarat,Free
U008291,25-34,Maharashtra,Premium
U008292,18-24,Tamil Nadu,Free
U008293,45+,West Bengal,Free
U008294,18-24,Tamil Nadu,Free
U008295,18-24,Punjab,Free
U008296,45+,Punjab,Premium
U008297,25-34,Gujarat,Premium
U008298,25-34,Delhi,Free
U008299,18-24,Kerala,Premium
U008300,18-24,Punjab,Free
U008301,18-24,Maharashtra,Free
U008302,25-34,Tamil Nadu,Premium
U008303,25-34,Maharashtra,Free
U008304,25-34,Kerala,Free
U008305,35-44,Kerala,Premium
U008306,45+,Punjab,Free
U008307,18-24,Kerala,Free
U008308,45+,Kerala,Premium
U008309,35-44,West Bengal,Free
U008310,45+,Maharashtra,Premium
U008311,35-44,Delhi,Premium
U008312,18-24,Delhi,Free
U008313,18-24,Gujarat,Free
U008314,45+,Karnataka,Premium
U008315,25-34,Telangana,Free
U008316,35-44,Tamil Nadu,Free
U008317,35-44,Uttar Pradesh,Free
U008318,18-24,Delhi,Free
U008319,25-34,Kerala,Free
U008320,45+,Delhi,Premium
U008321,18-24,Uttar Pradesh,Free
U008322,35-44,Telangana,Free
U008323,45+,Punjab,Premium
U008324,18-24,Tamil Nadu,Free
U008325,18-24,Kerala,Free
U008326,25-34,Tamil Nadu,Premium
U008327,35-44,Maharashtra,Free
U008328,25-34,Karnataka,Free
U008329,18-24,Uttar Pradesh,Premium
U008330,18-24,Karnataka,Free
U008331,25-34,Tamil Nadu,Free
U008332,18-24,Delhi,Premium
U008333,18-24,Maharashtra,Free
U008334,35-44,Punjab,Premium
U008335,18-24,Gujarat,Free
U008336,35-44,Telangana,Premium
U008337,45+,Karnataka,Free
U008338,25-34,Telangana,Free
U008339,25-34,Gujarat,Free
U008340,18-24,Uttar Pradesh,Free
U008341,25-34,Karnataka,Free
U008342,25-34,Gujarat,Premium
U008343,18-24,Gujarat,Premium
U008344,25-34,Maharashtra,Free
U008345,18-24,Gujarat,Premium
U008346,18-24,Punjab,Free
U008347,25-34,Kerala,Free
U008348,25-34,Gujarat,Free
U008349,18-24,Telangana,Premium
U008350,18-24,Karnataka,Free
U008351,18-24,Gujarat,Free
U008352,25-34,Tamil Nadu,Free
U008353,25-34,Kerala,Free
U008354,18-24,West Bengal,Free
U008355,25-34,Karnataka,Free
U008356,45+,Telangana,Free
U008357,25-34,Punjab,Free
U008358,25-34,Maharashtra,Free
U008359,25-34,West Bengal,Free
U008360,35-44,Punjab,Premium
U008361,45+,Telangana,Free
U008362,18-24,Delhi,Free
U008363,18-24,West Bengal,Free
U008364,18-24,Delhi,Free
U008365,35-44,Punjab,Free
U008366,18-24,Delhi,Free
U008367,45+,Uttar Pradesh,Free
U008368,18-24,West Bengal,Premium
U008369,25-34,West Bengal,Free
U008370,18-24,Tamil Nadu,Premium
U008371,25-34,Gujarat,Free
U008372,25-34,Maharashtra,Premium
U008373,35-44,Tamil Nadu,Premium
U008374,25-34,Maharashtra,Free
U008375,25-34,West Bengal,Free
U008376,35-44,Uttar Pradesh,Free
U008377,45+,Kerala,Premium
U008378,35-44,Delhi,Free
U008379,35-44,Kerala,Free
U008380,25-34,Punjab,Free
U008381,45+,Karnataka,Free
U008382,25-34,Telangana,Free
U008383,45+,Tamil Nadu,Free
U008384,35-44,Delhi,Free
U008385,18-24,Telangana,Free
U008386,18-24,Delhi,Free
U008387,35-44,Kerala,Premium
U008388,25-34,Maharashtra,Premium
U008389,25-34,Gujarat,Premium
U008390,45+,Uttar Pradesh,Free
U008391,25-34,Kerala,Free
U008392,18-24,West Bengal,Free
U008393,25-34,Tamil Nadu,Free
U008394,18-24,Telangana,Premium
U008395,25-34,Telangana,Premium
U008396,45+,Gujarat,Premium
U008397,18-24,Delhi,Premium
U008398,35-44,Telangana,Free
U008399,35-44,Telangana,Free
U008400,18-24,Punjab,Premium
U008401,35-44,Tamil Nadu,Free
U008402,35-44,Tamil Nadu,Premium
U008403,25-34,Maharashtra,Free
U008404,18-24,Tamil Nadu,Free
U008405,18-24,Delhi,Free
U008406,25-34,Karnataka,Free
U008407,18-24,Punjab,Free
U008408,18-24,Kerala,Free
U008409,45+,Uttar Pradesh,Free
U008410,35-44,Delhi,Free
U008411,35-44,Punjab,Free
U008412,45+,Delhi,Premium
U008413,18-24,Tamil Nadu,Free
U008414,18-24,Karnataka,Premium
U008415,25-34,Tamil Nadu,Free
U008416,25-34,Maharashtra,Free
U008417,18-24,Gujarat,Free
U008418,35-44,Uttar Pradesh,Premium
U008419,18-24,Uttar Pradesh,Free
U008420,25-34,Tamil Nadu,Free
U008421,25-34,West Bengal,Free
U008422,25-34,Maharashtra,Free
U008423,18-24,West Bengal,Free
U008424,18-24,West Bengal,Free
U008425,35-44,Kerala,Premium
U008426,45+,Kerala,Free
U008427,25-34,Maharashtra,Premium
U008428,18-24,Tamil Nadu,Free
U008429,25-34,Tamil Nadu,Free
U008430,18-24,Tamil Nadu,Free
U008431,18-24,Telangana,Free
U008432,18-24,Kerala,Free
U008433,18-24,Telangana,Free
U008434,18-24,Punjab,Premium
U008435,18-24,West Bengal,Free
U008436,35-44,Telangana,Free
U008437,25-34,Delhi,Free
U008438,25-34,West Bengal,Free
U008439,18-24,Telangana,Free
U008440,35-44,Gujarat,Free
U008441,18-24,Karnataka,Free
U008442,18-24,Gujarat,Free
U008443,25-34,Telangana,Free
U008444,35-44,Uttar Pradesh,Free
U008445,35-44,Delhi,Premium
U008446,25-34,Delhi,Free
U008447,18-24,Punjab,Free
U008448,18-24,Gujarat,Premium
U008449,25-34,Telangana,Premium
U008450,18-24,West Bengal,Free
U008451,18-24,Maharashtra,Free
U008452,18-24,Karnataka,Premium
U008453,45+,Karnataka,Free
U008454,18-24,Uttar Pradesh,Free
U008455,18-24,Delhi,Free
U008456,45+,Gujarat,Free
U008457,35-44,Karnataka,Free
U008458,25-34,Kerala,Free
U008459,25-34,Punjab,Free
U008460,18-24,Maharashtra,Premium
U008461,35-44,West Bengal,Premium
U008462,18-24,Delhi,Free
U008463,45+,Delhi,Free
U008464,18-24,Uttar Pradesh,Free
U008465,25-34,Punjab,Free
U008466,25-34,Uttar Pradesh,Premium
U008467,18-24,Karnataka,Premium
U008468,25-34,Punjab,Free
U008469,35-44,Tamil Nadu,Free
U008470,18-24,Punjab,Premium
U008471,45+,Uttar Pradesh,Free
U008472,18-24,West Bengal,Free
U008473,25-34,Kerala,Premium
U008474,25-34,Maharashtra,Free
U008475,25-34,Punjab,Free
U008476,25-34,Telangana,Premium
U008477,35-44,Tamil Nadu,Free
U008478,25-34,Uttar Pradesh,Free
U008479,25-34,Kerala,Free
U008480,25-34,Punjab,Free
U008481,25-34,Tamil Nadu,Premium
U008482,18-24,Kerala,Premium
U008483,18-24,Tamil Nadu,Premium
U008484,25-34,Telangana,Free
U008485,45+,Kerala,Premium
U008486,18-24,Punjab,Free
U008487,25-34,Maharashtra,Free
U008488,18-24,Tamil Nadu,Free
U008489,25-34,Punjab,Premium
U008490,35-44,Telangana,Free
U008491,35-44,Gujarat,Free
U008492,35-44,Kerala,Premium
U008493,35-44,Kerala,Free
U008494,18-24,Telangana,Premium
U008495,25-34,Gujarat,Free
U008496,18-24,Uttar Pradesh,Free
U008497,45+,Kerala,Free
U008498,35-44,Delhi,Premium
U008499,18-24,Punjab,Free
U008500,18-24,Uttar Pradesh,Premium
U008501,25-34,Maharashtra,Free
U008502,45+,Telangana,Free
U008503,18-24,West Bengal,Free
U008504,25-34,Karnataka,Free
U008505,18-24,Kerala,Free
U008506,25-34,Maharashtra,Free
U008507,25-34,Punjab,Free
U008508,18-24,Punjab,Free
U008509,35-44,Delhi,Free
U008510,18-24,Tamil Nadu,Free
U008511,35-44,Tamil Nadu,Free
U008512,18-24,Uttar Pradesh,Premium
U008513,25-34,Tamil Nadu,Free
U008514,18-24,Kerala,Free
U008515,25-34,Maharashtra,Free
U008516,18-24,Maharashtra,Free
U008517,25-34,Karnataka,Free
U008518,18-24,Karnataka,Free
U008519,25-34,Uttar Pradesh,Premium
U008520,35-44,Tamil Nadu,Premium
U008521,25-34,Tamil Nadu,Free
U008522,25-34,Gujarat,Free
U008523,25-34,Gujarat,Premium
U008524,25-34,Kerala,Premium
U008525,35-44,Tamil Nadu,Free
U008526,25-34,Punjab,Premium
U008527,45+,Maharashtra,Free
U008528,35-44,Maharashtra,Free
U008529,25-34,Gujarat,Free
U008530,25-34,Delhi,Premium
U008531,25-34,Tamil Nadu,Premium
U008532,35-44,Telangana,Free
U008533,18-24,Telangana,Free
U008534,18-24,Maharashtra,Free
U008535,18-24,Telangana,Free
U008536,35-44,Punjab,Free
U008537,35-44,Karnataka,Premium
U008538,18-24,Gujarat,Free
U008539,25-34,Tamil Nadu,Premium
U008540,35-44,Tamil Nadu,Free
U008541,45+,Maharashtra,Free
U008542,18-24,Uttar Pradesh,Premium
U008543,18-24,Telangana,Free
U008544,18-24,Kerala,Free
U008545,25-34,Tamil Nadu,Free
U008546,18-24,Punjab,Premium
U008547,18-24,Punjab,Free
U008548,35-44,Maharashtra,Premium
U008549,25-34,Gujarat,Free
U008550,18-24,Telangana,Free
U008551,25-34,Karnataka,Free
U008552,18-24,Kerala,Free
U008553,25-34,Delhi,Premium
U008554,25-34,Tamil Nadu,Free
U008555,18-24,Tamil Nadu,Free
U008556,18-24,Uttar Pradesh,Free
U008557,35-44,Kerala,Free
U008558,35-44,Kerala,Free
U008559,18-24,Punjab,Free
U008560,25-34,Telangana,Premium
U008561,18-24,Uttar Pradesh,Free
U008562,35-44,Maharashtra,Premium
U008563,35-44,West Bengal,Premium
U008564,25-34,Karnataka,Premium
U008565,25-34,Kerala,Premium
U008566,25-34,Tamil Nadu,Premium
U008567,18-24,Kerala,Free
U008568,25-34,Punjab,Free
U008569,18-24,Gujarat,Free
U008570,25-34,Gujarat,Free
U008571,25-34,West Bengal,Free
U008572,18-24,Tamil Nadu,Free
U008573,25-34,Delhi,Free
U008574,35-44,Punjab,Free
U008575,25-34,Karnataka,Premium
U008576,25-34,Kerala,Free
U008577,35-44,Uttar Pradesh,Free
U008578,18-24,West Bengal,Free
U008579,25-34,Uttar Pradesh,Free
U008580,25-34,Delhi,Free
U008581,18-24,Kerala,Free
U008582,45+,Telangana,Premium
U008583,25-34,Delhi,Premium
U008584,18-24,West Bengal,Free
U008585,18-24,Uttar Pradesh,Free
U008586,45+,Tamil Nadu,Premium
U008587,35-44,Punjab,Free
U008588,18-24,Karnataka,Free
U008589,25-34,West Bengal,Free
U008590,18-24,West Bengal,Free
U008591,35-44,Punjab,Premium
U008592,25-34,West Bengal,Premium
U008593,18-24,Kerala,Premium
U008594,25-34,Maharashtra,Premium
U008595,45+,Karnataka,Premium
U008596,18-24,Punjab,Free
U008597,18-24,Kerala,Free
U008598,45+,West Bengal,Free
U008599,18-24,Telangana,Premium
U008600,25-34,Punjab,Free
U008601,25-34,Tamil Nadu,Free
U008602,18-24,Uttar Pradesh,Free
U008603,18-24,Uttar Pradesh,Free
U008604,18-24,Delhi,Free
U008605,18-24,Tamil Nadu,Free
U008606,25-34,Kerala,Free
U008607,35-44,Punjab,Free
U008608,18-24,Uttar Pradesh,Free
U008609,35-44,Tamil Nadu,Free
U008610,25-34,Karnataka,Free
U008611,18-24,Uttar Pradesh,Premium
U008612,25-34,West Bengal,Premium
U008613,18-24,Maharashtra,Free
U008614,25-34,Delhi,Free
U008615,18-24,Uttar Pradesh,Free
U008616,25-34,West Bengal,Premium
U008617,45+,Gujarat,Free
U008618,18-24,Uttar Pradesh,Free
U008619,45+,Kerala,Free
U008620,18-24,Uttar Pradesh,Premium
U008621,18-24,Uttar Pradesh,Free
U008622,18-24,Tamil Nadu,Free
U008623,35-44,West Bengal,Free
U008624,25-34,Gujarat,Premium
U008625,45+,Uttar Pradesh,Free
U008626,35-44,Gujarat,Free
U008627,25-34,Gujarat,Free
U008628,35-44,Karnataka,Free
U008629,45+,Tamil Nadu,Free
U008630,35-44,Gujarat,Free
U008631,25-34,Delhi,Free
U008632,35-44,Delhi,Premium
U008633,18-24,Kerala,Free
U008634,45+,Uttar Pradesh,Free
U008635,45+,Tamil Nadu,Premium
U008636,25-34,Gujarat,Free
U008637,18-24,Karnataka,Free
U008638,18-24,Telangana,Free
U008639,45+,Uttar Pradesh,Free
U008640,35-44,Karnataka,Free
U008641,35-44,Gujarat,Free
U008642,45+,Uttar Pradesh,Free
U008643,25-34,Kerala,Premium
U008644,35-44,Maharashtra,Free
U008645,18-24,Uttar Pradesh,Free
U008646,18-24,Tamil Nadu,Free
U008647,25-34,Punjab,Premium
U008648,18-24,Tamil Nadu,Free
U008649,25-34,Tamil Nadu,Premium
U008650,35-44,Karnataka,Free
U008651,18-24,West Bengal,Free
U008652,35-44,Delhi,Premium
U008653,18-24,West Bengal,Premium
U008654,35-44,Punjab,Free
U008655,18-24,Kerala,Free
U008656,35-44,Uttar Pradesh,Free
U008657,25-34,Tamil Nadu,Free
U008658,25-34,Gujarat,Free
U008659,18-24,Karnataka,Premium
U008660,18-24,Gujarat,Free
U008661,25-34,Telangana,Free
U008662,18-24,Telangana,Free
U008663,18-24,Delhi,Premium
U008664,35-44,West Bengal,Premium
U008665,18-24,Kerala,Premium
U008666,18-24,Telangana,Free
U008667,18-24,Delhi,Free
U008668,25-34,West Bengal,Free
U008669,25-34,West Bengal,Free
U008670,25-34,Gujarat,Premium
U008671,25-34,Uttar Pradesh,Free
U008672,25-34,Punjab,Free
U008673,25-34,Punjab,Free
U008674,18-24,Uttar Pradesh,Premium
U008675,35-44,Delhi,Free
U008676,18-24,Uttar Pradesh,Premium
U008677,35-44,Delhi,Premium
U008678,25-34,Tamil Nadu,Free
U008679,25-34,Delhi,Premium
U008680,25-34,Uttar Pradesh,Free
U008681,45+,Telangana,Free
U008682,25-34,Gujarat,Free
U008683,25-34,Maharashtra,Premium
U008684,35-44,Maharashtra,Free
U008685,25-34,Telangana,Free
U008686,25-34,Maharashtra,Free
U008687,18-24,Telangana,Free
U008688,18-24,Kerala,Free
U008689,35-44,Tamil Nadu,Free
U008690,18-24,Kerala,Free
U008691,18-24,Delhi,Free
U008692,18-24,Punjab,Free
U008693,45+,Delhi,Premium
U008694,25-34,Tamil Nadu,Free
U008695,25-34,Karnataka,Premium
U008696,45+,Telangana,Free
U008697,25-34,Delhi,Free
U008698,35-44,Tamil Nadu,Premium
U008699,35-44,Kerala,Free
U008700,25-34,Maharashtra,Free
U008701,35-44,Kerala,Free
U008702,45+,Punjab,Free
U008703,18-24,Gujarat,Free
U008704,18-24,Gujarat,Premium
U008705,35-44,Tamil Nadu,Free
U008706,25-34,Maharashtra,Free
U008707,25-34,Karnataka,Free
U008708,18-24,West Bengal,Free
U008709,35-44,Karnataka,Free
U008710,35-44,West Bengal,Premium
U008711,45+,Gujarat,Free
U008712,25-34,Uttar Pradesh,Premium
U008713,45+,Karnataka,Free
U008714,25-34,Uttar Pradesh,Free
U008715,25-34,Punjab,Free
U008716,25-34,Uttar Pradesh,Free
U008717,25-34,Delhi,Free
U008718,25-34,Telangana,Premium
U008719,18-24,West Bengal,Free
U008720,25-34,Maharashtra,Free
U008721,35-44,Tamil Nadu,Free
U008722,18-24,Punjab,Free
U008723,35-44,Gujarat,Free
U008724,18-24,Tamil Nadu,Free
U008725,18-24,Delhi,Free
U008726,25-34,Maharashtra,Premium
U008727,18-24,Maharashtra,Free
U008728,45+,Maharashtra,Premium
U008729,45+,Tamil Nadu,Premium
U008730,25-34,Karnataka,Free
U008731,25-34,Punjab,Free
U008732,18-24,Karnataka,Free
U008733,35-44,Tamil Nadu,Free
U008734,18-24,Telangana,Premium
U008735,45+,Tamil Nadu,Free
U008736,45+,Uttar Pradesh,Free
U008737,18-24,Karnataka,Free
U008738,25-34,Karnataka,Free
U008739,25-34,Tamil Nadu,Free
U008740,25-34,Maharashtra,Premium
U008741,18-24,Kerala,Free
U008742,35-44,Telangana,Free
U008743,18-24,Karnataka,Free
U008744,35-44,Karnataka,Free
U008745,25-34,Telangana,Free
U008746,25-34,Uttar Pradesh,Free
U008747,45+,Karnataka,Free
U008748,35-44,Tamil Nadu,Free
U008749,25-34,Delhi,Free
U008750,25-34,Karnataka,Free
U008751,25-34,Kerala,Free
U008752,18-24,Kerala,Free
U008753,45+,Gujarat,Free
U008754,18-24,Tamil Nadu,Free
U008755,25-34,Uttar Pradesh,Free
U008756,35-44,Telangana,Free
U008757,25-34,Delhi,Premium
U008758,35-44,Delhi,Premium
U008759,18-24,Tamil Nadu,Premium
U008760,18-24,Karnataka,Free
U008761,25-34,Delhi,Free
U008762,25-34,Maharashtra,Premium
U008763,45+,West Bengal,Free
U008764,25-34,Kerala,Premium
U008765,18-24,Punjab,Free
U008766,18-24,Punjab,Free
U008767,25-34,Telangana,Free
U008768,25-34,Delhi,Free
U008769,18-24,Gujarat,Free
U008770,25-34,Telangana,Premium
U008771,45+,Karnataka,Free
U008772,25-34,Telangana,Free
U008773,25-34,Delhi,Free
U008774,18-24,Karnataka,Free
U008775,35-44,Telangana,Premium
U008776,18-24,Uttar Pradesh,Free
U008777,25-34,Gujarat,Free
U008778,18-24,West Bengal,Free
U008779,18-24,Karnataka,Free
U008780,18-24,Uttar Pradesh,Premium
U008781,18-24,Delhi,Free
U008782,35-44,Karnataka,Premium
U008783,18-24,Tamil Nadu,Free
U008784,45+,Telangana,Free
U008785,25-34,West Bengal,Free
U008786,18-24,Tamil Nadu,Free
U008787,25-34,Uttar Pradesh,Free
U008788,18-24,Tamil Nadu,Free
U008789,35-44,West Bengal,Free
U008790,18-24,Maharashtra,Free
U008791,35-44,Delhi,Free
U008792,18-24,Punjab,Premium
U008793,18-24,Maharashtra,Free
U008794,18-24,Gujarat,Free
U008795,25-34,West Bengal,Free
U008796,25-34,Gujarat,Premium
U008797,45+,Karnataka,Free
U008798,25-34,Delhi,Free
U008799,18-24,Karnataka,Free
U008800,35-44,Maharashtra,Free
U008801,25-34,Karnataka,Free
U008802,35-44,Delhi,Premium
U008803,25-34,Punjab,Premium
U008804,35-44,West Bengal,Premium
U008805,18-24,Uttar Pradesh,Premium
U008806,45+,Punjab,Free
U008807,18-24,Uttar Pradesh,Premium
U008808,35-44,Kerala,Premium
U008809,18-24,Delhi,Free
U008810,35-44,Maharashtra,Premium
U008811,35-44,Delhi,Premium
U008812,35-44,Kerala,Free
U008813,25-34,West Bengal,Free
U008814,25-34,Gujarat,Free
U008815,35-44,Telangana,Free
U008816,25-34,Maharashtra,Free
U008817,25-34,Uttar Pradesh,Free
U008818,18-24,Gujarat,Free
U008819,25-34,Kerala,Free
U008820,25-34,Uttar Pradesh,Free
U008821,25-34,Punjab,Free
U008822,18-24,Telangana,Free
U008823,25-34,Telangana,Premium
U008824,35-44,Punjab,Free
U008825,25-34,Uttar Pradesh,Premium
U008826,35-44,Telangana,Free
U008827,18-24,Uttar Pradesh,Free
U008828,25-34,Karnataka,Free
U008829,25-34,Tamil Nadu,Premium
U008830,25-34,Uttar Pradesh,Free
U008831,25-34,Delhi,Premium
U008832,18-24,Telangana,Free
U008833,25-34,Kerala,Free
U008834,18-24,Kerala,Premium
U008835,25-34,Kerala,Free
U008836,35-44,West Bengal,Free
U008837,18-24,Maharashtra,Free
U008838,25-34,Punjab,Premium
U008839,25-34,Kerala,Free
U008840,35-44,Telangana,Free
U008841,18-24,Karnataka,Free
U008842,25-34,Gujarat,Free
U008843,35-44,Karnataka,Free
U008844,25-34,Karnataka,Free
U008845,35-44,Tamil Nadu,Free
U008846,25-34,Karnataka,Free
U008847,45+,Telangana,Premium
U008848,18-24,Uttar Pradesh,Free
U008849,18-24,Uttar Pradesh,Free
U008850,25-34,Karnataka,Free
U008851,25-34,Karnataka,Free
U008852,25-34,Gujarat,Free
U008853,18-24,Telangana,Free
U008854,18-24,Delhi,Free
U008855,35-44,Telangana,Free
U008856,18-24,Kerala,Premium
U008857,35-44,Tamil Nadu,Free
U008858,25-34,West Bengal,Free
U008859,18-24,Kerala,Free
U008860,35-44,Delhi,Free
U008861,35-44,Uttar Pradesh,Free
U008862,35-44,Maharashtra,Free
U008863,18-24,Delhi,Free
U008864,25-34,Punjab,Free
U008865,45+,Maharashtra,Free
U008866,25-34,West Bengal,Premium
U008867,18-24,Telangana,Free
U008868,18-24,Karnataka,Premium
U008869,25-34,Uttar Pradesh,Free
U008870,35-44,Punjab,Free
U008871,45+,Gujarat,Free
U008872,45+,Telangana,Free
U008873,18-24,West Bengal,Free
U008874,25-34,Uttar Pradesh,Premium
U008875,18-24,Punjab,Free
U008876,18-24,Delhi,Free
U008877,18-24,Kerala,Premium
U008878,45+,West Bengal,Free
U008879,18-24,Delhi,Premium
U008880,25-34,Uttar Pradesh,Premium
U008881,25-34,Kerala,Premium
U008882,18-24,Telangana,Free
U008883,25-34,Delhi,Free
U008884,18-24,Uttar Pradesh,Free
U008885,25-34,Telangana,Free
U008886,25-34,Telangana,Premium
U008887,35-44,Maharashtra,Free
U008888,35-44,West Bengal,Free
U008889,35-44,Gujarat,Free
U008890,25-34,Kerala,Free
U008891,18-24,Karnataka,Free
U008892,25-34,Delhi,Free
U008893,45+,Tamil Nadu,Free
U008894,18-24,Telangana,Free
U008895,18-24,Punjab,Premium
U008896,45+,West Bengal,Free
U008897,45+,Uttar Pradesh,Free
U008898,18-24,Delhi,Free
U008899,35-44,Punjab,Premium
U008900,25-34,Tamil Nadu,Free
U008901,25-34,Delhi,Free
U008902,25-34,Kerala,Premium
U008903,45+,Maharashtra,Free
U008904,18-24,Maharashtra,Free
U008905,35-44,Karnataka,Free
U008906,18-24,Tamil Nadu,Free
U008907,25-34,Kerala,Free
U008908,25-34,Delhi,Free
U008909,35-44,Kerala,Premium
U008910,45+,Delhi,Free
U008911,35-44,Uttar Pradesh,Free
U008912,35-44,Telangana,Free
U008913,18-24,Kerala,Premium
U008914,45+,Maharashtra,Premium
U008915,25-34,Kerala,Premium
U008916,25-34,Tamil Nadu,Premium
U008917,25-34,Telangana,Free
U008918,25-34,Maharashtra,Premium
U008919,25-34,West Bengal,Free
U008920,18-24,Uttar Pradesh,Premium
U008921,18-24,Uttar Pradesh,Free
U008922,45+,Gujarat,Free
U008923,45+,Kerala,Free
U008924,25-34,Punjab,Free
U008925,45+,Karnataka,Free
U008926,25-34,Maharashtra,Free
U008927,25-34,Punjab,Free
U008928,45+,Punjab,Premium
U008929,25-34,West Bengal,Premium
U008930,35-44,Maharashtra,Free
U008931,25-34,Uttar Pradesh,Premium
U008932,25-34,Kerala,Free
U008933,18-24,West Bengal,Free
U008934,45+,Telangana,Premium
U008935,18-24,Punjab,Free
U008936,25-34,Telangana,Premium
U008937,18-24,West Bengal,Free
U008938,25-34,Gujarat,Premium
U008939,25-34,West Bengal,Premium
U008940,35-44,Gujarat,Free
U008941,25-34,Tamil Nadu,Free
U008942,18-24,Tamil Nadu,Free
U008943,18-24,Kerala,Free
U008944,18-24,West Bengal,Premium
U008945,35-44,Karnataka,Free
U008946,35-44,Tamil Nadu,Free
U008947,18-24,Telangana,Free
U008948,25-34,West Bengal,Free
U008949,18-24,Karnataka,Free
U008950,35-44,Delhi,Free
U008951,45+,Gujarat,Premium
U008952,35-44,Karnataka,Free
U008953,18-24,Delhi,Free
U008954,25-34,Punjab,Free
U008955,45+,Gujarat,Free
U008956,18-24,Delhi,Premium
U008957,25-34,West Bengal,Free
U008958,45+,Tamil Nadu,Free
U008959,35-44,West Bengal,Free
U008960,25-34,Kerala,Free
U008961,25-34,Punjab,Free
U008962,45+,Karnataka,Free
U008963,25-34,Kerala,Free
U008964,45+,Uttar Pradesh,Free
U008965,25-34,Gujarat,Premium
U008966,35-44,Karnataka,Premium
U008967,45+,Punjab,Free
U008968,25-34,Uttar Pradesh,Free
U008969,18-24,West Bengal,Free
U008970,18-24,Delhi,Free
U008971,35-44,West Bengal,Free
U008972,25-34,Karnataka,Free
U008973,18-24,Delhi,Free
U008974,35-44,Delhi,Free
U008975,45+,Karnataka,Free
U008976,35-44,Punjab,Free
U008977,25-34,Kerala,Premium
U008978,45+,Delhi,Free
U008979,35-44,Delhi,Free
U008980,18-24,West Bengal,Free
U008981,45+,Tamil Nadu,Free
U008982,25-34,Punjab,Premium
U008983,45+,Maharashtra,Premium
U008984,35-44,Maharashtra,Free
U008985,25-34,Punjab,Free
U008986,18-24,Punjab,Free
U008987,18-24,Telangana,Free
U008988,18-24,West Bengal,Premium
U008989,25-34,Delhi,Premium
U008990,35-44,Tamil Nadu,Free
U008991,18-24,Tamil Nadu,Premium
U008992,18-24,Delhi,Free
U008993,25-34,Tamil Nadu,Free
U008994,18-24,Maharashtra,Premium
U008995,18-24,Karnataka,Premium
U008996,18-24,Kerala,Free
U008997,25-34,Punjab,Premium
U008998,25-34,Kerala,Free
U008999,35-44,Delhi,Free
U009000,18-24,Tamil Nadu,Premium
U009001,18-24,Uttar Pradesh,Premium
U009002,35-44,Telangana,Free
U009003,45+,Gujarat,Free
U009004,25-34,Punjab,Premium
U009005,35-44,Delhi,Premium
U009006,35-44,Tamil Nadu,Free
U009007,45+,Punjab,Free
U009008,25-34,Kerala,Free
U009009,18-24,Karnataka,Free
U009010,18-24,Kerala,Free
U009011,35-44,Maharashtra,Free
U009012,35-44,Karnataka,Free
U009013,25-34,Punjab,Premium
U009014,18-24,West Bengal,Free
U009015,18-24,Punjab,Premium
U009016,25-34,Tamil Nadu,Premium
U009017,45+,Karnataka,Free
U009018,25-34,Kerala,Free
U009019,25-34,Karnataka,Premium
U009020,25-34,West Bengal,Free
U009021,35-44,Maharashtra,Free
U009022,35-44,Kerala,Free
U009023,18-24,West Bengal,Free
U009024,25-34,Delhi,Free
U009025,35-44,Delhi,Free
U009026,45+,Karnataka,Premium
U009027,25-34,Uttar Pradesh,Free
U009028,18-24,Punjab,Free
U009029,25-34,Tamil Nadu,Free
U009030,25-34,Tamil Nadu,Free
U009031,18-24,Punjab,Free
U009032,45+,Tamil Nadu,Free
U009033,18-24,Delhi,Free
U009034,45+,West Bengal,Free
U009035,25-34,Delhi,Free
U009036,18-24,Telangana,Free
U009037,25-34,Karnataka,Premium
U009038,25-34,Telangana,Free
U009039,35-44,Telangana,Premium
U009040,25-34,West Bengal,Premium
U009041,18-24,West Bengal,Premium
U009042,45+,Punjab,Free
U009043,25-34,Telangana,Free
U009044,18-24,Punjab,Free
U009045,35-44,Karnataka,Free
U009046,18-24,Punjab,Free
U009047,18-24,Telangana,Free
U009048,25-34,Kerala,Free
U009049,25-34,West Bengal,Free
U009050,25-34,Maharashtra,Free
U009051,45+,Maharashtra,Free
U009052,18-24,Karnataka,Free
U009053,45+,Telangana,Free
U009054,18-24,Punjab,Premium
U009055,18-24,Uttar Pradesh,Premium
U009056,18-24,Telangana,Free
U009057,18-24,Gujarat,Free
U009058,25-34,Uttar Pradesh,Free
U009059,35-44,Maharashtra,Free
U009060,35-44,Gujarat,Free
U009061,35-44,Maharashtra,Premium
U009062,18-24,Delhi,Free
U009063,35-44,Telangana,Free
U009064,25-34,Telangana,Free
U009065,35-44,West Bengal,Free
U009066,35-44,Maharashtra,Free
U009067,18-24,Delhi,Free
U009068,25-34,Kerala,Free
U009069,45+,Telangana,Free
U009070,18-24,Karnataka,Free
U009071,35-44,Delhi,Free
U009072,45+,Punjab,Free
U009073,25-34,Karnataka,Free
U009074,25-34,Tamil Nadu,Free
U009075,25-34,Gujarat,Free
U009076,35-44,Tamil Nadu,Free
U009077,25-34,Tamil Nadu,Free
U009078,25-34,Uttar Pradesh,Free
U009079,18-24,Maharashtra,Premium
U009080,45+,Maharashtra,Premium
U009081,35-44,Uttar Pradesh,Free
U009082,25-34,Uttar Pradesh,Free
U009083,45+,Tamil Nadu,Premium
U009084,25-34,Punjab,Free
U009085,45+,Delhi,Free
U009086,18-24,Delhi,Free
U009087,18-24,Gujarat,Free
U009088,35-44,Kerala,Premium
U009089,25-34,Gujarat,Premium
U009090,25-34,Telangana,Free
U009091,35-44,West Bengal,Premium
U009092,25-34,Gujarat,Free
U009093,18-24,Karnataka,Free
U009094,25-34,Telangana,Free
U009095,25-34,Punjab,Premium
U009096,18-24,Telangana,Premium
U009097,18-24,Punjab,Free
U009098,25-34,Punjab,Free
U009099,35-44,Karnataka,Free
U009100,25-34,Uttar Pradesh,Free
U009101,25-34,Punjab,Free
U009102,25-34,West Bengal,Premium
U009103,18-24,Telangana,Premium
U009104,25-34,West Bengal,Free
U009105,18-24,Delhi,Free
U009106,25-34,Kerala,Free
U009107,18-24,Kerala,Free
U009108,25-34,Delhi,Premium
U009109,25-34,Karnataka,Free
U009110,35-44,Gujarat,Premium
U009111,35-44,Punjab,Free
U009112,45+,Telangana,Free
U009113,25-34,Gujarat,Premium
U009114,18-24,Gujarat,Free
U009115,18-24,Karnataka,Free
U009116,18-24,Kerala,Free
U009117,18-24,Uttar Pradesh,Free
U009118,18-24,Tamil Nadu,Free
U009119,25-34,Uttar Pradesh,Free
U009120,35-44,Kerala,Free
U009121,25-34,West Bengal,Free
U009122,18-24,Kerala,Free
U009123,25-34,Delhi,Premium
U009124,18-24,Maharashtra,Premium
U009125,25-34,Gujarat,Premium
U009126,25-34,Kerala,Free
U009127,18-24,Uttar Pradesh,Free
U009128,18-24,Telangana,Free
U009129,45+,Karnataka,Premium
U009130,25-34,Gujarat,Free
U009131,25-34,Uttar Pradesh,Premium
U009132,18-24,Gujarat,Premium
U009133,18-24,Gujarat,Free
U009134,25-34,Delhi,Free
U009135,45+,Gujarat,Free
U009136,18-24,Maharashtra,Free
U009137,18-24,Kerala,Premium
U009138,45+,Delhi,Free
U009139,25-34,Maharashtra,Premium
U009140,18-24,Kerala,Free
U009141,25-34,Karnataka,Premium
U009142,25-34,Gujarat,Free
U009143,45+,Punjab,Free
U009144,18-24,Kerala,Free
U009145,35-44,West Bengal,Free
U009146,18-24,Gujarat,Premium
U009147,35-44,Gujarat,Premium
U009148,35-44,Telangana,Free
U009149,35-44,Karnataka,Free
U009150,35-44,Telangana,Free
U009151,35-44,West Bengal,Free
U009152,18-24,Uttar Pradesh,Free
U009153,18-24,Delhi,Free
U009154,18-24,Maharashtra,Premium
U009155,25-34,Tamil Nadu,Premium
U009156,18-24,Tamil Nadu,Free
U009157,35-44,Uttar Pradesh,Premium
U009158,35-44,Punjab,Free
U009159,45+,Delhi,Free
U009160,25-34,Delhi,Free
U009161,35-44,Gujarat,Free
U009162,35-44,West Bengal,Free
U009163,45+,Uttar Pradesh,Premium
U009164,35-44,Punjab,Free
U009165,18-24,Maharashtra,Premium
U009166,18-24,Tamil Nadu,Free
U009167,45+,Delhi,Free
U009168,35-44,Delhi,Free
U009169,35-44,Gujarat,Free
U009170,35-44,Karnataka,Free
U009171,35-44,Maharashtra,Free
U009172,35-44,Punjab,Premium
U009173,45+,Karnataka,Free
U009174,45+,Gujarat,Free
U009175,25-34,West Bengal,Free
U009176,18-24,Telangana,Free
U009177,18-24,Telangana,Free
U009178,25-34,Kerala,Free
U009179,35-44,Delhi,Free
U009180,35-44,Tamil Nadu,Free
U009181,25-34,Karnataka,Premium
U009182,18-24,Maharashtra,Free
U009183,25-34,Telangana,Free
U009184,35-44,West Bengal,Free
U009185,25-34,West Bengal,Premium
U009186,18-24,Maharashtra,Free
U009187,25-34,Karnataka,Free
U009188,25-34,Karnataka,Premium
U009189,25-34,Delhi,Premium
U009190,35-44,Telangana,Free
U009191,45+,Telangana,Free
U009192,18-24,Kerala,Free
U009193,18-24,Kerala,Premium
U009194,25-34,Gujarat,Free
U009195,18-24,Tamil Nadu,Free
U009196,25-34,Punjab,Free
U009197,18-24,Telangana,Free
U009198,18-24,West Bengal,Premium
U009199,35-44,Karnataka,Free
U009200,18-24,Tamil Nadu,Free
U009201,35-44,Uttar Pradesh,Free
U009202,18-24,Kerala,Premium
U009203,18-24,West Bengal,Free
U009204,18-24,Uttar Pradesh,Free
U009205,18-24,Maharashtra,Premium
U009206,25-34,Telangana,Free
U009207,35-44,Punjab,Free
U009208,45+,Punjab,Free
U009209,18-24,Kerala,Premium
U009210,18-24,Kerala,Free
U009211,18-24,Tamil Nadu,Free
U009212,35-44,Telangana,Free
U009213,18-24,Telangana,Free
U009214,18-24,Gujarat,Free
U009215,35-44,Maharashtra,Free
U009216,35-44,Telangana,Free
U009217,25-34,Maharashtra,Premium
U009218,18-24,Uttar Pradesh,Free
U009219,25-34,Punjab,Free
U009220,18-24,Maharashtra,Free
U009221,25-34,Gujarat,Premium
U009222,35-44,Kerala,Free
U009223,18-24,Uttar Pradesh,Premium
U009224,35-44,Karnataka,Free
U009225,25-34,Punjab,Free
U009226,35-44,West Bengal,Premium
U009227,18-24,Uttar Pradesh,Premium
U009228,25-34,Uttar Pradesh,Free
U009229,18-24,Karnataka,Free
U009230,35-44,West Bengal,Free
U009231,18-24,Gujarat,Free
U009232,18-24,Kerala,Free
U009233,35-44,West Bengal,Premium
U009234,35-44,Delhi,Premium
U009235,25-34,West Bengal,Free
U009236,25-34,Delhi,Free
U009237,25-34,Tamil Nadu,Free
U009238,25-34,Telangana,Premium
U009239,18-24,Maharashtra,Premium
U009240,18-24,Tamil Nadu,Premium
U009241,25-34,Karnataka,Free
U009242,18-24,Delhi,Premium
U009243,25-34,West Bengal,Free
U009244,25-34,Kerala,Free
U009245,18-24,Gujarat,Free
U009246,35-44,West Bengal,Free
U009247,35-44,Delhi,Free
U009248,25-34,Maharashtra,Free
U009249,45+,Gujarat,Premium
U009250,18-24,Maharashtra,Free
U009251,18-24,Karnataka,Free
U009252,18-24,Karnataka,Premium
U009253,25-34,Delhi,Free
U009254,18-24,West Bengal,Free
U009255,35-44,Kerala,Free
U009256,18-24,Gujarat,Free
U009257,25-34,Tamil Nadu,Premium
U009258,25-34,Tamil Nadu,Free
U009259,18-24,Punjab,Free
U009260,35-44,Maharashtra,Free
U009261,25-34,Gujarat,Free
U009262,35-44,Gujarat,Free
U009263,25-34,Uttar Pradesh,Premium
U009264,25-34,Delhi,Free
U009265,25-34,Tamil Nadu,Free
U009266,35-44,West Bengal,Free
U009267,25-34,Gujarat,Free
U009268,25-34,Tamil Nadu,Free
U009269,18-24,Delhi,Premium
U009270,25-34,Uttar Pradesh,Free
U009271,18-24,Maharashtra,Premium
U009272,45+,Kerala,Free
U009273,18-24,Karnataka,Free
U009274,25-34,Maharashtra,Free
U009275,18-24,Telangana,Free
U009276,18-24,Karnataka,Premium
U009277,18-24,Tamil Nadu,Free
U009278,35-44,Delhi,Premium
U009279,18-24,West Bengal,Free
U009280,18-24,Punjab,Free
U009281,18-24,Delhi,Free
U009282,18-24,Karnataka,Free
U009283,45+,Delhi,Free
U009284,25-34,Telangana,Free
U009285,35-44,Telangana,Premium
U009286,25-34,Kerala,Free
U009287,25-34,Uttar Pradesh,Free
U009288,35-44,Maharashtra,Free
U009289,18-24,Maharashtra,Premium
U009290,35-44,Tamil Nadu,Free
U009291,25-34,Maharashtra,Free
U009292,25-34,Gujarat,Free
U009293,45+,Gujarat,Free
U009294,18-24,Tamil Nadu,Free
U009295,45+,Uttar Pradesh,Premium
U009296,45+,Telangana,Free
U009297,18-24,Telangana,Free
U009298,18-24,Kerala,Free
U009299,35-44,Telangana,Free
U009300,18-24,Kerala,Premium
U009301,35-44,Punjab,Free
U009302,18-24,Telangana,Premium
U009303,18-24,Gujarat,Premium
U009304,25-34,Uttar Pradesh,Free
U009305,35-44,Delhi,Premium
U009306,35-44,Maharashtra,Premium
U009307,25-34,Telangana,Premium
U009308,18-24,Maharashtra,Free
U009309,25-34,West Bengal,Free
U009310,18-24,Tamil Nadu,Free
U009311,18-24,Gujarat,Premium
U009312,18-24,Delhi,Free
U009313,25-34,Maharashtra,Premium
U009314,18-24,Punjab,Premium
U009315,18-24,Maharashtra,Premium
U009316,25-34,Delhi,Premium
U009317,18-24,Kerala,Premium
U009318,45+,West Bengal,Premium
U009319,25-34,West Bengal,Free
U009320,18-24,Tamil Nadu,Free
U009321,35-44,Punjab,Premium
U009322,25-34,Gujarat,Free
U009323,35-44,Gujarat,Premium
U009324,25-34,Punjab,Free
U009325,25-34,Gujarat,Free
U009326,25-34,West Bengal,Free
U009327,25-34,Karnataka,Premium
U009328,25-34,Punjab,Free
U009329,18-24,Telangana,Free
U009330,18-24,Maharashtra,Free
U009331,18-24,Karnataka,Free
U009332,35-44,West Bengal,Free
U009333,18-24,Tamil Nadu,Free
U009334,45+,Delhi,Free
U009335,18-24,Delhi,Premium
U009336,25-34,West Bengal,Premium
U009337,18-24,Gujarat,Premium
U009338,25-34,West Bengal,Free
U009339,35-44,Delhi,Free
U009340,25-34,West Bengal,Free
U009341,25-34,Punjab,Premium
U009342,35-44,Telangana,Premium
U009343,18-24,Telangana,Free
U009344,25-34,Gujarat,Premium
U009345,35-44,Gujarat,Premium
U009346,18-24,Maharashtra,Free
U009347,25-34,Maharashtra,Free
U009348,35-44,Uttar Pradesh,Premium
U009349,18-24,Karnataka,Free
U009350,18-24,Maharashtra,Free
U009351,25-34,Delhi,Free
U009352,35-44,Tamil Nadu,Free
U009353,25-34,Gujarat,Premium
U009354,25-34,Uttar Pradesh,Free
U009355,18-24,West Bengal,Free
U009356,18-24,Punjab,Free
U009357,18-24,Kerala,Free
U009358,18-24,Gujarat,Free
U009359,18-24,Tamil Nadu,Free
U009360,18-24,Telangana,Free
U009361,25-34,Tamil Nadu,Premium
U009362,25-34,Gujarat,Free
U009363,18-24,West Bengal,Premium
U009364,25-34,Maharashtra,Free
U009365,18-24,Gujarat,Premium
U009366,25-34,Telangana,Free
U009367,45+,Tamil Nadu,Free
U009368,25-34,Delhi,Free
U009369,18-24,West Bengal,Free
U009370,18-24,Maharashtra,Premium
U009371,25-34,Delhi,Free
U009372,18-24,West Bengal,Free
U009373,45+,Punjab,Free
U009374,25-34,Kerala,Free
U009375,18-24,Punjab,Premium
U009376,25-34,Kerala,Free
U009377,25-34,West Bengal,Free
U009378,25-34,Kerala,Free
U009379,45+,Kerala,Free
U009380,45+,Kerala,Free
U009381,18-24,Karnataka,Free
U009382,18-24,Tamil Nadu,Premium
U009383,18-24,Maharashtra,Premium
U009384,25-34,Karnataka,Free
U009385,25-34,Tamil Nadu,Free
U009386,18-24,Kerala,Premium
U009387,45+,Uttar Pradesh,Free
U009388,18-24,West Bengal,Free
U009389,35-44,Delhi,Free
U009390,35-44,Punjab,Free
U009391,18-24,Telangana,Free
U009392,18-24,Tamil Nadu,Premium
U009393,18-24,Uttar Pradesh,Free
U009394,45+,Delhi,Free
U009395,25-34,Telangana,Free
U009396,35-44,Kerala,Premium
U009397,25-34,Tamil Nadu,Free
U009398,25-34,Punjab,Free
U009399,45+,Delhi,Free
U009400,25-34,West Bengal,Premium
U009401,35-44,West Bengal,Free
U009402,25-34,Kerala,Premium
U009403,18-24,Gujarat,Free
U009404,18-24,Uttar Pradesh,Free
U009405,18-24,Delhi,Free
U009406,35-44,Tamil Nadu,Free
U009407,25-34,Karnataka,Premium
U009408,25-34,Gujarat,Free
U009409,18-24,Delhi,Premium
U009410,25-34,West Bengal,Premium
U009411,35-44,Karnataka,Free
U009412,25-34,Maharashtra,Free
U009413,45+,Telangana,Premium
U009414,18-24,Karnataka,Free
U009415,18-24,West Bengal,Free
U009416,25-34,Karnataka,Premium
U009417,18-24,Delhi,Free
U009418,25-34,Delhi,Premium
U009419,35-44,Delhi,Free
U009420,18-24,Tamil Nadu,Free
U009421,45+,Punjab,Free
U009422,18-24,Delhi,Premium
U009423,25-34,Karnataka,Premium
U009424,25-34,Gujarat,Free
U009425,25-34,Gujarat,Free
U009426,18-24,Karnataka,Free
U009427,45+,Telangana,Free
U009428,45+,Delhi,Free
U009429,25-34,Tamil Nadu,Free
U009430,25-34,West Bengal,Free
U009431,25-34,Maharashtra,Free
U009432,25-34,Gujarat,Premium
U009433,25-34,Uttar Pradesh,Free
U009434,25-34,Uttar Pradesh,Free
U009435,35-44,Punjab,Free
U009436,25-34,Gujarat,Free
U009437,18-24,Delhi,Premium
U009438,45+,Gujarat,Free
U009439,18-24,Delhi,Premium
U009440,18-24,Karnataka,Free
U009441,45+,Uttar Pradesh,Free
U009442,18-24,Telangana,Free
U009443,18-24,Punjab,Free
U009444,25-34,Karnataka,Free
U009445,35-44,Karnataka,Free
U009446,18-24,Uttar Pradesh,Free
U009447,25-34,Tamil Nadu,Premium
U009448,18-24,Maharashtra,Free
U009449,25-34,Delhi,Free
U009450,18-24,Telangana,Free
U009451,18-24,Maharashtra,Free
U009452,45+,Punjab,Premium
U009453,25-34,West Bengal,Premium
U009454,35-44,Gujarat,Free
U009455,45+,Maharashtra,Premium
U009456,45+,Karnataka,Free
U009457,35-44,Karnataka,Premium
U009458,18-24,Gujarat,Free
U009459,35-44,Kerala,Free
U009460,25-34,Uttar Pradesh,Free
U009461,18-24,West Bengal,Free
U009462,25-34,Delhi,Free
U009463,18-24,Uttar Pradesh,Free
U009464,25-34,Kerala,Free
U009465,35-44,West Bengal,Free
U009466,25-34,Karnataka,Free
U009467,18-24,Kerala,Premium
U009468,18-24,Tamil Nadu,Premium
U009469,35-44,Karnataka,Free
U009470,25-34,Punjab,Free
U009471,25-34,West Bengal,Free
U009472,35-44,West Bengal,Premium
U009473,35-44,Punjab,Premium
U009474,25-34,Karnataka,Premium
U009475,25-34,Punjab,Free
U009476,18-24,Kerala,Premium
U009477,45+,Karnataka,Free
U009478,25-34,Kerala,Free
U009479,35-44,Punjab,Free
U009480,18-24,Karnataka,Free
U009481,25-34,Maharashtra,Free
U009482,25-34,Maharashtra,Free
U009483,25-34,Maharashtra,Free
U009484,25-34,Maharashtra,Premium
U009485,35-44,Uttar Pradesh,Premium
U009486,18-24,Punjab,Free
U009487,35-44,Telangana,Free
U009488,18-24,Uttar Pradesh,Free
U009489,25-34,Tamil Nadu,Premium
U009490,18-24,Karnataka,Free
U009491,18-24,Kerala,Free
U009492,35-44,Kerala,Free
U009493,18-24,Delhi,Free
U009494,45+,Uttar Pradesh,Free
U009495,18-24,Delhi,Premium
U009496,25-34,Karnataka,Premium
U009497,18-24,Uttar Pradesh,Free
U009498,25-34,Telangana,Free
U009499,45+,Telangana,Free
U009500,25-34,Gujarat,Free
U009501,25-34,Tamil Nadu,Free
U009502,35-44,West Bengal,Free
U009503,35-44,Telangana,Free
U009504,18-24,Delhi,Free
U009505,25-34,Karnataka,Free
U009506,25-34,Kerala,Free
U009507,35-44,Karnataka,Free
U009508,18-24,Uttar Pradesh,Premium
U009509,25-34,Uttar Pradesh,Free
U009510,45+,Kerala,Free
U009511,25-34,Maharashtra,Free
U009512,25-34,Kerala,Free
U009513,45+,Uttar Pradesh,Premium
U009514,18-24,Kerala,Premium
U009515,25-34,West Bengal,Premium
U009516,35-44,West Bengal,Premium
U009517,35-44,Tamil Nadu,Premium
U009518,45+,Punjab,Premium
U009519,25-34,Tamil Nadu,Free
U009520,18-24,Uttar Pradesh,Premium
U009521,25-34,Maharashtra,Free
U009522,18-24,Delhi,Premium
U009523,45+,Gujarat,Free
U009524,18-24,Gujarat,Free
U009525,25-34,Telangana,Free
U009526,25-34,Karnataka,Premium
U009527,18-24,Delhi,Free
U009528,18-24,West Bengal,Premium
U009529,25-34,Telangana,Free
U009530,18-24,Gujarat,Free
U009531,45+,Karnataka,Premium
U009532,45+,Kerala,Free
U009533,18-24,Uttar Pradesh,Free
U009534,35-44,Delhi,Premium
U009535,18-24,Kerala,Free
U009536,18-24,West Bengal,Free
U009537,18-24,Tamil Nadu,Free
U009538,35-44,Punjab,Free
U009539,25-34,Delhi,Premium
U009540,18-24,Delhi,Free
U009541,35-44,Punjab,Free
U009542,35-44,Telangana,Premium
U009543,35-44,Telangana,Premium
U009544,25-34,Uttar Pradesh,Free
U009545,35-44,Kerala,Free
U009546,25-34,Uttar Pradesh,Free
U009547,18-24,Kerala,Free
U009548,35-44,Telangana,Free
U009549,18-24,Gujarat,Free
U009550,35-44,Kerala,Premium
U009551,25-34,Gujarat,Free
U009552,18-24,Punjab,Free
U009553,18-24,Kerala,Free
U009554,25-34,Punjab,Premium
U009555,35-44,Karnataka,Free
U009556,35-44,Kerala,Premium
U009557,25-34,Telangana,Free
U009558,18-24,Kerala,Free
U009559,18-24,Kerala,Premium
U009560,35-44,Kerala,Free
U009561,25-34,Delhi,Free
U009562,35-44,Delhi,Free
U009563,18-24,Punjab,Premium
U009564,18-24,Karnataka,Free
U009565,25-34,Gujarat,Free
U009566,25-34,Maharashtra,Free
U009567,25-34,Telangana,Premium
U009568,18-24,Kerala,Premium
U009569,35-44,Karnataka,Premium
U009570,25-34,Karnataka,Free
U009571,35-44,Punjab,Free
U009572,25-34,Tamil Nadu,Premium
U009573,25-34,West Bengal,Free
U009574,25-34,Telangana,Free
U009575,25-34,Gujarat,Premium
U009576,25-34,Maharashtra,Premium
U009577,25-34,Punjab,Premium
U009578,18-24,Karnataka,Free
U009579,45+,Karnataka,Free
U009580,18-24,Kerala,Free
U009581,18-24,Delhi,Premium
U009582,35-44,Punjab,Premium
U009583,18-24,Maharashtra,Free
U009584,45+,Telangana,Free
U009585,25-34,Uttar Pradesh,Premium
U009586,18-24,Uttar Pradesh,Free
U009587,18-24,Maharashtra,Free
U009588,18-24,Delhi,Premium
U009589,18-24,Telangana,Free
U009590,18-24,Punjab,Premium
U009591,18-24,Punjab,Premium
U009592,18-24,West Bengal,Premium
U009593,25-34,Karnataka,Free
U009594,18-24,Telangana,Free
U009595,18-24,Maharashtra,Free
U009596,18-24,Uttar Pradesh,Premium
U009597,18-24,Maharashtra,Free
U009598,18-24,Maharashtra,Free
U009599,18-24,Tamil Nadu,Premium
U009600,25-34,Gujarat,Free
U009601,45+,West Bengal,Premium
U009602,18-24,Tamil Nadu,Free
U009603,18-24,Punjab,Free
U009604,25-34,Punjab,Free
U009605,25-34,West Bengal,Free
U009606,18-24,Telangana,Free
U009607,35-44,West Bengal,Free
U009608,35-44,Tamil Nadu,Free
U009609,45+,Karnataka,Free
U009610,45+,Delhi,Free
U009611,25-34,Punjab,Premium
U009612,25-34,Punjab,Free
U009613,25-34,Tamil Nadu,Premium
U009614,35-44,Punjab,Premium
U009615,25-34,Kerala,Premium
U009616,18-24,Telangana,Free
U009617,18-24,Karnataka,Premium
U009618,25-34,Maharashtra,Free
U009619,25-34,Delhi,Free
U009620,35-44,Maharashtra,Free
U009621,18-24,Karnataka,Premium
U009622,35-44,Karnataka,Premium
U009623,18-24,Maharashtra,Free
U009624,25-34,Kerala,Free
U009625,25-34,Telangana,Free
U009626,18-24,Uttar Pradesh,Free
U009627,25-34,Gujarat,Free
U009628,18-24,Maharashtra,Free
U009629,18-24,West Bengal,Premium
U009630,35-44,Uttar Pradesh,Free
U009631,18-24,Gujarat,Free
U009632,35-44,West Bengal,Free
U009633,35-44,Delhi,Premium
U009634,18-24,Uttar Pradesh,Premium
U009635,35-44,Gujarat,Premium
U009636,35-44,Telangana,Free
U009637,35-44,Uttar Pradesh,Free
U009638,35-44,Tamil Nadu,Free
U009639,25-34,Telangana,Free
U009640,45+,Kerala,Free
U009641,18-24,Kerala,Free
U009642,18-24,Telangana,Free
U009643,35-44,Kerala,Free
U009644,18-24,Gujarat,Free
U009645,25-34,West Bengal,Free
U009646,25-34,Gujarat,Free
U009647,18-24,Tamil Nadu,Free
U009648,35-44,Telangana,Premium
U009649,18-24,West Bengal,Free
U009650,18-24,Telangana,Free
U009651,25-34,Delhi,Free
U009652,35-44,Tamil Nadu,Free
U009653,35-44,Delhi,Premium
U009654,18-24,West Bengal,Free
U009655,35-44,Kerala,Premium
U009656,25-34,West Bengal,Free
U009657,35-44,Gujarat,Premium
U009658,18-24,West Bengal,Premium
U009659,25-34,Karnataka,Free
U009660,25-34,Maharashtra,Free
U009661,25-34,Maharashtra,Free
U009662,18-24,Uttar Pradesh,Premium
U009663,25-34,Kerala,Free
U009664,25-34,Karnataka,Free
U009665,25-34,Uttar Pradesh,Free
U009666,25-34,Punjab,Free
U009667,18-24,Kerala,Premium
U009668,35-44,Punjab,Premium
U009669,25-34,Kerala,Free
U009670,25-34,Maharashtra,Premium
U009671,45+,West Bengal,Premium
U009672,25-34,Tamil Nadu,Premium
U009673,18-24,Telangana,Free
U009674,25-34,Maharashtra,Premium
U009675,45+,Karnataka,Free
U009676,18-24,Delhi,Free
U009677,25-34,West Bengal,Premium
U009678,18-24,Maharashtra,Free
U009679,35-44,Uttar Pradesh,Free
U009680,25-34,Delhi,Premium
U009681,45+,Telangana,Free
U009682,25-34,Uttar Pradesh,Free
U009683,18-24,Tamil Nadu,Free
U009684,25-34,Telangana,Premium
U009685,45+,Uttar Pradesh,Free
U009686,18-24,Maharashtra,Free
U009687,18-24,Telangana,Premium
U009688,35-44,Telangana,Premium
U009689,25-34,Kerala,Free
U009690,18-24,West Bengal,Free
U009691,18-24,Tamil Nadu,Premium
U009692,18-24,Telangana,Free
U009693,25-34,Punjab,Premium
U009694,25-34,Karnataka,Free
U009695,25-34,Uttar Pradesh,Premium
U009696,35-44,West Bengal,Premium
U009697,18-24,West Bengal,Free
U009698,25-34,Delhi,Free
U009699,25-34,Karnataka,Free
U009700,25-34,Punjab,Free
U009701,25-34,Uttar Pradesh,Free
U009702,25-34,Uttar Pradesh,Free
U009703,45+,Karnataka,Free
U009704,18-24,Tamil Nadu,Free
U009705,18-24,West Bengal,Free
U009706,25-34,Delhi,Premium
U009707,25-34,Telangana,Free
U009708,18-24,Punjab,Free
U009709,35-44,Telangana,Free
U009710,35-44,Kerala,Free
U009711,25-34,Kerala,Free
U009712,25-34,Delhi,Free
U009713,18-24,Punjab,Free
U009714,25-34,Karnataka,Free
U009715,25-34,Kerala,Free
U009716,35-44,Karnataka,Free
U009717,25-34,Tamil Nadu,Premium
U009718,18-24,Punjab,Free
U009719,18-24,Karnataka,Free
U009720,18-24,Tamil Nadu,Free
U009721,45+,Punjab,Premium
U009722,35-44,Delhi,Free
U009723,35-44,Delhi,Free
U009724,35-44,Tamil Nadu,Premium
U009725,18-24,Delhi,Free
U009726,35-44,Maharashtra,Free
U009727,35-44,Gujarat,Premium
U009728,18-24,Uttar Pradesh,Premium
U009729,25-34,Telangana,Premium
U009730,25-34,West Bengal,Premium
U009731,35-44,Delhi,Free
U009732,18-24,Maharashtra,Free
U009733,35-44,Maharashtra,Free
U009734,45+,Delhi,Free
U009735,45+,Delhi,Premium
U009736,18-24,Kerala,Free
U009737,18-24,Kerala,Free
U009738,25-34,Kerala,Premium
U009739,18-24,Punjab,Free
U009740,18-24,Karnataka,Free
U009741,35-44,Karnataka,Premium
U009742,18-24,Delhi,Free
U009743,25-34,Tamil Nadu,Premium
U009744,45+,Telangana,Free
U009745,25-34,Punjab,Free
U009746,45+,Punjab,Free
U009747,25-34,Tamil Nadu,Free
U009748,18-24,Maharashtra,Free
U009749,18-24,Telangana,Premium
U009750,25-34,Karnataka,Free
U009751,18-24,Kerala,Free
U009752,35-44,Kerala,Free
U009753,45+,Karnataka,Free
U009754,18-24,Karnataka,Free
U009755,18-24,Telangana,Free
U009756,25-34,Maharashtra,Premium
U009757,25-34,Delhi,Premium
U009758,18-24,Delhi,Free
U009759,18-24,Punjab,Free
U009760,18-24,Telangana,Free
U009761,25-34,Punjab,Free
U009762,18-24,Telangana,Premium
U009763,35-44,West Bengal,Free
U009764,18-24,West Bengal,Free
U009765,25-34,Telangana,Free
U009766,25-34,Telangana,Free
U009767,18-24,Tamil Nadu,Free
U009768,35-44,Tamil Nadu,Free
U009769,25-34,Kerala,Premium
U009770,35-44,Tamil Nadu,Free
U009771,25-34,Karnataka,Free
U009772,25-34,Uttar Pradesh,Free
U009773,18-24,Uttar Pradesh,Premium
U009774,25-34,Gujarat,Free
U009775,25-34,Gujarat,Free
U009776,25-34,Karnataka,Free
U009777,18-24,Uttar Pradesh,Premium
U009778,18-24,West Bengal,Free
U009779,18-24,Gujarat,Free
U009780,18-24,Maharashtra,Free
U009781,25-34,Delhi,Premium
U009782,45+,Maharashtra,Premium
U009783,18-24,Uttar Pradesh,Free
U009784,18-24,Karnataka,Free
U009785,18-24,Maharashtra,Free
U009786,18-24,Kerala,Free
U009787,25-34,Kerala,Free
U009788,18-24,Uttar Pradesh,Free
U009789,45+,Telangana,Premium
U009790,35-44,West Bengal,Free
U009791,25-34,West Bengal,Free
U009792,45+,Kerala,Free
U009793,25-34,Telangana,Free
U009794,45+,Maharashtra,Premium
U009795,18-24,Delhi,Premium
U009796,45+,Uttar Pradesh,Premium
U009797,18-24,Maharashtra,Premium
U009798,25-34,Maharashtra,Free
U009799,45+,Gujarat,Free
U009800,25-34,Uttar Pradesh,Free
U009801,18-24,Tamil Nadu,Premium
U009802,18-24,Delhi,Free
U009803,18-24,Telangana,Free
U009804,25-34,Maharashtra,Premium
U009805,25-34,Karnataka,Free
U009806,25-34,Telangana,Premium
U009807,35-44,Gujarat,Premium
U009808,18-24,Delhi,Free
U009809,35-44,West Bengal,Premium
U009810,25-34,Maharashtra,Free
U009811,35-44,Tamil Nadu,Premium
U009812,35-44,West Bengal,Free
U009813,45+,Maharashtra,Free
U009814,18-24,Kerala,Free
U009815,25-34,Uttar Pradesh,Premium
U009816,45+,Punjab,Premium
U009817,35-44,Kerala,Free
U009818,18-24,Telangana,Premium
U009819,25-34,Uttar Pradesh,Free
U009820,35-44,Telangana,Premium
U009821,18-24,Gujarat,Free
U009822,25-34,Delhi,Premium
U009823,35-44,Punjab,Premium
U009824,25-34,Tamil Nadu,Premium
U009825,18-24,Uttar Pradesh,Free
U009826,25-34,West Bengal,Premium
U009827,25-34,Punjab,Free
U009828,25-34,Gujarat,Free
U009829,25-34,West Bengal,Free
U009830,25-34,Tamil Nadu,Premium
U009831,35-44,Karnataka,Premium
U009832,35-44,West Bengal,Free
U009833,35-44,Gujarat,Premium
U009834,25-34,Telangana,Free
U009835,18-24,Gujarat,Free
U009836,35-44,Kerala,Free
U009837,18-24,Maharashtra,Free
U009838,25-34,Kerala,Free
U009839,18-24,Telangana,Free
U009840,25-34,Telangana,Free
U009841,25-34,West Bengal,Free
U009842,25-34,Maharashtra,Free
U009843,25-34,Uttar Pradesh,Premium
U009844,18-24,Gujarat,Free
U009845,18-24,Uttar Pradesh,Free
U009846,25-34,West Bengal,Premium
U009847,35-44,Punjab,Free
U009848,35-44,West Bengal,Premium
U009849,45+,Punjab,Free
U009850,18-24,Telangana,Free
U009851,18-24,Gujarat,Free
U009852,25-34,Delhi,Premium
U009853,25-34,Tamil Nadu,Free
U009854,35-44,Tamil Nadu,Premium
U009855,35-44,Uttar Pradesh,Free
U009856,25-34,Telangana,Free
U009857,25-34,Karnataka,Free
U009858,45+,Karnataka,Premium
U009859,18-24,Karnataka,Free
U009860,35-44,Delhi,Free
U009861,35-44,Kerala,Premium
U009862,18-24,Kerala,Premium
U009863,45+,Delhi,Premium
U009864,35-44,Tamil Nadu,Premium
U009865,35-44,Kerala,Free
U009866,18-24,Kerala,Free
U009867,18-24,Maharashtra,Free
U009868,25-34,Maharashtra,Free
U009869,18-24,Maharashtra,Free
U009870,18-24,Telangana,Free
U009871,25-34,Uttar Pradesh,Premium
U009872,18-24,Maharashtra,Free
U009873,35-44,Kerala,Premium
U009874,25-34,Kerala,Free
U009875,18-24,Uttar Pradesh,Premium
U009876,25-34,Telangana,Free
U009877,18-24,Uttar Pradesh,Free
U009878,18-24,Tamil Nadu,Free
U009879,25-34,Punjab,Free
U009880,25-34,Uttar Pradesh,Free
U009881,18-24,Telangana,Premium
U009882,25-34,Karnataka,Premium
U009883,25-34,West Bengal,Free
U009884,25-34,Tamil Nadu,Free
U009885,18-24,Kerala,Free
U009886,35-44,Kerala,Free
U009887,25-34,Maharashtra,Free
U009888,18-24,Telangana,Free
U009889,25-34,Gujarat,Free
U009890,35-44,West Bengal,Free
U009891,18-24,Kerala,Free
U009892,25-34,Uttar Pradesh,Free
U009893,35-44,Karnataka,Premium
U009894,18-24,West Bengal,Free
U009895,45+,Maharashtra,Free
U009896,25-34,Delhi,Free
U009897,35-44,West Bengal,Free
U009898,35-44,Punjab,Free
U009899,45+,Kerala,Premium
U009900,25-34,Gujarat,Premium
U009901,35-44,Gujarat,Premium
U009902,18-24,Maharashtra,Free
U009903,18-24,Karnataka,Free
U009904,35-44,Telangana,Free
U009905,25-34,Maharashtra,Free
U009906,35-44,Uttar Pradesh,Free
U009907,18-24,Uttar Pradesh,Free
U009908,18-24,Kerala,Free
U009909,18-24,Punjab,Premium
U009910,25-34,Delhi,Free
U009911,18-24,Gujarat,Free
U009912,18-24,Kerala,Free
U009913,45+,Uttar Pradesh,Free
U009914,35-44,Karnataka,Free
U009915,35-44,Delhi,Free
U009916,18-24,Uttar Pradesh,Premium
U009917,25-34,Delhi,Premium
U009918,25-34,Telangana,Free
U009919,18-24,Tamil Nadu,Premium
U009920,25-34,Telangana,Free
U009921,45+,Tamil Nadu,Premium
U009922,18-24,Maharashtra,Free
U009923,45+,West Bengal,Free
U009924,18-24,Punjab,Free
U009925,18-24,Delhi,Premium
U009926,18-24,Tamil Nadu,Premium
U009927,45+,Punjab,Free
U009928,25-34,Kerala,Free
U009929,35-44,Karnataka,Premium
U009930,25-34,Telangana,Free
U009931,35-44,Tamil Nadu,Free
U009932,25-34,Gujarat,Premium
U009933,25-34,Delhi,Free
U009934,35-44,Maharashtra,Free
U009935,35-44,Gujarat,Free
U009936,25-34,Karnataka,Free
U009937,18-24,Kerala,Free
U009938,35-44,Telangana,Premium
U009939,18-24,Kerala,Premium
U009940,45+,West Bengal,Free
U009941,25-34,Punjab,Premium
U009942,18-24,Telangana,Free
U009943,18-24,Karnataka,Free
U009944,25-34,Karnataka,Free
U009945,25-34,Telangana,Free
U009946,35-44,Maharashtra,Free
U009947,25-34,Maharashtra,Free
U009948,18-24,West Bengal,Premium
U009949,25-34,Maharashtra,Free
U009950,35-44,Uttar Pradesh,Free
U009951,35-44,West Bengal,Premium
U009952,25-34,Gujarat,Free
U009953,45+,Tamil Nadu,Free
U009954,18-24,Kerala,Free
U009955,25-34,Delhi,Free
U009956,35-44,West Bengal,Free
U009957,25-34,Karnataka,Free
U009958,18-24,Kerala,Free
U009959,25-34,Karnataka,Free
U009960,18-24,Kerala,Free
U009961,18-24,Gujarat,Free
U009962,18-24,Maharashtra,Free
U009963,35-44,Maharashtra,Free
U009964,18-24,Karnataka,Free
U009965,25-34,Telangana,Premium
U009966,45+,Gujarat,Premium
U009967,35-44,Tamil Nadu,Free
U009968,25-34,Gujarat,Free
U009969,25-34,Kerala,Premium
U009970,18-24,Kerala,Free
U009971,25-34,Uttar Pradesh,Free
U009972,18-24,Karnataka,Free
U009973,18-24,West Bengal,Free
U009974,18-24,Kerala,Free
U009975,25-34,Uttar Pradesh,Premium
U009976,18-24,Punjab,Free
U009977,18-24,Kerala,Free
U009978,35-44,Punjab,Free
U009979,18-24,Uttar Pradesh,Free
U009980,35-44,Telangana,Free
U009981,25-34,Gujarat,Free
U009982,25-34,Telangana,Free
U009983,18-24,Maharashtra,Premium
U009984,18-24,Karnataka,Premium
U009985,35-44,West Bengal,Premium
U009986,25-34,West Bengal,Free
U009987,18-24,Telangana,Premium
U009988,18-24,Kerala,Free
U009989,25-34,Telangana,Free
U009990,18-24,Delhi,Premium
U009991,25-34,Maharashtra,Free
U009992,25-34,Punjab,Free
U009993,25-34,Delhi,Free
U009994,35-44,West Bengal,Free
U009995,25-34,Uttar Pradesh,Free
U009996,35-44,Uttar Pradesh,Free
U009997,25-34,Telangana,Free
U009998,25-34,Gujarat,Free
U009999,25-34,West Bengal,Free
U010000,25-34,Delhi,Free
U010001,18-24,Telangana,Free
U010002,45+,Telangana,Free
U010003,45+,Telangana,Premium
U010004,18-24,Gujarat,Premium
U010005,25-34,Uttar Pradesh,Free
U010006,35-44,Punjab,Free
U010007,45+,Maharashtra,Premium
U010008,25-34,West Bengal,Free
U010009,18-24,Delhi,Premium
U010010,25-34,Tamil Nadu,Premium
U010011,18-24,Uttar Pradesh,Free
U010012,25-34,West Bengal,Free
U010013,25-34,Uttar Pradesh,Free
U010014,25-34,Maharashtra,Free
U010015,18-24,Kerala,Premium
U010016,25-34,Karnataka,Free
U010017,25-34,Maharashtra,Premium
U010018,18-24,Karnataka,Free
U010019,18-24,Uttar Pradesh,Free
U010020,18-24,Tamil Nadu,Premium
U010021,35-44,Uttar Pradesh,Free
U010022,25-34,Delhi,Free
U010023,25-34,West Bengal,Premium
U010024,25-34,Tamil Nadu,Free
U010025,35-44,Punjab,Free
U010026,25-34,Telangana,Free
U010027,18-24,West Bengal,Free
U010028,18-24,Maharashtra,Premium
U010029,18-24,West Bengal,Free
U010030,35-44,Karnataka,Free
U010031,25-34,Gujarat,Free
U010032,35-44,Delhi,Premium
U010033,35-44,Punjab,Free
U010034,35-44,Uttar Pradesh,Free
U010035,45+,Punjab,Free
U010036,25-34,Delhi,Free
U010037,18-24,Telangana,Free
U010038,18-24,West Bengal,Free
U010039,25-34,Telangana,Premium
U010040,35-44,Tamil Nadu,Free
U010041,25-34,Delhi,Free
U010042,18-24,Punjab,Free
U010043,35-44,Maharashtra,Free
U010044,25-34,Gujarat,Free
U010045,18-24,Punjab,Free
U010046,35-44,West Bengal,Free
U010047,25-34,Punjab,Premium
U010048,18-24,West Bengal,Premium
U010049,18-24,Maharashtra,Free
U010050,25-34,Maharashtra,Free
U010051,25-34,Karnataka,Premium
U010052,18-24,Punjab,Free
U010053,25-34,Karnataka,Premium
U010054,25-34,Punjab,Free
U010055,18-24,West Bengal,Free
U010056,25-34,Tamil Nadu,Free
U010057,25-34,Delhi,Free
U010058,18-24,Uttar Pradesh,Free
U010059,18-24,West Bengal,Free
U010060,18-24,Tamil Nadu,Free
U010061,25-34,Telangana,Free
U010062,35-44,Karnataka,Premium
U010063,25-34,Karnataka,Free
U010064,45+,Maharashtra,Free
U010065,25-34,Gujarat,Premium
U010066,25-34,Karnataka,Free
U010067,25-34,West Bengal,Free
U010068,35-44,Maharashtra,Free
U010069,35-44,Maharashtra,Premium
U010070,25-34,Karnataka,Free
U010071,25-34,Maharashtra,Free
U010072,45+,Uttar Pradesh,Free
U010073,45+,Maharashtra,Free
U010074,45+,Telangana,Free
U010075,18-24,Karnataka,Free
U010076,18-24,Punjab,Free
U010077,25-34,Delhi,Free
U010078,35-44,Punjab,Free
U010079,18-24,Maharashtra,Free
U010080,25-34,Telangana,Free
U010081,25-34,Punjab,Free
U010082,18-24,Maharashtra,Free
U010083,35-44,Delhi,Free
U010084,18-24,Gujarat,Free
U010085,35-44,Punjab,Free
U010086,18-24,Telangana,Premium
U010087,25-34,Tamil Nadu,Premium
U010088,25-34,Tamil Nadu,Free
U010089,18-24,Gujarat,Premium
U010090,25-34,Kerala,Free
U010091,35-44,Telangana,Free
U010092,25-34,Punjab,Free
U010093,18-24,Gujarat,Free
U010094,35-44,Maharashtra,Premium
U010095,18-24,Telangana,Free
U010096,25-34,West Bengal,Premium
U010097,25-34,Uttar Pradesh,Free
U010098,25-34,Delhi,Free
U010099,18-24,Punjab,Free
U010100,18-24,Maharashtra,Free
U010101,18-24,Punjab,Free
U010102,25-34,Uttar Pradesh,Free
U010103,25-34,Maharashtra,Free
U010104,25-34,Kerala,Premium
U010105,18-24,Uttar Pradesh,Free
U010106,18-24,Delhi,Free
U010107,25-34,Karnataka,Free
U010108,25-34,Gujarat,Free
U010109,35-44,Kerala,Free
U010110,18-24,Maharashtra,Free
U010111,18-24,Gujarat,Free
U010112,25-34,Gujarat,Free
U010113,25-34,Karnataka,Free
U010114,25-34,Tamil Nadu,Premium
U010115,18-24,Karnataka,Free
U010116,18-24,Telangana,Premium
U010117,25-34,Kerala,Free
U010118,18-24,West Bengal,Free
U010119,25-34,Uttar Pradesh,Free
U010120,18-24,Maharashtra,Premium
U010121,18-24,Uttar Pradesh,Premium
U010122,18-24,Uttar Pradesh,Free
U010123,45+,Karnataka,Free
U010124,18-24,Delhi,Free
U010125,18-24,Punjab,Free
U010126,35-44,Uttar Pradesh,Free
U010127,18-24,Maharashtra,Free
U010128,18-24,Maharashtra,Free
U010129,18-24,Maharashtra,Free
U010130,25-34,Delhi,Premium
U010131,25-34,Kerala,Free
U010132,35-44,Maharashtra,Free
U010133,35-44,Uttar Pradesh,Premium
U010134,25-34,Karnataka,Free
U010135,18-24,Telangana,Free
U010136,35-44,Telangana,Premium
U010137,35-44,Gujarat,Free
U010138,35-44,West Bengal,Free
U010139,18-24,Maharashtra,Premium
U010140,25-34,Gujarat,Premium
U010141,35-44,Maharashtra,Free
U010142,45+,Telangana,Free
U010143,18-24,Gujarat,Free
U010144,35-44,Telangana,Premium
U010145,25-34,Tamil Nadu,Premium
U010146,35-44,Karnataka,Free
U010147,25-34,Kerala,Free
U010148,35-44,West Bengal,Premium
U010149,25-34,Gujarat,Free
U010150,18-24,Uttar Pradesh,Premium
U010151,25-34,Telangana,Free
U010152,35-44,Karnataka,Free
U010153,18-24,Telangana,Free
U010154,25-34,Karnataka,Free
U010155,45+,Punjab,Free
U010156,35-44,Karnataka,Premium
U010157,25-34,Tamil Nadu,Free
U010158,35-44,Punjab,Premium
U010159,18-24,Karnataka,Free
U010160,25-34,Telangana,Premium
U010161,25-34,Delhi,Free
U010162,35-44,Delhi,Premium
U010163,18-24,Kerala,Premium
U010164,18-24,Gujarat,Premium
U010165,25-34,Karnataka,Free
U010166,25-34,Delhi,Free
U010167,35-44,Tamil Nadu,Premium
U010168,25-34,Delhi,Free
U010169,35-44,Gujarat,Free
U010170,25-34,Maharashtra,Free
U010171,35-44,Telangana,Premium
U010172,35-44,Karnataka,Premium
U010173,18-24,Tamil Nadu,Premium
U010174,18-24,Kerala,Free
U010175,35-44,Punjab,Free
U010176,18-24,Uttar Pradesh,Premium
U010177,25-34,Uttar Pradesh,Free
U010178,18-24,Tamil Nadu,Free
U010179,35-44,Karnataka,Premium
U010180,18-24,Punjab,Premium
U010181,25-34,Gujarat,Free
U010182,25-34,Kerala,Free
U010183,18-24,Tamil Nadu,Premium
U010184,25-34,West Bengal,Premium
U010185,35-44,Karnataka,Free
U010186,25-34,West Bengal,Premium
U010187,45+,Gujarat,Premium
U010188,35-44,Tamil Nadu,Premium
U010189,25-34,West Bengal,Free
U010190,25-34,Telangana,Free
U010191,45+,Maharashtra,Free
U010192,25-34,Maharashtra,Free
U010193,25-34,Punjab,Free
U010194,35-44,Punjab,Premium
U010195,45+,Delhi,Free
U010196,25-34,Uttar Pradesh,Free
U010197,18-24,West Bengal,Free
U010198,25-34,Maharashtra,Premium
U010199,35-44,Uttar Pradesh,Premium
U010200,25-34,Karnataka,Free
U010201,35-44,Uttar Pradesh,Free
U010202,25-34,Punjab,Free
U010203,18-24,Maharashtra,Free
U010204,25-34,Delhi,Premium
U010205,25-34,Karnataka,Premium
U010206,35-44,Uttar Pradesh,Premium
U010207,18-24,Telangana,Premium
U010208,35-44,Delhi,Free
U010209,18-24,Karnataka,Free
U010210,45+,Tamil Nadu,Free
U010211,35-44,Telangana,Free
U010212,18-24,Gujarat,Free
U010213,45+,Maharashtra,Free
U010214,25-34,Maharashtra,Free
U010215,25-34,Kerala,Free
U010216,45+,Delhi,Premium
U010217,45+,West Bengal,Free
U010218,25-34,Karnataka,Free
U010219,45+,Karnataka,Free
U010220,18-24,Delhi,Free
U010221,18-24,Kerala,Premium
U010222,18-24,Delhi,Free
U010223,18-24,Maharashtra,Premium
U010224,25-34,Telangana,Premium
U010225,18-24,Delhi,Premium
U010226,25-34,Delhi,Free
U010227,18-24,Punjab,Free
U010228,25-34,West Bengal,Free
U010229,35-44,Kerala,Premium
U010230,18-24,Uttar Pradesh,Premium
U010231,35-44,Uttar Pradesh,Free
U010232,35-44,Punjab,Free
U010233,25-34,Punjab,Free
U010234,35-44,Punjab,Free
U010235,45+,Delhi,Premium
U010236,18-24,Maharashtra,Free
U010237,25-34,Telangana,Free
U010238,18-24,Maharashtra,Free
U010239,25-34,Maharashtra,Free
U010240,25-34,Karnataka,Free
U010241,35-44,Gujarat,Free
U010242,35-44,Tamil Nadu,Free
U010243,35-44,Karnataka,Free
U010244,35-44,Delhi,Free
U010245,25-34,West Bengal,Free
U010246,18-24,Karnataka,Premium
U010247,18-24,Uttar Pradesh,Free
U010248,25-34,Delhi,Free
U010249,35-44,Kerala,Free
U010250,18-24,West Bengal,Premium
U010251,25-34,Karnataka,Free
U010252,18-24,Karnataka,Free
U010253,25-34,Uttar Pradesh,Premium
U010254,25-34,Kerala,Free
U010255,18-24,Maharashtra,Free
U010256,18-24,Telangana,Free
U010257,18-24,Kerala,Premium
U010258,25-34,Karnataka,Premium
U010259,45+,West Bengal,Free
U010260,18-24,West Bengal,Free
U010261,25-34,Karnataka,Free
U010262,25-34,Maharashtra,Free
U010263,25-34,Maharashtra,Free
U010264,18-24,West Bengal,Free
U010265,18-24,Kerala,Premium
U010266,45+,Karnataka,Premium
U010267,45+,Tamil Nadu,Free
U010268,25-34,Telangana,Free
U010269,25-34,Gujarat,Free
U010270,18-24,Telangana,Free
U010271,18-24,Telangana,Free
U010272,18-24,Telangana,Free
U010273,35-44,Delhi,Free
U010274,18-24,Kerala,Free
U010275,18-24,Uttar Pradesh,Free
U010276,18-24,Delhi,Premium
U010277,18-24,Maharashtra,Free
U010278,25-34,Tamil Nadu,Premium
U010279,25-34,Kerala,Free
U010280,25-34,Maharashtra,Free
U010281,25-34,Kerala,Free
U010282,25-34,Punjab,Premium
U010283,35-44,Delhi,Free
U010284,18-24,Delhi,Free
U010285,18-24,Telangana,Free
U010286,35-44,Telangana,Premium
U010287,25-34,Tamil Nadu,Premium
U010288,25-34,West Bengal,Free
U010289,18-24,Gujarat,Free
U010290,18-24,Gujarat,Free
U010291,18-24,Kerala,Free
U010292,35-44,Telangana,Free
U010293,25-34,Punjab,Premium
U010294,18-24,Kerala,Free
U010295,18-24,West Bengal,Free
U010296,18-24,Gujarat,Premium
U010297,18-24,Kerala,Free
U010298,25-34,Delhi,Free
U010299,25-34,Telangana,Free
U010300,35-44,Kerala,Free
U010301,35-44,Uttar Pradesh,Free
U010302,45+,Karnataka,Free
U010303,35-44,Gujarat,Premium
U010304,45+,Punjab,Premium
U010305,45+,Karnataka,Free
U010306,18-24,Uttar Pradesh,Premium
U010307,18-24,Delhi,Free
U010308,18-24,Punjab,Free
U010309,25-34,Gujarat,Free
U010310,25-34,Uttar Pradesh,Free
U010311,18-24,Delhi,Free
U010312,35-44,Gujarat,Premium
U010313,35-44,Telangana,Premium
U010314,25-34,Gujarat,Free
U010315,25-34,Tamil Nadu,Free
U010316,18-24,Telangana,Free
U010317,25-34,Punjab,Premium
U010318,18-24,Telangana,Free
U010319,25-34,Tamil Nadu,Free
U010320,18-24,Tamil Nadu,Premium
U010321,18-24,Punjab,Free
U010322,25-34,Tamil Nadu,Premium
U010323,25-34,Delhi,Free
U010324,25-34,Gujarat,Premium
U010325,45+,Tamil Nadu,Premium
U010326,18-24,Karnataka,Free
U010327,45+,Uttar Pradesh,Free
U010328,18-24,Tamil Nadu,Free
U010329,18-24,Kerala,Free
U010330,45+,Uttar Pradesh,Free
U010331,35-44,Gujarat,Free
U010332,25-34,Karnataka,Free
U010333,35-44,Telangana,Premium
U010334,25-34,Gujarat,Free
U010335,35-44,Telangana,Free
U010336,18-24,Punjab,Free
U010337,35-44,Telangana,Free
U010338,45+,Maharashtra,Free
U010339,35-44,Gujarat,Free
U010340,35-44,Telangana,Free
U010341,25-34,Punjab,Premium
U010342,25-34,Tamil Nadu,Free
U010343,25-34,Maharashtra,Free
U010344,35-44,Kerala,Premium
U010345,25-34,Telangana,Free
U010346,25-34,Maharashtra,Premium
U010347,35-44,Tamil Nadu,Premium
U010348,18-24,Maharashtra,Free
U010349,35-44,Karnataka,Premium
U010350,35-44,Gujarat,Free
U010351,18-24,West Bengal,Premium
U010352,18-24,Tamil Nadu,Free
U010353,35-44,Telangana,Free
U010354,18-24,Telangana,Free
U010355,45+,Maharashtra,Free
U010356,18-24,Punjab,Free
U010357,18-24,Gujarat,Free
U010358,18-24,Uttar Pradesh,Free
U010359,35-44,Delhi,Free
U010360,25-34,Uttar Pradesh,Free
U010361,35-44,Maharashtra,Free
U010362,45+,Telangana,Free
U010363,25-34,Gujarat,Free
U010364,18-24,Punjab,Free
U010365,18-24,Uttar Pradesh,Free
U010366,35-44,Uttar Pradesh,Free
U010367,18-24,Tamil Nadu,Premium
U010368,35-44,Gujarat,Free
U010369,35-44,Maharashtra,Free
U010370,25-34,Telangana,Free
U010371,25-34,Punjab,Free
U010372,45+,West Bengal,Free
U010373,35-44,Punjab,Free
U010374,25-34,Tamil Nadu,Premium
U010375,25-34,Kerala,Free
U010376,25-34,Punjab,Premium
U010377,25-34,Gujarat,Free
U010378,45+,West Bengal,Premium
U010379,25-34,Punjab,Premium
U010380,35-44,West Bengal,Free
U010381,18-24,Karnataka,Free
U010382,35-44,Telangana,Premium
U010383,25-34,West Bengal,Free
U010384,35-44,Gujarat,Free
U010385,18-24,Karnataka,Premium
U010386,35-44,Tamil Nadu,Free
U010387,25-34,Tamil Nadu,Premium
U010388,25-34,Gujarat,Free
U010389,18-24,Gujarat,Premium
U010390,18-24,Punjab,Free
U010391,18-24,Delhi,Free
U010392,18-24,Uttar Pradesh,Premium
U010393,25-34,Delhi,Free
U010394,25-34,Punjab,Premium
U010395,25-34,Delhi,Free
U010396,35-44,Delhi,Free
U010397,25-34,Maharashtra,Premium
U010398,18-24,West Bengal,Free
U010399,35-44,Telangana,Premium
U010400,25-34,Maharashtra,Premium
U010401,25-34,West Bengal,Free
U010402,45+,Delhi,Premium
U010403,35-44,Telangana,Premium
U010404,25-34,Kerala,Premium
U010405,25-34,Tamil Nadu,Premium
U010406,35-44,Karnataka,Free
U010407,35-44,Gujarat,Premium
U010408,18-24,Gujarat,Free
U010409,25-34,Gujarat,Free
U010410,35-44,Delhi,Premium
U010411,35-44,Punjab,Free
U010412,18-24,Karnataka,Free
U010413,25-34,Delhi,Free
U010414,25-34,Karnataka,Free
U010415,18-24,Punjab,Premium
U010416,25-34,Tamil Nadu,Free
U010417,25-34,Kerala,Free
U010418,18-24,Tamil Nadu,Free
U010419,18-24,Kerala,Free
U010420,35-44,Karnataka,Free
U010421,35-44,Tamil Nadu,Free
U010422,35-44,Karnataka,Free
U010423,45+,Maharashtra,Premium
U010424,45+,Maharashtra,Free
U010425,25-34,Delhi,Premium
U010426,18-24,West Bengal,Free
U010427,35-44,Maharashtra,Free
U010428,25-34,Tamil Nadu,Premium
U010429,25-34,Delhi,Free
U010430,45+,Karnataka,Free
U010431,18-24,Punjab,Free
U010432,45+,Punjab,Free
U010433,25-34,Telangana,Free
U010434,18-24,Gujarat,Free
U010435,35-44,West Bengal,Free
U010436,35-44,Punjab,Free
U010437,25-34,Gujarat,Free
U010438,25-34,Uttar Pradesh,Premium
U010439,18-24,Kerala,Free
U010440,18-24,Punjab,Free
U010441,18-24,Delhi,Free
U010442,18-24,Uttar Pradesh,Premium
U010443,18-24,Gujarat,Free
U010444,25-34,Tamil Nadu,Free
U010445,18-24,Tamil Nadu,Premium
U010446,25-34,Telangana,Free
U010447,18-24,Gujarat,Free
U010448,18-24,Punjab,Premium
U010449,45+,West Bengal,Free
U010450,45+,Uttar Pradesh,Free
U010451,35-44,Punjab,Free
U010452,18-24,Punjab,Premium
U010453,35-44,Delhi,Premium
U010454,18-24,Kerala,Free
U010455,25-34,Punjab,Free
U010456,35-44,Maharashtra,Free
U010457,25-34,Telangana,Premium
U010458,45+,Telangana,Free
U010459,35-44,Maharashtra,Free
U010460,18-24,Kerala,Premium
U010461,18-24,Telangana,Premium
U010462,35-44,Tamil Nadu,Free
U010463,25-34,Karnataka,Free
U010464,18-24,West Bengal,Premium
U010465,18-24,Kerala,Free
U010466,45+,Kerala,Premium
U010467,18-24,Karnataka,Free
U010468,45+,Telangana,Free
U010469,25-34,Punjab,Premium
U010470,18-24,Punjab,Premium
U010471,25-34,Gujarat,Free
U010472,35-44,Karnataka,Premium
U010473,25-34,Punjab,Free
U010474,18-24,Kerala,Premium
U010475,18-24,West Bengal,Free
U010476,35-44,Punjab,Premium
U010477,25-34,Delhi,Premium
U010478,25-34,West Bengal,Premium
U010479,18-24,Uttar Pradesh,Free
U010480,25-34,Delhi,Free
U010481,35-44,Punjab,Free
U010482,18-24,Uttar Pradesh,Free
U010483,45+,Kerala,Premium
U010484,35-44,West Bengal,Free
U010485,18-24,Karnataka,Free
U010486,35-44,Tamil Nadu,Free
U010487,25-34,Delhi,Premium
U010488,25-34,Gujarat,Free
U010489,18-24,Telangana,Premium
U010490,45+,Kerala,Free
U010491,25-34,Gujarat,Free
U010492,35-44,Maharashtra,Free
U010493,18-24,Gujarat,Free
U010494,18-24,Karnataka,Free
U010495,45+,Karnataka,Premium
U010496,25-34,Tamil Nadu,Free
U010497,18-24,Punjab,Premium
U010498,35-44,Karnataka,Premium
U010499,18-24,West Bengal,Premium
U010500,35-44,Karnataka,Free
U010501,45+,West Bengal,Free
U010502,18-24,Karnataka,Free
U010503,25-34,Karnataka,Free
U010504,45+,Delhi,Free
U010505,45+,Gujarat,Free
U010506,25-34,Delhi,Free
U010507,25-34,Telangana,Free
U010508,25-34,Punjab,Free
U010509,18-24,Uttar Pradesh,Premium
U010510,25-34,Maharashtra,Free
U010511,18-24,Tamil Nadu,Free
U010512,18-24,Telangana,Free
U010513,25-34,Uttar Pradesh,Free
U010514,35-44,Delhi,Free
U010515,18-24,Gujarat,Free
U010516,18-24,Maharashtra,Free
U010517,18-24,Punjab,Free
U010518,18-24,Gujarat,Free
U010519,45+,Karnataka,Free
U010520,25-34,Telangana,Premium
U010521,18-24,Karnataka,Free
U010522,45+,Gujarat,Free
U010523,18-24,Maharashtra,Free
U010524,25-34,Uttar Pradesh,Premium
U010525,35-44,Punjab,Free
U010526,35-44,Telangana,Free
U010527,18-24,Punjab,Free
U010528,35-44,Kerala,Premium
U010529,25-34,Kerala,Free
U010530,25-34,Delhi,Free
U010531,18-24,Punjab,Free
U010532,35-44,West Bengal,Premium
U010533,25-34,Telangana,Free
U010534,35-44,Telangana,Free
U010535,45+,Karnataka,Free
U010536,35-44,West Bengal,Free
U010537,35-44,Uttar Pradesh,Free
U010538,18-24,Delhi,Premium
U010539,18-24,West Bengal,Free
U010540,25-34,Uttar Pradesh,Free
U010541,18-24,Punjab,Free
U010542,35-44,Tamil Nadu,Free
U010543,35-44,Telangana,Free
U010544,25-34,Kerala,Free
U010545,18-24,West Bengal,Free
U010546,35-44,Uttar Pradesh,Premium
U010547,25-34,Telangana,Free
U010548,25-34,Gujarat,Premium
U010549,25-34,Telangana,Premium
U010550,18-24,Karnataka,Free
U010551,35-44,West Bengal,Premium
U010552,18-24,Tamil Nadu,Free
U010553,25-34,West Bengal,Free
U010554,18-24,West Bengal,Free
U010555,18-24,Maharashtra,Free
U010556,18-24,Telangana,Free
U010557,18-24,Maharashtra,Free
U010558,35-44,Tamil Nadu,Free
U010559,35-44,West Bengal,Free
U010560,18-24,West Bengal,Free
U010561,18-24,Delhi,Free
U010562,35-44,Uttar Pradesh,Premium
U010563,18-24,Kerala,Premium
U010564,25-34,Karnataka,Free
U010565,18-24,Tamil Nadu,Premium
U010566,25-34,Delhi,Premium
U010567,45+,Karnataka,Free
U010568,18-24,West Bengal,Premium
U010569,45+,Gujarat,Premium
U010570,35-44,Telangana,Premium
U010571,45+,Punjab,Free
U010572,35-44,Uttar Pradesh,Premium
U010573,35-44,Telangana,Free
U010574,25-34,Kerala,Premium
U010575,35-44,Kerala,Free
U010576,18-24,Karnataka,Premium
U010577,35-44,Maharashtra,Premium
U010578,25-34,West Bengal,Free
U010579,18-24,Gujarat,Free
U010580,18-24,Gujarat,Free
U010581,18-24,Gujarat,Free
U010582,25-34,Karnataka,Premium
U010583,18-24,Uttar Pradesh,Premium
U010584,18-24,Maharashtra,Premium
U010585,18-24,Karnataka,Premium
U010586,25-34,West Bengal,Free
U010587,18-24,Karnataka,Free
U010588,18-24,Maharashtra,Free
U010589,18-24,Delhi,Free
U010590,25-34,Uttar Pradesh,Premium
U010591,18-24,Tamil Nadu,Premium
U010592,45+,Delhi,Free
U010593,18-24,West Bengal,Free
U010594,18-24,Karnataka,Free
U010595,25-34,Karnataka,Free
U010596,35-44,Uttar Pradesh,Free
U010597,25-34,Telangana,Free
U010598,18-24,Maharashtra,Free
U010599,25-34,Uttar Pradesh,Premium
U010600,25-34,Maharashtra,Free
U010601,25-34,West Bengal,Free
U010602,45+,Delhi,Free
U010603,45+,Punjab,Premium
U010604,25-34,Uttar Pradesh,Premium
U010605,18-24,Delhi,Free
U010606,25-34,Uttar Pradesh,Free
U010607,45+,Punjab,Premium
U010608,45+,Karnataka,Free
U010609,18-24,Uttar Pradesh,Free
U010610,18-24,Kerala,Free
U010611,18-24,Punjab,Free
U010612,35-44,Kerala,Premium
U010613,25-34,Tamil Nadu,Free
U010614,18-24,Maharashtra,Premium
U010615,18-24,Punjab,Premium
U010616,18-24,Punjab,Free
U010617,35-44,Tamil Nadu,Free
U010618,25-34,Gujarat,Free
U010619,18-24,Telangana,Premium
U010620,35-44,Delhi,Free
U010621,25-34,West Bengal,Free
U010622,35-44,Telangana,Premium
U010623,35-44,Karnataka,Free
U010624,18-24,Punjab,Free
U010625,18-24,Kerala,Free
U010626,18-24,Telangana,Free
U010627,35-44,Tamil Nadu,Free
U010628,45+,Delhi,Free
U010629,18-24,Delhi,Premium
U010630,35-44,Punjab,Premium
U010631,35-44,West Bengal,Free
U010632,45+,Maharashtra,Free
U010633,25-34,Maharashtra,Premium
U010634,18-24,Uttar Pradesh,Free
U010635,35-44,Punjab,Premium
U010636,35-44,Delhi,Free
U010637,35-44,Uttar Pradesh,Free
U010638,35-44,Tamil Nadu,Free
U010639,25-34,Maharashtra,Free
U010640,25-34,Tamil Nadu,Free
U010641,18-24,Maharashtra,Premium
U010642,25-34,Karnataka,Premium
U010643,18-24,Uttar Pradesh,Free
U010644,18-24,Kerala,Premium
U010645,18-24,Tamil Nadu,Free
U010646,25-34,Karnataka,Free
U010647,35-44,Telangana,Free
U010648,18-24,West Bengal,Free
U010649,25-34,Kerala,Premium
U010650,18-24,Telangana,Free
U010651,25-34,Maharashtra,Free
U010652,18-24,Gujarat,Free
U010653,25-34,Karnataka,Premium
U010654,45+,Gujarat,Premium
U010655,25-34,Gujarat,Free
U010656,25-34,Punjab,Free
U010657,35-44,Telangana,Free
U010658,18-24,Kerala,Free
U010659,18-24,Karnataka,Premium
U010660,18-24,Kerala,Premium
U010661,25-34,Telangana,Premium
U010662,35-44,Uttar Pradesh,Free
U010663,25-34,Gujarat,Free
U010664,25-34,Uttar Pradesh,Premium
U010665,18-24,Punjab,Free
U010666,18-24,Kerala,Free
U010667,45+,Kerala,Free
U010668,18-24,Tamil Nadu,Free
U010669,35-44,Delhi,Premium
U010670,18-24,Punjab,Free
U010671,18-24,Telangana,Premium
U010672,18-24,Gujarat,Free
U010673,45+,Uttar Pradesh,Free
U010674,18-24,Uttar Pradesh,Premium
U010675,35-44,Uttar Pradesh,Premium
U010676,18-24,Maharashtra,Free
U010677,25-34,Uttar Pradesh,Free
U010678,25-34,Telangana,Free
U010679,25-34,Maharashtra,Free
U010680,18-24,Delhi,Free
U010681,18-24,Punjab,Free
U010682,35-44,Punjab,Free
U010683,25-34,Delhi,Premium
U010684,18-24,Karnataka,Premium
U010685,25-34,Telangana,Free
U010686,18-24,Karnataka,Premium
U010687,25-34,West Bengal,Free
U010688,25-34,Kerala,Free
U010689,18-24,Karnataka,Free
U010690,25-34,Maharashtra,Premium
U010691,25-34,Karnataka,Premium
U010692,45+,West Bengal,Free
U010693,35-44,Karnataka,Free
U010694,25-34,Telangana,Free
U010695,35-44,Gujarat,Premium
U010696,18-24,Kerala,Free
U010697,25-34,West Bengal,Free
U010698,18-24,Maharashtra,Premium
U010699,18-24,Kerala,Free
U010700,25-34,Karnataka,Free
U010701,18-24,Tamil Nadu,Free
U010702,25-34,West Bengal,Free
U010703,25-34,Gujarat,Free
U010704,18-24,Kerala,Premium
U010705,25-34,Karnataka,Premium
U010706,25-34,Tamil Nadu,Premium
U010707,35-44,Karnataka,Free
U010708,35-44,Tamil Nadu,Free
U010709,18-24,Kerala,Free
U010710,35-44,Uttar Pradesh,Free
U010711,25-34,Karnataka,Free
U010712,18-24,Karnataka,Premium
U010713,25-34,Gujarat,Free
U010714,18-24,Delhi,Premium
U010715,18-24,Karnataka,Premium
U010716,18-24,Uttar Pradesh,Free
U010717,35-44,Gujarat,Free
U010718,45+,Gujarat,Premium
U010719,45+,Gujarat,Free
U010720,18-24,Punjab,Free
U010721,25-34,Maharashtra,Free
U010722,35-44,Gujarat,Premium
U010723,18-24,Tamil Nadu,Free
U010724,25-34,Punjab,Free
U010725,18-24,Tamil Nadu,Premium
U010726,25-34,Gujarat,Premium
U010727,25-34,Tamil Nadu,Free
U010728,18-24,West Bengal,Premium
U010729,18-24,Telangana,Premium
U010730,35-44,Tamil Nadu,Premium
U010731,25-34,Uttar Pradesh,Premium
U010732,18-24,Uttar Pradesh,Free
U010733,18-24,Tamil Nadu,Premium
U010734,45+,Gujarat,Premium
U010735,25-34,Kerala,Free
U010736,25-34,Delhi,Free
U010737,25-34,Gujarat,Free
U010738,45+,Kerala,Free
U010739,18-24,Gujarat,Free
U010740,18-24,Kerala,Free
U010741,25-34,Uttar Pradesh,Free
U010742,35-44,Telangana,Free
U010743,18-24,Maharashtra,Premium
U010744,18-24,Punjab,Free
U010745,18-24,Delhi,Premium
U010746,25-34,Punjab,Free
U010747,25-34,Telangana,Premium
U010748,25-34,Uttar Pradesh,Free
U010749,18-24,Kerala,Free
U010750,35-44,Tamil Nadu,Free
U010751,18-24,Tamil Nadu,Free
U010752,35-44,Telangana,Premium
U010753,18-24,Tamil Nadu,Free
U010754,45+,Telangana,Free
U010755,25-34,Uttar Pradesh,Premium
U010756,25-34,Delhi,Free
U010757,18-24,Karnataka,Free
U010758,18-24,Maharashtra,Premium
U010759,35-44,Gujarat,Free
U010760,25-34,Delhi,Free
U010761,35-44,West Bengal,Free
U010762,25-34,Maharashtra,Free
U010763,25-34,Tamil Nadu,Free
U010764,35-44,Gujarat,Free
U010765,25-34,Uttar Pradesh,Free
U010766,35-44,Delhi,Free
U010767,25-34,West Bengal,Free
U010768,18-24,Punjab,Premium
U010769,35-44,Kerala,Premium
U010770,18-24,Telangana,Free
U010771,18-24,Kerala,Free
U010772,18-24,Gujarat,Free
U010773,25-34,Karnataka,Free
U010774,25-34,Maharashtra,Free
U010775,18-24,Karnataka,Free
U010776,18-24,Punjab,Free
U010777,18-24,Delhi,Premium
U010778,18-24,Kerala,Premium
U010779,18-24,Uttar Pradesh,Premium
U010780,18-24,Telangana,Premium
U010781,35-44,Telangana,Free
U010782,35-44,Telangana,Free
U010783,18-24,Gujarat,Free
U010784,18-24,Maharashtra,Free
U010785,18-24,Telangana,Free
U010786,18-24,Gujarat,Free
U010787,25-34,Delhi,Premium
U010788,45+,Telangana,Free
U010789,35-44,Maharashtra,Free
U010790,25-34,Gujarat,Premium
U010791,18-24,West Bengal,Free
U010792,25-34,Uttar Pradesh,Free
U010793,45+,Punjab,Free
U010794,18-24,Kerala,Free
U010795,35-44,Kerala,Premium
U010796,18-24,Maharashtra,Premium
U010797,35-44,Kerala,Premium
U010798,18-24,Kerala,Free
U010799,25-34,West Bengal,Premium
U010800,18-24,Telangana,Premium
U010801,25-34,Gujarat,Premium
U010802,25-34,Delhi,Free
U010803,25-34,Karnataka,Free
U010804,25-34,Punjab,Free
U010805,18-24,Gujarat,Free
U010806,35-44,Delhi,Premium
U010807,18-24,Maharashtra,Premium
U010808,25-34,Uttar Pradesh,Premium
U010809,18-24,Karnataka,Free
U010810,25-34,Kerala,Free
U010811,25-34,Punjab,Premium
U010812,45+,Kerala,Free
U010813,25-34,Uttar Pradesh,Free
U010814,18-24,Kerala,Free
U010815,35-44,Punjab,Premium
U010816,18-24,West Bengal,Free
U010817,18-24,Gujarat,Free
U010818,25-34,Gujarat,Free
U010819,35-44,Punjab,Premium
U010820,45+,Punjab,Free
U010821,45+,Tamil Nadu,Free
U010822,18-24,Punjab,Free
U010823,18-24,Kerala,Free
U010824,35-44,Telangana,Free
U010825,18-24,Tamil Nadu,Free
U010826,25-34,Gujarat,Premium
U010827,45+,Punjab,Premium
U010828,18-24,Gujarat,Free
U010829,25-34,Telangana,Free
U010830,35-44,Uttar Pradesh,Free
U010831,25-34,Telangana,Free
U010832,45+,Kerala,Free
U010833,25-34,Delhi,Free
U010834,18-24,Punjab,Free
U010835,35-44,Telangana,Free
U010836,35-44,Punjab,Premium
U010837,45+,Maharashtra,Free
U010838,25-34,Tamil Nadu,Free
U010839,25-34,Punjab,Free
U010840,18-24,West Bengal,Free
U010841,18-24,Telangana,Free
U010842,45+,Telangana,Free
U010843,45+,Gujarat,Free
U010844,25-34,Maharashtra,Free
U010845,45+,Kerala,Free
U010846,25-34,Tamil Nadu,Free
U010847,35-44,West Bengal,Premium
U010848,25-34,Gujarat,Premium
U010849,35-44,Karnataka,Free
U010850,35-44,Punjab,Free
U010851,25-34,Kerala,Premium
U010852,35-44,West Bengal,Free
U010853,25-34,Delhi,Free
U010854,35-44,Punjab,Premium
U010855,18-24,Gujarat,Free
U010856,18-24,Telangana,Free
U010857,35-44,Uttar Pradesh,Premium
U010858,35-44,Kerala,Free
U010859,45+,Punjab,Free
U010860,18-24,Punjab,Free
U010861,18-24,Uttar Pradesh,Premium
U010862,25-34,Kerala,Premium
U010863,35-44,Telangana,Free
U010864,45+,West Bengal,Free
U010865,35-44,Tamil Nadu,Free
U010866,25-34,Karnataka,Free
U010867,35-44,Gujarat,Free
U010868,18-24,Gujarat,Premium
U010869,45+,Uttar Pradesh,Premium
U010870,25-34,Kerala,Premium
U010871,25-34,Gujarat,Free
U010872,25-34,Telangana,Free
U010873,35-44,Karnataka,Premium
U010874,18-24,Maharashtra,Premium
U010875,18-24,Karnataka,Free
U010876,35-44,Tamil Nadu,Free
U010877,45+,Maharashtra,Premium
U010878,25-34,Karnataka,Free
U010879,18-24,Uttar Pradesh,Premium
U010880,25-34,Punjab,Free
U010881,18-24,Karnataka,Free
U010882,18-24,West Bengal,Free
U010883,18-24,Gujarat,Free
U010884,25-34,Uttar Pradesh,Premium
U010885,18-24,Gujarat,Free
U010886,18-24,Delhi,Free
U010887,18-24,Delhi,Free
U010888,25-34,Kerala,Free
U010889,18-24,Gujarat,Free
U010890,18-24,West Bengal,Free
U010891,25-34,Uttar Pradesh,Free
U010892,35-44,West Bengal,Free
U010893,35-44,Karnataka,Premium
U010894,25-34,Gujarat,Free
U010895,35-44,Kerala,Free
U010896,35-44,Karnataka,Free
U010897,25-34,Telangana,Free
U010898,25-34,Telangana,Premium
U010899,18-24,Maharashtra,Free
U010900,18-24,Punjab,Premium
U010901,18-24,Punjab,Free
U010902,25-34,Punjab,Free
U010903,45+,Telangana,Free
U010904,18-24,Telangana,Free
U010905,25-34,Gujarat,Free
U010906,45+,Maharashtra,Premium
U010907,25-34,Gujarat,Premium
U010908,18-24,Punjab,Free
U010909,45+,Karnataka,Premium
U010910,18-24,Delhi,Free
U010911,18-24,Maharashtra,Premium
U010912,25-34,Delhi,Premium
U010913,18-24,Punjab,Premium
U010914,35-44,Karnataka,Free
U010915,18-24,Karnataka,Free
U010916,35-44,Delhi,Free
U010917,18-24,Karnataka,Free
U010918,45+,Delhi,Free
U010919,18-24,West Bengal,Premium
U010920,45+,West Bengal,Free
U010921,18-24,Maharashtra,Free
U010922,35-44,West Bengal,Free
U010923,35-44,Uttar Pradesh,Free
U010924,25-34,Uttar Pradesh,Free
U010925,18-24,Maharashtra,Premium
U010926,25-34,Uttar Pradesh,Premium
U010927,25-34,Tamil Nadu,Free
U010928,25-34,Gujarat,Free
U010929,25-34,Punjab,Free
U010930,45+,West Bengal,Free
U010931,45+,Gujarat,Free
U010932,25-34,Punjab,Free
U010933,18-24,Kerala,Free
U010934,18-24,Delhi,Free
U010935,35-44,Kerala,Free
U010936,45+,Uttar Pradesh,Premium
U010937,25-34,Punjab,Premium
U010938,18-24,Uttar Pradesh,Free
U010939,25-34,West Bengal,Free
U010940,25-34,Telangana,Free
U010941,45+,Karnataka,Premium
U010942,25-34,Telangana,Premium
U010943,18-24,Uttar Pradesh,Free
U010944,18-24,Maharashtra,Free
U010945,18-24,Gujarat,Premium
U010946,25-34,Delhi,Free
U010947,25-34,Gujarat,Premium
U010948,18-24,Telangana,Free
U010949,18-24,Gujarat,Free
U010950,45+,Delhi,Free
U010951,35-44,Maharashtra,Free
U010952,25-34,Tamil Nadu,Free
U010953,25-34,Kerala,Free
U010954,45+,Kerala,Premium
U010955,35-44,Kerala,Free
U010956,45+,Gujarat,Free
U010957,18-24,Kerala,Free
U010958,18-24,Gujarat,Premium
U010959,18-24,Delhi,Free
U010960,35-44,Punjab,Free
U010961,25-34,Maharashtra,Free
U010962,18-24,Tamil Nadu,Free
U010963,45+,Punjab,Premium
U010964,45+,West Bengal,Free
U010965,18-24,Telangana,Free
U010966,25-34,Telangana,Free
U010967,25-34,West Bengal,Free
U010968,18-24,Uttar Pradesh,Premium
U010969,25-34,Delhi,Free
U010970,18-24,Punjab,Premium
U010971,45+,Tamil Nadu,Free
U010972,35-44,Maharashtra,Free
U010973,45+,Gujarat,Premium
U010974,35-44,Karnataka,Premium
U010975,18-24,Delhi,Free
U010976,25-34,Telangana,Premium
U010977,35-44,Delhi,Free
U010978,18-24,Karnataka,Premium
U010979,35-44,West Bengal,Free
U010980,18-24,Karnataka,Free
U010981,18-24,Gujarat,Premium
U010982,25-34,Punjab,Free
U010983,25-34,Delhi,Free
U010984,25-34,Tamil Nadu,Premium
U010985,25-34,Delhi,Free
U010986,25-34,West Bengal,Premium
U010987,35-44,Telangana,Free
U010988,25-34,Delhi,Free
U010989,25-34,Karnataka,Free
U010990,25-34,Gujarat,Free
U010991,25-34,Gujarat,Free
U010992,18-24,West Bengal,Free
U010993,25-34,Uttar Pradesh,Premium
U010994,18-24,Delhi,Free
U010995,35-44,Kerala,Free
U010996,35-44,Maharashtra,Premium
U010997,25-34,Telangana,Free
U010998,35-44,Maharashtra,Premium
U010999,25-34,Karnataka,Free
U011000,18-24,Maharashtra,Premium
U011001,35-44,Punjab,Premium
U011002,45+,West Bengal,Free
U011003,18-24,Kerala,Free
U011004,18-24,Uttar Pradesh,Free
U011005,25-34,Uttar Pradesh,Free
U011006,25-34,Delhi,Free
U011007,25-34,Uttar Pradesh,Free
U011008,25-34,Punjab,Free
U011009,35-44,Gujarat,Premium
U011010,18-24,Gujarat,Free
U011011,25-34,Uttar Pradesh,Premium
U011012,35-44,Telangana,Premium
U011013,25-34,Kerala,Free
U011014,25-34,Tamil Nadu,Free
U011015,18-24,Maharashtra,Free
U011016,18-24,Tamil Nadu,Premium
U011017,25-34,Punjab,Premium
U011018,25-34,Delhi,Free
U011019,35-44,Delhi,Premium
U011020,25-34,Punjab,Free
U011021,35-44,Kerala,Free
U011022,35-44,Uttar Pradesh,Free
U011023,18-24,Gujarat,Premium
U011024,18-24,West Bengal,Free
U011025,35-44,Gujarat,Premium
U011026,18-24,Punjab,Free
U011027,18-24,Uttar Pradesh,Free
U011028,18-24,Uttar Pradesh,Premium
U011029,25-34,Delhi,Free
U011030,18-24,Karnataka,Free
U011031,18-24,Punjab,Premium
U011032,25-34,Delhi,Free
U011033,35-44,Delhi,Free
U011034,18-24,Uttar Pradesh,Free
U011035,35-44,Delhi,Premium
U011036,25-34,West Bengal,Free
U011037,25-34,Gujarat,Free
U011038,25-34,Kerala,Premium
U011039,18-24,Tamil Nadu,Free
U011040,18-24,Maharashtra,Free
U011041,35-44,Tamil Nadu,Free
U011042,18-24,Punjab,Premium
U011043,45+,Gujarat,Free
U011044,18-24,Uttar Pradesh,Free
U011045,25-34,Punjab,Free
U011046,25-34,Delhi,Free
U011047,35-44,Gujarat,Free
U011048,18-24,Gujarat,Free
U011049,18-24,Uttar Pradesh,Free
U011050,25-34,Kerala,Free
U011051,18-24,Tamil Nadu,Free
U011052,25-34,Karnataka,Free
U011053,35-44,Maharashtra,Free
U011054,18-24,Gujarat,Premium
U011055,35-44,Uttar Pradesh,Free
U011056,18-24,Uttar Pradesh,Free
U011057,35-44,Telangana,Free
U011058,45+,Gujarat,Free
U011059,25-34,Maharashtra,Premium
U011060,45+,Tamil Nadu,Premium
U011061,35-44,Delhi,Free
U011062,18-24,Telangana,Free
U011063,18-24,Maharashtra,Free
U011064,18-24,Karnataka,Free
U011065,25-34,Tamil Nadu,Free
U011066,25-34,Delhi,Free
U011067,25-34,Maharashtra,Free
U011068,25-34,Uttar Pradesh,Free
U011069,25-34,Punjab,Free
U011070,18-24,Uttar Pradesh,Free
U011071,18-24,Karnataka,Free
U011072,45+,Maharashtra,Free
U011073,18-24,Delhi,Free
U011074,18-24,West Bengal,Free
U011075,18-24,Maharashtra,Free
U011076,45+,Uttar Pradesh,Premium
U011077,18-24,Punjab,Free
U011078,25-34,West Bengal,Free
U011079,18-24,Tamil Nadu,Free
U011080,18-24,Maharashtra,Free
U011081,35-44,Kerala,Premium
U011082,25-34,Maharashtra,Free
U011083,25-34,Kerala,Free
U011084,18-24,Telangana,Free
U011085,45+,Karnataka,Free
U011086,25-34,Uttar Pradesh,Free
U011087,45+,Punjab,Premium
U011088,18-24,Punjab,Free
U011089,25-34,West Bengal,Premium
U011090,18-24,Karnataka,Free
U011091,35-44,Tamil Nadu,Free
U011092,35-44,Kerala,Free
U011093,25-34,Uttar Pradesh,Premium
U011094,18-24,Gujarat,Free
U011095,18-24,Maharashtra,Free
U011096,18-24,Uttar Pradesh,Free
U011097,35-44,Tamil Nadu,Free
U011098,18-24,Gujarat,Free
U011099,18-24,Punjab,Free
U011100,25-34,Telangana,Premium
U011101,18-24,Uttar Pradesh,Free
U011102,45+,Uttar Pradesh,Free
U011103,18-24,West Bengal,Free
U011104,45+,West Bengal,Free
U011105,25-34,Maharashtra,Free
U011106,25-34,West Bengal,Free
U011107,25-34,Tamil Nadu,Premium
U011108,25-34,Maharashtra,Free
U011109,25-34,Uttar Pradesh,Premium
U011110,18-24,Tamil Nadu,Premium
U011111,45+,Kerala,Free
U011112,25-34,Maharashtra,Free
U011113,25-34,Punjab,Premium
U011114,25-34,Gujarat,Premium
U011115,25-34,Uttar Pradesh,Free
U011116,25-34,Maharashtra,Premium
U011117,25-34,Gujarat,Free
U011118,18-24,Karnataka,Free
U011119,25-34,Punjab,Premium
U011120,18-24,Uttar Pradesh,Free
U011121,35-44,Telangana,Premium
U011122,18-24,Kerala,Free
U011123,45+,Delhi,Free
U011124,25-34,Kerala,Premium
U011125,35-44,Karnataka,Free
U011126,45+,Kerala,Premium
U011127,18-24,West Bengal,Premium
U011128,25-34,Maharashtra,Premium
U011129,18-24,Gujarat,Premium
U011130,18-24,Punjab,Premium
U011131,25-34,Karnataka,Free
U011132,25-34,Kerala,Free
U011133,35-44,Gujarat,Free
U011134,18-24,Gujarat,Free
U011135,35-44,Tamil Nadu,Premium
U011136,18-24,Karnataka,Free
U011137,18-24,Gujarat,Premium
U011138,18-24,Punjab,Free
U011139,25-34,West Bengal,Free
U011140,25-34,Punjab,Free
U011141,18-24,Punjab,Free
U011142,18-24,Telangana,Free
U011143,25-34,Gujarat,Free
U011144,35-44,Punjab,Premium
U011145,18-24,Kerala,Premium
U011146,35-44,Maharashtra,Premium
U011147,25-34,West Bengal,Premium
U011148,25-34,Karnataka,Premium
U011149,18-24,Maharashtra,Free
U011150,45+,Telangana,Free
U011151,25-34,Punjab,Free
U011152,25-34,West Bengal,Free
U011153,35-44,Maharashtra,Premium
U011154,35-44,Karnataka,Premium
U011155,35-44,Punjab,Free
U011156,35-44,Karnataka,Free
U011157,18-24,Maharashtra,Free
U011158,35-44,Punjab,Premium
U011159,18-24,Maharashtra,Free
U011160,35-44,West Bengal,Free
U011161,25-34,Tamil Nadu,Free
U011162,18-24,Punjab,Premium
U011163,25-34,West Bengal,Free
U011164,35-44,Uttar Pradesh,Free
U011165,25-34,Telangana,Free
U011166,35-44,Punjab,Free
U011167,18-24,Tamil Nadu,Free
U011168,18-24,Kerala,Free
U011169,25-34,Maharashtra,Free
U011170,25-34,Karnataka,Free
U011171,25-34,Tamil Nadu,Free
U011172,45+,West Bengal,Free
U011173,25-34,Telangana,Free
U011174,25-34,West Bengal,Premium
U011175,25-34,Uttar Pradesh,Free
U011176,45+,Delhi,Free
U011177,25-34,Tamil Nadu,Free
U011178,35-44,Karnataka,Premium
U011179,18-24,Maharashtra,Premium
U011180,35-44,Delhi,Free
U011181,18-24,West Bengal,Free
U011182,35-44,Telangana,Free
U011183,35-44,Punjab,Free
U011184,45+,Uttar Pradesh,Free
U011185,18-24,Karnataka,Free
U011186,35-44,Telangana,Free
U011187,18-24,Uttar Pradesh,Free
U011188,25-34,Kerala,Free
U011189,25-34,Kerala,Free
U011190,25-34,Punjab,Free
U011191,18-24,Uttar Pradesh,Premium
U011192,25-34,Tamil Nadu,Free
U011193,25-34,Karnataka,Free
U011194,25-34,Kerala,Premium
U011195,25-34,Telangana,Free
U011196,35-44,Delhi,Free
U011197,25-34,Maharashtra,Free
U011198,18-24,Delhi,Free
U011199,25-34,Delhi,Free
U011200,35-44,Punjab,Premium
U011201,18-24,Karnataka,Free
U011202,18-24,Punjab,Premium
U011203,45+,Uttar Pradesh,Free
U011204,35-44,Uttar Pradesh,Free
U011205,25-34,Uttar Pradesh,Free
U011206,35-44,Delhi,Free
U011207,45+,Telangana,Premium
U011208,25-34,Delhi,Free
U011209,18-24,Kerala,Free
U011210,25-34,Delhi,Premium
U011211,45+,Punjab,Free
U011212,25-34,Punjab,Premium
U011213,18-24,Tamil Nadu,Free
U011214,45+,Karnataka,Free
U011215,35-44,Telangana,Free
U011216,25-34,Delhi,Free
U011217,45+,Telangana,Premium
U011218,35-44,Maharashtra,Free
U011219,35-44,Maharashtra,Free
U011220,45+,Delhi,Premium
U011221,18-24,Punjab,Free
U011222,35-44,Kerala,Free
U011223,25-34,Karnataka,Premium
U011224,35-44,Telangana,Free
U011225,35-44,West Bengal,Free
U011226,35-44,Kerala,Free
U011227,35-44,Telangana,Free
U011228,35-44,Delhi,Free
U011229,18-24,West Bengal,Free
U011230,25-34,Karnataka,Free
U011231,18-24,Telangana,Free
U011232,35-44,Uttar Pradesh,Free
U011233,25-34,Maharashtra,Premium
U011234,25-34,Maharashtra,Premium
U011235,18-24,Punjab,Free
U011236,25-34,Tamil Nadu,Free
U011237,25-34,Tamil Nadu,Premium
U011238,45+,Punjab,Free
U011239,35-44,Uttar Pradesh,Free
U011240,25-34,Maharashtra,Free
U011241,35-44,Telangana,Free
U011242,18-24,Telangana,Premium
U011243,18-24,Kerala,Premium
U011244,25-34,Telangana,Free
U011245,35-44,Delhi,Free
U011246,18-24,Karnataka,Premium
U011247,18-24,Delhi,Free
U011248,25-34,Tamil Nadu,Premium
U011249,18-24,Uttar Pradesh,Free
U011250,25-34,Karnataka,Free
U011251,25-34,Karnataka,Premium
U011252,45+,Tamil Nadu,Free
U011253,18-24,Delhi,Free
U011254,18-24,Gujarat,Free
U011255,18-24,West Bengal,Free
U011256,18-24,Kerala,Premium
U011257,35-44,Karnataka,Free
U011258,25-34,Punjab,Free
U011259,18-24,Tamil Nadu,Premium
U011260,45+,Punjab,Premium
U011261,35-44,Maharashtra,Free
U011262,18-24,Kerala,Premium
U011263,18-24,Gujarat,Free
U011264,35-44,Punjab,Premium
U011265,25-34,West Bengal,Free
U011266,45+,Uttar Pradesh,Premium
U011267,18-24,Kerala,Premium
U011268,35-44,Gujarat,Premium
U011269,18-24,Gujarat,Free
U011270,18-24,Punjab,Premium
U011271,35-44,Maharashtra,Free
U011272,35-44,Gujarat,Free
U011273,18-24,Kerala,Premium
U011274,18-24,Delhi,Premium
U011275,35-44,Uttar Pradesh,Free
U011276,18-24,Maharashtra,Free
U011277,18-24,Karnataka,Free
U011278,18-24,Uttar Pradesh,Free
U011279,18-24,Karnataka,Free
U011280,35-44,Kerala,Premium
U011281,18-24,Maharashtra,Free
U011282,25-34,Tamil Nadu,Free
U011283,25-34,Kerala,Free
U011284,18-24,Gujarat,Free
U011285,25-34,Tamil Nadu,Free
U011286,18-24,Maharashtra,Premium
U011287,35-44,Telangana,Free
U011288,35-44,Kerala,Free
U011289,35-44,Tamil Nadu,Free
U011290,25-34,Uttar Pradesh,Premium
U011291,35-44,Karnataka,Free
U011292,25-34,Gujarat,Free
U011293,25-34,Kerala,Premium
U011294,18-24,Tamil Nadu,Free
U011295,18-24,Maharashtra,Free
U011296,18-24,Karnataka,Premium
U011297,18-24,Kerala,Free
U011298,45+,Gujarat,Premium
U011299,45+,Tamil Nadu,Free
U011300,18-24,Punjab,Free
U011301,45+,Kerala,Free
U011302,35-44,Uttar Pradesh,Free
U011303,25-34,Delhi,Free
U011304,45+,Karnataka,Free
U011305,35-44,Kerala,Free
U011306,25-34,Delhi,Free
U011307,18-24,Uttar Pradesh,Free
U011308,18-24,Punjab,Free
U011309,45+,Tamil Nadu,Free
U011310,18-24,Telangana,Premium
U011311,18-24,Karnataka,Premium
U011312,18-24,Delhi,Free
U011313,25-34,Maharashtra,Free
U011314,25-34,Karnataka,Free
U011315,45+,Punjab,Free
U011316,25-34,Uttar Pradesh,Free
U011317,35-44,West Bengal,Premium
U011318,25-34,Maharashtra,Premium
U011319,25-34,Kerala,Free
U011320,18-24,West Bengal,Free
U011321,18-24,Delhi,Free
U011322,35-44,Tamil Nadu,Free
U011323,35-44,Kerala,Premium
U011324,25-34,West Bengal,Free
U011325,45+,Telangana,Free
U011326,35-44,Tamil Nadu,Free
U011327,18-24,West Bengal,Free
U011328,25-34,Gujarat,Free
U011329,35-44,Delhi,Free
U011330,35-44,Tamil Nadu,Free
U011331,18-24,Gujarat,Free
U011332,18-24,Telangana,Premium
U011333,25-34,Delhi,Free
U011334,18-24,Delhi,Free
U011335,18-24,Kerala,Free
U011336,25-34,Tamil Nadu,Premium
U011337,25-34,Kerala,Free
U011338,18-24,Delhi,Premium
U011339,25-34,West Bengal,Premium
U011340,18-24,Telangana,Free
U011341,25-34,Tamil Nadu,Premium
U011342,35-44,Tamil Nadu,Free
U011343,35-44,Punjab,Free
U011344,18-24,Kerala,Free
U011345,35-44,Karnataka,Free
U011346,35-44,Tamil Nadu,Free
U011347,25-34,Gujarat,Free
U011348,45+,West Bengal,Free
U011349,18-24,Maharashtra,Free
U011350,18-24,Maharashtra,Free
U011351,35-44,Telangana,Free
U011352,25-34,Kerala,Free
U011353,18-24,Tamil Nadu,Free
U011354,18-24,Uttar Pradesh,Free
U011355,18-24,Gujarat,Premium
U011356,18-24,Tamil Nadu,Free
U011357,18-24,Punjab,Free
U011358,45+,Maharashtra,Free
U011359,18-24,Maharashtra,Free
U011360,35-44,West Bengal,Premium
U011361,18-24,Karnataka,Free
U011362,18-24,Delhi,Free
U011363,45+,Maharashtra,Free
U011364,18-24,Tamil Nadu,Free
U011365,18-24,Telangana,Free
U011366,35-44,Maharashtra,Free
U011367,18-24,Tamil Nadu,Free
U011368,18-24,Tamil Nadu,Free
U011369,45+,Maharashtra,Free
U011370,25-34,Gujarat,Free
U011371,25-34,Punjab,Free
U011372,18-24,Delhi,Free
U011373,18-24,Delhi,Free
U011374,25-34,Tamil Nadu,Premium
U011375,25-34,Kerala,Free
U011376,18-24,Punjab,Free
U011377,35-44,Kerala,Free
U011378,35-44,Punjab,Premium
U011379,25-34,Delhi,Premium
U011380,25-34,West Bengal,Premium
U011381,25-34,Kerala,Free
U011382,35-44,Kerala,Free
U011383,18-24,Telangana,Premium
U011384,35-44,Gujarat,Premium
U011385,25-34,Gujarat,Premium
U011386,45+,Punjab,Premium
U011387,45+,West Bengal,Free
U011388,18-24,Maharashtra,Free
U011389,25-34,Maharashtra,Free
U011390,25-34,Tamil Nadu,Free
U011391,25-34,Kerala,Free
U011392,35-44,Telangana,Free
U011393,18-24,Delhi,Premium
U011394,25-34,Kerala,Free
U011395,45+,West Bengal,Free
U011396,45+,Kerala,Free
U011397,18-24,West Bengal,Free
U011398,45+,Gujarat,Premium
U011399,18-24,Karnataka,Premium
U011400,25-34,Maharashtra,Free
U011401,18-24,Telangana,Premium
U011402,25-34,Uttar Pradesh,Free
U011403,18-24,Maharashtra,Free
U011404,18-24,Uttar Pradesh,Free
U011405,18-24,Kerala,Premium
U011406,45+,Maharashtra,Free
U011407,25-34,Telangana,Free
U011408,35-44,Karnataka,Free
U011409,25-34,West Bengal,Premium
U011410,25-34,Kerala,Premium
U011411,18-24,Karnataka,Premium
U011412,18-24,Tamil Nadu,Free
U011413,25-34,Maharashtra,Free
U011414,45+,Maharashtra,Free
U011415,18-24,Kerala,Free
U011416,25-34,Karnataka,Premium
U011417,35-44,Gujarat,Free
U011418,45+,Telangana,Free
U011419,18-24,Karnataka,Free
U011420,45+,Gujarat,Free
U011421,25-34,Maharashtra,Free
U011422,25-34,Gujarat,Premium
U011423,35-44,Maharashtra,Premium
U011424,18-24,Uttar Pradesh,Free
U011425,35-44,Telangana,Free
U011426,25-34,Tamil Nadu,Free
U011427,35-44,West Bengal,Free
U011428,35-44,Kerala,Free
U011429,25-34,Punjab,Free
U011430,18-24,Delhi,Premium
U011431,18-24,Uttar Pradesh,Premium
U011432,35-44,Telangana,Free
U011433,25-34,Punjab,Free
U011434,35-44,Uttar Pradesh,Free
U011435,25-34,Maharashtra,Premium
U011436,25-34,Gujarat,Premium
U011437,35-44,Maharashtra,Premium
U011438,35-44,West Bengal,Free
U011439,25-34,Maharashtra,Premium
U011440,18-24,Delhi,Free
U011441,35-44,Karnataka,Free
U011442,35-44,Delhi,Free
U011443,25-34,Maharashtra,Free
U011444,25-34,West Bengal,Free
U011445,18-24,Kerala,Free
U011446,25-34,Karnataka,Free
U011447,18-24,West Bengal,Free
U011448,18-24,Karnataka,Free
U011449,35-44,Punjab,Free
U011450,25-34,Gujarat,Free
U011451,35-44,Telangana,Free
U011452,25-34,Maharashtra,Free
U011453,18-24,West Bengal,Premium
U011454,25-34,Karnataka,Free
U011455,18-24,Maharashtra,Free
U011456,25-34,Punjab,Free
U011457,45+,Karnataka,Free
U011458,35-44,Maharashtra,Free
U011459,35-44,Kerala,Premium
U011460,35-44,Punjab,Premium
U011461,35-44,Delhi,Free
U011462,25-34,Delhi,Free
U011463,35-44,Kerala,Free
U011464,25-34,Telangana,Premium
U011465,18-24,Gujarat,Premium
U011466,35-44,Tamil Nadu,Free
U011467,35-44,West Bengal,Premium
U011468,18-24,Tamil Nadu,Free
U011469,45+,Telangana,Free
U011470,18-24,Gujarat,Free
U011471,35-44,West Bengal,Free
U011472,45+,Tamil Nadu,Free
U011473,18-24,Gujarat,Free
U011474,45+,West Bengal,Premium
U011475,35-44,Uttar Pradesh,Free
U011476,35-44,West Bengal,Free
U011477,45+,West Bengal,Free
U011478,25-34,Telangana,Free
U011479,25-34,Gujarat,Premium
U011480,25-34,Karnataka,Premium
U011481,25-34,Telangana,Free
U011482,18-24,Uttar Pradesh,Free
U011483,18-24,Punjab,Free
U011484,25-34,Tamil Nadu,Free
U011485,35-44,Maharashtra,Free
U011486,45+,Telangana,Free
U011487,45+,Karnataka,Free
U011488,18-24,Telangana,Premium
U011489,25-34,Punjab,Free
U011490,25-34,Gujarat,Premium
U011491,18-24,Uttar Pradesh,Premium
U011492,25-34,Telangana,Premium
U011493,25-34,West Bengal,Premium
U011494,45+,Tamil Nadu,Free
U011495,18-24,Punjab,Free
U011496,35-44,Tamil Nadu,Premium
U011497,35-44,Tamil Nadu,Free
U011498,35-44,Kerala,Free
U011499,18-24,West Bengal,Premium
U011500,18-24,Karnataka,Premium
U011501,45+,West Bengal,Free
U011502,18-24,Uttar Pradesh,Premium
U011503,18-24,Tamil Nadu,Premium
U011504,45+,Gujarat,Premium
U011505,35-44,Tamil Nadu,Free
U011506,35-44,Delhi,Free
U011507,18-24,Delhi,Premium
U011508,25-34,Karnataka,Free
U011509,35-44,Telangana,Free
U011510,18-24,Uttar Pradesh,Premium
U011511,18-24,Karnataka,Free
U011512,18-24,Punjab,Premium
U011513,25-34,West Bengal,Premium
U011514,18-24,Karnataka,Free
U011515,35-44,Tamil Nadu,Free
U011516,18-24,Punjab,Free
U011517,18-24,Punjab,Free
U011518,45+,Maharashtra,Free
U011519,45+,Telangana,Free
U011520,25-34,Tamil Nadu,Free
U011521,45+,Delhi,Premium
U011522,18-24,Kerala,Free
U011523,25-34,Punjab,Free
U011524,18-24,West Bengal,Free
U011525,25-34,Delhi,Free
U011526,35-44,Maharashtra,Free
U011527,35-44,Delhi,Premium
U011528,18-24,Telangana,Free
U011529,25-34,Delhi,Premium
U011530,45+,Karnataka,Free
U011531,25-34,Telangana,Free
U011532,18-24,West Bengal,Premium
U011533,25-34,Kerala,Free
U011534,18-24,Tamil Nadu,Free
U011535,25-34,Delhi,Free
U011536,25-34,Uttar Pradesh,Premium
U011537,25-34,Kerala,Free
U011538,25-34,Gujarat,Free
U011539,25-34,Uttar Pradesh,Premium
U011540,18-24,Kerala,Free
U011541,18-24,Uttar Pradesh,Premium
U011542,25-34,Telangana,Free
U011543,35-44,Telangana,Free
U011544,35-44,Telangana,Free
U011545,18-24,Telangana,Free
U011546,25-34,Tamil Nadu,Free
U011547,25-34,Karnataka,Premium
U011548,25-34,Kerala,Free
U011549,25-34,Karnataka,Free
U011550,45+,Uttar Pradesh,Free
U011551,18-24,Kerala,Free
U011552,25-34,Uttar Pradesh,Free
U011553,25-34,West Bengal,Free
U011554,25-34,Telangana,Free
U011555,18-24,Karnataka,Free
U011556,25-34,West Bengal,Free
U011557,18-24,Telangana,Premium
U011558,35-44,Karnataka,Free
U011559,25-34,Maharashtra,Free
U011560,18-24,Maharashtra,Free
U011561,45+,Punjab,Free
U011562,35-44,Kerala,Premium
U011563,25-34,Uttar Pradesh,Free
U011564,45+,Uttar Pradesh,Premium
U011565,35-44,Telangana,Free
U011566,18-24,Gujarat,Premium
U011567,25-34,Maharashtra,Free
U011568,25-34,Gujarat,Free
U011569,25-34,Uttar Pradesh,Free
U011570,45+,Tamil Nadu,Free
U011571,25-34,Maharashtra,Free
U011572,18-24,Kerala,Free
U011573,25-34,Maharashtra,Free
U011574,35-44,West Bengal,Free
U011575,25-34,Karnataka,Premium
U011576,18-24,Telangana,Free
U011577,18-24,Uttar Pradesh,Free
U011578,25-34,Delhi,Free
U011579,18-24,Maharashtra,Premium
U011580,25-34,Telangana,Free
U011581,18-24,West Bengal,Free
U011582,25-34,Punjab,Premium
U011583,18-24,Delhi,Free
U011584,18-24,Kerala,Premium
U011585,25-34,West Bengal,Free
U011586,18-24,Uttar Pradesh,Free
U011587,18-24,Gujarat,Premium
U011588,25-34,Kerala,Free
U011589,18-24,Maharashtra,Premium
U011590,18-24,Punjab,Free
U011591,25-34,West Bengal,Free
U011592,25-34,Tamil Nadu,Free
U011593,25-34,Maharashtra,Free
U011594,45+,Telangana,Free
U011595,25-34,Kerala,Free
U011596,25-34,Kerala,Premium
U011597,45+,Uttar Pradesh,Free
U011598,25-34,Delhi,Free
U011599,35-44,Uttar Pradesh,Premium
U011600,25-34,Telangana,Free
U011601,25-34,Karnataka,Premium
U011602,45+,Gujarat,Free
U011603,18-24,Delhi,Premium
U011604,45+,Maharashtra,Premium
U011605,25-34,Kerala,Free
U011606,25-34,Kerala,Free
U011607,25-34,Maharashtra,Free
U011608,18-24,Gujarat,Free
U011609,18-24,Gujarat,Free
U011610,45+,Kerala,Free
U011611,25-34,Karnataka,Premium
U011612,35-44,Uttar Pradesh,Free
U011613,18-24,Delhi,Premium
U011614,18-24,Kerala,Free
U011615,18-24,Gujarat,Free
U011616,18-24,Telangana,Free
U011617,25-34,Karnataka,Free
U011618,45+,Tamil Nadu,Free
U011619,35-44,Maharashtra,Free
U011620,25-34,Maharashtra,Free
U011621,18-24,Karnataka,Premium
U011622,25-34,Maharashtra,Free
U011623,25-34,West Bengal,Premium
U011624,25-34,West Bengal,Free
U011625,25-34,Gujarat,Premium
U011626,18-24,Punjab,Free
U011627,18-24,Gujarat,Free
U011628,45+,Karnataka,Free
U011629,35-44,Telangana,Free
U011630,45+,Gujarat,Free
U011631,18-24,Karnataka,Premium
U011632,25-34,Delhi,Premium
U011633,18-24,Gujarat,Free
U011634,45+,Punjab,Premium
U011635,18-24,Punjab,Free
U011636,25-34,West Bengal,Free
U011637,18-24,Telangana,Free
U011638,18-24,Maharashtra,Free
U011639,18-24,Uttar Pradesh,Free
U011640,25-34,Telangana,Free
U011641,35-44,Punjab,Free
U011642,45+,Maharashtra,Premium
U011643,25-34,West Bengal,Premium
U011644,25-34,Kerala,Premium
U011645,35-44,Kerala,Free
U011646,18-24,West Bengal,Free
U011647,35-44,Gujarat,Free
U011648,35-44,West Bengal,Free
U011649,25-34,Punjab,Free
U011650,18-24,Punjab,Premium
U011651,18-24,Karnataka,Premium
U011652,25-34,Kerala,Free
U011653,45+,Maharashtra,Premium
U011654,25-34,Karnataka,Free
U011655,25-34,Tamil Nadu,Free
U011656,25-34,Telangana,Free
U011657,35-44,Delhi,Free
U011658,18-24,Maharashtra,Free
U011659,18-24,Uttar Pradesh,Free
U011660,25-34,Maharashtra,Free
U011661,18-24,Maharashtra,Free
U011662,18-24,Delhi,Free
U011663,25-34,Karnataka,Free
U011664,18-24,Punjab,Free
U011665,45+,Gujarat,Premium
U011666,35-44,Delhi,Premium
U011667,45+,Delhi,Premium
U011668,45+,Delhi,Free
U011669,18-24,West Bengal,Free
U011670,25-34,Gujarat,Premium
U011671,25-34,Delhi,Premium
U011672,18-24,Telangana,Free
U011673,45+,Karnataka,Premium
U011674,18-24,West Bengal,Free
U011675,25-34,West Bengal,Premium
U011676,25-34,Punjab,Free
U011677,45+,West Bengal,Free
U011678,25-34,Maharashtra,Free
U011679,25-34,Tamil Nadu,Free
U011680,18-24,Uttar Pradesh,Free
U011681,25-34,Gujarat,Free
U011682,35-44,Maharashtra,Free
U011683,25-34,Maharashtra,Free
U011684,35-44,Gujarat,Free
U011685,18-24,Punjab,Free
U011686,18-24,West Bengal,Free
U011687,45+,Telangana,Free
U011688,18-24,Tamil Nadu,Free
U011689,25-34,Karnataka,Premium
U011690,25-34,Kerala,Premium
U011691,45+,Punjab,Free
U011692,18-24,Kerala,Free
U011693,18-24,Punjab,Premium
U011694,35-44,Gujarat,Free
U011695,25-34,Kerala,Free
U011696,25-34,Telangana,Premium
U011697,25-34,Maharashtra,Premium
U011698,25-34,Punjab,Premium
U011699,45+,West Bengal,Free
U011700,25-34,Telangana,Free
U011701,45+,Delhi,Premium
U011702,45+,Maharashtra,Free
U011703,25-34,West Bengal,Premium
U011704,25-34,Karnataka,Free
U011705,25-34,Tamil Nadu,Premium
U011706,35-44,West Bengal,Free
U011707,25-34,Gujarat,Free
U011708,18-24,Punjab,Premium
U011709,45+,West Bengal,Premium
U011710,25-34,Gujarat,Free
U011711,35-44,Uttar Pradesh,Premium
U011712,25-34,Uttar Pradesh,Free
U011713,25-34,Maharashtra,Free
U011714,25-34,Maharashtra,Free
U011715,35-44,Gujarat,Premium
U011716,18-24,Punjab,Free
U011717,25-34,Punjab,Free
U011718,35-44,Tamil Nadu,Premium
U011719,45+,West Bengal,Free
U011720,18-24,Maharashtra,Premium
U011721,18-24,West Bengal,Premium
U011722,25-34,Maharashtra,Free
U011723,18-24,Karnataka,Premium
U011724,18-24,Uttar Pradesh,Premium
U011725,25-34,Delhi,Free
U011726,25-34,Maharashtra,Free
U011727,25-34,Tamil Nadu,Free
U011728,25-34,Punjab,Free
U011729,45+,Punjab,Free
U011730,25-34,Tamil Nadu,Free
U011731,35-44,Delhi,Free
U011732,18-24,Maharashtra,Free
U011733,35-44,Uttar Pradesh,Free
U011734,35-44,Gujarat,Free
U011735,18-24,Tamil Nadu,Premium
U011736,25-34,Gujarat,Premium
U011737,25-34,Uttar Pradesh,Premium
U011738,25-34,Karnataka,Free
U011739,35-44,Delhi,Premium
U011740,18-24,Punjab,Premium
U011741,25-34,Uttar Pradesh,Premium
U011742,45+,Gujarat,Free
U011743,18-24,West Bengal,Free
U011744,18-24,West Bengal,Free
U011745,18-24,Karnataka,Free
U011746,45+,Telangana,Free
U011747,18-24,Karnataka,Free
U011748,18-24,Karnataka,Premium
U011749,25-34,Kerala,Free
U011750,35-44,Telangana,Free
U011751,25-34,Tamil Nadu,Free
U011752,45+,Punjab,Free
U011753,18-24,West Bengal,Free
U011754,25-34,Tamil Nadu,Premium
U011755,25-34,Maharashtra,Free
U011756,18-24,West Bengal,Free
U011757,35-44,Karnataka,Free
U011758,25-34,Tamil Nadu,Free
U011759,18-24,Uttar Pradesh,Free
U011760,18-24,West Bengal,Free
U011761,18-24,Maharashtra,Premium
U011762,35-44,Kerala,Free
U011763,18-24,Punjab,Free
U011764,45+,Kerala,Free
U011765,18-24,Karnataka,Premium
U011766,45+,Telangana,Free
U011767,35-44,West Bengal,Premium
U011768,18-24,Delhi,Premium
U011769,18-24,Delhi,Free
U011770,35-44,Kerala,Premium
U011771,18-24,Maharashtra,Free
U011772,18-24,Gujarat,Premium
U011773,35-44,Tamil Nadu,Free
U011774,45+,Maharashtra,Free
U011775,35-44,Kerala,Free
U011776,35-44,Gujarat,Free
U011777,25-34,Maharashtra,Free
U011778,35-44,Uttar Pradesh,Free
U011779,18-24,Tamil Nadu,Free
U011780,35-44,West Bengal,Free
U011781,25-34,Punjab,Free
U011782,25-34,Delhi,Free
U011783,45+,Uttar Pradesh,Premium
U011784,25-34,West Bengal,Free
U011785,25-34,Punjab,Free
U011786,25-34,Karnataka,Premium
U011787,18-24,Kerala,Free
U011788,18-24,Karnataka,Free
U011789,45+,West Bengal,Premium
U011790,25-34,Maharashtra,Premium
U011791,25-34,Uttar Pradesh,Free
U011792,25-34,Kerala,Free
U011793,35-44,Karnataka,Free
U011794,35-44,Telangana,Premium
U011795,18-24,Delhi,Free
U011796,25-34,Tamil Nadu,Premium
U011797,35-44,Karnataka,Free
U011798,18-24,Karnataka,Free
U011799,25-34,Gujarat,Free
U011800,18-24,Tamil Nadu,Free
U011801,18-24,Maharashtra,Premium
U011802,45+,Tamil Nadu,Free
U011803,45+,Maharashtra,Free
U011804,35-44,Tamil Nadu,Free
U011805,18-24,West Bengal,Free
U011806,45+,Maharashtra,Free
U011807,25-34,Maharashtra,Free
U011808,45+,Karnataka,Premium
U011809,18-24,Tamil Nadu,Free
U011810,18-24,Maharashtra,Free
U011811,25-34,Karnataka,Free
U011812,45+,Kerala,Free
U011813,18-24,Telangana,Free
U011814,18-24,Telangana,Premium
U011815,25-34,Delhi,Free
U011816,45+,Kerala,Free
U011817,35-44,Telangana,Free
U011818,45+,Tamil Nadu,Free
U011819,25-34,West Bengal,Premium
U011820,35-44,Delhi,Free
U011821,25-34,West Bengal,Premium
U011822,18-24,Punjab,Free
U011823,35-44,Maharashtra,Premium
U011824,25-34,Punjab,Free
U011825,25-34,Karnataka,Premium
U011826,18-24,Tamil Nadu,Free
U011827,35-44,Punjab,Free
U011828,35-44,Kerala,Free
U011829,25-34,Punjab,Free
U011830,45+,Delhi,Free
U011831,25-34,Punjab,Free
U011832,18-24,Tamil Nadu,Free
U011833,18-24,Maharashtra,Free
U011834,25-34,Maharashtra,Free
U011835,18-24,Delhi,Free
U011836,35-44,Karnataka,Free
U011837,35-44,Uttar Pradesh,Free
U011838,25-34,Telangana,Free
U011839,35-44,Maharashtra,Free
U011840,45+,Maharashtra,Free
U011841,25-34,Delhi,Premium
U011842,18-24,Maharashtra,Premium
U011843,18-24,Telangana,Free
U011844,25-34,Kerala,Free
U011845,25-34,Tamil Nadu,Free
U011846,25-34,Tamil Nadu,Free
U011847,25-34,Telangana,Free
U011848,25-34,Karnataka,Free
U011849,18-24,Gujarat,Premium
U011850,18-24,West Bengal,Free
U011851,25-34,Uttar Pradesh,Free
U011852,35-44,Maharashtra,Free
U011853,25-34,Tamil Nadu,Free
U011854,25-34,Gujarat,Free
U011855,25-34,West Bengal,Free
U011856,25-34,Kerala,Free
U011857,18-24,Tamil Nadu,Premium
U011858,18-24,Karnataka,Free
U011859,18-24,Kerala,Premium
U011860,18-24,Tamil Nadu,Free
U011861,18-24,Tamil Nadu,Free
U011862,35-44,Karnataka,Premium
U011863,18-24,Delhi,Free
U011864,18-24,Kerala,Premium
U011865,18-24,Gujarat,Free
U011866,18-24,Maharashtra,Free
U011867,18-24,Tamil Nadu,Free
U011868,18-24,West Bengal,Free
U011869,18-24,Delhi,Free
U011870,45+,Karnataka,Premium
U011871,18-24,Uttar Pradesh,Premium
U011872,18-24,Kerala,Premium
U011873,25-34,Gujarat,Premium
U011874,18-24,Uttar Pradesh,Premium
U011875,25-34,West Bengal,Free
U011876,25-34,Punjab,Premium
U011877,35-44,Uttar Pradesh,Free
U011878,45+,Tamil Nadu,Premium
U011879,35-44,Telangana,Free
U011880,18-24,Telangana,Free
U011881,25-34,Telangana,Free
U011882,18-24,Telangana,Premium
U011883,35-44,Kerala,Free
U011884,18-24,Delhi,Free
U011885,25-34,Tamil Nadu,Free
U011886,18-24,Telangana,Premium
U011887,25-34,Telangana,Free
U011888,18-24,Kerala,Free
U011889,25-34,Karnataka,Premium
U011890,25-34,Uttar Pradesh,Free
U011891,25-34,Maharashtra,Free
U011892,18-24,Kerala,Free
U011893,18-24,Delhi,Free
U011894,35-44,West Bengal,Free
U011895,25-34,Maharashtra,Premium
U011896,25-34,Punjab,Premium
U011897,25-34,Karnataka,Free
U011898,25-34,Maharashtra,Free
U011899,25-34,Karnataka,Free
U011900,18-24,West Bengal,Free
U011901,25-34,Delhi,Free
U011902,25-34,West Bengal,Free
U011903,18-24,Tamil Nadu,Premium
U011904,35-44,Gujarat,Free
U011905,18-24,West Bengal,Free
U011906,18-24,Tamil Nadu,Free
U011907,35-44,Gujarat,Free
U011908,35-44,Delhi,Free
U011909,18-24,Telangana,Free
U011910,25-34,Punjab,Free
U011911,18-24,Tamil Nadu,Free
U011912,35-44,Tamil Nadu,Premium
U011913,25-34,Telangana,Free
U011914,35-44,Karnataka,Free
U011915,25-34,West Bengal,Premium
U011916,25-34,Delhi,Free
U011917,35-44,Delhi,Free
U011918,18-24,Delhi,Premium
U011919,18-24,Tamil Nadu,Premium
U011920,25-34,Tamil Nadu,Free
U011921,25-34,Gujarat,Free
U011922,18-24,Karnataka,Free
U011923,25-34,Telangana,Premium
U011924,25-34,Uttar Pradesh,Free
U011925,25-34,West Bengal,Free
U011926,45+,Gujarat,Free
U011927,25-34,Telangana,Free
U011928,25-34,Delhi,Free
U011929,25-34,Tamil Nadu,Free
U011930,18-24,Kerala,Free
U011931,35-44,Delhi,Free
U011932,35-44,Tamil Nadu,Free
U011933,35-44,Telangana,Free
U011934,45+,Uttar Pradesh,Free
U011935,25-34,Uttar Pradesh,Premium
U011936,25-34,West Bengal,Premium
U011937,18-24,Punjab,Free
U011938,45+,Punjab,Premium
U011939,25-34,Telangana,Free
U011940,18-24,Delhi,Free
U011941,35-44,West Bengal,Free
U011942,25-34,Uttar Pradesh,Free
U011943,45+,Delhi,Free
U011944,35-44,Uttar Pradesh,Free
U011945,35-44,Maharashtra,Free
U011946,25-34,Tamil Nadu,Premium
U011947,25-34,Karnataka,Free
U011948,35-44,Telangana,Free
U011949,18-24,Tamil Nadu,Free
U011950,18-24,Telangana,Free
U011951,45+,Delhi,Free
U011952,45+,Kerala,Free
U011953,45+,Uttar Pradesh,Free
U011954,18-24,Tamil Nadu,Free
U011955,18-24,Gujarat,Free
U011956,45+,Delhi,Free
U011957,18-24,Kerala,Premium
U011958,25-34,Karnataka,Premium
U011959,18-24,West Bengal,Free
U011960,35-44,Telangana,Free
U011961,25-34,Maharashtra,Premium
U011962,18-24,Karnataka,Free
U011963,25-34,Tamil Nadu,Premium
U011964,18-24,Gujarat,Premium
U011965,35-44,Delhi,Free
U011966,25-34,Uttar Pradesh,Free
U011967,25-34,Maharashtra,Premium
U011968,25-34,Punjab,Free
U011969,18-24,Delhi,Free
U011970,18-24,Gujarat,Free
U011971,45+,Telangana,Free
U011972,25-34,Kerala,Free
U011973,25-34,West Bengal,Free
U011974,25-34,Telangana,Premium
U011975,45+,Punjab,Free
U011976,35-44,Delhi,Premium
U011977,18-24,Tamil Nadu,Premium
U011978,25-34,Tamil Nadu,Free
U011979,25-34,Tamil Nadu,Premium
U011980,35-44,Uttar Pradesh,Free
U011981,45+,Delhi,Free
U011982,35-44,West Bengal,Free
U011983,35-44,Delhi,Free
U011984,25-34,Telangana,Premium
U011985,25-34,West Bengal,Free
U011986,25-34,Maharashtra,Free
U011987,35-44,Tamil Nadu,Premium
U011988,18-24,Karnataka,Premium
U011989,25-34,Tamil Nadu,Premium
U011990,18-24,Tamil Nadu,Free
U011991,18-24,Tamil Nadu,Free
U011992,35-44,West Bengal,Free
U011993,18-24,Punjab,Free
U011994,35-44,Gujarat,Premium
U011995,25-34,Gujarat,Free
U011996,25-34,Tamil Nadu,Premium
U011997,45+,Uttar Pradesh,Free
U011998,35-44,Punjab,Free
U011999,35-44,Punjab,Free
U012000,18-24,Punjab,Free
U012001,25-34,Kerala,Premium
U012002,35-44,Delhi,Free
U012003,35-44,Karnataka,Premium
U012004,35-44,Delhi,Premium
U012005,35-44,Tamil Nadu,Free
U012006,18-24,Karnataka,Free
U012007,18-24,Gujarat,Free
U012008,45+,Kerala,Free
U012009,25-34,Gujarat,Free
U012010,35-44,Tamil Nadu,Free
U012011,25-34,Telangana,Premium
U012012,45+,Gujarat,Premium
U012013,35-44,Kerala,Free
U012014,18-24,Uttar Pradesh,Free
U012015,35-44,Uttar Pradesh,Free
U012016,18-24,Maharashtra,Free
U012017,25-34,Punjab,Free
U012018,35-44,Kerala,Free
U012019,18-24,Maharashtra,Premium
U012020,18-24,Maharashtra,Free
U012021,25-34,Delhi,Free
U012022,45+,Maharashtra,Premium
U012023,18-24,West Bengal,Free
U012024,35-44,Punjab,Free
U012025,25-34,Uttar Pradesh,Free
U012026,25-34,Delhi,Free
U012027,35-44,Tamil Nadu,Free
U012028,25-34,West Bengal,Premium
U012029,35-44,Karnataka,Free
U012030,35-44,Kerala,Free
U012031,45+,Gujarat,Free
U012032,35-44,West Bengal,Premium
U012033,18-24,West Bengal,Free
U012034,35-44,Telangana,Premium
U012035,25-34,Uttar Pradesh,Premium
U012036,18-24,Kerala,Free
U012037,25-34,Maharashtra,Free
U012038,35-44,Kerala,Free
U012039,18-24,Delhi,Free
U012040,25-34,Gujarat,Free
U012041,25-34,Karnataka,Free
U012042,25-34,West Bengal,Free
U012043,35-44,Kerala,Premium
U012044,18-24,Karnataka,Free
U012045,35-44,Uttar Pradesh,Premium
U012046,35-44,Telangana,Free
U012047,25-34,Tamil Nadu,Free
U012048,25-34,Tamil Nadu,Premium
U012049,18-24,Karnataka,Free
U012050,18-24,Delhi,Free
U012051,25-34,Uttar Pradesh,Free
U012052,18-24,Gujarat,Premium
U012053,35-44,Gujarat,Free
U012054,25-34,Uttar Pradesh,Free
U012055,18-24,West Bengal,Free
U012056,25-34,Uttar Pradesh,Free
U012057,35-44,Uttar Pradesh,Free
U012058,18-24,Punjab,Free
U012059,35-44,Tamil Nadu,Free
U012060,18-24,Maharashtra,Free
U012061,45+,Kerala,Free
U012062,25-34,Delhi,Premium
U012063,25-34,Kerala,Free
U012064,25-34,Gujarat,Free
U012065,25-34,Tamil Nadu,Premium
U012066,35-44,West Bengal,Free
U012067,18-24,Uttar Pradesh,Free
U012068,18-24,Kerala,Premium
U012069,18-24,Tamil Nadu,Free
U012070,25-34,Uttar Pradesh,Free
U012071,35-44,Maharashtra,Free
U012072,18-24,Punjab,Free
U012073,35-44,Karnataka,Premium
U012074,35-44,Karnataka,Free
U012075,18-24,West Bengal,Free
U012076,18-24,Kerala,Premium
U012077,25-34,Maharashtra,Free
U012078,18-24,Punjab,Premium
U012079,35-44,Gujarat,Free
U012080,25-34,Telangana,Premium
U012081,25-34,Karnataka,Free
U012082,35-44,Tamil Nadu,Free
U012083,18-24,West Bengal,Free
U012084,35-44,Telangana,Free
U012085,25-34,Gujarat,Premium
U012086,18-24,Uttar Pradesh,Free
U012087,25-34,Gujarat,Free
U012088,18-24,Delhi,Free
U012089,45+,Tamil Nadu,Free
U012090,25-34,Tamil Nadu,Free
U012091,35-44,West Bengal,Premium
U012092,45+,Uttar Pradesh,Premium
U012093,25-34,Tamil Nadu,Premium
U012094,35-44,Karnataka,Free
U012095,25-34,Gujarat,Free
U012096,18-24,Kerala,Free
U012097,45+,Tamil Nadu,Premium
U012098,25-34,Uttar Pradesh,Free
U012099,35-44,Karnataka,Premium
U012100,25-34,Punjab,Free
U012101,18-24,Maharashtra,Free
U012102,25-34,Maharashtra,Free
U012103,18-24,Gujarat,Free
U012104,18-24,Maharashtra,Premium
U012105,35-44,Kerala,Free
U012106,18-24,Maharashtra,Free
U012107,45+,Punjab,Free
U012108,25-34,Karnataka,Free
U012109,25-34,Punjab,Free
U012110,18-24,Delhi,Free
U012111,18-24,Uttar Pradesh,Free
U012112,25-34,Tamil Nadu,Free
U012113,18-24,Tamil Nadu,Free
U012114,25-34,Kerala,Free
U012115,25-34,Uttar Pradesh,Premium
U012116,18-24,Punjab,Free
U012117,25-34,Tamil Nadu,Free
U012118,18-24,Tamil Nadu,Free
U012119,18-24,Punjab,Free
U012120,35-44,Delhi,Free
U012121,18-24,Uttar Pradesh,Premium
U012122,18-24,West Bengal,Free
U012123,25-34,West Bengal,Free
U012124,25-34,Karnataka,Premium
U012125,45+,West Bengal,Premium
U012126,35-44,Delhi,Free
U012127,35-44,Delhi,Premium
U012128,25-34,Uttar Pradesh,Free
U012129,25-34,Punjab,Premium
U012130,18-24,Kerala,Free
U012131,35-44,Punjab,Free
U012132,25-34,West Bengal,Premium
U012133,18-24,West Bengal,Premium
U012134,25-34,Kerala,Free
U012135,35-44,Uttar Pradesh,Free
U012136,25-34,Tamil Nadu,Premium
U012137,18-24,Gujarat,Free
U012138,45+,Punjab,Free
U012139,18-24,Uttar Pradesh,Free
U012140,45+,Tamil Nadu,Premium
U012141,25-34,Gujarat,Free
U012142,45+,Gujarat,Premium
U012143,45+,West Bengal,Free
U012144,25-34,Uttar Pradesh,Free
U012145,35-44,West Bengal,Premium
U012146,18-24,West Bengal,Free
U012147,18-24,Punjab,Free
U012148,25-34,Karnataka,Premium
U012149,25-34,Maharashtra,Premium
U012150,18-24,Kerala,Premium
U012151,25-34,West Bengal,Free
U012152,45+,West Bengal,Premium
U012153,35-44,West Bengal,Free
U012154,18-24,Punjab,Free
U012155,25-34,Uttar Pradesh,Free
U012156,18-24,Tamil Nadu,Free
U012157,18-24,West Bengal,Free
U012158,45+,Delhi,Free
U012159,45+,Telangana,Free
U012160,18-24,Tamil Nadu,Premium
U012161,18-24,Uttar Pradesh,Premium
U012162,25-34,Kerala,Free
U012163,25-34,Uttar Pradesh,Premium
U012164,18-24,Karnataka,Premium
U012165,18-24,West Bengal,Premium
U012166,25-34,West Bengal,Premium
U012167,18-24,Punjab,Free
U012168,35-44,Karnataka,Premium
U012169,35-44,West Bengal,Free
U012170,25-34,Delhi,Premium
U012171,25-34,Tamil Nadu,Free
U012172,35-44,Kerala,Free
U012173,18-24,Gujarat,Free
U012174,35-44,Telangana,Free
U012175,18-24,West Bengal,Free
U012176,45+,Gujarat,Free
U012177,18-24,Punjab,Free
U012178,35-44,West Bengal,Free
U012179,18-24,Kerala,Premium
U012180,35-44,Gujarat,Premium
U012181,25-34,West Bengal,Free
U012182,18-24,Delhi,Premium
U012183,35-44,Maharashtra,Free
U012184,18-24,West Bengal,Premium
U012185,25-34,Punjab,Premium
U012186,18-24,Karnataka,Premium
U012187,35-44,Tamil Nadu,Free
U012188,35-44,Kerala,Premium
U012189,25-34,Karnataka,Premium
U012190,35-44,Telangana,Free
U012191,45+,Tamil Nadu,Free
U012192,25-34,Maharashtra,Premium
U012193,18-24,West Bengal,Premium
U012194,25-34,Telangana,Free
U012195,18-24,Punjab,Free
U012196,25-34,Kerala,Free
U012197,18-24,Maharashtra,Free
U012198,35-44,Punjab,Premium
U012199,25-34,Punjab,Free
U012200,25-34,West Bengal,Free
U012201,18-24,Uttar Pradesh,Free
U012202,18-24,Gujarat,Free
U012203,35-44,Delhi,Premium
U012204,25-34,Maharashtra,Free
U012205,45+,Kerala,Free
U012206,25-34,Telangana,Free
U012207,18-24,Karnataka,Free
U012208,25-34,Gujarat,Free
U012209,35-44,Delhi,Free
U012210,18-24,Delhi,Free
U012211,25-34,Tamil Nadu,Free
U012212,18-24,Punjab,Free
U012213,18-24,Punjab,Premium
U012214,18-24,West Bengal,Premium
U012215,25-34,Karnataka,Free
U012216,35-44,Telangana,Free
U012217,18-24,Telangana,Free
U012218,35-44,Kerala,Free
U012219,35-44,Uttar Pradesh,Premium
U012220,25-34,West Bengal,Free
U012221,18-24,Punjab,Free
U012222,18-24,Telangana,Premium
U012223,18-24,Tamil Nadu,Free
U012224,45+,Tamil Nadu,Free
U012225,35-44,Karnataka,Free
U012226,18-24,Maharashtra,Free
U012227,25-34,Punjab,Free
U012228,18-24,Telangana,Premium
U012229,18-24,Maharashtra,Free
U012230,18-24,Delhi,Free
U012231,18-24,Telangana,Free
U012232,18-24,Uttar Pradesh,Free
U012233,18-24,Delhi,Premium
U012234,25-34,Maharashtra,Free
U012235,25-34,Karnataka,Premium
U012236,25-34,Maharashtra,Free
U012237,25-34,Gujarat,Premium
U012238,25-34,Kerala,Free
U012239,25-34,Delhi,Free
U012240,45+,Delhi,Premium
U012241,18-24,Telangana,Free
U012242,25-34,Tamil Nadu,Premium
U012243,18-24,West Bengal,Free
U012244,25-34,Uttar Pradesh,Premium
U012245,25-34,Karnataka,Free
U012246,35-44,Kerala,Free
U012247,45+,Karnataka,Premium
U012248,25-34,Punjab,Free
U012249,18-24,Uttar Pradesh,Premium
U012250,35-44,Punjab,Premium
U012251,18-24,Delhi,Free
U012252,25-34,Telangana,Free
U012253,35-44,Telangana,Premium
U012254,25-34,Tamil Nadu,Free
U012255,25-34,Maharashtra,Free
U012256,18-24,Delhi,Free
U012257,18-24,Kerala,Premium
U012258,45+,Delhi,Premium
U012259,18-24,Punjab,Premium
U012260,18-24,Gujarat,Free
U012261,25-34,Karnataka,Free
U012262,25-34,Karnataka,Free
U012263,18-24,Uttar Pradesh,Premium
U012264,18-24,Kerala,Premium
U012265,25-34,Kerala,Free
U012266,25-34,Delhi,Free
U012267,35-44,Punjab,Premium
U012268,18-24,Telangana,Premium
U012269,45+,Gujarat,Premium
U012270,18-24,Telangana,Free
U012271,18-24,Kerala,Free
U012272,45+,Karnataka,Free
U012273,35-44,Karnataka,Free
U012274,18-24,West Bengal,Premium
U012275,25-34,Telangana,Free
U012276,35-44,Delhi,Free
U012277,18-24,Karnataka,Premium
U012278,18-24,Gujarat,Free
U012279,25-34,Telangana,Free
U012280,35-44,Kerala,Premium
U012281,25-34,Gujarat,Free
U012282,25-34,Punjab,Free
U012283,45+,Punjab,Premium
U012284,18-24,Telangana,Free
U012285,35-44,Tamil Nadu,Premium
U012286,18-24,Uttar Pradesh,Premium
U012287,35-44,Delhi,Free
U012288,25-34,Tamil Nadu,Free
U012289,18-24,Maharashtra,Free
U012290,25-34,Karnataka,Premium
U012291,35-44,Telangana,Free
U012292,25-34,Kerala,Free
U012293,18-24,Gujarat,Premium
U012294,18-24,Maharashtra,Free
U012295,25-34,Gujarat,Free
U012296,25-34,West Bengal,Premium
U012297,25-34,Punjab,Free
U012298,18-24,Punjab,Premium
U012299,35-44,Kerala,Free
U012300,18-24,West Bengal,Free
U012301,18-24,Punjab,Free
U012302,25-34,Tamil Nadu,Premium
U012303,25-34,Gujarat,Free
U012304,45+,Maharashtra,Premium
U012305,25-34,Telangana,Free
U012306,18-24,Gujarat,Premium
U012307,35-44,Maharashtra,Free
U012308,18-24,Telangana,Premium
U012309,45+,Telangana,Free
U012310,18-24,Karnataka,Free
U012311,45+,Telangana,Free
U012312,35-44,Kerala,Free
U012313,35-44,Punjab,Free
U012314,18-24,Tamil Nadu,Free
U012315,35-44,Telangana,Premium
U012316,35-44,Maharashtra,Premium
U012317,18-24,Punjab,Premium
U012318,25-34,West Bengal,Free
U012319,25-34,Tamil Nadu,Free
U012320,45+,Uttar Pradesh,Free
U012321,35-44,Gujarat,Premium
U012322,25-34,Punjab,Premium
U012323,25-34,Uttar Pradesh,Free
U012324,18-24,Gujarat,Free
U012325,25-34,Tamil Nadu,Free
U012326,35-44,West Bengal,Free
U012327,25-34,Punjab,Premium
U012328,35-44,Maharashtra,Free
U012329,25-34,Punjab,Free
U012330,25-34,Kerala,Free
U012331,35-44,Telangana,Free
U012332,18-24,Tamil Nadu,Free
U012333,45+,Tamil Nadu,Premium
U012334,45+,Kerala,Free
U012335,35-44,West Bengal,Free
U012336,35-44,West Bengal,Free
U012337,25-34,Telangana,Free
U012338,25-34,Maharashtra,Free
U012339,35-44,Karnataka,Free
U012340,18-24,Delhi,Premium
U012341,35-44,Kerala,Free
U012342,18-24,Karnataka,Premium
U012343,35-44,Punjab,Free
U012344,25-34,Tamil Nadu,Free
U012345,35-44,Tamil Nadu,Premium
U012346,25-34,Uttar Pradesh,Free
U012347,25-34,Delhi,Premium
U012348,45+,Gujarat,Free
U012349,25-34,Punjab,Free
U012350,18-24,Gujarat,Premium
U012351,18-24,Telangana,Free
U012352,25-34,Telangana,Free
U012353,25-34,Kerala,Premium
U012354,25-34,Maharashtra,Free
U012355,18-24,Kerala,Premium
U012356,18-24,Kerala,Free
U012357,35-44,Delhi,Premium
U012358,25-34,Maharashtra,Free
U012359,18-24,Kerala,Free
U012360,18-24,Maharashtra,Premium
U012361,18-24,Telangana,Premium
U012362,35-44,Punjab,Premium
U012363,35-44,Kerala,Free
U012364,25-34,Uttar Pradesh,Free
U012365,25-34,Gujarat,Free
U012366,35-44,Kerala,Free
U012367,18-24,West Bengal,Free
U012368,18-24,Maharashtra,Free
U012369,25-34,Uttar Pradesh,Free
U012370,45+,Uttar Pradesh,Premium
U012371,25-34,Maharashtra,Free
U012372,25-34,Kerala,Free
U012373,35-44,Delhi,Free
U012374,18-24,West Bengal,Free
U012375,25-34,Punjab,Free
U012376,25-34,Delhi,Free
U012377,45+,Punjab,Free
U012378,18-24,Karnataka,Premium
U012379,25-34,Karnataka,Free
U012380,45+,Karnataka,Free
U012381,35-44,Tamil Nadu,Free
U012382,25-34,West Bengal,Free
U012383,18-24,Tamil Nadu,Free
U012384,18-24,Telangana,Free
U012385,25-34,Karnataka,Free
U012386,18-24,Punjab,Free
U012387,35-44,Delhi,Free
U012388,35-44,Karnataka,Free
U012389,35-44,Delhi,Premium
U012390,18-24,Telangana,Free
U012391,18-24,West Bengal,Free
U012392,35-44,Gujarat,Premium
U012393,18-24,Punjab,Free
U012394,18-24,Delhi,Free
U012395,25-34,Gujarat,Premium
U012396,18-24,Kerala,Free
U012397,18-24,Karnataka,Free
U012398,18-24,Uttar Pradesh,Free
U012399,35-44,West Bengal,Free
U012400,18-24,Kerala,Free
U012401,25-34,Karnataka,Premium
U012402,25-34,Tamil Nadu,Free
U012403,25-34,Karnataka,Premium
U012404,25-34,Kerala,Free
U012405,18-24,Gujarat,Free
U012406,18-24,Gujarat,Free
U012407,25-34,Karnataka,Free
U012408,45+,Kerala,Free
U012409,25-34,West Bengal,Free
U012410,25-34,Maharashtra,Premium
U012411,45+,Kerala,Premium
U012412,35-44,Delhi,Free
U012413,35-44,Delhi,Free
U012414,25-34,Delhi,Premium
U012415,35-44,Telangana,Free
U012416,25-34,Maharashtra,Premium
U012417,25-34,Telangana,Free
U012418,35-44,Kerala,Free
U012419,25-34,Telangana,Free
U012420,45+,Punjab,Free
U012421,45+,Karnataka,Premium
U012422,25-34,Kerala,Free
U012423,18-24,Karnataka,Premium
U012424,35-44,West Bengal,Free
U012425,18-24,West Bengal,Premium
U012426,25-34,Telangana,Free
U012427,18-24,Karnataka,Free
U012428,35-44,Maharashtra,Premium
U012429,45+,Kerala,Free
U012430,18-24,Karnataka,Free
U012431,35-44,Tamil Nadu,Free
U012432,35-44,Maharashtra,Free
U012433,18-24,Kerala,Free
U012434,18-24,Uttar Pradesh,Free
U012435,25-34,Gujarat,Premium
U012436,35-44,Karnataka,Premium
U012437,25-34,Maharashtra,Premium
U012438,18-24,Maharashtra,Premium
U012439,18-24,Karnataka,Free
U012440,25-34,Maharashtra,Premium
U012441,18-24,Delhi,Free
U012442,25-34,West Bengal,Premium
U012443,18-24,Maharashtra,Free
U012444,35-44,West Bengal,Free
U012445,35-44,Gujarat,Free
U012446,35-44,Uttar Pradesh,Free
U012447,18-24,Uttar Pradesh,Free
U012448,25-34,Punjab,Premium
U012449,35-44,West Bengal,Free
U012450,25-34,Maharashtra,Free
U012451,18-24,Punjab,Premium
U012452,18-24,Kerala,Premium
U012453,25-34,Punjab,Premium
U012454,25-34,Karnataka,Free
U012455,45+,Tamil Nadu,Free
U012456,35-44,Karnataka,Premium
U012457,35-44,Kerala,Free
U012458,45+,Uttar Pradesh,Free
U012459,25-34,Telangana,Free
U012460,18-24,Telangana,Premium
U012461,18-24,Kerala,Free
U012462,35-44,Tamil Nadu,Premium
U012463,25-34,Tamil Nadu,Premium
U012464,45+,Uttar Pradesh,Premium
U012465,18-24,Karnataka,Free
U012466,18-24,Punjab,Free
U012467,35-44,Maharashtra,Free
U012468,35-44,Maharashtra,Premium
U012469,35-44,Kerala,Free
U012470,18-24,Punjab,Free
U012471,25-34,Kerala,Free
U012472,25-34,Maharashtra,Free
U012473,45+,Kerala,Free
U012474,18-24,Tamil Nadu,Free
U012475,25-34,Gujarat,Free
U012476,18-24,Gujarat,Free
U012477,35-44,Telangana,Free
U012478,18-24,Uttar Pradesh,Free
U012479,45+,Uttar Pradesh,Free
U012480,18-24,Kerala,Free
U012481,25-34,Tamil Nadu,Free
U012482,35-44,Uttar Pradesh,Free
U012483,18-24,Uttar Pradesh,Free
U012484,18-24,Tamil Nadu,Free
U012485,25-34,Karnataka,Free
U012486,25-34,Karnataka,Free
U012487,35-44,Uttar Pradesh,Free
U012488,25-34,Delhi,Free
U012489,18-24,Maharashtra,Free
U012490,45+,Telangana,Free
U012491,18-24,Uttar Pradesh,Premium
U012492,25-34,Karnataka,Free
U012493,45+,Telangana,Free
U012494,45+,Delhi,Free
U012495,18-24,Gujarat,Free
U012496,18-24,Uttar Pradesh,Premium
U012497,25-34,West Bengal,Premium
U012498,18-24,Delhi,Free
U012499,35-44,Maharashtra,Free
U012500,25-34,Kerala,Free
U012501,18-24,Delhi,Free
U012502,25-34,Maharashtra,Free
U012503,25-34,Gujarat,Free
U012504,35-44,Telangana,Premium
U012505,25-34,Telangana,Premium
U012506,18-24,West Bengal,Free
U012507,25-34,Karnataka,Premium
U012508,25-34,Punjab,Free
U012509,35-44,Telangana,Free
U012510,35-44,Maharashtra,Free
U012511,45+,Punjab,Free
U012512,25-34,Telangana,Free
U012513,35-44,Uttar Pradesh,Premium
U012514,18-24,West Bengal,Premium
U012515,25-34,Kerala,Free
U012516,25-34,Karnataka,Free
U012517,35-44,Maharashtra,Free
U012518,35-44,Karnataka,Free
U012519,18-24,West Bengal,Free
U012520,35-44,Maharashtra,Free
U012521,35-44,Gujarat,Free
U012522,45+,Punjab,Free
U012523,25-34,West Bengal,Premium
U012524,45+,Gujarat,Free
U012525,35-44,West Bengal,Free
U012526,25-34,Delhi,Free
U012527,25-34,Punjab,Premium
U012528,35-44,Tamil Nadu,Free
U012529,35-44,Uttar Pradesh,Free
U012530,25-34,West Bengal,Premium
U012531,45+,West Bengal,Free
U012532,18-24,Gujarat,Free
U012533,25-34,Delhi,Free
U012534,18-24,Maharashtra,Free
U012535,25-34,Telangana,Free
U012536,18-24,Telangana,Premium
U012537,18-24,Punjab,Free
U012538,25-34,West Bengal,Free
U012539,18-24,Delhi,Free
U012540,18-24,Delhi,Premium
U012541,35-44,Gujarat,Free
U012542,18-24,Maharashtra,Free
U012543,18-24,Telangana,Free
U012544,18-24,Gujarat,Premium
U012545,18-24,Kerala,Free
U012546,18-24,Tamil Nadu,Free
U012547,45+,Karnataka,Free
U012548,25-34,Maharashtra,Premium
U012549,25-34,Delhi,Free
U012550,25-34,Telangana,Premium
U012551,18-24,Telangana,Free
U012552,35-44,Karnataka,Free
U012553,45+,Punjab,Free
U012554,18-24,Maharashtra,Free
U012555,18-24,Delhi,Free
U012556,25-34,Punjab,Free
U012557,18-24,Uttar Pradesh,Free
U012558,18-24,Karnataka,Free
U012559,25-34,Delhi,Free
U012560,25-34,Telangana,Free
U012561,18-24,Delhi,Free
U012562,35-44,Tamil Nadu,Premium
U012563,18-24,Kerala,Free
U012564,18-24,Delhi,Free
U012565,35-44,Uttar Pradesh,Free
U012566,25-34,West Bengal,Premium
U012567,25-34,Uttar Pradesh,Free
U012568,25-34,Kerala,Free
U012569,25-34,Uttar Pradesh,Free
U012570,35-44,Telangana,Premium
U012571,25-34,Maharashtra,Free
U012572,25-34,Maharashtra,Free
U012573,35-44,Delhi,Free
U012574,18-24,Delhi,Free
U012575,35-44,Gujarat,Free
U012576,18-24,Uttar Pradesh,Free
U012577,25-34,West Bengal,Premium
U012578,35-44,Delhi,Free
U012579,25-34,Uttar Pradesh,Free
U012580,18-24,Karnataka,Free
U012581,25-34,Gujarat,Free
U012582,35-44,West Bengal,Free
U012583,45+,Tamil Nadu,Free
U012584,25-34,Kerala,Free
U012585,18-24,West Bengal,Free
U012586,25-34,Uttar Pradesh,Free
U012587,25-34,West Bengal,Premium
U012588,18-24,Karnataka,Premium
U012589,35-44,Maharashtra,Free
U012590,25-34,Uttar Pradesh,Free
U012591,25-34,Kerala,Free
U012592,25-34,Delhi,Free
U012593,18-24,West Bengal,Free
U012594,25-34,Gujarat,Free
U012595,25-34,West Bengal,Free
U012596,18-24,Punjab,Free
U012597,25-34,Delhi,Free
U012598,25-34,Uttar Pradesh,Free
U012599,25-34,Karnataka,Free
U012600,35-44,Gujarat,Free
U012601,25-34,Tamil Nadu,Free
U012602,25-34,Kerala,Free
U012603,35-44,Punjab,Free
U012604,25-34,West Bengal,Free
U012605,25-34,Telangana,Free
U012606,35-44,Punjab,Premium
U012607,25-34,West Bengal,Free
U012608,45+,Tamil Nadu,Premium
U012609,25-34,West Bengal,Premium
U012610,25-34,Maharashtra,Free
U012611,18-24,Delhi,Premium
U012612,18-24,Kerala,Free
U012613,25-34,Uttar Pradesh,Free
U012614,18-24,Delhi,Free
U012615,25-34,Maharashtra,Free
U012616,18-24,Punjab,Premium
U012617,18-24,Maharashtra,Free
U012618,25-34,Punjab,Free
U012619,25-34,West Bengal,Free
U012620,18-24,Kerala,Free
U012621,35-44,West Bengal,Free
U012622,18-24,Tamil Nadu,Free
U012623,18-24,Delhi,Premium
U012624,45+,Telangana,Free
U012625,45+,Uttar Pradesh,Free
U012626,25-34,Punjab,Free
U012627,25-34,Telangana,Free
U012628,35-44,Karnataka,Premium
U012629,25-34,Karnataka,Free
U012630,18-24,Telangana,Free
U012631,18-24,Delhi,Free
U012632,18-24,Delhi,Premium
U012633,35-44,Maharashtra,Free
U012634,25-34,West Bengal,Premium
U012635,18-24,Uttar Pradesh,Free
U012636,18-24,Tamil Nadu,Free
U012637,18-24,West Bengal,Free
U012638,35-44,Uttar Pradesh,Free
U012639,35-44,Kerala,Free
U012640,25-34,Punjab,Free
U012641,35-44,Kerala,Free
U012642,18-24,Karnataka,Free
U012643,25-34,Uttar Pradesh,Free
U012644,25-34,Uttar Pradesh,Free
U012645,18-24,Maharashtra,Premium
U012646,25-34,Gujarat,Free
U012647,35-44,Punjab,Premium
U012648,18-24,Tamil Nadu,Premium
U012649,25-34,Kerala,Free
U012650,35-44,Delhi,Premium
U012651,35-44,Maharashtra,Free
U012652,25-34,Tamil Nadu,Free
U012653,18-24,Telangana,Free
U012654,35-44,Telangana,Free
U012655,18-24,Uttar Pradesh,Free
U012656,18-24,Punjab,Premium
U012657,18-24,Kerala,Premium
U012658,25-34,Delhi,Free
U012659,25-34,Tamil Nadu,Free
U012660,35-44,Telangana,Premium
U012661,25-34,Tamil Nadu,Premium
U012662,45+,Delhi,Free
U012663,25-34,Delhi,Premium
U012664,25-34,Gujarat,Free
U012665,18-24,Uttar Pradesh,Free
U012666,18-24,Maharashtra,Free
U012667,25-34,Punjab,Premium
U012668,35-44,Uttar Pradesh,Free
U012669,18-24,Delhi,Premium
U012670,25-34,Telangana,Premium
U012671,25-34,Punjab,Free
U012672,25-34,Uttar Pradesh,Free
U012673,18-24,Kerala,Free
U012674,18-24,Kerala,Free
U012675,18-24,Maharashtra,Free
U012676,35-44,Delhi,Premium
U012677,35-44,Kerala,Free
U012678,18-24,Punjab,Free
U012679,18-24,Tamil Nadu,Premium
U012680,25-34,Delhi,Premium
U012681,18-24,Maharashtra,Premium
U012682,35-44,Kerala,Free
U012683,25-34,Delhi,Free
U012684,35-44,Delhi,Free
U012685,18-24,Gujarat,Free
U012686,45+,Kerala,Free
U012687,35-44,Punjab,Premium
U012688,35-44,Gujarat,Premium
U012689,45+,Uttar Pradesh,Free
U012690,25-34,Tamil Nadu,Premium
U012691,18-24,Tamil Nadu,Free
U012692,25-34,West Bengal,Free
U012693,35-44,Delhi,Free
U012694,35-44,Gujarat,Free
U012695,25-34,Delhi,Premium
U012696,35-44,Kerala,Free
U012697,18-24,Telangana,Premium
U012698,18-24,Delhi,Free
U012699,25-34,Tamil Nadu,Free
U012700,25-34,Punjab,Free
U012701,18-24,Uttar Pradesh,Free
U012702,35-44,Telangana,Free
U012703,25-34,Karnataka,Free
U012704,25-34,Punjab,Free
U012705,18-24,Delhi,Free
U012706,18-24,Telangana,Free
U012707,25-34,Telangana,Free
U012708,35-44,Uttar Pradesh,Premium
U012709,18-24,West Bengal,Free
U012710,35-44,Tamil Nadu,Free
U012711,35-44,Karnataka,Premium
U012712,35-44,Punjab,Premium
U012713,25-34,West Bengal,Free
U012714,25-34,Delhi,Free
U012715,35-44,Maharashtra,Free
U012716,25-34,Uttar Pradesh,Free
U012717,18-24,Maharashtra,Free
U012718,25-34,Punjab,Premium
U012719,25-34,Telangana,Premium
U012720,25-34,Delhi,Free
U012721,35-44,West Bengal,Premium
U012722,25-34,Telangana,Free
U012723,18-24,Maharashtra,Free
U012724,45+,Tamil Nadu,Free
U012725,18-24,Gujarat,Premium
U012726,18-24,Karnataka,Free
U012727,35-44,West Bengal,Free
U012728,45+,Telangana,Free
U012729,25-34,Tamil Nadu,Free
U012730,25-34,Telangana,Premium
U012731,25-34,Tamil Nadu,Free
U012732,35-44,Maharashtra,Free
U012733,35-44,Tamil Nadu,Premium
U012734,18-24,Tamil Nadu,Free
U012735,35-44,Kerala,Premium
U012736,25-34,Kerala,Premium
U012737,18-24,Telangana,Premium
U012738,18-24,Karnataka,Free
U012739,18-24,West Bengal,Free
U012740,45+,Uttar Pradesh,Free
U012741,25-34,Gujarat,Free
U012742,35-44,Punjab,Free
U012743,18-24,Punjab,Free
U012744,35-44,Tamil Nadu,Free
U012745,25-34,West Bengal,Free
U012746,45+,West Bengal,Free
U012747,25-34,Kerala,Premium
U012748,35-44,Telangana,Free
U012749,25-34,Gujarat,Free
U012750,25-34,Maharashtra,Free
U012751,45+,Punjab,Free
U012752,25-34,Telangana,Free
U012753,35-44,Telangana,Free
U012754,18-24,Uttar Pradesh,Premium
U012755,25-34,West Bengal,Free
U012756,45+,Tamil Nadu,Premium
U012757,35-44,Telangana,Free
U012758,25-34,Delhi,Free
U012759,25-34,Karnataka,Free
U012760,35-44,Maharashtra,Free
U012761,18-24,Delhi,Free
U012762,45+,Tamil Nadu,Free
U012763,18-24,Maharashtra,Free
U012764,18-24,Delhi,Free
U012765,35-44,Gujarat,Premium
U012766,25-34,Gujarat,Free
U012767,25-34,Telangana,Premium
U012768,18-24,Uttar Pradesh,Premium
U012769,45+,Maharashtra,Free
U012770,25-34,Uttar Pradesh,Premium
U012771,45+,Tamil Nadu,Premium
U012772,18-24,Karnataka,Free
U012773,25-34,Kerala,Free
U012774,18-24,Tamil Nadu,Premium
U012775,25-34,West Bengal,Premium
U012776,18-24,Karnataka,Premium
U012777,18-24,Telangana,Free
U012778,25-34,Delhi,Free
U012779,35-44,Punjab,Free
U012780,25-34,Telangana,Free
U012781,25-34,Uttar Pradesh,Free
U012782,25-34,Delhi,Free
U012783,25-34,Telangana,Free
U012784,35-44,Maharashtra,Premium
U012785,35-44,Telangana,Free
U012786,35-44,Gujarat,Free
U012787,18-24,Karnataka,Premium
U012788,25-34,Kerala,Free
U012789,35-44,Karnataka,Free
U012790,45+,Uttar Pradesh,Free
U012791,25-34,West Bengal,Free
U012792,25-34,Karnataka,Premium
U012793,35-44,Punjab,Premium
U012794,45+,Gujarat,Free
U012795,25-34,Tamil Nadu,Premium
U012796,18-24,Karnataka,Free
U012797,35-44,Telangana,Free
U012798,35-44,Maharashtra,Premium
U012799,18-24,Delhi,Free
U012800,18-24,Tamil Nadu,Premium
U012801,25-34,Punjab,Premium
U012802,35-44,Telangana,Free
U012803,35-44,Karnataka,Premium
U012804,18-24,Tamil Nadu,Free
U012805,18-24,Kerala,Free
U012806,35-44,Kerala,Premium
U012807,18-24,Punjab,Free
U012808,25-34,Karnataka,Free
U012809,25-34,West Bengal,Premium
U012810,18-24,Uttar Pradesh,Free
U012811,35-44,Telangana,Premium
U012812,18-24,Maharashtra,Premium
U012813,35-44,Telangana,Premium
U012814,25-34,Kerala,Free
U012815,25-34,Uttar Pradesh,Premium
U012816,35-44,Uttar Pradesh,Free
U012817,18-24,West Bengal,Free
U012818,35-44,Telangana,Premium
U012819,18-24,Delhi,Premium
U012820,45+,Gujarat,Premium
U012821,18-24,Tamil Nadu,Free
U012822,25-34,West Bengal,Free
U012823,18-24,Kerala,Free
U012824,25-34,Maharashtra,Free
U012825,18-24,Karnataka,Premium
U012826,18-24,West Bengal,Free
U012827,18-24,Tamil Nadu,Free
U012828,18-24,West Bengal,Free
U012829,35-44,Telangana,Free
U012830,25-34,Maharashtra,Free
U012831,18-24,Karnataka,Premium
U012832,45+,Tamil Nadu,Premium
U012833,25-34,Karnataka,Free
U012834,18-24,Maharashtra,Free
U012835,25-34,Maharashtra,Free
U012836,25-34,Punjab,Free
U012837,25-34,Gujarat,Free
U012838,35-44,Uttar Pradesh,Free
U012839,25-34,Gujarat,Free
U012840,45+,Uttar Pradesh,Premium
U012841,35-44,Uttar Pradesh,Free
U012842,45+,West Bengal,Free
U012843,25-34,Delhi,Free
U012844,25-34,Karnataka,Free
U012845,35-44,Kerala,Free
U012846,35-44,Karnataka,Premium
U012847,18-24,Punjab,Free
U012848,18-24,Maharashtra,Free
U012849,18-24,Karnataka,Free
U012850,18-24,Karnataka,Free
U012851,45+,Gujarat,Free
U012852,35-44,Kerala,Premium
U012853,18-24,Delhi,Free
U012854,25-34,Telangana,Free
U012855,18-24,Uttar Pradesh,Free
U012856,35-44,Tamil Nadu,Free
U012857,45+,Uttar Pradesh,Premium
U012858,18-24,Maharashtra,Free
U012859,25-34,Karnataka,Free
U012860,45+,Uttar Pradesh,Free
U012861,25-34,Kerala,Premium
U012862,35-44,Punjab,Premium
U012863,25-34,Gujarat,Free
U012864,18-24,Karnataka,Free
U012865,25-34,Kerala,Free
U012866,18-24,Karnataka,Premium
U012867,35-44,Karnataka,Premium
U012868,35-44,Karnataka,Free
U012869,18-24,Karnataka,Free
U012870,25-34,Telangana,Free
U012871,35-44,Gujarat,Free
U012872,45+,West Bengal,Free
U012873,25-34,Maharashtra,Premium
U012874,35-44,Telangana,Premium
U012875,18-24,Tamil Nadu,Premium
U012876,45+,Maharashtra,Free
U012877,25-34,Karnataka,Free
U012878,18-24,Uttar Pradesh,Free
U012879,35-44,Karnataka,Free
U012880,35-44,Kerala,Free
U012881,35-44,Delhi,Free
U012882,18-24,Gujarat,Free
U012883,35-44,Gujarat,Free
U012884,35-44,Delhi,Free
U012885,18-24,West Bengal,Premium
U012886,18-24,Uttar Pradesh,Free
U012887,35-44,Uttar Pradesh,Free
U012888,25-34,Kerala,Free
U012889,25-34,Kerala,Free
U012890,35-44,Telangana,Premium
U012891,18-24,Delhi,Free
U012892,35-44,Maharashtra,Premium
U012893,25-34,Punjab,Free
U012894,18-24,Punjab,Free
U012895,45+,Uttar Pradesh,Premium
U012896,35-44,Gujarat,Free
U012897,18-24,Karnataka,Free
U012898,45+,Karnataka,Free
U012899,45+,Kerala,Premium
U012900,35-44,West Bengal,Free
U012901,18-24,Gujarat,Premium
U012902,18-24,Kerala,Free
U012903,35-44,West Bengal,Free
U012904,45+,Kerala,Free
U012905,18-24,Gujarat,Free
U012906,25-34,Karnataka,Free
U012907,18-24,Punjab,Free
U012908,25-34,Uttar Pradesh,Free
U012909,25-34,Delhi,Free
U012910,18-24,Punjab,Free
U012911,25-34,Delhi,Premium
U012912,25-34,Gujarat,Free
U012913,25-34,Uttar Pradesh,Premium
U012914,35-44,Tamil Nadu,Free
U012915,18-24,Maharashtra,Premium
U012916,18-24,Punjab,Free
U012917,25-34,Telangana,Free
U012918,25-34,Karnataka,Premium
U012919,18-24,Kerala,Premium
U012920,45+,Kerala,Premium
U012921,18-24,Tamil Nadu,Premium
U012922,18-24,West Bengal,Free
U012923,35-44,Maharashtra,Premium
U012924,45+,Delhi,Premium
U012925,25-34,Karnataka,Premium
U012926,18-24,Delhi,Free
U012927,25-34,Maharashtra,Premium
U012928,18-24,West Bengal,Free
U012929,25-34,Maharashtra,Free
U012930,25-34,Punjab,Premium
U012931,25-34,Kerala,Free
U012932,25-34,Punjab,Premium
U012933,35-44,Punjab,Free
U012934,18-24,Kerala,Free
U012935,18-24,Maharashtra,Free
U012936,35-44,Karnataka,Free
U012937,18-24,Telangana,Free
U012938,18-24,Maharashtra,Premium
U012939,18-24,West Bengal,Free
U012940,25-34,Tamil Nadu,Premium
U012941,25-34,Karnataka,Free
U012942,25-34,Telangana,Free
U012943,25-34,Maharashtra,Free
U012944,25-34,West Bengal,Free
U012945,18-24,Tamil Nadu,Premium
U012946,35-44,Maharashtra,Free
U012947,45+,Kerala,Premium
U012948,25-34,Tamil Nadu,Premium
U012949,25-34,Maharashtra,Free
U012950,35-44,Karnataka,Premium
U012951,18-24,Kerala,Premium
U012952,18-24,Tamil Nadu,Free
U012953,45+,Karnataka,Free
U012954,18-24,Maharashtra,Free
U012955,18-24,Maharashtra,Free
U012956,25-34,Punjab,Free
U012957,25-34,Punjab,Free
U012958,25-34,West Bengal,Free
U012959,18-24,Tamil Nadu,Free
U012960,35-44,Delhi,Free
U012961,18-24,West Bengal,Premium
U012962,45+,Uttar Pradesh,Free
U012963,18-24,Gujarat,Free
U012964,18-24,Uttar Pradesh,Free
U012965,25-34,Tamil Nadu,Free
U012966,18-24,Karnataka,Free
U012967,25-34,Maharashtra,Free
U012968,18-24,West Bengal,Free
U012969,25-34,Tamil Nadu,Free
U012970,18-24,West Bengal,Free
U012971,25-34,Karnataka,Free
U012972,18-24,Delhi,Free
U012973,18-24,West Bengal,Free
U012974,18-24,Karnataka,Free
U012975,35-44,Telangana,Premium
U012976,35-44,Uttar Pradesh,Free
U012977,18-24,Punjab,Premium
U012978,18-24,Delhi,Premium
U012979,18-24,Kerala,Free
U012980,18-24,Telangana,Premium
U012981,25-34,Karnataka,Free
U012982,25-34,Telangana,Premium
U012983,45+,Uttar Pradesh,Premium
U012984,35-44,Delhi,Free
U012985,18-24,Kerala,Free
U012986,18-24,Telangana,Free
U012987,18-24,Gujarat,Free
U012988,18-24,Uttar Pradesh,Free
U012989,25-34,Delhi,Free
U012990,18-24,Delhi,Free
U012991,18-24,Maharashtra,Free
U012992,18-24,Delhi,Premium
U012993,25-34,Karnataka,Free
U012994,18-24,Punjab,Free
U012995,45+,Gujarat,Premium
U012996,25-34,Kerala,Premium
U012997,18-24,Karnataka,Free
U012998,25-34,Telangana,Free
U012999,25-34,Karnataka,Free
U013000,25-34,Telangana,Free
U013001,25-34,Punjab,Free
U013002,18-24,Kerala,Premium
U013003,18-24,Punjab,Free
U013004,18-24,Uttar Pradesh,Free
U013005,25-34,Uttar Pradesh,Free
U013006,25-34,Delhi,Free
U013007,25-34,Telangana,Free
U013008,45+,Gujarat,Premium
U013009,25-34,Gujarat,Premium
U013010,35-44,Karnataka,Free
U013011,25-34,Telangana,Premium
U013012,25-34,Delhi,Free
U013013,25-34,Punjab,Free
U013014,18-24,Punjab,Premium
U013015,18-24,Punjab,Premium
U013016,25-34,Karnataka,Free
U013017,18-24,West Bengal,Free
U013018,18-24,Gujarat,Free
U013019,35-44,Telangana,Free
U013020,25-34,Tamil Nadu,Free
U013021,18-24,Kerala,Free
U013022,18-24,West Bengal,Premium
U013023,45+,Tamil Nadu,Free
U013024,45+,Maharashtra,Free
U013025,25-34,Telangana,Free
U013026,18-24,Maharashtra,Premium
U013027,25-34,West Bengal,Premium
U013028,18-24,Uttar Pradesh,Premium
U013029,35-44,Kerala,Free
U013030,25-34,Gujarat,Premium
U013031,35-44,Tamil Nadu,Premium
U013032,25-34,Tamil Nadu,Free
U013033,35-44,Telangana,Free
U013034,25-34,Punjab,Free
U013035,25-34,Uttar Pradesh,Free
U013036,25-34,Maharashtra,Premium
U013037,25-34,Uttar Pradesh,Premium
U013038,35-44,Uttar Pradesh,Free
U013039,25-34,Uttar Pradesh,Free
U013040,45+,Maharashtra,Free
U013041,25-34,Uttar Pradesh,Premium
U013042,18-24,Punjab,Free
U013043,18-24,Punjab,Free
U013044,18-24,West Bengal,Free
U013045,35-44,Karnataka,Free
U013046,18-24,Uttar Pradesh,Free
U013047,18-24,Tamil Nadu,Premium
U013048,18-24,Delhi,Free
U013049,35-44,Punjab,Free
U013050,45+,Kerala,Free
U013051,35-44,Telangana,Free
U013052,18-24,Karnataka,Free
U013053,25-34,Punjab,Free
U013054,18-24,West Bengal,Free
U013055,45+,Punjab,Free
U013056,18-24,Maharashtra,Free
U013057,45+,Telangana,Free
U013058,35-44,Gujarat,Free
U013059,35-44,Karnataka,Premium
U013060,35-44,Kerala,Free
U013061,18-24,Tamil Nadu,Premium
U013062,18-24,Uttar Pradesh,Premium
U013063,25-34,West Bengal,Free
U013064,18-24,Telangana,Free
U013065,35-44,Punjab,Premium
U013066,25-34,Gujarat,Free
U013067,35-44,Maharashtra,Free
U013068,35-44,Telangana,Free
U013069,18-24,Punjab,Premium
U013070,18-24,Telangana,Free
U013071,25-34,Uttar Pradesh,Premium
U013072,18-24,Maharashtra,Free
U013073,25-34,Maharashtra,Free
U013074,35-44,Gujarat,Free
U013075,35-44,West Bengal,Free
U013076,25-34,Tamil Nadu,Free
U013077,35-44,Punjab,Premium
U013078,25-34,West Bengal,Premium
U013079,45+,Punjab,Free
U013080,35-44,West Bengal,Free
U013081,35-44,Tamil Nadu,Free
U013082,18-24,Kerala,Free
U013083,35-44,West Bengal,Premium
U013084,18-24,Telangana,Free
U013085,25-34,Maharashtra,Premium
U013086,25-34,West Bengal,Free
U013087,18-24,West Bengal,Free
U013088,18-24,Telangana,Free
U013089,18-24,Telangana,Free
U013090,35-44,West Bengal,Free
U013091,25-34,Punjab,Free
U013092,45+,Tamil Nadu,Free
U013093,35-44,Delhi,Free
U013094,25-34,Kerala,Free
U013095,35-44,Delhi,Premium
U013096,25-34,Gujarat,Premium
U013097,18-24,West Bengal,Free
U013098,45+,Telangana,Free
U013099,45+,Telangana,Free
U013100,18-24,Delhi,Premium
U013101,35-44,West Bengal,Premium
U013102,18-24,Karnataka,Premium
U013103,45+,Kerala,Premium
U013104,25-34,Gujarat,Premium
U013105,18-24,Uttar Pradesh,Free
U013106,35-44,Uttar Pradesh,Free
U013107,25-34,Kerala,Premium
U013108,18-24,Punjab,Free
U013109,35-44,Punjab,Free
U013110,35-44,Uttar Pradesh,Premium
U013111,25-34,Uttar Pradesh,Premium
U013112,35-44,Punjab,Free
U013113,18-24,West Bengal,Free
U013114,18-24,Uttar Pradesh,Free
U013115,25-34,Gujarat,Free
U013116,18-24,Uttar Pradesh,Free
U013117,25-34,Karnataka,Premium
U013118,45+,Telangana,Free
U013119,35-44,Telangana,Premium
U013120,25-34,Uttar Pradesh,Free
U013121,25-34,Uttar Pradesh,Free
U013122,35-44,Telangana,Free
U013123,35-44,Gujarat,Premium
U013124,18-24,Karnataka,Premium
U013125,25-34,West Bengal,Free
U013126,18-24,Gujarat,Free
U013127,18-24,Gujarat,Free
U013128,18-24,Delhi,Free
U013129,25-34,Maharashtra,Free
U013130,35-44,Punjab,Free
U013131,45+,Delhi,Premium
U013132,25-34,Punjab,Free
U013133,25-34,Uttar Pradesh,Premium
U013134,18-24,West Bengal,Premium
U013135,18-24,Maharashtra,Premium
U013136,18-24,Kerala,Free
U013137,45+,Uttar Pradesh,Free
U013138,18-24,Gujarat,Free
U013139,35-44,Gujarat,Free
U013140,18-24,Gujarat,Free
U013141,25-34,Kerala,Free
U013142,35-44,Gujarat,Free
U013143,45+,Kerala,Free
U013144,18-24,West Bengal,Free
U013145,45+,Delhi,Free
U013146,18-24,Uttar Pradesh,Free
U013147,35-44,Maharashtra,Free
U013148,18-24,Punjab,Free
U013149,25-34,Kerala,Premium
U013150,35-44,Kerala,Premium
U013151,35-44,Gujarat,Premium
U013152,35-44,Maharashtra,Free
U013153,18-24,Kerala,Premium
U013154,35-44,Delhi,Premium
U013155,18-24,West Bengal,Premium
U013156,18-24,Punjab,Free
U013157,18-24,Telangana,Premium
U013158,18-24,Delhi,Free
U013159,18-24,Maharashtra,Free
U013160,25-34,Uttar Pradesh,Free
U013161,18-24,Telangana,Free
U013162,25-34,Tamil Nadu,Premium
U013163,18-24,Karnataka,Premium
U013164,35-44,Uttar Pradesh,Free
U013165,18-24,Kerala,Free
U013166,18-24,Tamil Nadu,Free
U013167,25-34,Delhi,Free
U013168,45+,West Bengal,Free
U013169,45+,Punjab,Free
U013170,25-34,Karnataka,Free
U013171,45+,West Bengal,Free
U013172,25-34,Uttar Pradesh,Free
U013173,45+,Punjab,Free
U013174,18-24,Maharashtra,Free
U013175,18-24,Tamil Nadu,Premium
U013176,18-24,West Bengal,Free
U013177,35-44,West Bengal,Free
U013178,18-24,Uttar Pradesh,Free
U013179,18-24,Punjab,Premium
U013180,25-34,Kerala,Free
U013181,45+,Kerala,Free
U013182,25-34,Gujarat,Free
U013183,35-44,Uttar Pradesh,Free
U013184,18-24,Punjab,Premium
U013185,45+,Karnataka,Premium
U013186,18-24,Tamil Nadu,Free
U013187,18-24,Karnataka,Free
U013188,25-34,Delhi,Free
U013189,18-24,Karnataka,Premium
U013190,25-34,Karnataka,Free
U013191,25-34,Kerala,Premium
U013192,18-24,Maharashtra,Premium
U013193,18-24,Kerala,Free
U013194,18-24,Kerala,Free
U013195,18-24,Delhi,Free
U013196,45+,Uttar Pradesh,Free
U013197,25-34,Kerala,Premium
U013198,18-24,Kerala,Free
U013199,18-24,Kerala,Free
U013200,35-44,Gujarat,Free
U013201,35-44,Tamil Nadu,Free
U013202,45+,Telangana,Free
U013203,18-24,West Bengal,Premium
U013204,25-34,Delhi,Free
U013205,18-24,Maharashtra,Free
U013206,35-44,Kerala,Premium
U013207,25-34,Punjab,Free
U013208,25-34,Punjab,Free
U013209,18-24,Delhi,Premium
U013210,35-44,Tamil Nadu,Free
U013211,18-24,Telangana,Premium
U013212,35-44,Uttar Pradesh,Premium
U013213,18-24,Tamil Nadu,Free
U013214,35-44,Karnataka,Free
U013215,18-24,Kerala,Premium
U013216,25-34,Punjab,Free
U013217,35-44,Maharashtra,Premium
U013218,25-34,Maharashtra,Premium
U013219,18-24,Gujarat,Free
U013220,18-24,Kerala,Free
U013221,18-24,Delhi,Free
U013222,25-34,Punjab,Free
U013223,18-24,Gujarat,Free
U013224,18-24,West Bengal,Free
U013225,18-24,Tamil Nadu,Free
U013226,18-24,Karnataka,Free
U013227,18-24,Karnataka,Free
U013228,35-44,Kerala,Premium
U013229,18-24,Delhi,Premium
U013230,45+,Gujarat,Free
U013231,35-44,Punjab,Free
U013232,25-34,Punjab,Premium
U013233,35-44,Karnataka,Free
U013234,25-34,Kerala,Premium
U013235,25-34,Maharashtra,Free
U013236,18-24,Delhi,Free
U013237,25-34,Karnataka,Free
U013238,18-24,Delhi,Free
U013239,25-34,Karnataka,Premium
U013240,18-24,Tamil Nadu,Premium
U013241,25-34,West Bengal,Free
U013242,25-34,Karnataka,Free
U013243,18-24,Telangana,Premium
U013244,18-24,Uttar Pradesh,Premium
U013245,35-44,Tamil Nadu,Free
U013246,18-24,Gujarat,Free
U013247,18-24,Punjab,Free
U013248,18-24,Gujarat,Free
U013249,45+,Telangana,Premium
U013250,25-34,Delhi,Premium
U013251,25-34,Uttar Pradesh,Premium
U013252,35-44,Kerala,Free
U013253,25-34,Karnataka,Premium
U013254,35-44,West Bengal,Free
U013255,25-34,Uttar Pradesh,Free
U013256,35-44,Maharashtra,Free
U013257,25-34,Maharashtra,Free
U013258,18-24,Kerala,Premium
U013259,18-24,Punjab,Premium
U013260,18-24,Gujarat,Free
U013261,25-34,Kerala,Free
U013262,45+,Uttar Pradesh,Free
U013263,35-44,Kerala,Free
U013264,35-44,Uttar Pradesh,Free
U013265,25-34,West Bengal,Premium
U013266,45+,Delhi,Free
U013267,35-44,Punjab,Premium
U013268,18-24,Gujarat,Premium
U013269,25-34,Punjab,Free
U013270,25-34,Uttar Pradesh,Free
U013271,18-24,Gujarat,Free
U013272,18-24,West Bengal,Free
U013273,18-24,Delhi,Premium
U013274,18-24,Delhi,Free
U013275,18-24,Kerala,Premium
U013276,45+,Tamil Nadu,Free
U013277,18-24,Tamil Nadu,Free
U013278,35-44,Maharashtra,Free
U013279,18-24,Tamil Nadu,Premium
U013280,45+,Maharashtra,Free
U013281,35-44,Delhi,Premium
U013282,45+,Uttar Pradesh,Free
U013283,25-34,Kerala,Free
U013284,25-34,Uttar Pradesh,Free
U013285,25-34,Uttar Pradesh,Free
U013286,25-34,Uttar Pradesh,Premium
U013287,35-44,Tamil Nadu,Free
U013288,18-24,Punjab,Free
U013289,18-24,West Bengal,Free
U013290,35-44,West Bengal,Free
U013291,18-24,Tamil Nadu,Free
U013292,35-44,Tamil Nadu,Free
U013293,18-24,Punjab,Free
U013294,25-34,Tamil Nadu,Free
U013295,18-24,Uttar Pradesh,Free
U013296,25-34,Tamil Nadu,Premium
U013297,35-44,Telangana,Free
U013298,35-44,Uttar Pradesh,Free
U013299,18-24,Gujarat,Free
U013300,18-24,Kerala,Free
U013301,35-44,Maharashtra,Free
U013302,18-24,Gujarat,Free
U013303,18-24,Maharashtra,Free
U013304,25-34,Maharashtra,Free
U013305,35-44,Karnataka,Free
U013306,18-24,Tamil Nadu,Free
U013307,18-24,Delhi,Free
U013308,45+,Telangana,Free
U013309,45+,Uttar Pradesh,Premium
U013310,25-34,West Bengal,Free
U013311,25-34,Uttar Pradesh,Free
U013312,45+,Gujarat,Free
U013313,25-34,Gujarat,Free
U013314,35-44,Delhi,Free
U013315,25-34,West Bengal,Free
U013316,18-24,Maharashtra,Free
U013317,35-44,Kerala,Free
U013318,25-34,Gujarat,Free
U013319,18-24,Delhi,Free
U013320,25-34,Telangana,Free
U013321,35-44,Delhi,Free
U013322,18-24,Telangana,Premium
U013323,35-44,Tamil Nadu,Free
U013324,18-24,Gujarat,Premium
U013325,25-34,Punjab,Free
U013326,45+,Kerala,Free
U013327,35-44,West Bengal,Premium
U013328,35-44,Kerala,Free
U013329,25-34,Uttar Pradesh,Premium
U013330,25-34,Delhi,Premium
U013331,25-34,Maharashtra,Free
U013332,18-24,West Bengal,Free
U013333,25-34,Delhi,Free
U013334,25-34,Tamil Nadu,Free
U013335,25-34,Telangana,Premium
U013336,25-34,West Bengal,Free
U013337,25-34,Maharashtra,Free
U013338,18-24,Telangana,Free
U013339,18-24,Kerala,Free
U013340,25-34,Maharashtra,Free
U013341,18-24,Karnataka,Free
U013342,45+,Karnataka,Free
U013343,18-24,Karnataka,Premium
U013344,35-44,Tamil Nadu,Free
U013345,18-24,Delhi,Free
U013346,35-44,Telangana,Free
U013347,35-44,Maharashtra,Premium
U013348,45+,Maharashtra,Premium
U013349,35-44,Telangana,Free
U013350,35-44,Gujarat,Premium
U013351,18-24,Kerala,Premium
U013352,25-34,Karnataka,Free
U013353,18-24,Karnataka,Premium
U013354,35-44,Tamil Nadu,Premium
U013355,35-44,Maharashtra,Free
U013356,18-24,West Bengal,Free
U013357,25-34,Delhi,Free
U013358,18-24,Kerala,Free
U013359,25-34,Karnataka,Premium
U013360,25-34,Karnataka,Free
U013361,25-34,Tamil Nadu,Premium
U013362,35-44,Delhi,Premium
U013363,18-24,Punjab,Free
U013364,35-44,Punjab,Free
U013365,25-34,Gujarat,Free
U013366,18-24,Delhi,Free
U013367,25-34,Delhi,Free
U013368,18-24,Punjab,Free
U013369,25-34,Tamil Nadu,Free
U013370,35-44,West Bengal,Free
U013371,18-24,Tamil Nadu,Premium
U013372,18-24,Telangana,Free
U013373,25-34,Telangana,Free
U013374,18-24,Delhi,Free
U013375,18-24,Maharashtra,Free
U013376,25-34,West Bengal,Free
U013377,25-34,Uttar Pradesh,Free
U013378,35-44,Maharashtra,Premium
U013379,25-34,Uttar Pradesh,Free
U013380,25-34,Uttar Pradesh,Free
U013381,25-34,Kerala,Free
U013382,18-24,Telangana,Premium
U013383,25-34,Karnataka,Free
U013384,35-44,Telangana,Premium
U013385,45+,Maharashtra,Free
U013386,18-24,Punjab,Free
U013387,25-34,Karnataka,Free
U013388,25-34,Telangana,Premium
U013389,18-24,Punjab,Premium
U013390,35-44,Tamil Nadu,Free
U013391,18-24,Kerala,Free
U013392,35-44,Uttar Pradesh,Free
U013393,25-34,Gujarat,Premium
U013394,18-24,Maharashtra,Premium
U013395,35-44,Telangana,Free
U013396,18-24,Tamil Nadu,Free
U013397,35-44,Telangana,Free
U013398,35-44,Kerala,Premium
U013399,25-34,Karnataka,Free
U013400,18-24,Telangana,Free
U013401,25-34,Gujarat,Premium
U013402,25-34,Telangana,Free
U013403,25-34,Telangana,Free
U013404,25-34,Uttar Pradesh,Free
U013405,25-34,Maharashtra,Premium
U013406,35-44,Karnataka,Free
U013407,35-44,Tamil Nadu,Free
U013408,25-34,Maharashtra,Premium
U013409,18-24,Tamil Nadu,Premium
U013410,25-34,Uttar Pradesh,Free
U013411,25-34,Kerala,Free
U013412,35-44,Maharashtra,Free
U013413,35-44,Gujarat,Free
U013414,35-44,Kerala,Free
U013415,18-24,Gujarat,Free
U013416,35-44,Delhi,Free
U013417,35-44,Gujarat,Premium
U013418,18-24,Maharashtra,Premium
U013419,18-24,Maharashtra,Free
U013420,18-24,Karnataka,Premium
U013421,25-34,Gujarat,Free
U013422,25-34,Gujarat,Free
U013423,18-24,West Bengal,Free
U013424,25-34,Maharashtra,Free
U013425,35-44,Gujarat,Premium
U013426,35-44,Punjab,Free
U013427,35-44,Kerala,Premium
U013428,35-44,Punjab,Free
U013429,25-34,Telangana,Free
U013430,35-44,Maharashtra,Free
U013431,25-34,Uttar Pradesh,Free
U013432,35-44,Maharashtra,Free
U013433,35-44,Uttar Pradesh,Free
U013434,25-34,Uttar Pradesh,Free
U013435,25-34,Delhi,Free
U013436,18-24,West Bengal,Free
U013437,18-24,Karnataka,Premium
U013438,18-24,Karnataka,Free
U013439,18-24,Karnataka,Free
U013440,25-34,Punjab,Premium
U013441,18-24,Uttar Pradesh,Free
U013442,35-44,Maharashtra,Free
U013443,25-34,Karnataka,Premium
U013444,35-44,Karnataka,Free
U013445,25-34,Tamil Nadu,Free
U013446,18-24,Karnataka,Free
U013447,18-24,West Bengal,Premium
U013448,35-44,Uttar Pradesh,Free
U013449,18-24,West Bengal,Premium
U013450,25-34,Punjab,Premium
U013451,18-24,Uttar Pradesh,Premium
U013452,25-34,Tamil Nadu,Free
U013453,18-24,Karnataka,Premium
U013454,25-34,West Bengal,Premium
U013455,18-24,Uttar Pradesh,Free
U013456,35-44,Karnataka,Free
U013457,18-24,Punjab,Free
U013458,18-24,Kerala,Free
U013459,18-24,Tamil Nadu,Premium
U013460,45+,Kerala,Free
U013461,25-34,Tamil Nadu,Free
U013462,25-34,Maharashtra,Free
U013463,25-34,Karnataka,Free
U013464,35-44,Gujarat,Premium
U013465,18-24,Uttar Pradesh,Premium
U013466,35-44,Karnataka,Free
U013467,35-44,West Bengal,Premium
U013468,18-24,Maharashtra,Free
U013469,18-24,Punjab,Free
U013470,25-34,West Bengal,Premium
U013471,18-24,Maharashtra,Free
U013472,18-24,Kerala,Premium
U013473,25-34,Uttar Pradesh,Free
U013474,18-24,Maharashtra,Free
U013475,35-44,Telangana,Free
U013476,25-34,Karnataka,Free
U013477,25-34,West Bengal,Free
U013478,25-34,Gujarat,Free
U013479,25-34,Maharashtra,Free
U013480,25-34,West Bengal,Free
U013481,35-44,Delhi,Premium
U013482,25-34,Telangana,Premium
U013483,25-34,Tamil Nadu,Free
U013484,35-44,Telangana,Free
U013485,25-34,Kerala,Free
U013486,18-24,West Bengal,Free
U013487,18-24,Karnataka,Free
U013488,25-34,West Bengal,Free
U013489,35-44,Telangana,Free
U013490,35-44,Maharashtra,Free
U013491,25-34,West Bengal,Free
U013492,18-24,Karnataka,Premium
U013493,35-44,Delhi,Free
U013494,25-34,Telangana,Free
U013495,45+,Telangana,Free
U013496,35-44,Kerala,Premium
U013497,25-34,Tamil Nadu,Free
U013498,25-34,Kerala,Premium
U013499,25-34,Punjab,Free
U013500,18-24,West Bengal,Free
U013501,25-34,Uttar Pradesh,Free
U013502,18-24,Telangana,Premium
U013503,18-24,West Bengal,Premium
U013504,35-44,Karnataka,Free
U013505,25-34,West Bengal,Premium
U013506,35-44,Gujarat,Free
U013507,25-34,Gujarat,Free
U013508,35-44,Uttar Pradesh,Premium
U013509,35-44,Karnataka,Free
U013510,35-44,Gujarat,Premium
U013511,25-34,Karnataka,Free
U013512,45+,Gujarat,Free
U013513,25-34,Maharashtra,Free
U013514,35-44,Uttar Pradesh,Premium
U013515,25-34,Punjab,Premium
U013516,18-24,Punjab,Premium
U013517,25-34,Telangana,Free
U013518,25-34,Telangana,Free
U013519,18-24,Delhi,Free
U013520,25-34,Telangana,Free
U013521,18-24,Gujarat,Free
U013522,45+,Tamil Nadu,Free
U013523,25-34,Telangana,Free
U013524,18-24,Gujarat,Free
U013525,35-44,Delhi,Free
U013526,25-34,Karnataka,Premium
U013527,35-44,Gujarat,Premium
U013528,25-34,Delhi,Free
U013529,18-24,Punjab,Free
U013530,18-24,Punjab,Free
U013531,35-44,Gujarat,Free
U013532,35-44,Delhi,Free
U013533,35-44,Karnataka,Premium
U013534,18-24,Tamil Nadu,Free
U013535,35-44,Maharashtra,Free
U013536,25-34,Delhi,Free
U013537,25-34,Karnataka,Premium
U013538,18-24,Maharashtra,Premium
U013539,35-44,Uttar Pradesh,Premium
U013540,45+,Tamil Nadu,Free
U013541,18-24,Maharashtra,Free
U013542,35-44,West Bengal,Free
U013543,25-34,Kerala,Free
U013544,18-24,West Bengal,Free
U013545,18-24,Telangana,Free
U013546,35-44,Maharashtra,Premium
U013547,18-24,Kerala,Free
U013548,18-24,Uttar Pradesh,Free
U013549,35-44,Karnataka,Free
U013550,25-34,Delhi,Free
U013551,35-44,Punjab,Free
U013552,25-34,West Bengal,Premium
U013553,25-34,West Bengal,Free
U013554,35-44,Gujarat,Premium
U013555,18-24,Tamil Nadu,Premium
U013556,18-24,Gujarat,Free
U013557,25-34,Punjab,Free
U013558,45+,Telangana,Free
U013559,25-34,West Bengal,Premium
U013560,45+,Punjab,Premium
U013561,35-44,Karnataka,Free
U013562,25-34,Gujarat,Free
U013563,25-34,Telangana,Free
U013564,18-24,West Bengal,Free
U013565,25-34,West Bengal,Free
U013566,18-24,Kerala,Free
U013567,25-34,Uttar Pradesh,Premium
U013568,18-24,Karnataka,Premium
U013569,45+,Karnataka,Free
U013570,25-34,Uttar Pradesh,Premium
U013571,25-34,Tamil Nadu,Free
U013572,25-34,Uttar Pradesh,Free
U013573,18-24,Gujarat,Free
U013574,25-34,Kerala,Free
U013575,35-44,Kerala,Premium
U013576,25-34,Uttar Pradesh,Premium
U013577,25-34,Punjab,Free
U013578,35-44,Tamil Nadu,Free
U013579,18-24,Telangana,Free
U013580,35-44,Delhi,Free
U013581,18-24,Telangana,Free
U013582,35-44,West Bengal,Free
U013583,45+,Telangana,Free
U013584,35-44,West Bengal,Free
U013585,18-24,Delhi,Free
U013586,25-34,Tamil Nadu,Free
U013587,35-44,Uttar Pradesh,Free
U013588,25-34,Punjab,Premium
U013589,25-34,Tamil Nadu,Premium
U013590,25-34,West Bengal,Premium
U013591,18-24,West Bengal,Free
U013592,25-34,Delhi,Free
U013593,18-24,Delhi,Free
U013594,25-34,Kerala,Free
U013595,25-34,Telangana,Free
U013596,18-24,Uttar Pradesh,Free
U013597,18-24,Uttar Pradesh,Premium
U013598,45+,Delhi,Premium
U013599,25-34,Karnataka,Premium
U013600,25-34,Gujarat,Free
U013601,35-44,Punjab,Free
U013602,25-34,Delhi,Free
U013603,25-34,Delhi,Free
U013604,25-34,Telangana,Free
U013605,18-24,Karnataka,Free
U013606,25-34,Uttar Pradesh,Free
U013607,18-24,Uttar Pradesh,Free
U013608,45+,Maharashtra,Free
U013609,25-34,Uttar Pradesh,Free
U013610,18-24,Maharashtra,Free
U013611,25-34,Kerala,Premium
U013612,18-24,Uttar Pradesh,Free
U013613,25-34,Karnataka,Free
U013614,35-44,Delhi,Premium
U013615,35-44,Maharashtra,Premium
U013616,35-44,Karnataka,Free
U013617,25-34,Uttar Pradesh,Premium
U013618,25-34,Tamil Nadu,Free
U013619,18-24,Tamil Nadu,Free
U013620,25-34,Maharashtra,Premium
U013621,25-34,West Bengal,Free
U013622,18-24,Delhi,Free
U013623,18-24,West Bengal,Free
U013624,18-24,Gujarat,Premium
U013625,18-24,Kerala,Premium
U013626,18-24,Telangana,Free
U013627,25-34,West Bengal,Free
U013628,25-34,Karnataka,Free
U013629,25-34,Kerala,Free
U013630,18-24,West Bengal,Free
U013631,25-34,Delhi,Free
U013632,35-44,Karnataka,Free
U013633,18-24,Kerala,Free
U013634,18-24,Tamil Nadu,Premium
U013635,25-34,Punjab,Free
U013636,18-24,Uttar Pradesh,Free
U013637,18-24,Gujarat,Free
U013638,25-34,Kerala,Free
U013639,25-34,Tamil Nadu,Premium
U013640,35-44,Telangana,Premium
U013641,35-44,Uttar Pradesh,Free
U013642,25-34,Telangana,Premium
U013643,25-34,Gujarat,Premium
U013644,45+,Gujarat,Free
U013645,25-34,Gujarat,Premium
U013646,45+,West Bengal,Free
U013647,35-44,Karnataka,Premium
U013648,18-24,Karnataka,Premium
U013649,18-24,Gujarat,Premium
U013650,18-24,Tamil Nadu,Free
U013651,35-44,Punjab,Premium
U013652,18-24,Delhi,Free
U013653,25-34,West Bengal,Premium
U013654,25-34,Uttar Pradesh,Free
U013655,35-44,Karnataka,Free
U013656,35-44,West Bengal,Premium
U013657,18-24,Karnataka,Free
U013658,18-24,Karnataka,Free
U013659,25-34,Tamil Nadu,Free
U013660,35-44,Karnataka,Free
U013661,35-44,Gujarat,Premium
U013662,25-34,Uttar Pradesh,Premium
U013663,35-44,Punjab,Free
U013664,25-34,Karnataka,Premium
U013665,18-24,Maharashtra,Free
U013666,35-44,Kerala,Premium
U013667,25-34,Kerala,Premium
U013668,35-44,Gujarat,Free
U013669,25-34,Telangana,Free
U013670,25-34,Uttar Pradesh,Free
U013671,18-24,Delhi,Premium
U013672,25-34,Karnataka,Free
U013673,18-24,Tamil Nadu,Free
U013674,35-44,Kerala,Free
U013675,18-24,Punjab,Premium
U013676,18-24,Karnataka,Free
U013677,25-34,Maharashtra,Free
U013678,25-34,Uttar Pradesh,Free
U013679,25-34,Tamil Nadu,Free
U013680,25-34,Maharashtra,Free
U013681,25-34,Punjab,Premium
U013682,25-34,Telangana,Premium
U013683,25-34,Tamil Nadu,Free
U013684,18-24,Telangana,Free
U013685,25-34,Maharashtra,Free
U013686,35-44,Gujarat,Premium
U013687,25-34,Gujarat,Free
U013688,45+,Punjab,Free
U013689,18-24,Karnataka,Free
U013690,35-44,Maharashtra,Free
U013691,35-44,Delhi,Free
U013692,25-34,Gujarat,Premium
U013693,25-34,Delhi,Free
U013694,18-24,Karnataka,Premium
U013695,35-44,Uttar Pradesh,Premium
U013696,25-34,Karnataka,Free
U013697,25-34,West Bengal,Free
U013698,18-24,Delhi,Free
U013699,18-24,Gujarat,Free
U013700,45+,Uttar Pradesh,Free
U013701,18-24,Uttar Pradesh,Premium
U013702,25-34,West Bengal,Premium
U013703,18-24,Uttar Pradesh,Premium
U013704,25-34,West Bengal,Premium
U013705,35-44,Karnataka,Free
U013706,45+,Gujarat,Premium
U013707,25-34,Punjab,Free
U013708,18-24,Gujarat,Free
U013709,18-24,Uttar Pradesh,Free
U013710,18-24,Tamil Nadu,Free
U013711,25-34,Punjab,Free
U013712,45+,Delhi,Free
U013713,18-24,Telangana,Free
U013714,25-34,West Bengal,Premium
U013715,25-34,Telangana,Free
U013716,25-34,West Bengal,Free
U013717,25-34,Maharashtra,Free
U013718,25-34,Maharashtra,Free
U013719,18-24,Punjab,Premium
U013720,25-34,Gujarat,Free
U013721,25-34,Telangana,Free
U013722,35-44,Karnataka,Free
U013723,18-24,West Bengal,Free
U013724,25-34,Tamil Nadu,Premium
U013725,45+,Delhi,Free
U013726,25-34,Telangana,Premium
U013727,18-24,West Bengal,Free
U013728,45+,Uttar Pradesh,Premium
U013729,18-24,Karnataka,Free
U013730,35-44,Delhi,Free
U013731,18-24,Gujarat,Free
U013732,35-44,Karnataka,Free
U013733,18-24,Delhi,Free
U013734,25-34,Telangana,Premium
U013735,45+,Maharashtra,Premium
U013736,25-34,Uttar Pradesh,Free
U013737,18-24,Kerala,Free
U013738,18-24,Tamil Nadu,Free
U013739,18-24,Telangana,Premium
U013740,18-24,Karnataka,Free
U013741,25-34,Tamil Nadu,Free
U013742,25-34,Uttar Pradesh,Premium
U013743,45+,Kerala,Free
U013744,35-44,West Bengal,Premium
U013745,45+,Uttar Pradesh,Free
U013746,25-34,Delhi,Free
U013747,25-34,Uttar Pradesh,Free
U013748,25-34,Delhi,Premium
U013749,25-34,Punjab,Free
U013750,18-24,West Bengal,Free
U013751,35-44,Delhi,Premium
U013752,25-34,Tamil Nadu,Free
U013753,18-24,Karnataka,Free
U013754,25-34,Maharashtra,Free
U013755,18-24,Delhi,Free
U013756,25-34,Tamil Nadu,Premium
U013757,25-34,Maharashtra,Free
U013758,35-44,Uttar Pradesh,Free
U013759,25-34,Tamil Nadu,Free
U013760,25-34,Kerala,Free
U013761,35-44,Punjab,Premium
U013762,45+,Telangana,Free
U013763,35-44,Delhi,Free
U013764,25-34,Delhi,Free
U013765,25-34,West Bengal,Free
U013766,25-34,Karnataka,Premium
U013767,35-44,Uttar Pradesh,Free
U013768,45+,Uttar Pradesh,Premium
U013769,25-34,Delhi,Premium
U013770,25-34,West Bengal,Premium
U013771,18-24,Kerala,Free
U013772,18-24,Punjab,Free
U013773,18-24,Gujarat,Free
U013774,18-24,Kerala,Premium
U013775,25-34,Karnataka,Free
U013776,25-34,Maharashtra,Free
U013777,25-34,Tamil Nadu,Premium
U013778,25-34,Karnataka,Free
U013779,18-24,Telangana,Free
U013780,25-34,Punjab,Premium
U013781,18-24,Karnataka,Premium
U013782,18-24,Gujarat,Premium
U013783,45+,Gujarat,Free
U013784,18-24,Kerala,Free
U013785,18-24,Karnataka,Free
U013786,25-34,Tamil Nadu,Free
U013787,25-34,Punjab,Premium
U013788,25-34,Tamil Nadu,Free
U013789,35-44,Telangana,Premium
U013790,25-34,Gujarat,Premium
U013791,25-34,Kerala,Free
U013792,35-44,Delhi,Premium
U013793,18-24,Uttar Pradesh,Free
U013794,25-34,Maharashtra,Free
U013795,18-24,Maharashtra,Free
U013796,18-24,Gujarat,Premium
U013797,45+,Punjab,Premium
U013798,35-44,Gujarat,Premium
U013799,18-24,Maharashtra,Free
U013800,25-34,Punjab,Premium
U013801,18-24,Gujarat,Premium
U013802,25-34,Delhi,Free
U013803,25-34,Telangana,Free
U013804,45+,Kerala,Premium
U013805,18-24,Karnataka,Free
U013806,18-24,Delhi,Premium
U013807,45+,Gujarat,Free
U013808,35-44,West Bengal,Free
U013809,18-24,Uttar Pradesh,Free
U013810,25-34,Kerala,Free
U013811,35-44,Kerala,Premium
U013812,25-34,West Bengal,Free
U013813,25-34,West Bengal,Free
U013814,25-34,Tamil Nadu,Premium
U013815,45+,Uttar Pradesh,Free
U013816,25-34,Gujarat,Free
U013817,18-24,Punjab,Premium
U013818,25-34,Uttar Pradesh,Premium
U013819,35-44,Punjab,Premium
U013820,25-34,Kerala,Free
U013821,18-24,Uttar Pradesh,Free
U013822,25-34,Tamil Nadu,Premium
U013823,25-34,Delhi,Premium
U013824,45+,Uttar Pradesh,Premium
U013825,25-34,Kerala,Free
U013826,35-44,Tamil Nadu,Free
U013827,25-34,Uttar Pradesh,Premium
U013828,18-24,Delhi,Premium
U013829,25-34,Telangana,Free
U013830,18-24,Delhi,Free
U013831,35-44,Delhi,Free
U013832,35-44,Karnataka,Premium
U013833,18-24,Telangana,Premium
U013834,25-34,Delhi,Free
U013835,45+,Telangana,Free
U013836,18-24,Kerala,Free
U013837,45+,Delhi,Free
U013838,18-24,Maharashtra,Premium
U013839,18-24,Kerala,Free
U013840,25-34,Tamil Nadu,Premium
U013841,18-24,Delhi,Free
U013842,35-44,Gujarat,Premium
U013843,25-34,Tamil Nadu,Free
U013844,25-34,Delhi,Free
U013845,25-34,Karnataka,Free
U013846,25-34,Telangana,Free
U013847,35-44,Punjab,Free
U013848,25-34,Uttar Pradesh,Premium
U013849,35-44,West Bengal,Free
U013850,25-34,Maharashtra,Premium
U013851,25-34,Karnataka,Free
U013852,25-34,Karnataka,Free
U013853,25-34,Delhi,Free
U013854,18-24,Maharashtra,Premium
U013855,25-34,Delhi,Free
U013856,25-34,West Bengal,Free
U013857,18-24,Punjab,Free
U013858,35-44,Tamil Nadu,Free
U013859,35-44,Delhi,Free
U013860,18-24,Uttar Pradesh,Free
U013861,45+,Uttar Pradesh,Premium
U013862,45+,West Bengal,Free
U013863,35-44,Karnataka,Free
U013864,18-24,West Bengal,Free
U013865,25-34,Karnataka,Free
U013866,25-34,Uttar Pradesh,Free
U013867,35-44,West Bengal,Premium
U013868,25-34,Delhi,Free
U013869,25-34,Maharashtra,Premium
U013870,35-44,Kerala,Free
U013871,45+,Kerala,Premium
U013872,25-34,Kerala,Free
U013873,45+,Karnataka,Free
U013874,35-44,West Bengal,Free
U013875,18-24,Punjab,Premium
U013876,35-44,West Bengal,Free
U013877,18-24,Karnataka,Free
U013878,18-24,Delhi,Free
U013879,45+,Gujarat,Free
U013880,25-34,Gujarat,Free
U013881,25-34,Kerala,Premium
U013882,45+,West Bengal,Free
U013883,25-34,West Bengal,Free
U013884,18-24,Kerala,Premium
U013885,18-24,Telangana,Free
U013886,25-34,Gujarat,Free
U013887,18-24,Kerala,Free
U013888,18-24,Telangana,Premium
U013889,35-44,Telangana,Free
U013890,18-24,Uttar Pradesh,Free
U013891,25-34,Telangana,Free
U013892,18-24,Delhi,Free
U013893,25-34,Gujarat,Free
U013894,25-34,Maharashtra,Free
U013895,25-34,Punjab,Free
U013896,18-24,Karnataka,Free
U013897,18-24,Maharashtra,Premium
U013898,18-24,Punjab,Free
U013899,18-24,Delhi,Premium
U013900,25-34,Telangana,Free
U013901,18-24,Gujarat,Free
U013902,18-24,Punjab,Premium
U013903,18-24,Karnataka,Free
U013904,35-44,West Bengal,Free
U013905,25-34,West Bengal,Free
U013906,25-34,Uttar Pradesh,Free
U013907,25-34,Telangana,Free
U013908,25-34,Kerala,Free
U013909,18-24,Gujarat,Premium
U013910,25-34,Tamil Nadu,Premium
U013911,25-34,Gujarat,Premium
U013912,25-34,Uttar Pradesh,Free
U013913,18-24,Delhi,Premium
U013914,45+,Kerala,Premium
U013915,35-44,West Bengal,Free
U013916,18-24,Gujarat,Free
U013917,45+,Telangana,Free
U013918,18-24,Punjab,Premium
U013919,18-24,Tamil Nadu,Free
U013920,18-24,West Bengal,Free
U013921,45+,Gujarat,Free
U013922,18-24,Maharashtra,Premium
U013923,35-44,Delhi,Free
U013924,25-34,Punjab,Premium
U013925,25-34,Telangana,Free
U013926,25-34,Maharashtra,Premium
U013927,18-24,Uttar Pradesh,Free
U013928,35-44,Kerala,Free
U013929,25-34,Uttar Pradesh,Premium
U013930,25-34,Maharashtra,Free
U013931,18-24,Punjab,Free
U013932,35-44,Tamil Nadu,Free
U013933,25-34,Kerala,Premium
U013934,25-34,West Bengal,Free
U013935,25-34,Tamil Nadu,Free
U013936,18-24,Karnataka,Free
U013937,18-24,Karnataka,Premium
U013938,18-24,Karnataka,Premium
U013939,25-34,West Bengal,Premium
U013940,18-24,Gujarat,Premium
U013941,18-24,Tamil Nadu,Free
U013942,18-24,Uttar Pradesh,Free
U013943,18-24,Punjab,Free
U013944,25-34,Gujarat,Premium
U013945,25-34,Maharashtra,Free
U013946,25-34,Kerala,Free
U013947,25-34,Uttar Pradesh,Free
U013948,25-34,Punjab,Premium
U013949,25-34,West Bengal,Free
U013950,35-44,Maharashtra,Free
U013951,35-44,Gujarat,Free
U013952,35-44,Tamil Nadu,Free
U013953,35-44,Tamil Nadu,Free
U013954,35-44,Uttar Pradesh,Free
U013955,25-34,Uttar Pradesh,Free
U013956,25-34,Punjab,Free
U013957,35-44,Uttar Pradesh,Free
U013958,18-24,Punjab,Premium
U013959,25-34,Gujarat,Premium
U013960,45+,Kerala,Free
U013961,25-34,Telangana,Free
U013962,18-24,Telangana,Free
U013963,25-34,Karnataka,Free
U013964,18-24,Tamil Nadu,Free
U013965,25-34,Telangana,Free
U013966,25-34,Gujarat,Free
U013967,25-34,Tamil Nadu,Free
U013968,25-34,Telangana,Free
U013969,18-24,Kerala,Free
U013970,25-34,Uttar Pradesh,Free
U013971,18-24,Gujarat,Free
U013972,25-34,Karnataka,Free
U013973,25-34,Gujarat,Free
U013974,18-24,Tamil Nadu,Free
U013975,45+,Maharashtra,Free
U013976,25-34,Maharashtra,Premium
U013977,18-24,Punjab,Free
U013978,25-34,Karnataka,Free
U013979,18-24,Tamil Nadu,Premium
U013980,18-24,Delhi,Free
U013981,45+,Delhi,Free
U013982,25-34,Maharashtra,Free
U013983,35-44,Uttar Pradesh,Free
U013984,25-34,Punjab,Free
U013985,45+,West Bengal,Free
U013986,35-44,Tamil Nadu,Free
U013987,18-24,Karnataka,Free
U013988,18-24,Punjab,Free
U013989,25-34,Maharashtra,Premium
U013990,18-24,Delhi,Free
U013991,25-34,West Bengal,Free
U013992,18-24,Tamil Nadu,Free
U013993,35-44,Uttar Pradesh,Premium
U013994,18-24,Delhi,Free
U013995,35-44,Uttar Pradesh,Free
U013996,25-34,Maharashtra,Free
U013997,18-24,Kerala,Premium
U013998,35-44,Uttar Pradesh,Free
U013999,25-34,Delhi,Free
U014000,35-44,Tamil Nadu,Premium
U014001,35-44,Uttar Pradesh,Free
U014002,18-24,Gujarat,Free
U014003,18-24,Punjab,Free
U014004,18-24,Delhi,Premium
U014005,18-24,Karnataka,Premium
U014006,45+,Tamil Nadu,Free
U014007,35-44,Punjab,Free
U014008,25-34,Maharashtra,Free
U014009,25-34,Tamil Nadu,Free
U014010,45+,Tamil Nadu,Free
U014011,18-24,Karnataka,Premium
U014012,18-24,Gujarat,Free
U014013,35-44,Punjab,Free
U014014,35-44,Gujarat,Free
U014015,18-24,Maharashtra,Premium
U014016,25-34,Telangana,Free
U014017,18-24,Uttar Pradesh,Free
U014018,25-34,Punjab,Free
U014019,25-34,West Bengal,Free
U014020,18-24,Kerala,Premium
U014021,35-44,Karnataka,Free
U014022,25-34,West Bengal,Free
U014023,35-44,West Bengal,Premium
U014024,25-34,Tamil Nadu,Free
U014025,25-34,Karnataka,Free
U014026,18-24,Tamil Nadu,Free
U014027,18-24,Delhi,Premium
U014028,35-44,Tamil Nadu,Free
U014029,25-34,Karnataka,Free
U014030,18-24,Karnataka,Premium
U014031,45+,Punjab,Free
U014032,35-44,Telangana,Free
U014033,18-24,Maharashtra,Free
U014034,18-24,Maharashtra,Free
U014035,25-34,Punjab,Free
U014036,18-24,Telangana,Free
U014037,45+,Punjab,Free
U014038,25-34,Tamil Nadu,Premium
U014039,18-24,Delhi,Free
U014040,25-34,Tamil Nadu,Free
U014041,18-24,Tamil Nadu,Free
U014042,25-34,Karnataka,Free
U014043,18-24,Maharashtra,Premium
U014044,35-44,West Bengal,Premium
U014045,35-44,Punjab,Free
U014046,45+,Tamil Nadu,Free
U014047,18-24,Kerala,Free
U014048,25-34,Delhi,Free
U014049,35-44,West Bengal,Free
U014050,25-34,Karnataka,Free
U014051,25-34,Telangana,Free
U014052,45+,Maharashtra,Free
U014053,35-44,Tamil Nadu,Free
U014054,35-44,Karnataka,Free
U014055,25-34,Delhi,Premium
U014056,25-34,Telangana,Premium
U014057,25-34,West Bengal,Free
U014058,25-34,Karnataka,Free
U014059,18-24,West Bengal,Free
U014060,35-44,Karnataka,Premium
U014061,25-34,Gujarat,Free
U014062,25-34,Punjab,Premium
U014063,35-44,Kerala,Free
U014064,35-44,Karnataka,Premium
U014065,18-24,Telangana,Free
U014066,25-34,Maharashtra,Free
U014067,25-34,Maharashtra,Free
U014068,18-24,Uttar Pradesh,Free
U014069,18-24,Maharashtra,Free
U014070,25-34,Telangana,Premium
U014071,35-44,Tamil Nadu,Free
U014072,45+,West Bengal,Premium
U014073,25-34,Maharashtra,Free
U014074,25-34,Delhi,Free
U014075,18-24,Karnataka,Free
U014076,45+,Uttar Pradesh,Free
U014077,35-44,Karnataka,Free
U014078,45+,Telangana,Free
U014079,25-34,Telangana,Free
U014080,18-24,Tamil Nadu,Free
U014081,25-34,Gujarat,Free
U014082,25-34,Kerala,Free
U014083,18-24,Tamil Nadu,Free
U014084,18-24,Karnataka,Premium
U014085,18-24,Punjab,Free
U014086,25-34,Uttar Pradesh,Free
U014087,45+,Delhi,Premium
U014088,35-44,Delhi,Premium
U014089,35-44,Punjab,Free
U014090,18-24,Gujarat,Free
U014091,35-44,West Bengal,Premium
U014092,25-34,Uttar Pradesh,Premium
U014093,18-24,Kerala,Premium
U014094,25-34,Tamil Nadu,Free
U014095,18-24,Maharashtra,Free
U014096,35-44,Gujarat,Free
U014097,35-44,West Bengal,Free
U014098,18-24,Maharashtra,Free
U014099,25-34,Uttar Pradesh,Free
U014100,25-34,West Bengal,Premium
U014101,18-24,West Bengal,Free
U014102,25-34,Karnataka,Free
U014103,35-44,Karnataka,Free
U014104,35-44,Karnataka,Premium
U014105,18-24,Maharashtra,Premium
U014106,25-34,Tamil Nadu,Free
U014107,18-24,Maharashtra,Free
U014108,18-24,Telangana,Premium
U014109,18-24,Punjab,Free
U014110,18-24,West Bengal,Free
U014111,18-24,Karnataka,Free
U014112,25-34,Punjab,Free
U014113,25-34,Delhi,Free
U014114,18-24,Karnataka,Free
U014115,18-24,Maharashtra,Free
U014116,45+,Punjab,Premium
U014117,35-44,Tamil Nadu,Free
U014118,18-24,West Bengal,Free
U014119,25-34,Tamil Nadu,Free
U014120,18-24,Delhi,Free
U014121,45+,Kerala,Free
U014122,25-34,Tamil Nadu,Premium
U014123,18-24,West Bengal,Premium
U014124,35-44,Uttar Pradesh,Free
U014125,35-44,Maharashtra,Free
U014126,18-24,Uttar Pradesh,Free
U014127,18-24,Uttar Pradesh,Free
U014128,25-34,Telangana,Free
U014129,18-24,Maharashtra,Free
U014130,18-24,Punjab,Premium
U014131,35-44,Punjab,Premium
U014132,35-44,Telangana,Free
U014133,25-34,West Bengal,Premium
U014134,25-34,Tamil Nadu,Premium
U014135,25-34,Karnataka,Free
U014136,25-34,Maharashtra,Premium
U014137,35-44,Uttar Pradesh,Free
U014138,18-24,Uttar Pradesh,Free
U014139,18-24,Maharashtra,Premium
U014140,18-24,Karnataka,Free
U014141,35-44,Uttar Pradesh,Free
U014142,25-34,Karnataka,Premium
U014143,25-34,West Bengal,Free
U014144,25-34,Telangana,Free
U014145,35-44,West Bengal,Free
U014146,18-24,Gujarat,Free
U014147,25-34,Karnataka,Free
U014148,35-44,Kerala,Premium
U014149,25-34,Tamil Nadu,Premium
U014150,25-34,Punjab,Free
U014151,18-24,Maharashtra,Free
U014152,45+,Kerala,Free
U014153,25-34,West Bengal,Free
U014154,35-44,Gujarat,Free
U014155,35-44,Punjab,Free
U014156,35-44,Kerala,Free
U014157,18-24,Maharashtra,Free
U014158,25-34,Delhi,Free
U014159,18-24,Telangana,Free
U014160,18-24,Telangana,Premium
U014161,18-24,Telangana,Premium
U014162,25-34,Gujarat,Free
U014163,25-34,Gujarat,Premium
U014164,25-34,Delhi,Premium
U014165,18-24,Punjab,Premium
U014166,18-24,Telangana,Premium
U014167,25-34,Uttar Pradesh,Premium
U014168,25-34,West Bengal,Premium
U014169,18-24,Delhi,Free
U014170,35-44,West Bengal,Free
U014171,18-24,Karnataka,Premium
U014172,25-34,Delhi,Free
U014173,35-44,Kerala,Free
U014174,25-34,Punjab,Free
U014175,25-34,Kerala,Free
U014176,45+,Telangana,Premium
U014177,18-24,Tamil Nadu,Free
U014178,18-24,Punjab,Free
U014179,45+,Punjab,Premium
U014180,35-44,Karnataka,Free
U014181,25-34,West Bengal,Premium
U014182,18-24,Tamil Nadu,Free
U014183,18-24,Maharashtra,Free
U014184,35-44,Maharashtra,Free
U014185,25-34,Punjab,Free
U014186,18-24,Telangana,Premium
U014187,18-24,Karnataka,Free
U014188,35-44,Uttar Pradesh,Premium
U014189,25-34,Punjab,Free
U014190,45+,Tamil Nadu,Free
U014191,25-34,Karnataka,Free
U014192,18-24,Punjab,Free
U014193,18-24,Gujarat,Free
U014194,25-34,Punjab,Free
U014195,18-24,Maharashtra,Free
U014196,18-24,Telangana,Free
U014197,18-24,West Bengal,Premium
U014198,18-24,Tamil Nadu,Free
U014199,35-44,Tamil Nadu,Free
U014200,18-24,Gujarat,Free
U014201,25-34,Karnataka,Premium
U014202,25-34,West Bengal,Free
U014203,18-24,Gujarat,Free
U014204,25-34,Karnataka,Free
U014205,35-44,Telangana,Premium
U014206,25-34,Karnataka,Free
U014207,25-34,West Bengal,Premium
U014208,35-44,Telangana,Free
U014209,45+,Gujarat,Premium
U014210,35-44,Punjab,Free
U014211,25-34,Delhi,Free
U014212,25-34,Tamil Nadu,Premium
U014213,25-34,West Bengal,Free
U014214,18-24,Punjab,Free
U014215,25-34,Uttar Pradesh,Premium
U014216,35-44,Telangana,Free
U014217,18-24,Gujarat,Premium
U014218,35-44,Telangana,Free
U014219,45+,Karnataka,Free
U014220,18-24,Gujarat,Free
U014221,18-24,Delhi,Premium
U014222,45+,Punjab,Free
U014223,18-24,Kerala,Free
U014224,35-44,Uttar Pradesh,Free
U014225,18-24,Punjab,Free
U014226,18-24,Telangana,Free
U014227,18-24,Tamil Nadu,Free
U014228,18-24,Kerala,Free
U014229,45+,Tamil Nadu,Free
U014230,18-24,West Bengal,Free
U014231,18-24,West Bengal,Premium
U014232,25-34,Gujarat,Premium
U014233,45+,Delhi,Premium
U014234,25-34,West Bengal,Premium
U014235,35-44,Delhi,Premium
U014236,18-24,Maharashtra,Free
U014237,35-44,Kerala,Free
U014238,35-44,Karnataka,Free
U014239,35-44,Kerala,Free
U014240,25-34,Uttar Pradesh,Premium
U014241,45+,Delhi,Free
U014242,25-34,Tamil Nadu,Premium
U014243,35-44,Maharashtra,Free
U014244,35-44,Gujarat,Free
U014245,18-24,Uttar Pradesh,Free
U014246,45+,Gujarat,Free
U014247,35-44,Uttar Pradesh,Premium
U014248,35-44,Karnataka,Free
U014249,25-34,Punjab,Free
U014250,35-44,Gujarat,Free
U014251,18-24,West Bengal,Free
U014252,45+,Karnataka,Premium
U014253,18-24,Punjab,Free
U014254,25-34,Maharashtra,Premium
U014255,18-24,Maharashtra,Free
U014256,35-44,West Bengal,Free
U014257,25-34,Punjab,Free
U014258,35-44,Gujarat,Free
U014259,35-44,Gujarat,Free
U014260,25-34,Tamil Nadu,Free
U014261,35-44,Punjab,Premium
U014262,25-34,Delhi,Premium
U014263,25-34,Punjab,Free
U014264,18-24,West Bengal,Premium
U014265,18-24,Kerala,Premium
U014266,18-24,Kerala,Free
U014267,25-34,Uttar Pradesh,Free
U014268,25-34,West Bengal,Free
U014269,25-34,Telangana,Free
U014270,45+,Karnataka,Premium
U014271,18-24,Karnataka,Free
U014272,35-44,Karnataka,Free
U014273,35-44,Gujarat,Premium
U014274,35-44,Telangana,Premium
U014275,25-34,Punjab,Free
U014276,18-24,Delhi,Free
U014277,35-44,Maharashtra,Free
U014278,35-44,Gujarat,Free
U014279,35-44,Punjab,Free
U014280,18-24,Delhi,Premium
U014281,25-34,Punjab,Free
U014282,25-34,Tamil Nadu,Free
U014283,25-34,Uttar Pradesh,Premium
U014284,35-44,Gujarat,Premium
U014285,18-24,Delhi,Free
U014286,18-24,Telangana,Free
U014287,18-24,Gujarat,Free
U014288,18-24,Kerala,Free
U014289,18-24,Tamil Nadu,Free
U014290,18-24,Punjab,Free
U014291,25-34,Kerala,Free
U014292,25-34,Tamil Nadu,Free
U014293,35-44,Punjab,Premium
U014294,18-24,Kerala,Free
U014295,18-24,Gujarat,Free
U014296,35-44,Gujarat,Free
U014297,25-34,Uttar Pradesh,Free
U014298,18-24,West Bengal,Free
U014299,25-34,Kerala,Free
U014300,45+,Punjab,Free
U014301,25-34,Karnataka,Free
U014302,45+,Delhi,Free
U014303,18-24,Maharashtra,Free
U014304,18-24,Gujarat,Premium
U014305,18-24,Tamil Nadu,Premium
U014306,35-44,Telangana,Free
U014307,25-34,Maharashtra,Free
U014308,25-34,Delhi,Free
U014309,45+,Maharashtra,Premium
U014310,25-34,Tamil Nadu,Free
U014311,18-24,Telangana,Free
U014312,35-44,Delhi,Free
U014313,18-24,Kerala,Free
U014314,25-34,Delhi,Free
U014315,35-44,Gujarat,Free
U014316,25-34,Uttar Pradesh,Premium
U014317,18-24,West Bengal,Free
U014318,25-34,Telangana,Premium
U014319,18-24,Kerala,Free
U014320,18-24,Punjab,Free
U014321,25-34,Uttar Pradesh,Premium
U014322,18-24,Gujarat,Free
U014323,18-24,West Bengal,Free
U014324,25-34,Uttar Pradesh,Free
U014325,25-34,Karnataka,Free
U014326,25-34,Gujarat,Premium
U014327,45+,Maharashtra,Premium
U014328,18-24,Kerala,Free
U014329,18-24,Punjab,Free
U014330,35-44,Uttar Pradesh,Premium
U014331,18-24,Telangana,Free
U014332,45+,Delhi,Free
U014333,25-34,Karnataka,Premium
U014334,25-34,Gujarat,Free
U014335,18-24,Gujarat,Free
U014336,25-34,Karnataka,Free
U014337,35-44,Punjab,Free
U014338,18-24,Maharashtra,Premium
U014339,35-44,Delhi,Premium
U014340,35-44,Maharashtra,Premium
U014341,35-44,Karnataka,Premium
U014342,18-24,Delhi,Free
U014343,35-44,Maharashtra,Premium
U014344,35-44,Kerala,Free
U014345,18-24,Gujarat,Premium
U014346,35-44,Gujarat,Free
U014347,18-24,Gujarat,Premium
U014348,45+,Delhi,Premium
U014349,18-24,Delhi,Free
U014350,18-24,Gujarat,Free
U014351,25-34,Maharashtra,Free
U014352,18-24,Kerala,Free
U014353,18-24,Delhi,Free
U014354,18-24,Maharashtra,Free
U014355,35-44,Kerala,Premium
U014356,18-24,Kerala,Free
U014357,25-34,Maharashtra,Free
U014358,25-34,Maharashtra,Free
U014359,25-34,Gujarat,Free
U014360,25-34,Punjab,Free
U014361,18-24,Uttar Pradesh,Free
U014362,45+,Telangana,Premium
U014363,35-44,Uttar Pradesh,Free
U014364,45+,Uttar Pradesh,Free
U014365,35-44,West Bengal,Free
U014366,35-44,Delhi,Premium
U014367,45+,Gujarat,Free
U014368,25-34,Karnataka,Free
U014369,45+,Punjab,Free
U014370,18-24,Telangana,Free
U014371,18-24,Karnataka,Free
U014372,25-34,Kerala,Free
U014373,25-34,Punjab,Free
U014374,25-34,Uttar Pradesh,Free
U014375,25-34,Maharashtra,Free
U014376,25-34,Tamil Nadu,Free
U014377,35-44,Uttar Pradesh,Free
U014378,18-24,Gujarat,Free
U014379,18-24,Gujarat,Free
U014380,35-44,West Bengal,Free
U014381,25-34,Telangana,Free
U014382,35-44,Punjab,Premium
U014383,18-24,Punjab,Premium
U014384,18-24,Telangana,Free
U014385,45+,Karnataka,Free
U014386,18-24,Karnataka,Free
U014387,25-34,West Bengal,Free
U014388,18-24,Kerala,Free
U014389,25-34,Tamil Nadu,Free
U014390,35-44,Punjab,Premium
U014391,25-34,Delhi,Free
U014392,18-24,Punjab,Free
U014393,35-44,Karnataka,Free
U014394,18-24,Uttar Pradesh,Premium
U014395,18-24,Karnataka,Free
U014396,25-34,Uttar Pradesh,Free
U014397,25-34,Telangana,Free
U014398,25-34,Tamil Nadu,Free
U014399,25-34,Punjab,Free
U014400,25-34,Kerala,Free
U014401,18-24,Gujarat,Free
U014402,35-44,Uttar Pradesh,Premium
U014403,18-24,Gujarat,Free
U014404,45+,Maharashtra,Premium
U014405,25-34,Gujarat,Free
U014406,25-34,West Bengal,Free
U014407,35-44,Telangana,Free
U014408,25-34,Punjab,Free
U014409,25-34,Telangana,Premium
U014410,45+,Gujarat,Free
U014411,35-44,Telangana,Free
U014412,25-34,Delhi,Free
U014413,35-44,Kerala,Free
U014414,25-34,Kerala,Free
U014415,35-44,West Bengal,Premium
U014416,18-24,Punjab,Free
U014417,18-24,Punjab,Free
U014418,25-34,Tamil Nadu,Free
U014419,18-24,Gujarat,Premium
U014420,35-44,Gujarat,Premium
U014421,18-24,Maharashtra,Premium
U014422,18-24,Maharashtra,Free
U014423,25-34,Maharashtra,Free
U014424,25-34,Uttar Pradesh,Premium
U014425,45+,Gujarat,Premium
U014426,18-24,Punjab,Free
U014427,18-24,Uttar Pradesh,Premium
U014428,18-24,Telangana,Premium
U014429,25-34,Karnataka,Premium
U014430,18-24,Kerala,Premium
U014431,35-44,Maharashtra,Premium
U014432,18-24,Delhi,Premium
U014433,45+,Punjab,Free
U014434,25-34,West Bengal,Free
U014435,25-34,Gujarat,Premium
U014436,18-24,Telangana,Free
U014437,18-24,Tamil Nadu,Premium
U014438,25-34,Telangana,Free
U014439,25-34,Maharashtra,Free
U014440,25-34,West Bengal,Free
U014441,18-24,Gujarat,Free
U014442,18-24,Tamil Nadu,Free
U014443,45+,West Bengal,Free
U014444,18-24,Punjab,Free
U014445,18-24,Uttar Pradesh,Premium
U014446,25-34,Delhi,Free
U014447,18-24,Delhi,Free
U014448,25-34,Uttar Pradesh,Free
U014449,25-34,Telangana,Premium
U014450,25-34,Tamil Nadu,Free
U014451,25-34,Gujarat,Premium
U014452,18-24,Punjab,Free
U014453,18-24,Punjab,Premium
U014454,35-44,Maharashtra,Free
U014455,18-24,Telangana,Premium
U014456,18-24,Kerala,Free
U014457,25-34,Uttar Pradesh,Premium
U014458,35-44,Telangana,Free
U014459,18-24,Maharashtra,Free
U014460,45+,Delhi,Free
U014461,18-24,Punjab,Free
U014462,45+,Gujarat,Free
U014463,18-24,Telangana,Free
U014464,35-44,Uttar Pradesh,Premium
U014465,25-34,Gujarat,Free
U014466,35-44,Gujarat,Free
U014467,25-34,Punjab,Free
U014468,35-44,Telangana,Free
U014469,35-44,Maharashtra,Free
U014470,25-34,Karnataka,Free
U014471,18-24,Karnataka,Free
U014472,18-24,Delhi,Free
U014473,45+,Maharashtra,Free
U014474,45+,Karnataka,Premium
U014475,18-24,Maharashtra,Free
U014476,18-24,West Bengal,Free
U014477,18-24,Punjab,Free
U014478,18-24,Punjab,Free
U014479,18-24,Delhi,Free
U014480,35-44,Tamil Nadu,Free
U014481,18-24,Delhi,Free
U014482,35-44,Telangana,Free
U014483,45+,Uttar Pradesh,Free
U014484,18-24,Kerala,Free
U014485,25-34,Delhi,Free
U014486,25-34,Maharashtra,Free
U014487,18-24,Gujarat,Free
U014488,35-44,Gujarat,Premium
U014489,25-34,Karnataka,Free
U014490,18-24,Tamil Nadu,Premium
U014491,35-44,Karnataka,Free
U014492,18-24,Telangana,Free
U014493,18-24,Punjab,Free
U014494,45+,Uttar Pradesh,Premium
U014495,18-24,Tamil Nadu,Premium
U014496,18-24,Delhi,Free
U014497,18-24,Karnataka,Free
U014498,18-24,Gujarat,Free
U014499,25-34,Punjab,Premium
U014500,25-34,Gujarat,Free
U014501,25-34,Kerala,Premium
U014502,25-34,Uttar Pradesh,Free
U014503,18-24,Delhi,Free
U014504,25-34,Karnataka,Premium
U014505,45+,Gujarat,Free
U014506,35-44,Delhi,Premium
U014507,35-44,Maharashtra,Free
U014508,18-24,Maharashtra,Free
U014509,25-34,Maharashtra,Free
U014510,35-44,Kerala,Free
U014511,35-44,Karnataka,Premium
U014512,35-44,Delhi,Premium
U014513,25-34,Kerala,Premium
U014514,18-24,Karnataka,Free
U014515,18-24,Delhi,Free
U014516,18-24,Uttar Pradesh,Free
U014517,25-34,Telangana,Free
U014518,18-24,Tamil Nadu,Free
U014519,25-34,Uttar Pradesh,Free
U014520,25-34,Punjab,Free
U014521,25-34,Telangana,Premium
U014522,25-34,Kerala,Free
U014523,18-24,Maharashtra,Premium
U014524,25-34,Punjab,Free
U014525,45+,Maharashtra,Free
U014526,25-34,Telangana,Free
U014527,35-44,West Bengal,Premium
U014528,25-34,Delhi,Free
U014529,25-34,Delhi,Free
U014530,25-34,Tamil Nadu,Free
U014531,25-34,Karnataka,Premium
U014532,35-44,Delhi,Free
U014533,25-34,West Bengal,Premium
U014534,35-44,Kerala,Free
U014535,35-44,Tamil Nadu,Premium
U014536,35-44,Karnataka,Free
U014537,18-24,Delhi,Free
U014538,18-24,Karnataka,Premium
U014539,35-44,Telangana,Free
U014540,35-44,Uttar Pradesh,Free
U014541,45+,Delhi,Free
U014542,18-24,Gujarat,Free
U014543,35-44,Telangana,Free
U014544,35-44,Telangana,Free
U014545,35-44,Karnataka,Free
U014546,25-34,Uttar Pradesh,Free
U014547,18-24,Maharashtra,Free
U014548,25-34,Punjab,Free
U014549,25-34,Karnataka,Free
U014550,18-24,Telangana,Free
U014551,18-24,Tamil Nadu,Premium
U014552,35-44,Uttar Pradesh,Free
U014553,18-24,Delhi,Free
U014554,25-34,Telangana,Premium
U014555,25-34,Tamil Nadu,Premium
U014556,45+,Karnataka,Premium
U014557,25-34,Maharashtra,Free
U014558,18-24,Gujarat,Premium
U014559,18-24,Punjab,Premium
U014560,18-24,Delhi,Free
U014561,18-24,Telangana,Free
U014562,35-44,Delhi,Free
U014563,25-34,West Bengal,Free
U014564,18-24,Kerala,Free
U014565,35-44,Punjab,Free
U014566,18-24,Maharashtra,Premium
U014567,18-24,Maharashtra,Premium
U014568,25-34,Maharashtra,Premium
U014569,18-24,Tamil Nadu,Free
U014570,18-24,Karnataka,Free
U014571,45+,Kerala,Premium
U014572,35-44,Karnataka,Free
U014573,35-44,West Bengal,Free
U014574,25-34,Tamil Nadu,Free
U014575,18-24,Tamil Nadu,Free
U014576,35-44,Kerala,Free
U014577,25-34,Telangana,Premium
U014578,18-24,Telangana,Free
U014579,18-24,Tamil Nadu,Premium
U014580,25-34,Kerala,Free
U014581,18-24,Karnataka,Free
U014582,18-24,Maharashtra,Premium
U014583,18-24,Tamil Nadu,Premium
U014584,25-34,Karnataka,Premium
U014585,18-24,Gujarat,Free
U014586,25-34,Uttar Pradesh,Free
U014587,18-24,Punjab,Premium
U014588,25-34,Tamil Nadu,Free
U014589,18-24,Tamil Nadu,Premium
U014590,25-34,Punjab,Free
U014591,25-34,Maharashtra,Premium
U014592,25-34,Uttar Pradesh,Free
U014593,18-24,West Bengal,Free
U014594,25-34,Tamil Nadu,Free
U014595,35-44,Delhi,Premium
U014596,18-24,Tamil Nadu,Free
U014597,25-34,Punjab,Free
U014598,25-34,Punjab,Free
U014599,35-44,Uttar Pradesh,Free
U014600,25-34,West Bengal,Free
U014601,45+,Karnataka,Free
U014602,25-34,Punjab,Premium
U014603,25-34,Kerala,Free
U014604,18-24,West Bengal,Free
U014605,25-34,Gujarat,Premium
U014606,18-24,Kerala,Free
U014607,25-34,Tamil Nadu,Free
U014608,18-24,West Bengal,Free
U014609,25-34,Karnataka,Premium
U014610,35-44,Maharashtra,Premium
U014611,45+,Maharashtra,Premium
U014612,18-24,Maharashtra,Premium
U014613,35-44,Uttar Pradesh,Free
U014614,35-44,Gujarat,Free
U014615,35-44,Karnataka,Premium
U014616,35-44,Uttar Pradesh,Free
U014617,18-24,Kerala,Premium
U014618,35-44,Delhi,Free
U014619,25-34,Punjab,Free
U014620,35-44,Karnataka,Free
U014621,18-24,Gujarat,Free
U014622,18-24,West Bengal,Free
U014623,18-24,Karnataka,Free
U014624,25-34,Gujarat,Free
U014625,25-34,Karnataka,Free
U014626,35-44,Uttar Pradesh,Free
U014627,18-24,Kerala,Free
U014628,18-24,West Bengal,Premium
U014629,18-24,Maharashtra,Free
U014630,18-24,Delhi,Free
U014631,25-34,Uttar Pradesh,Free
U014632,35-44,Kerala,Free
U014633,45+,Punjab,Premium
U014634,18-24,Gujarat,Free
U014635,18-24,Karnataka,Free
U014636,35-44,Karnataka,Premium
U014637,18-24,Karnataka,Free
U014638,35-44,Tamil Nadu,Free
U014639,25-34,Kerala,Premium
U014640,35-44,Delhi,Free
U014641,18-24,Uttar Pradesh,Free
U014642,45+,Karnataka,Premium
U014643,45+,Uttar Pradesh,Free
U014644,18-24,Gujarat,Free
U014645,25-34,Telangana,Free
U014646,25-34,Maharashtra,Premium
U014647,18-24,Telangana,Free
U014648,45+,Kerala,Premium
U014649,18-24,Uttar Pradesh,Free
U014650,18-24,Maharashtra,Free
U014651,18-24,Kerala,Free
U014652,25-34,Punjab,Free
U014653,35-44,Kerala,Premium
U014654,25-34,Telangana,Free
U014655,25-34,Gujarat,Free
U014656,18-24,Maharashtra,Premium
U014657,35-44,Telangana,Free
U014658,25-34,West Bengal,Free
U014659,25-34,Karnataka,Free
U014660,25-34,Karnataka,Free
U014661,45+,Karnataka,Premium
U014662,35-44,Kerala,Free
U014663,25-34,Punjab,Free
U014664,25-34,Uttar Pradesh,Free
U014665,18-24,Punjab,Free
U014666,25-34,Tamil Nadu,Premium
U014667,25-34,Uttar Pradesh,Premium
U014668,35-44,Maharashtra,Free
U014669,25-34,Karnataka,Premium
U014670,18-24,Gujarat,Free
U014671,18-24,Karnataka,Premium
U014672,18-24,Punjab,Free
U014673,35-44,Maharashtra,Free
U014674,45+,Delhi,Free
U014675,25-34,Delhi,Free
U014676,25-34,Gujarat,Free
U014677,25-34,Telangana,Free
U014678,18-24,Punjab,Free
U014679,18-24,Gujarat,Premium
U014680,18-24,West Bengal,Premium
U014681,45+,Karnataka,Free
U014682,18-24,Punjab,Free
U014683,25-34,Punjab,Free
U014684,25-34,Kerala,Free
U014685,25-34,Kerala,Free
U014686,18-24,West Bengal,Free
U014687,45+,Tamil Nadu,Free
U014688,18-24,Telangana,Free
U014689,45+,Gujarat,Premium
U014690,25-34,Telangana,Premium
U014691,25-34,West Bengal,Free
U014692,35-44,Punjab,Free
U014693,25-34,Tamil Nadu,Premium
U014694,18-24,Maharashtra,Free
U014695,35-44,Tamil Nadu,Premium
U014696,25-34,Gujarat,Free
U014697,25-34,West Bengal,Premium
U014698,35-44,Gujarat,Free
U014699,25-34,Karnataka,Free
U014700,25-34,Kerala,Free
U014701,18-24,Kerala,Free
U014702,18-24,Kerala,Free
U014703,25-34,Kerala,Free
U014704,18-24,Tamil Nadu,Free
U014705,18-24,Karnataka,Premium
U014706,35-44,Telangana,Free
U014707,18-24,Karnataka,Premium
U014708,18-24,West Bengal,Free
U014709,35-44,Gujarat,Free
U014710,35-44,Maharashtra,Free
U014711,35-44,West Bengal,Premium
U014712,25-34,Tamil Nadu,Free
U014713,25-34,Delhi,Free
U014714,45+,Punjab,Free
U014715,18-24,Gujarat,Premium
U014716,18-24,Karnataka,Free
U014717,18-24,Maharashtra,Free
U014718,35-44,Kerala,Free
U014719,18-24,Punjab,Free
U014720,25-34,Karnataka,Free
U014721,25-34,Delhi,Free
U014722,45+,Kerala,Free
U014723,18-24,Uttar Pradesh,Free
U014724,25-34,Uttar Pradesh,Free
U014725,45+,Maharashtra,Free
U014726,18-24,Uttar Pradesh,Premium
U014727,25-34,West Bengal,Free
U014728,18-24,Gujarat,Free
U014729,18-24,Maharashtra,Free
U014730,18-24,Gujarat,Premium
U014731,18-24,Karnataka,Free
U014732,18-24,Karnataka,Premium
U014733,35-44,Gujarat,Free
U014734,25-34,Kerala,Free
U014735,25-34,Telangana,Free
U014736,25-34,West Bengal,Free
U014737,45+,Karnataka,Free
U014738,18-24,Uttar Pradesh,Free
U014739,18-24,Maharashtra,Premium
U014740,18-24,Telangana,Free
U014741,35-44,Maharashtra,Premium
U014742,35-44,Tamil Nadu,Premium
U014743,25-34,Telangana,Free
U014744,18-24,Gujarat,Premium
U014745,25-34,Uttar Pradesh,Free
U014746,25-34,Kerala,Free
U014747,18-24,Uttar Pradesh,Premium
U014748,18-24,Delhi,Free
U014749,18-24,Telangana,Free
U014750,25-34,Telangana,Free
U014751,45+,Maharashtra,Premium
U014752,18-24,Telangana,Free
U014753,45+,Maharashtra,Free
U014754,25-34,West Bengal,Free
U014755,25-34,Punjab,Free
U014756,35-44,Uttar Pradesh,Free
U014757,25-34,Karnataka,Premium
U014758,18-24,West Bengal,Free
U014759,18-24,West Bengal,Premium
U014760,35-44,Gujarat,Free
U014761,25-34,Karnataka,Free
U014762,18-24,Karnataka,Free
U014763,25-34,West Bengal,Free
U014764,18-24,Maharashtra,Free
U014765,18-24,Telangana,Premium
U014766,35-44,Karnataka,Free
U014767,25-34,Uttar Pradesh,Premium
U014768,18-24,Telangana,Free
U014769,25-34,Kerala,Free
U014770,45+,Gujarat,Premium
U014771,18-24,Delhi,Premium
U014772,18-24,West Bengal,Free
U014773,25-34,West Bengal,Free
U014774,18-24,Tamil Nadu,Free
U014775,18-24,Delhi,Premium
U014776,18-24,Tamil Nadu,Free
U014777,18-24,Maharashtra,Free
U014778,25-34,Uttar Pradesh,Free
U014779,18-24,Maharashtra,Premium
U014780,25-34,Delhi,Free
U014781,35-44,Delhi,Free
U014782,18-24,Punjab,Free
U014783,18-24,Delhi,Premium
U014784,45+,West Bengal,Free
U014785,25-34,Delhi,Free
U014786,25-34,Kerala,Free
U014787,25-34,Tamil Nadu,Free
U014788,45+,Karnataka,Free
U014789,18-24,Telangana,Free
U014790,18-24,Maharashtra,Free
U014791,35-44,Telangana,Premium
U014792,18-24,Telangana,Free
U014793,25-34,Kerala,Premium
U014794,18-24,Delhi,Free
U014795,18-24,Maharashtra,Free
U014796,25-34,Maharashtra,Premium
U014797,25-34,Uttar Pradesh,Premium
U014798,25-34,Karnataka,Free
U014799,18-24,Punjab,Premium
U014800,18-24,Delhi,Premium
U014801,35-44,Punjab,Free
U014802,18-24,Tamil Nadu,Free
U014803,25-34,Uttar Pradesh,Free
U014804,25-34,Kerala,Free
U014805,18-24,Gujarat,Free
U014806,18-24,Maharashtra,Free
U014807,35-44,Telangana,Free
U014808,25-34,Tamil Nadu,Free
U014809,18-24,Delhi,Free
U014810,45+,Tamil Nadu,Free
U014811,18-24,Telangana,Free
U014812,35-44,Maharashtra,Free
U014813,18-24,Uttar Pradesh,Premium
U014814,25-34,Kerala,Premium
U014815,25-34,Uttar Pradesh,Premium
U014816,18-24,Maharashtra,Free
U014817,35-44,Maharashtra,Free
U014818,18-24,Uttar Pradesh,Free
U014819,25-34,Uttar Pradesh,Free
U014820,35-44,West Bengal,Free
U014821,25-34,Punjab,Premium
U014822,25-34,Punjab,Free
U014823,18-24,Kerala,Free
U014824,18-24,Uttar Pradesh,Premium
U014825,45+,West Bengal,Premium
U014826,25-34,Tamil Nadu,Premium
U014827,25-34,Gujarat,Premium
U014828,25-34,Punjab,Free
U014829,25-34,Delhi,Free
U014830,18-24,Karnataka,Free
U014831,18-24,Tamil Nadu,Premium
U014832,25-34,West Bengal,Free
U014833,18-24,West Bengal,Free
U014834,18-24,Kerala,Premium
U014835,25-34,Punjab,Free
U014836,25-34,West Bengal,Free
U014837,25-34,Maharashtra,Free
U014838,35-44,Uttar Pradesh,Free
U014839,25-34,Tamil Nadu,Free
U014840,18-24,Uttar Pradesh,Free
U014841,35-44,Gujarat,Free
U014842,25-34,Delhi,Premium
U014843,25-34,Delhi,Free
U014844,35-44,Uttar Pradesh,Premium
U014845,18-24,Tamil Nadu,Free
U014846,25-34,Delhi,Premium
U014847,18-24,West Bengal,Free
U014848,18-24,Uttar Pradesh,Premium
U014849,25-34,West Bengal,Premium
U014850,18-24,Punjab,Free
U014851,18-24,Karnataka,Premium
U014852,25-34,Punjab,Premium
U014853,18-24,Telangana,Premium
U014854,25-34,Tamil Nadu,Premium
U014855,18-24,Karnataka,Premium
U014856,25-34,Delhi,Free
U014857,25-34,Maharashtra,Free
U014858,25-34,Gujarat,Free
U014859,35-44,Gujarat,Premium
U014860,45+,Delhi,Free
U014861,18-24,Punjab,Free
U014862,25-34,Tamil Nadu,Free
U014863,35-44,Telangana,Premium
U014864,25-34,Uttar Pradesh,Premium
U014865,45+,West Bengal,Free
U014866,35-44,West Bengal,Free
U014867,35-44,Kerala,Premium
U014868,18-24,West Bengal,Free
U014869,18-24,Uttar Pradesh,Free
U014870,25-34,Uttar Pradesh,Premium
U014871,25-34,Tamil Nadu,Premium
U014872,35-44,Maharashtra,Free
U014873,45+,Uttar Pradesh,Free
U014874,18-24,Karnataka,Premium
U014875,25-34,Punjab,Free
U014876,35-44,Delhi,Free
U014877,35-44,Kerala,Premium
U014878,35-44,Delhi,Free
U014879,25-34,Uttar Pradesh,Free
U014880,45+,Punjab,Free
U014881,25-34,Maharashtra,Free
U014882,18-24,West Bengal,Free
U014883,18-24,Punjab,Free
U014884,25-34,Punjab,Free
U014885,35-44,Delhi,Premium
U014886,25-34,West Bengal,Premium
U014887,25-34,Punjab,Premium
U014888,25-34,Kerala,Premium
U014889,35-44,Punjab,Free
U014890,18-24,Tamil Nadu,Free
U014891,25-34,Tamil Nadu,Premium
U014892,18-24,Telangana,Premium
U014893,25-34,Gujarat,Free
U014894,25-34,Delhi,Premium
U014895,25-34,Punjab,Premium
U014896,25-34,Kerala,Free
U014897,45+,Gujarat,Premium
U014898,45+,Tamil Nadu,Premium
U014899,18-24,Maharashtra,Premium
U014900,18-24,Gujarat,Free
U014901,18-24,West Bengal,Premium
U014902,18-24,Telangana,Premium
U014903,18-24,Karnataka,Free
U014904,35-44,West Bengal,Premium
U014905,45+,Punjab,Free
U014906,18-24,Karnataka,Premium
U014907,35-44,Kerala,Premium
U014908,35-44,Karnataka,Free
U014909,25-34,Uttar Pradesh,Premium
U014910,35-44,Tamil Nadu,Free
U014911,45+,Telangana,Premium
U014912,45+,West Bengal,Free
U014913,35-44,West Bengal,Free
U014914,25-34,Telangana,Premium
U014915,18-24,Karnataka,Free
U014916,45+,Gujarat,Free
U014917,18-24,Kerala,Premium
U014918,25-34,Maharashtra,Free
U014919,18-24,West Bengal,Free
U014920,25-34,Uttar Pradesh,Free
U014921,18-24,Telangana,Free
U014922,35-44,Uttar Pradesh,Free
U014923,25-34,Karnataka,Free
U014924,25-34,Punjab,Free
U014925,25-34,Tamil Nadu,Free
U014926,25-34,Delhi,Free
U014927,35-44,Maharashtra,Free
U014928,45+,Telangana,Premium
U014929,35-44,Maharashtra,Free
U014930,25-34,Maharashtra,Premium
U014931,35-44,Tamil Nadu,Free
U014932,25-34,Punjab,Free
U014933,25-34,Delhi,Premium
U014934,25-34,Telangana,Free
U014935,25-34,Karnataka,Free
U014936,25-34,West Bengal,Free
U014937,25-34,Tamil Nadu,Premium
U014938,18-24,Delhi,Free
U014939,35-44,Kerala,Free
U014940,25-34,Uttar Pradesh,Free
U014941,25-34,Kerala,Free
U014942,35-44,Delhi,Premium
U014943,18-24,Telangana,Premium
U014944,18-24,Delhi,Premium
U014945,25-34,Maharashtra,Free
U014946,18-24,Delhi,Free
U014947,18-24,Gujarat,Free
U014948,35-44,Uttar Pradesh,Free
U014949,18-24,Telangana,Free
U014950,25-34,Gujarat,Free
U014951,18-24,Tamil Nadu,Free
U014952,18-24,Maharashtra,Premium
U014953,25-34,Uttar Pradesh,Free
U014954,45+,Kerala,Free
U014955,25-34,West Bengal,Free
U014956,18-24,Maharashtra,Free
U014957,25-34,Uttar Pradesh,Free
U014958,25-34,Maharashtra,Free
U014959,25-34,Maharashtra,Free
U014960,18-24,Maharashtra,Premium
U014961,18-24,Uttar Pradesh,Free
U014962,25-34,Gujarat,Premium
U014963,25-34,Delhi,Premium
U014964,35-44,Tamil Nadu,Premium
U014965,25-34,Telangana,Free
U014966,25-34,Telangana,Free
U014967,25-34,Punjab,Premium
U014968,25-34,Maharashtra,Free
U014969,25-34,Maharashtra,Free
U014970,18-24,Uttar Pradesh,Free
U014971,45+,West Bengal,Free
U014972,18-24,Uttar Pradesh,Free
U014973,25-34,Gujarat,Free
U014974,25-34,Punjab,Premium
U014975,35-44,Maharashtra,Free
U014976,18-24,West Bengal,Free
U014977,35-44,Punjab,Premium
U014978,18-24,West Bengal,Premium
U014979,18-24,Uttar Pradesh,Free
U014980,35-44,Uttar Pradesh,Free
U014981,18-24,Punjab,Premium
U014982,25-34,Tamil Nadu,Premium
U014983,25-34,Kerala,Premium
U014984,45+,Punjab,Free
U014985,35-44,Telangana,Free
U014986,18-24,Karnataka,Free
U014987,35-44,Telangana,Premium
U014988,18-24,West Bengal,Free
U014989,25-34,Gujarat,Free
U014990,35-44,Tamil Nadu,Premium
U014991,35-44,Punjab,Premium
U014992,25-34,Maharashtra,Free
U014993,35-44,West Bengal,Free
U014994,25-34,Gujarat,Premium
U014995,45+,Tamil Nadu,Free
U014996,18-24,Gujarat,Free
U014997,25-34,Tamil Nadu,Premium
U014998,35-44,Tamil Nadu,Free
U014999,18-24,Maharashtra,Free
U015000,25-34,Telangana,Free
U015001,35-44,Telangana,Free
U015002,25-34,Tamil Nadu,Free
U015003,18-24,Telangana,Free
U015004,18-24,Telangana,Free
U015005,18-24,West Bengal,Free
U015006,18-24,Delhi,Free
U015007,18-24,Telangana,Free
U015008,35-44,Tamil Nadu,Free
U015009,18-24,Karnataka,Free
U015010,35-44,Tamil Nadu,Free
U015011,45+,West Bengal,Free
U015012,18-24,Uttar Pradesh,Premium
U015013,45+,Punjab,Free
U015014,18-24,Maharashtra,Premium
U015015,25-34,Karnataka,Free
U015016,45+,Karnataka,Premium
U015017,35-44,Maharashtra,Free
U015018,18-24,Tamil Nadu,Free
U015019,18-24,Telangana,Free
U015020,18-24,Gujarat,Free
U015021,45+,West Bengal,Premium
U015022,18-24,Tamil Nadu,Free
U015023,25-34,West Bengal,Free
U015024,18-24,Punjab,Premium
U015025,25-34,Delhi,Free
U015026,25-34,Telangana,Free
U015027,18-24,Tamil Nadu,Free
U015028,25-34,Punjab,Free
U015029,25-34,Gujarat,Premium
U015030,25-34,Telangana,Free
U015031,25-34,Telangana,Premium
U015032,25-34,West Bengal,Free
U015033,35-44,Punjab,Free
U015034,25-34,Telangana,Free
U015035,25-34,Gujarat,Premium
U015036,18-24,West Bengal,Free
U015037,18-24,Gujarat,Free
U015038,35-44,Maharashtra,Free
U015039,35-44,Kerala,Free
U015040,18-24,West Bengal,Premium
U015041,25-34,Gujarat,Free
U015042,25-34,Uttar Pradesh,Free
U015043,25-34,Delhi,Free
U015044,18-24,Tamil Nadu,Free
U015045,45+,Uttar Pradesh,Premium
U015046,18-24,Gujarat,Free
U015047,45+,Delhi,Premium
U015048,18-24,Telangana,Free
U015049,18-24,Karnataka,Free
U015050,18-24,Kerala,Premium
U015051,18-24,Telangana,Free
U015052,45+,Karnataka,Free
U015053,25-34,Tamil Nadu,Premium
U015054,18-24,Uttar Pradesh,Premium
U015055,45+,Karnataka,Premium
U015056,18-24,Punjab,Free
U015057,18-24,Delhi,Free
U015058,18-24,Delhi,Free
U015059,25-34,Maharashtra,Free
U015060,45+,Maharashtra,Free
U015061,18-24,Telangana,Premium
U015062,35-44,Telangana,Free
U015063,18-24,Kerala,Premium
U015064,18-24,West Bengal,Free
U015065,35-44,Delhi,Free
U015066,35-44,West Bengal,Free
U015067,25-34,Tamil Nadu,Free
U015068,18-24,Delhi,Free
U015069,18-24,West Bengal,Free
U015070,35-44,West Bengal,Free
U015071,25-34,Tamil Nadu,Free
U015072,25-34,Delhi,Free
U015073,18-24,Maharashtra,Free
U015074,35-44,Kerala,Free
U015075,18-24,Delhi,Premium
U015076,25-34,Punjab,Premium
U015077,25-34,West Bengal,Free
U015078,18-24,Tamil Nadu,Free
U015079,25-34,Gujarat,Free
U015080,25-34,Karnataka,Premium
U015081,25-34,Gujarat,Free
U015082,45+,Karnataka,Free
U015083,25-34,Maharashtra,Free
U015084,18-24,Kerala,Premium
U015085,18-24,West Bengal,Free
U015086,25-34,Uttar Pradesh,Free
U015087,18-24,Maharashtra,Free
U015088,35-44,Telangana,Free
U015089,18-24,Kerala,Free
U015090,18-24,Tamil Nadu,Free
U015091,18-24,Punjab,Free
U015092,35-44,Punjab,Free
U015093,25-34,Maharashtra,Free
U015094,25-34,West Bengal,Free
U015095,18-24,Kerala,Premium
U015096,45+,Tamil Nadu,Free
U015097,35-44,Maharashtra,Premium
U015098,25-34,Kerala,Premium
U015099,35-44,Uttar Pradesh,Premium
U015100,45+,West Bengal,Free
U015101,18-24,Maharashtra,Premium
U015102,18-24,Tamil Nadu,Free
U015103,25-34,Telangana,Free
U015104,25-34,Uttar Pradesh,Free
U015105,35-44,Tamil Nadu,Free
U015106,25-34,Maharashtra,Free
U015107,18-24,Kerala,Premium
U015108,25-34,West Bengal,Free
U015109,25-34,Punjab,Free
U015110,18-24,Tamil Nadu,Premium
U015111,18-24,Maharashtra,Free
U015112,18-24,Delhi,Premium
U015113,35-44,Karnataka,Premium
U015114,18-24,Maharashtra,Free
U015115,18-24,Punjab,Free
U015116,35-44,West Bengal,Free
U015117,18-24,Karnataka,Premium
U015118,25-34,Delhi,Free
U015119,25-34,West Bengal,Free
U015120,35-44,Gujarat,Free
U015121,18-24,Telangana,Free
U015122,18-24,Karnataka,Free
U015123,18-24,Gujarat,Free
U015124,45+,Karnataka,Premium
U015125,35-44,Maharashtra,Premium
U015126,18-24,West Bengal,Free
U015127,18-24,Kerala,Premium
U015128,18-24,Punjab,Free
U015129,18-24,Karnataka,Free
U015130,18-24,Maharashtra,Free
U015131,35-44,Tamil Nadu,Free
U015132,18-24,Tamil Nadu,Free
U015133,35-44,Punjab,Free
U015134,18-24,Telangana,Free
U015135,35-44,West Bengal,Free
U015136,25-34,Tamil Nadu,Free
U015137,18-24,Kerala,Premium
U015138,35-44,Tamil Nadu,Free
U015139,18-24,Tamil Nadu,Free
U015140,35-44,West Bengal,Free
U015141,35-44,Delhi,Premium
U015142,45+,Gujarat,Free
U015143,35-44,West Bengal,Free
U015144,18-24,Karnataka,Free
U015145,25-34,Punjab,Free
U015146,25-34,Kerala,Free
U015147,18-24,Maharashtra,Free
U015148,25-34,Maharashtra,Premium
U015149,18-24,West Bengal,Free
U015150,25-34,Tamil Nadu,Premium
U015151,18-24,Delhi,Free
U015152,18-24,Karnataka,Free
U015153,45+,Kerala,Premium
U015154,35-44,Tamil Nadu,Free
U015155,18-24,Telangana,Premium
U015156,18-24,Maharashtra,Free
U015157,35-44,Kerala,Free
U015158,18-24,Delhi,Premium
U015159,25-34,Punjab,Free
U015160,35-44,Punjab,Free
U015161,18-24,Tamil Nadu,Free
U015162,18-24,Punjab,Free
U015163,18-24,Gujarat,Free
U015164,18-24,Karnataka,Premium
U015165,25-34,Maharashtra,Free
U015166,18-24,Tamil Nadu,Free
U015167,45+,Delhi,Premium
U015168,35-44,Punjab,Premium
U015169,18-24,Telangana,Premium
U015170,25-34,West Bengal,Premium
U015171,25-34,West Bengal,Free
U015172,25-34,Karnataka,Free
U015173,25-34,Gujarat,Premium
U015174,18-24,Maharashtra,Free
U015175,18-24,Karnataka,Free
U015176,18-24,Punjab,Premium
U015177,18-24,Maharashtra,Free
U015178,25-34,Telangana,Free
U015179,45+,Maharashtra,Free
U015180,25-34,West Bengal,Free
U015181,45+,Gujarat,Free
U015182,25-34,Kerala,Premium
U015183,18-24,West Bengal,Free
U015184,35-44,Punjab,Free
U015185,18-24,West Bengal,Free
U015186,18-24,Telangana,Free
U015187,45+,Tamil Nadu,Free
U015188,25-34,Tamil Nadu,Free
U015189,45+,Delhi,Free
U015190,18-24,Gujarat,Free
U015191,35-44,Gujarat,Free
U015192,18-24,Kerala,Free
U015193,18-24,Telangana,Free
U015194,35-44,Delhi,Free
U015195,25-34,West Bengal,Free
U015196,25-34,Uttar Pradesh,Free
U015197,35-44,Delhi,Free
U015198,35-44,Karnataka,Free
U015199,18-24,Uttar Pradesh,Free
U015200,18-24,Uttar Pradesh,Free
U015201,45+,Tamil Nadu,Free
U015202,25-34,Punjab,Free
U015203,25-34,Punjab,Free
U015204,18-24,Tamil Nadu,Free
U015205,18-24,Karnataka,Premium
U015206,45+,Telangana,Premium
U015207,25-34,Maharashtra,Free
U015208,35-44,Maharashtra,Free
U015209,18-24,Maharashtra,Premium
U015210,18-24,Kerala,Premium
U015211,25-34,Uttar Pradesh,Free
U015212,35-44,Delhi,Free
U015213,18-24,Uttar Pradesh,Premium
U015214,18-24,Delhi,Free
U015215,25-34,Maharashtra,Free
U015216,18-24,Punjab,Free
U015217,25-34,Punjab,Free
U015218,25-34,Uttar Pradesh,Free
U015219,18-24,Delhi,Premium
U015220,25-34,Uttar Pradesh,Free
U015221,18-24,Gujarat,Free
U015222,35-44,Tamil Nadu,Premium
U015223,35-44,West Bengal,Free
U015224,35-44,Telangana,Free
U015225,25-34,Uttar Pradesh,Free
U015226,25-34,Punjab,Free
U015227,18-24,Uttar Pradesh,Free
U015228,25-34,Tamil Nadu,Premium
U015229,18-24,Uttar Pradesh,Free
U015230,35-44,Uttar Pradesh,Free
U015231,18-24,Gujarat,Free
U015232,25-34,Kerala,Free
U015233,25-34,Tamil Nadu,Free
U015234,25-34,West Bengal,Premium
U015235,18-24,Punjab,Free
U015236,25-34,Punjab,Free
U015237,25-34,Kerala,Free
U015238,45+,Kerala,Free
U015239,25-34,Punjab,Free
U015240,18-24,Uttar Pradesh,Free
U015241,35-44,West Bengal,Free
U015242,18-24,Uttar Pradesh,Premium
U015243,18-24,Tamil Nadu,Free
U015244,18-24,Telangana,Free
U015245,25-34,West Bengal,Premium
U015246,25-34,Delhi,Free
U015247,25-34,Punjab,Free
U015248,35-44,Uttar Pradesh,Free
U015249,25-34,West Bengal,Free
U015250,18-24,Telangana,Free
U015251,25-34,Maharashtra,Free
U015252,35-44,Maharashtra,Premium
U015253,25-34,Telangana,Free
U015254,25-34,Maharashtra,Free
U015255,25-34,Delhi,Free
U015256,25-34,Telangana,Premium
U015257,18-24,Uttar Pradesh,Free
U015258,35-44,Gujarat,Free
U015259,18-24,Tamil Nadu,Free
U015260,18-24,Uttar Pradesh,Free
U015261,35-44,West Bengal,Free
U015262,35-44,Uttar Pradesh,Free
U015263,25-34,Punjab,Free
U015264,25-34,Telangana,Premium
U015265,45+,Uttar Pradesh,Premium
U015266,25-34,Uttar Pradesh,Free
U015267,25-34,Gujarat,Premium
U015268,25-34,Delhi,Free
U015269,25-34,West Bengal,Premium
U015270,25-34,Maharashtra,Free
U015271,45+,Karnataka,Free
U015272,18-24,Maharashtra,Free
U015273,18-24,Kerala,Free
U015274,25-34,Kerala,Free
U015275,25-34,Maharashtra,Free
U015276,35-44,Uttar Pradesh,Premium
U015277,45+,Gujarat,Premium
U015278,25-34,Gujarat,Free
U015279,45+,Tamil Nadu,Free
U015280,18-24,Uttar Pradesh,Premium
U015281,18-24,Uttar Pradesh,Free
U015282,18-24,Telangana,Free
U015283,35-44,Karnataka,Free
U015284,18-24,Kerala,Free
U015285,18-24,Maharashtra,Free
U015286,25-34,Karnataka,Free
U015287,18-24,Maharashtra,Free
U015288,25-34,Kerala,Premium
U015289,35-44,Maharashtra,Premium
U015290,18-24,Kerala,Premium
U015291,25-34,Telangana,Free
U015292,18-24,Tamil Nadu,Premium
U015293,18-24,West Bengal,Free
U015294,18-24,Maharashtra,Free
U015295,25-34,Gujarat,Free
U015296,25-34,Punjab,Free
U015297,25-34,Gujarat,Free
U015298,35-44,Gujarat,Premium
U015299,18-24,Telangana,Free
U015300,35-44,Telangana,Free
U015301,25-34,Uttar Pradesh,Premium
U015302,18-24,Tamil Nadu,Premium
U015303,18-24,Karnataka,Free
U015304,18-24,Uttar Pradesh,Free
U015305,18-24,Tamil Nadu,Premium
U015306,18-24,Karnataka,Free
U015307,18-24,Maharashtra,Free
U015308,45+,Karnataka,Premium
U015309,35-44,Punjab,Premium
U015310,25-34,Kerala,Free
U015311,35-44,Telangana,Premium
U015312,45+,Karnataka,Free
U015313,25-34,Uttar Pradesh,Free
U015314,25-34,Tamil Nadu,Free
U015315,25-34,Tamil Nadu,Free
U015316,45+,Kerala,Free
U015317,35-44,Punjab,Free
U015318,18-24,Tamil Nadu,Free
U015319,35-44,Kerala,Free
U015320,18-24,Karnataka,Premium
U015321,18-24,Tamil Nadu,Free
U015322,25-34,Maharashtra,Premium
U015323,25-34,Kerala,Premium
U015324,18-24,Gujarat,Premium
U015325,18-24,West Bengal,Free
U015326,35-44,Telangana,Free
U015327,18-24,Gujarat,Free
U015328,35-44,Gujarat,Premium
U015329,25-34,Tamil Nadu,Premium
U015330,25-34,West Bengal,Free
U015331,18-24,Uttar Pradesh,Premium
U015332,45+,Punjab,Free
U015333,45+,Kerala,Free
U015334,18-24,Karnataka,Free
U015335,25-34,Maharashtra,Free
U015336,35-44,Tamil Nadu,Free
U015337,18-24,Telangana,Free
U015338,25-34,Kerala,Free
U015339,35-44,Delhi,Free
U015340,25-34,Telangana,Free
U015341,45+,West Bengal,Premium
U015342,18-24,West Bengal,Premium
U015343,45+,Gujarat,Free
U015344,45+,Kerala,Free
U015345,18-24,Tamil Nadu,Free
U015346,25-34,Punjab,Free
U015347,25-34,Gujarat,Premium
U015348,35-44,Gujarat,Free
U015349,18-24,Delhi,Free
U015350,18-24,Tamil Nadu,Free
U015351,35-44,Kerala,Premium
U015352,25-34,West Bengal,Free
U015353,25-34,Gujarat,Premium
U015354,25-34,Punjab,Free
U015355,45+,Uttar Pradesh,Free
U015356,18-24,Punjab,Free
U015357,45+,Maharashtra,Free
U015358,25-34,Kerala,Free
U015359,45+,Uttar Pradesh,Free
U015360,18-24,Karnataka,Free
U015361,25-34,Delhi,Free
U015362,35-44,Gujarat,Free
U015363,35-44,Maharashtra,Free
U015364,18-24,West Bengal,Free
U015365,25-34,Delhi,Free
U015366,18-24,West Bengal,Free
U015367,18-24,Delhi,Free
U015368,35-44,Karnataka,Premium
U015369,45+,Tamil Nadu,Free
U015370,25-34,Uttar Pradesh,Premium
U015371,18-24,Kerala,Free
U015372,18-24,Uttar Pradesh,Premium
U015373,25-34,Telangana,Free
U015374,18-24,Punjab,Premium
U015375,35-44,Tamil Nadu,Premium
U015376,18-24,Telangana,Free
U015377,18-24,Telangana,Free
U015378,35-44,Uttar Pradesh,Free
U015379,18-24,Gujarat,Free
U015380,25-34,Delhi,Free
U015381,25-34,Kerala,Free
U015382,18-24,Punjab,Free
U015383,25-34,Telangana,Free
U015384,25-34,Uttar Pradesh,Free
U015385,25-34,Gujarat,Free
U015386,18-24,Tamil Nadu,Free
U015387,25-34,Maharashtra,Free
U015388,25-34,Uttar Pradesh,Free
U015389,18-24,Uttar Pradesh,Premium
U015390,18-24,Karnataka,Premium
U015391,18-24,Delhi,Premium
U015392,18-24,Telangana,Free
U015393,18-24,Gujarat,Free
U015394,45+,Tamil Nadu,Free
U015395,25-34,Maharashtra,Free
U015396,25-34,Tamil Nadu,Premium
U015397,18-24,Telangana,Free
U015398,18-24,Uttar Pradesh,Premium
U015399,35-44,Gujarat,Premium
U015400,35-44,West Bengal,Free
U015401,45+,Tamil Nadu,Free
U015402,18-24,Uttar Pradesh,Free
U015403,18-24,Punjab,Premium
U015404,35-44,Karnataka,Free
U015405,18-24,Gujarat,Free
U015406,18-24,Uttar Pradesh,Premium
U015407,18-24,Gujarat,Premium
U015408,18-24,Kerala,Premium
U015409,35-44,Uttar Pradesh,Free
U015410,35-44,Delhi,Premium
U015411,25-34,West Bengal,Free
U015412,25-34,Tamil Nadu,Free
U015413,35-44,Telangana,Free
U015414,25-34,Punjab,Free
U015415,35-44,Tamil Nadu,Free
U015416,25-34,Punjab,Free
U015417,45+,West Bengal,Premium
U015418,18-24,Uttar Pradesh,Premium
U015419,25-34,Maharashtra,Free
U015420,35-44,Uttar Pradesh,Free
U015421,35-44,West Bengal,Free
U015422,45+,Maharashtra,Free
U015423,25-34,Telangana,Premium
U015424,25-34,Delhi,Premium
U015425,18-24,Gujarat,Premium
U015426,25-34,Punjab,Free
U015427,18-24,Maharashtra,Premium
U015428,25-34,Gujarat,Free
U015429,45+,Telangana,Premium
U015430,35-44,West Bengal,Free
U015431,25-34,Gujarat,Free
U015432,18-24,Telangana,Premium
U015433,25-34,Kerala,Free
U015434,18-24,Telangana,Premium
U015435,18-24,Maharashtra,Free
U015436,45+,Uttar Pradesh,Premium
U015437,25-34,Uttar Pradesh,Premium
U015438,18-24,Punjab,Free
U015439,35-44,West Bengal,Free
U015440,18-24,Delhi,Premium
U015441,25-34,Punjab,Free
U015442,18-24,West Bengal,Free
U015443,18-24,Karnataka,Free
U015444,25-34,Uttar Pradesh,Free
U015445,35-44,Maharashtra,Free
U015446,25-34,Kerala,Free
U015447,35-44,West Bengal,Free
U015448,45+,Gujarat,Premium
U015449,35-44,Gujarat,Free
U015450,45+,Gujarat,Free
U015451,45+,Kerala,Premium
U015452,35-44,Punjab,Premium
U015453,18-24,Tamil Nadu,Free
U015454,18-24,West Bengal,Free
U015455,35-44,Uttar Pradesh,Free
U015456,35-44,Gujarat,Premium
U015457,35-44,West Bengal,Premium
U015458,25-34,Delhi,Free
U015459,35-44,Tamil Nadu,Free
U015460,35-44,West Bengal,Premium
U015461,25-34,Kerala,Premium
U015462,18-24,Punjab,Free
U015463,25-34,Tamil Nadu,Premium
U015464,18-24,Gujarat,Premium
U015465,18-24,Gujarat,Free
U015466,25-34,Punjab,Free
U015467,18-24,Punjab,Free
U015468,45+,Karnataka,Premium
U015469,25-34,West Bengal,Free
U015470,25-34,West Bengal,Premium
U015471,18-24,Kerala,Premium
U015472,35-44,Telangana,Premium
U015473,25-34,Uttar Pradesh,Free
U015474,25-34,Delhi,Free
U015475,25-34,Telangana,Free
U015476,25-34,Punjab,Free
U015477,25-34,Telangana,Free
U015478,35-44,Gujarat,Free
U015479,35-44,Gujarat,Free
U015480,18-24,Uttar Pradesh,Free
U015481,45+,Tamil Nadu,Free
U015482,25-34,West Bengal,Premium
U015483,18-24,Tamil Nadu,Free
U015484,18-24,Maharashtra,Free
U015485,25-34,Punjab,Premium
U015486,18-24,Kerala,Free
U015487,35-44,Maharashtra,Free
U015488,25-34,West Bengal,Free
U015489,45+,Tamil Nadu,Free
U015490,18-24,Tamil Nadu,Premium
U015491,25-34,Kerala,Premium
U015492,18-24,Punjab,Premium
U015493,25-34,Punjab,Free
U015494,25-34,Delhi,Free
U015495,25-34,Delhi,Free
U015496,35-44,Maharashtra,Free
U015497,18-24,Delhi,Premium
U015498,18-24,West Bengal,Free
U015499,25-34,Punjab,Free
U015500,18-24,Karnataka,Premium
U015501,25-34,Kerala,Free
U015502,25-34,Telangana,Premium
U015503,35-44,Maharashtra,Premium
U015504,45+,Telangana,Free
U015505,25-34,West Bengal,Premium
U015506,45+,West Bengal,Premium
U015507,35-44,Gujarat,Premium
U015508,18-24,Telangana,Premium
U015509,35-44,Gujarat,Free
U015510,25-34,Telangana,Free
U015511,35-44,West Bengal,Premium
U015512,35-44,Delhi,Free
U015513,35-44,Uttar Pradesh,Premium
U015514,35-44,Maharashtra,Free
U015515,35-44,Uttar Pradesh,Free
U015516,18-24,Telangana,Premium
U015517,45+,Karnataka,Free
U015518,25-34,Tamil Nadu,Free
U015519,35-44,Maharashtra,Premium
U015520,35-44,Tamil Nadu,Free
U015521,18-24,Maharashtra,Premium
U015522,18-24,Tamil Nadu,Premium
U015523,35-44,Delhi,Free
U015524,45+,Delhi,Free
U015525,35-44,Kerala,Free
U015526,25-34,Delhi,Premium
U015527,18-24,Karnataka,Free
U015528,25-34,West Bengal,Free
U015529,25-34,Telangana,Premium
U015530,35-44,Telangana,Free
U015531,25-34,Tamil Nadu,Premium
U015532,25-34,West Bengal,Free
U015533,25-34,West Bengal,Premium
U015534,45+,Delhi,Free
U015535,25-34,Uttar Pradesh,Free
U015536,18-24,Gujarat,Free
U015537,25-34,Tamil Nadu,Premium
U015538,25-34,Karnataka,Free
U015539,18-24,Kerala,Premium
U015540,35-44,West Bengal,Premium
U015541,18-24,Gujarat,Premium
U015542,25-34,Tamil Nadu,Free
U015543,25-34,Tamil Nadu,Premium
U015544,25-34,Tamil Nadu,Premium
U015545,25-34,Punjab,Premium
U015546,25-34,Kerala,Premium
U015547,18-24,Kerala,Free
U015548,18-24,Delhi,Free
U015549,35-44,Maharashtra,Free
U015550,45+,Maharashtra,Premium
U015551,18-24,Karnataka,Free
U015552,18-24,Delhi,Premium
U015553,45+,Telangana,Free
U015554,18-24,Uttar Pradesh,Free
U015555,45+,Kerala,Free
U015556,35-44,Uttar Pradesh,Free
U015557,18-24,Delhi,Free
U015558,18-24,Kerala,Free
U015559,45+,Kerala,Free
U015560,18-24,Tamil Nadu,Premium
U015561,25-34,Kerala,Free
U015562,18-24,Maharashtra,Free
U015563,25-34,West Bengal,Free
U015564,35-44,Gujarat,Free
U015565,25-34,Karnataka,Premium
U015566,18-24,Delhi,Premium
U015567,25-34,Maharashtra,Free
U015568,25-34,Punjab,Free
U015569,18-24,Gujarat,Premium
U015570,35-44,Gujarat,Premium
U015571,25-34,West Bengal,Free
U015572,18-24,Punjab,Premium
U015573,45+,Punjab,Free
U015574,25-34,Gujarat,Free
U015575,18-24,Telangana,Free
U015576,18-24,Kerala,Free
U015577,25-34,Karnataka,Free
U015578,18-24,Gujarat,Free
U015579,18-24,Tamil Nadu,Free
U015580,35-44,West Bengal,Free
U015581,25-34,Gujarat,Free
U015582,18-24,Karnataka,Free
U015583,35-44,Kerala,Free
U015584,35-44,West Bengal,Free
U015585,25-34,Tamil Nadu,Free
U015586,45+,Gujarat,Premium
U015587,18-24,Tamil Nadu,Premium
U015588,18-24,Kerala,Free
U015589,18-24,Maharashtra,Premium
U015590,18-24,Gujarat,Free
U015591,25-34,Uttar Pradesh,Free
U015592,18-24,Uttar Pradesh,Premium
U015593,25-34,Gujarat,Premium
U015594,45+,West Bengal,Free
U015595,35-44,Kerala,Free
U015596,25-34,Uttar Pradesh,Premium
U015597,25-34,Kerala,Free
U015598,35-44,Punjab,Premium
U015599,25-34,Delhi,Free
U015600,25-34,Uttar Pradesh,Premium
U015601,18-24,Delhi,Free
U015602,18-24,Uttar Pradesh,Premium
U015603,25-34,Uttar Pradesh,Premium
U015604,25-34,Maharashtra,Premium
U015605,18-24,Gujarat,Free
U015606,18-24,Telangana,Free
U015607,35-44,Karnataka,Free
U015608,18-24,Telangana,Premium
U015609,25-34,Tamil Nadu,Free
U015610,18-24,Gujarat,Free
U015611,18-24,Tamil Nadu,Free
U015612,35-44,Delhi,Premium
U015613,18-24,Karnataka,Premium
U015614,18-24,Telangana,Free
U015615,45+,Tamil Nadu,Free
U015616,25-34,Telangana,Free
U015617,25-34,Uttar Pradesh,Premium
U015618,25-34,Karnataka,Premium
U015619,18-24,Gujarat,Free
U015620,25-34,Uttar Pradesh,Free
U015621,25-34,Gujarat,Free
U015622,18-24,Telangana,Premium
U015623,18-24,Uttar Pradesh,Premium
U015624,25-34,Tamil Nadu,Free
U015625,18-24,Punjab,Free
U015626,18-24,Gujarat,Free
U015627,25-34,Uttar Pradesh,Free
U015628,25-34,Delhi,Premium
U015629,25-34,Karnataka,Premium
U015630,18-24,Punjab,Free
U015631,35-44,Gujarat,Free
U015632,35-44,Punjab,Free
U015633,25-34,West Bengal,Free
U015634,35-44,Uttar Pradesh,Premium
U015635,25-34,Uttar Pradesh,Free
U015636,18-24,Gujarat,Free
U015637,25-34,Telangana,Free
U015638,25-34,West Bengal,Free
U015639,35-44,Kerala,Free
U015640,18-24,Karnataka,Free
U015641,18-24,Telangana,Free
U015642,35-44,Tamil Nadu,Premium
U015643,18-24,Gujarat,Free
U015644,25-34,Telangana,Free
U015645,18-24,Tamil Nadu,Free
U015646,45+,Telangana,Premium
U015647,18-24,Delhi,Free
U015648,35-44,Punjab,Free
U015649,25-34,Gujarat,Free
U015650,45+,Delhi,Premium
U015651,45+,West Bengal,Free
U015652,35-44,Uttar Pradesh,Free
U015653,18-24,West Bengal,Free
U015654,25-34,West Bengal,Free
U015655,35-44,Kerala,Premium
U015656,25-34,Delhi,Premium
U015657,35-44,Delhi,Premium
U015658,35-44,Uttar Pradesh,Free
U015659,18-24,Tamil Nadu,Premium
U015660,18-24,Tamil Nadu,Free
U015661,18-24,Delhi,Free
U015662,25-34,Kerala,Free
U015663,25-34,Maharashtra,Free
U015664,18-24,Delhi,Free
U015665,35-44,Punjab,Free
U015666,18-24,Uttar Pradesh,Premium
U015667,25-34,Uttar Pradesh,Free
U015668,25-34,Maharashtra,Premium
U015669,25-34,Delhi,Free
U015670,18-24,Uttar Pradesh,Free
U015671,35-44,West Bengal,Free
U015672,35-44,Kerala,Premium
U015673,25-34,Telangana,Free
U015674,45+,Punjab,Free
U015675,18-24,Kerala,Free
U015676,18-24,Delhi,Premium
U015677,18-24,Maharashtra,Free
U015678,35-44,Gujarat,Free
U015679,18-24,Karnataka,Premium
U015680,45+,Maharashtra,Premium
U015681,25-34,Tamil Nadu,Premium
U015682,35-44,Delhi,Free
U015683,25-34,Tamil Nadu,Premium
U015684,35-44,West Bengal,Free
U015685,25-34,Karnataka,Free
U015686,25-34,Maharashtra,Free
U015687,35-44,Gujarat,Premium
U015688,18-24,Telangana,Free
U015689,35-44,Maharashtra,Free
U015690,35-44,Telangana,Free
U015691,35-44,Uttar Pradesh,Free
U015692,18-24,Maharashtra,Premium
U015693,18-24,Kerala,Free
U015694,18-24,Karnataka,Free
U015695,25-34,Kerala,Premium
U015696,18-24,Maharashtra,Premium
U015697,45+,Uttar Pradesh,Premium
U015698,45+,Uttar Pradesh,Free
U015699,18-24,Telangana,Premium
U015700,35-44,Punjab,Free
U015701,18-24,Delhi,Free
U015702,18-24,West Bengal,Free
U015703,18-24,Kerala,Premium
U015704,35-44,West Bengal,Free
U015705,35-44,Tamil Nadu,Premium
U015706,18-24,Kerala,Premium
U015707,18-24,Kerala,Premium
U015708,25-34,Karnataka,Free
U015709,25-34,Kerala,Free
U015710,18-24,Delhi,Free
U015711,35-44,Gujarat,Free
U015712,45+,Telangana,Free
U015713,25-34,Kerala,Free
U015714,35-44,West Bengal,Premium
U015715,25-34,Maharashtra,Premium
U015716,25-34,Kerala,Free
U015717,35-44,Kerala,Free
U015718,25-34,Maharashtra,Free
U015719,25-34,Punjab,Premium
U015720,18-24,Kerala,Free
U015721,35-44,Karnataka,Free
U015722,18-24,Delhi,Free
U015723,18-24,Gujarat,Premium
U015724,25-34,Telangana,Free
U015725,25-34,Karnataka,Premium
U015726,18-24,Telangana,Premium
U015727,18-24,Karnataka,Premium
U015728,35-44,Delhi,Free
U015729,25-34,Telangana,Premium
U015730,25-34,Uttar Pradesh,Free
U015731,35-44,Uttar Pradesh,Free
U015732,35-44,West Bengal,Free
U015733,18-24,Delhi,Free
U015734,25-34,Punjab,Free
U015735,18-24,Karnataka,Free
U015736,25-34,Maharashtra,Premium
U015737,35-44,Delhi,Free
U015738,18-24,Kerala,Free
U015739,25-34,Tamil Nadu,Premium
U015740,18-24,Gujarat,Premium
U015741,25-34,Maharashtra,Free
U015742,18-24,Maharashtra,Free
U015743,35-44,West Bengal,Free
U015744,25-34,Punjab,Free
U015745,18-24,Punjab,Free
U015746,35-44,West Bengal,Free
U015747,18-24,Uttar Pradesh,Free
U015748,25-34,Tamil Nadu,Free
U015749,25-34,Kerala,Free
U015750,18-24,Karnataka,Free
U015751,18-24,Gujarat,Free
U015752,18-24,Tamil Nadu,Free
U015753,35-44,Delhi,Premium
U015754,35-44,Telangana,Premium
U015755,18-24,Punjab,Free
U015756,18-24,Delhi,Free
U015757,35-44,Delhi,Premium
U015758,18-24,Karnataka,Free
U015759,18-24,Maharashtra,Free
U015760,25-34,Maharashtra,Premium
U015761,18-24,Telangana,Free
U015762,45+,Maharashtra,Free
U015763,18-24,Kerala,Free
U015764,35-44,Uttar Pradesh,Free
U015765,25-34,Delhi,Free
U015766,18-24,Maharashtra,Free
U015767,25-34,Punjab,Free
U015768,45+,Maharashtra,Free
U015769,25-34,Punjab,Free
U015770,18-24,Gujarat,Free
U015771,45+,Gujarat,Free
U015772,18-24,Uttar Pradesh,Free
U015773,18-24,Gujarat,Premium
U015774,18-24,Gujarat,Free
U015775,35-44,Telangana,Premium
U015776,18-24,Delhi,Premium
U015777,18-24,Kerala,Free
U015778,45+,West Bengal,Free
U015779,25-34,Uttar Pradesh,Free
U015780,18-24,West Bengal,Premium
U015781,25-34,Telangana,Premium
U015782,18-24,Kerala,Free
U015783,25-34,West Bengal,Premium
U015784,18-24,Delhi,Premium
U015785,25-34,West Bengal,Free
U015786,35-44,Karnataka,Premium
U015787,18-24,Delhi,Free
U015788,18-24,Punjab,Free
U015789,25-34,Gujarat,Premium
U015790,35-44,West Bengal,Premium
U015791,35-44,Maharashtra,Free
U015792,35-44,Karnataka,Free
U015793,45+,West Bengal,Free
U015794,35-44,Telangana,Free
U015795,45+,Kerala,Free
U015796,25-34,West Bengal,Free
U015797,18-24,Maharashtra,Free
U015798,25-34,Gujarat,Free
U015799,18-24,Telangana,Free
U015800,18-24,Uttar Pradesh,Premium
U015801,18-24,Punjab,Free
U015802,25-34,West Bengal,Free
U015803,35-44,Maharashtra,Free
U015804,25-34,Delhi,Free
U015805,18-24,Gujarat,Free
U015806,45+,Gujarat,Premium
U015807,25-34,Uttar Pradesh,Free
U015808,18-24,Punjab,Free
U015809,18-24,Gujarat,Premium
U015810,18-24,Maharashtra,Free
U015811,45+,Tamil Nadu,Premium
U015812,18-24,Tamil Nadu,Premium
U015813,45+,Kerala,Free
U015814,18-24,West Bengal,Premium
U015815,35-44,Karnataka,Premium
U015816,18-24,Delhi,Premium
U015817,25-34,Karnataka,Free
U015818,25-34,Punjab,Free
U015819,18-24,West Bengal,Free
U015820,45+,Maharashtra,Free
U015821,35-44,Tamil Nadu,Free
U015822,18-24,West Bengal,Free
U015823,35-44,West Bengal,Free
U015824,18-24,Kerala,Free
U015825,45+,Punjab,Free
U015826,25-34,Telangana,Free
U015827,18-24,Maharashtra,Free
U015828,18-24,Tamil Nadu,Free
U015829,18-24,Uttar Pradesh,Free
U015830,45+,Gujarat,Free
U015831,18-24,West Bengal,Free
U015832,18-24,Tamil Nadu,Free
U015833,35-44,Uttar Pradesh,Free
U015834,18-24,Tamil Nadu,Free
U015835,18-24,Kerala,Free
U015836,25-34,Telangana,Free
U015837,18-24,Maharashtra,Premium
U015838,35-44,Kerala,Premium
U015839,25-34,Gujarat,Premium
U015840,18-24,Kerala,Free
U015841,25-34,West Bengal,Free
U015842,18-24,Maharashtra,Free
U015843,25-34,Maharashtra,Free
U015844,25-34,Gujarat,Free
U015845,35-44,Tamil Nadu,Free
U015846,25-34,Tamil Nadu,Free
U015847,35-44,West Bengal,Premium
U015848,18-24,Uttar Pradesh,Free
U015849,45+,Tamil Nadu,Free
U015850,18-24,Telangana,Free
U015851,35-44,Telangana,Free
U015852,25-34,Tamil Nadu,Free
U015853,18-24,West Bengal,Free
U015854,25-34,Delhi,Free
U015855,45+,Karnataka,Free
U015856,35-44,Tamil Nadu,Free
U015857,35-44,Telangana,Free
U015858,25-34,Tamil Nadu,Free
U015859,25-34,Tamil Nadu,Free
U015860,18-24,Gujarat,Free
U015861,25-34,Gujarat,Premium
U015862,18-24,Gujarat,Free
U015863,35-44,Telangana,Free
U015864,35-44,Tamil Nadu,Free
U015865,25-34,Tamil Nadu,Free
U015866,25-34,Gujarat,Free
U015867,18-24,West Bengal,Premium
U015868,18-24,Gujarat,Free
U015869,18-24,Gujarat,Free
U015870,18-24,Uttar Pradesh,Free
U015871,18-24,Telangana,Free
U015872,25-34,Karnataka,Free
U015873,35-44,Uttar Pradesh,Premium
U015874,25-34,Punjab,Free
U015875,45+,Karnataka,Free
U015876,35-44,Uttar Pradesh,Free
U015877,18-24,Kerala,Free
U015878,25-34,Telangana,Free
U015879,45+,Telangana,Premium
U015880,18-24,Tamil Nadu,Free
U015881,25-34,Gujarat,Premium
U015882,45+,Tamil Nadu,Free
U015883,35-44,Tamil Nadu,Free
U015884,35-44,Maharashtra,Free
U015885,35-44,Delhi,Free
U015886,18-24,Punjab,Free
U015887,25-34,Punjab,Free
U015888,35-44,Punjab,Free
U015889,18-24,West Bengal,Free
U015890,18-24,Telangana,Free
U015891,18-24,Maharashtra,Free
U015892,35-44,Telangana,Free
U015893,25-34,Maharashtra,Premium
U015894,35-44,Telangana,Premium
U015895,18-24,Maharashtra,Free
U015896,25-34,Maharashtra,Premium
U015897,18-24,Gujarat,Free
U015898,45+,Maharashtra,Free
U015899,25-34,Uttar Pradesh,Premium
U015900,35-44,Tamil Nadu,Free
U015901,18-24,Gujarat,Premium
U015902,18-24,Delhi,Free
U015903,18-24,Tamil Nadu,Premium
U015904,35-44,Gujarat,Free
U015905,18-24,Maharashtra,Free
U015906,35-44,Tamil Nadu,Free
U015907,18-24,Delhi,Free
U015908,25-34,Karnataka,Free
U015909,18-24,Uttar Pradesh,Free
U015910,18-24,Telangana,Free
U015911,25-34,Karnataka,Free
U015912,25-34,West Bengal,Free
U015913,25-34,Punjab,Free
U015914,25-34,Maharashtra,Free
U015915,18-24,Telangana,Free
U015916,25-34,Kerala,Premium
U015917,25-34,Delhi,Free
U015918,18-24,Delhi,Free
U015919,25-34,Telangana,Premium
U015920,18-24,Karnataka,Free
U015921,18-24,Uttar Pradesh,Free
U015922,18-24,Karnataka,Free
U015923,25-34,Karnataka,Premium
U015924,18-24,Telangana,Premium
U015925,35-44,Uttar Pradesh,Free
U015926,35-44,West Bengal,Premium
U015927,18-24,West Bengal,Free
U015928,25-34,Gujarat,Premium
U015929,18-24,Gujarat,Premium
U015930,18-24,Telangana,Free
U015931,45+,Punjab,Free
U015932,25-34,Delhi,Free
U015933,18-24,Telangana,Free
U015934,35-44,West Bengal,Free
U015935,45+,Karnataka,Free
U015936,25-34,Tamil Nadu,Premium
U015937,35-44,Tamil Nadu,Free
U015938,35-44,Telangana,Free
U015939,35-44,Gujarat,Free
U015940,25-34,Tamil Nadu,Premium
U015941,35-44,Telangana,Premium
U015942,25-34,Tamil Nadu,Premium
U015943,18-24,Karnataka,Free
U015944,18-24,Kerala,Free
U015945,25-34,West Bengal,Free
U015946,18-24,Telangana,Premium
U015947,18-24,Punjab,Free
U015948,25-34,Gujarat,Free
U015949,45+,Gujarat,Free
U015950,18-24,Kerala,Free
U015951,18-24,Gujarat,Free
U015952,35-44,Tamil Nadu,Free
U015953,25-34,West Bengal,Free
U015954,35-44,Punjab,Premium
U015955,25-34,Kerala,Free
U015956,25-34,Maharashtra,Free
U015957,18-24,Telangana,Free
U015958,25-34,Punjab,Premium
U015959,25-34,Telangana,Premium
U015960,18-24,Punjab,Free
U015961,18-24,Uttar Pradesh,Free
U015962,25-34,Delhi,Premium
U015963,25-34,Gujarat,Free
U015964,25-34,West Bengal,Free
U015965,35-44,Uttar Pradesh,Free
U015966,35-44,Karnataka,Premium
U015967,18-24,Kerala,Premium
U015968,45+,Maharashtra,Free
U015969,35-44,West Bengal,Free
U015970,18-24,Tamil Nadu,Premium
U015971,25-34,Kerala,Free
U015972,18-24,Kerala,Free
U015973,45+,Tamil Nadu,Premium
U015974,25-34,Karnataka,Premium
U015975,25-34,Kerala,Free
U015976,45+,Uttar Pradesh,Premium
U015977,25-34,Karnataka,Free
U015978,18-24,Gujarat,Free
U015979,25-34,Tamil Nadu,Free
U015980,35-44,Gujarat,Premium
U015981,18-24,West Bengal,Free
U015982,25-34,West Bengal,Free
U015983,25-34,West Bengal,Free
U015984,25-34,Gujarat,Free
U015985,45+,Gujarat,Free
U015986,25-34,Karnataka,Free
U015987,25-34,Kerala,Premium
U015988,35-44,West Bengal,Free
U015989,18-24,Telangana,Premium
U015990,18-24,Punjab,Premium
U015991,45+,Tamil Nadu,Free
U015992,35-44,Punjab,Free
U015993,25-34,Delhi,Free
U015994,18-24,Uttar Pradesh,Free
U015995,18-24,Kerala,Free
U015996,18-24,Telangana,Free
U015997,25-34,Tamil Nadu,Free
U015998,25-34,Maharashtra,Premium
U015999,18-24,Karnataka,Premium
U016000,25-34,Delhi,Free
U016001,45+,Telangana,Free
U016002,45+,Tamil Nadu,Free
U016003,35-44,Uttar Pradesh,Free
U016004,25-34,Gujarat,Premium
U016005,25-34,West Bengal,Premium
U016006,25-34,Gujarat,Free
U016007,18-24,Karnataka,Free
U016008,35-44,Delhi,Premium
U016009,25-34,Telangana,Free
U016010,25-34,Maharashtra,Free
U016011,18-24,Uttar Pradesh,Premium
U016012,18-24,Delhi,Premium
U016013,35-44,Gujarat,Free
U016014,18-24,West Bengal,Free
U016015,18-24,Punjab,Premium
U016016,25-34,Telangana,Free
U016017,35-44,Telangana,Free
U016018,18-24,Kerala,Free
U016019,18-24,Tamil Nadu,Free
U016020,35-44,Telangana,Free
U016021,45+,Tamil Nadu,Free
U016022,25-34,Maharashtra,Free
U016023,35-44,Kerala,Premium
U016024,18-24,Punjab,Premium
U016025,35-44,Punjab,Premium
U016026,25-34,Karnataka,Free
U016027,35-44,Telangana,Premium
U016028,35-44,Kerala,Premium
U016029,18-24,Gujarat,Free
U016030,18-24,Telangana,Premium
U016031,35-44,Karnataka,Free
U016032,18-24,Uttar Pradesh,Free
U016033,25-34,Tamil Nadu,Free
U016034,25-34,Delhi,Free
U016035,18-24,Gujarat,Premium
U016036,25-34,Uttar Pradesh,Free
U016037,25-34,Punjab,Premium
U016038,35-44,Punjab,Premium
U016039,18-24,Karnataka,Free
U016040,18-24,Karnataka,Free
U016041,18-24,Delhi,Free
U016042,18-24,Maharashtra,Free
U016043,25-34,Delhi,Free
U016044,25-34,Punjab,Premium
U016045,18-24,Delhi,Free
U016046,45+,Delhi,Free
U016047,18-24,Uttar Pradesh,Free
U016048,25-34,Punjab,Free
U016049,35-44,Gujarat,Premium
U016050,25-34,Telangana,Premium
U016051,18-24,Tamil Nadu,Premium
U016052,45+,Kerala,Free
U016053,25-34,Maharashtra,Premium
U016054,18-24,Kerala,Premium
U016055,18-24,Tamil Nadu,Free
U016056,45+,Gujarat,Premium
U016057,18-24,Uttar Pradesh,Free
U016058,35-44,Kerala,Free
U016059,18-24,Delhi,Free
U016060,18-24,Uttar Pradesh,Premium
U016061,35-44,Kerala,Free
U016062,45+,Maharashtra,Premium
U016063,18-24,Delhi,Free
U016064,18-24,Uttar Pradesh,Free
U016065,35-44,Gujarat,Free
U016066,25-34,Tamil Nadu,Free
U016067,25-34,Uttar Pradesh,Free
U016068,18-24,Tamil Nadu,Free
U016069,45+,Gujarat,Free
U016070,18-24,Telangana,Premium
U016071,18-24,West Bengal,Free
U016072,18-24,Maharashtra,Free
U016073,18-24,Uttar Pradesh,Free
U016074,25-34,Delhi,Premium
U016075,18-24,Punjab,Free
U016076,25-34,Tamil Nadu,Free
U016077,25-34,Kerala,Free
U016078,18-24,Kerala,Free
U016079,35-44,West Bengal,Free
U016080,25-34,Gujarat,Premium
U016081,18-24,West Bengal,Free
U016082,18-24,Delhi,Free
U016083,25-34,Kerala,Free
U016084,35-44,Punjab,Premium
U016085,25-34,Telangana,Free
U016086,35-44,West Bengal,Free
U016087,18-24,Karnataka,Free
U016088,45+,Karnataka,Free
U016089,18-24,Punjab,Free
U016090,18-24,Punjab,Free
U016091,25-34,Uttar Pradesh,Free
U016092,18-24,Karnataka,Free
U016093,25-34,Tamil Nadu,Free
U016094,18-24,Kerala,Free
U016095,35-44,Punjab,Free
U016096,35-44,Delhi,Premium
U016097,25-34,Punjab,Free
U016098,25-34,Maharashtra,Premium
U016099,18-24,Tamil Nadu,Free
U016100,35-44,Maharashtra,Free
U016101,25-34,Karnataka,Premium
U016102,25-34,Telangana,Free
U016103,18-24,Punjab,Free
U016104,18-24,Punjab,Free
U016105,25-34,West Bengal,Premium
U016106,25-34,Telangana,Premium
U016107,35-44,Kerala,Free
U016108,45+,Gujarat,Free
U016109,25-34,Punjab,Premium
U016110,25-34,Punjab,Free
U016111,35-44,Telangana,Free
U016112,18-24,Delhi,Free
U016113,25-34,Kerala,Free
U016114,25-34,Maharashtra,Free
U016115,18-24,Karnataka,Free
U016116,18-24,Uttar Pradesh,Free
U016117,25-34,Kerala,Free
U016118,25-34,Telangana,Free
U016119,18-24,Maharashtra,Premium
U016120,18-24,Gujarat,Premium
U016121,18-24,Tamil Nadu,Free
U016122,35-44,Gujarat,Free
U016123,35-44,Kerala,Premium
U016124,45+,Uttar Pradesh,Free
U016125,35-44,Delhi,Premium
U016126,18-24,Gujarat,Premium
U016127,18-24,Kerala,Free
U016128,25-34,Punjab,Free
U016129,25-34,Gujarat,Free
U016130,35-44,Telangana,Free
U016131,18-24,West Bengal,Free
U016132,45+,Uttar Pradesh,Free
U016133,18-24,Telangana,Premium
U016134,25-34,West Bengal,Free
U016135,35-44,Gujarat,Premium
U016136,25-34,Kerala,Free
U016137,35-44,West Bengal,Free
U016138,35-44,Uttar Pradesh,Free
U016139,35-44,Uttar Pradesh,Premium
U016140,35-44,West Bengal,Free
U016141,25-34,Maharashtra,Premium
U016142,25-34,West Bengal,Free
U016143,35-44,Karnataka,Free
U016144,25-34,Telangana,Free
U016145,25-34,Karnataka,Free
U016146,25-34,Karnataka,Premium
U016147,18-24,Uttar Pradesh,Free
U016148,25-34,Punjab,Premium
U016149,45+,Delhi,Free
U016150,18-24,West Bengal,Free
U016151,18-24,West Bengal,Premium
U016152,18-24,Uttar Pradesh,Premium
U016153,25-34,Maharashtra,Free
U016154,18-24,Uttar Pradesh,Free
U016155,25-34,Gujarat,Premium
U016156,18-24,Punjab,Free
U016157,18-24,Gujarat,Free
U016158,18-24,Gujarat,Free
U016159,18-24,Delhi,Free
U016160,35-44,Maharashtra,Free
U016161,45+,West Bengal,Free
U016162,35-44,Telangana,Free
U016163,35-44,Gujarat,Free
U016164,18-24,Uttar Pradesh,Free
U016165,35-44,Delhi,Free
U016166,25-34,Uttar Pradesh,Free
U016167,35-44,Gujarat,Free
U016168,25-34,West Bengal,Free
U016169,18-24,Karnataka,Premium
U016170,18-24,West Bengal,Free
U016171,18-24,Telangana,Free
U016172,25-34,Karnataka,Premium
U016173,25-34,Maharashtra,Free
U016174,45+,Kerala,Free
U016175,18-24,Karnataka,Premium
U016176,25-34,Punjab,Free
U016177,25-34,Karnataka,Free
U016178,18-24,Maharashtra,Premium
U016179,18-24,Karnataka,Free
U016180,25-34,Gujarat,Free
U016181,25-34,Kerala,Free
U016182,18-24,Maharashtra,Premium
U016183,18-24,Karnataka,Free
U016184,18-24,West Bengal,Premium
U016185,35-44,Uttar Pradesh,Free
U016186,35-44,Tamil Nadu,Premium
U016187,18-24,Uttar Pradesh,Premium
U016188,25-34,Maharashtra,Free
U016189,45+,Uttar Pradesh,Free
U016190,18-24,Delhi,Free
U016191,18-24,Kerala,Free
U016192,18-24,Delhi,Free
U016193,18-24,Uttar Pradesh,Premium
U016194,35-44,Punjab,Free
U016195,35-44,Karnataka,Free
U016196,25-34,West Bengal,Premium
U016197,18-24,Maharashtra,Free
U016198,35-44,Telangana,Free
U016199,18-24,Punjab,Free
U016200,18-24,Tamil Nadu,Free
U016201,18-24,Karnataka,Free
U016202,35-44,Gujarat,Free
U016203,35-44,Tamil Nadu,Free
U016204,25-34,Kerala,Free
U016205,35-44,Maharashtra,Free
U016206,18-24,West Bengal,Premium
U016207,25-34,Karnataka,Premium
U016208,35-44,Telangana,Premium
U016209,45+,Gujarat,Free
U016210,25-34,West Bengal,Free
U016211,18-24,Karnataka,Free
U016212,45+,Punjab,Free
U016213,25-34,Gujarat,Premium
U016214,18-24,Punjab,Free
U016215,18-24,Maharashtra,Free
U016216,18-24,Punjab,Free
U016217,25-34,Maharashtra,Free
U016218,25-34,Kerala,Free
U016219,18-24,Gujarat,Free
U016220,18-24,Tamil Nadu,Free
U016221,25-34,West Bengal,Free
U016222,25-34,Uttar Pradesh,Premium
U016223,18-24,Uttar Pradesh,Free
U016224,18-24,Maharashtra,Free
U016225,35-44,Maharashtra,Free
U016226,45+,Karnataka,Free
U016227,25-34,Punjab,Free
U016228,25-34,Delhi,Free
U016229,35-44,Delhi,Free
U016230,18-24,Gujarat,Free
U016231,45+,Delhi,Free
U016232,25-34,Tamil Nadu,Premium
U016233,25-34,Maharashtra,Free
U016234,25-34,West Bengal,Free
U016235,18-24,Kerala,Free
U016236,35-44,Telangana,Premium
U016237,35-44,Punjab,Premium
U016238,18-24,Maharashtra,Free
U016239,25-34,Tamil Nadu,Free
U016240,45+,Kerala,Free
U016241,35-44,Delhi,Free
U016242,25-34,Gujarat,Free
U016243,18-24,Uttar Pradesh,Free
U016244,18-24,West Bengal,Free
U016245,18-24,Gujarat,Free
U016246,35-44,Punjab,Free
U016247,35-44,West Bengal,Free
U016248,45+,Kerala,Free
U016249,18-24,Kerala,Free
U016250,45+,Kerala,Premium
U016251,45+,Delhi,Free
U016252,25-34,Uttar Pradesh,Premium
U016253,35-44,West Bengal,Premium
U016254,25-34,Delhi,Free
U016255,18-24,West Bengal,Premium
U016256,18-24,Uttar Pradesh,Free
U016257,18-24,Maharashtra,Free
U016258,18-24,Gujarat,Free
U016259,25-34,Karnataka,Free
U016260,18-24,Punjab,Free
U016261,18-24,Tamil Nadu,Premium
U016262,18-24,Kerala,Premium
U016263,25-34,Delhi,Free
U016264,45+,Punjab,Premium
U016265,25-34,Gujarat,Free
U016266,35-44,Punjab,Free
U016267,45+,Karnataka,Free
U016268,35-44,West Bengal,Free
U016269,35-44,Punjab,Free
U016270,25-34,Maharashtra,Premium
U016271,45+,Telangana,Free
U016272,18-24,Maharashtra,Premium
U016273,35-44,Karnataka,Free
U016274,25-34,West Bengal,Free
U016275,18-24,Kerala,Premium
U016276,35-44,Uttar Pradesh,Free
U016277,35-44,Gujarat,Premium
U016278,35-44,Maharashtra,Free
U016279,45+,Tamil Nadu,Free
U016280,35-44,Maharashtra,Premium
U016281,25-34,Gujarat,Free
U016282,45+,Maharashtra,Free
U016283,18-24,Kerala,Free
U016284,18-24,Maharashtra,Free
U016285,25-34,Delhi,Premium
U016286,25-34,Uttar Pradesh,Free
U016287,25-34,Delhi,Free
U016288,35-44,Tamil Nadu,Free
U016289,18-24,Telangana,Free
U016290,35-44,West Bengal,Free
U016291,25-34,Uttar Pradesh,Free
U016292,45+,Tamil Nadu,Free
U016293,18-24,West Bengal,Free
U016294,25-34,Uttar Pradesh,Free
U016295,35-44,Delhi,Premium
U016296,25-34,Tamil Nadu,Free
U016297,18-24,Karnataka,Free
U016298,18-24,Uttar Pradesh,Free
U016299,18-24,West Bengal,Free
U016300,25-34,West Bengal,Free
U016301,25-34,Delhi,Free
U016302,25-34,Uttar Pradesh,Premium
U016303,35-44,Maharashtra,Premium
U016304,18-24,Tamil Nadu,Free
U016305,18-24,West Bengal,Free
U016306,35-44,Gujarat,Premium
U016307,35-44,Punjab,Free
U016308,35-44,Karnataka,Free
U016309,35-44,Maharashtra,Free
U016310,45+,West Bengal,Premium
U016311,45+,Delhi,Free
U016312,25-34,West Bengal,Premium
U016313,18-24,Maharashtra,Premium
U016314,18-24,Tamil Nadu,Free
U016315,25-34,Tamil Nadu,Premium
U016316,25-34,Telangana,Free
U016317,18-24,Karnataka,Premium
U016318,18-24,Delhi,Free
U016319,45+,Kerala,Free
U016320,18-24,Uttar Pradesh,Free
U016321,35-44,Punjab,Free
U016322,45+,Tamil Nadu,Free
U016323,25-34,Delhi,Free
U016324,18-24,Delhi,Free
U016325,35-44,Karnataka,Premium
U016326,25-34,Kerala,Premium
U016327,18-24,West Bengal,Free
U016328,25-34,Kerala,Free
U016329,18-24,Maharashtra,Premium
U016330,35-44,Maharashtra,Premium
U016331,45+,Punjab,Free
U016332,25-34,Karnataka,Premium
U016333,45+,Telangana,Free
U016334,25-34,Telangana,Free
U016335,35-44,Delhi,Free
U016336,35-44,Gujarat,Free
U016337,18-24,Kerala,Premium
U016338,45+,Karnataka,Premium
U016339,45+,West Bengal,Premium
U016340,25-34,Punjab,Free
U016341,35-44,Maharashtra,Premium
U016342,18-24,Kerala,Premium
U016343,18-24,Maharashtra,Free
U016344,18-24,Punjab,Free
U016345,25-34,Karnataka,Premium
U016346,18-24,Gujarat,Free
U016347,18-24,Telangana,Premium
U016348,45+,Kerala,Free
U016349,25-34,Uttar Pradesh,Free
U016350,35-44,Gujarat,Premium
U016351,18-24,West Bengal,Free
U016352,18-24,Karnataka,Free
U016353,35-44,Tamil Nadu,Free
U016354,18-24,Delhi,Free
U016355,25-34,Telangana,Free
U016356,45+,Telangana,Free
U016357,18-24,Uttar Pradesh,Free
U016358,25-34,Delhi,Free
U016359,25-34,Kerala,Free
U016360,18-24,Punjab,Premium
U016361,35-44,Maharashtra,Free
U016362,25-34,Tamil Nadu,Premium
U016363,18-24,Uttar Pradesh,Premium
U016364,25-34,Tamil Nadu,Free
U016365,25-34,Delhi,Free
U016366,25-34,Karnataka,Premium
U016367,45+,West Bengal,Free
U016368,35-44,Punjab,Premium
U016369,25-34,Punjab,Premium
U016370,45+,Punjab,Free
U016371,35-44,Maharashtra,Free
U016372,18-24,West Bengal,Free
U016373,18-24,Karnataka,Free
U016374,18-24,Karnataka,Free
U016375,18-24,Karnataka,Premium
U016376,25-34,West Bengal,Free
U016377,18-24,Gujarat,Free
U016378,45+,Kerala,Free
U016379,25-34,Telangana,Free
U016380,18-24,Kerala,Premium
U016381,45+,Punjab,Premium
U016382,25-34,Uttar Pradesh,Free
U016383,18-24,West Bengal,Free
U016384,18-24,Uttar Pradesh,Free
U016385,25-34,Punjab,Free
U016386,25-34,Delhi,Premium
U016387,25-34,Kerala,Premium
U016388,35-44,Karnataka,Free
U016389,25-34,Punjab,Free
U016390,35-44,Kerala,Premium
U016391,35-44,Telangana,Free
U016392,25-34,Kerala,Free
U016393,18-24,Punjab,Free
U016394,25-34,Maharashtra,Free
U016395,25-34,Tamil Nadu,Premium
U016396,25-34,Uttar Pradesh,Free
U016397,25-34,Telangana,Free
U016398,25-34,Gujarat,Free
U016399,25-34,Gujarat,Free
U016400,25-34,Gujarat,Free
U016401,25-34,Tamil Nadu,Free
U016402,45+,Punjab,Free
U016403,25-34,Gujarat,Free
U016404,35-44,Telangana,Premium
U016405,25-34,Karnataka,Premium
U016406,25-34,Tamil Nadu,Free
U016407,35-44,Kerala,Free
U016408,45+,Karnataka,Free
U016409,35-44,Gujarat,Premium
U016410,45+,Punjab,Free
U016411,25-34,Karnataka,Premium
U016412,45+,Delhi,Free
U016413,35-44,Gujarat,Free
U016414,35-44,Gujarat,Free
U016415,35-44,Punjab,Premium
U016416,35-44,Telangana,Free
U016417,25-34,Kerala,Free
U016418,25-34,West Bengal,Premium
U016419,25-34,West Bengal,Free
U016420,25-34,Punjab,Premium
U016421,18-24,Maharashtra,Premium
U016422,35-44,Uttar Pradesh,Premium
U016423,25-34,Uttar Pradesh,Free
U016424,25-34,Uttar Pradesh,Premium
U016425,18-24,Maharashtra,Free
U016426,18-24,West Bengal,Free
U016427,25-34,Punjab,Premium
U016428,25-34,Karnataka,Free
U016429,18-24,Tamil Nadu,Free
U016430,18-24,Punjab,Free
U016431,25-34,Telangana,Free
U016432,18-24,Telangana,Free
U016433,18-24,Uttar Pradesh,Free
U016434,35-44,Gujarat,Premium
U016435,35-44,Kerala,Free
U016436,45+,Uttar Pradesh,Free
U016437,18-24,Tamil Nadu,Free
U016438,18-24,Maharashtra,Premium
U016439,18-24,Gujarat,Free
U016440,25-34,Karnataka,Free
U016441,18-24,Tamil Nadu,Premium
U016442,18-24,Karnataka,Free
U016443,25-34,Uttar Pradesh,Free
U016444,25-34,Karnataka,Premium
U016445,25-34,West Bengal,Free
U016446,25-34,West Bengal,Free
U016447,35-44,Telangana,Free
U016448,25-34,Telangana,Free
U016449,18-24,Maharashtra,Free
U016450,25-34,Gujarat,Premium
U016451,18-24,Karnataka,Free
U016452,18-24,Punjab,Free
U016453,25-34,Punjab,Premium
U016454,18-24,Karnataka,Premium
U016455,18-24,West Bengal,Free
U016456,25-34,Telangana,Free
U016457,35-44,Gujarat,Free
U016458,18-24,Gujarat,Free
U016459,25-34,Karnataka,Premium
U016460,45+,Gujarat,Free
U016461,18-24,West Bengal,Free
U016462,35-44,Gujarat,Premium
U016463,18-24,Maharashtra,Premium
U016464,45+,Telangana,Free
U016465,18-24,West Bengal,Free
U016466,18-24,Punjab,Premium
U016467,45+,West Bengal,Premium
U016468,25-34,Kerala,Premium
U016469,18-24,Delhi,Free
U016470,35-44,Uttar Pradesh,Free
U016471,35-44,Uttar Pradesh,Premium
U016472,25-34,Punjab,Premium
U016473,18-24,Delhi,Free
U016474,18-24,Delhi,Premium
U016475,45+,Maharashtra,Premium
U016476,18-24,Maharashtra,Free
U016477,18-24,Karnataka,Free
U016478,18-24,West Bengal,Free
U016479,18-24,West Bengal,Premium
U016480,25-34,Telangana,Free
U016481,25-34,West Bengal,Free
U016482,18-24,Delhi,Free
U016483,18-24,Uttar Pradesh,Free
U016484,18-24,Delhi,Free
U016485,18-24,Karnataka,Premium
U016486,18-24,West Bengal,Free
U016487,35-44,Delhi,Premium
U016488,18-24,Tamil Nadu,Free
U016489,18-24,Uttar Pradesh,Free
U016490,25-34,Punjab,Free
U016491,35-44,West Bengal,Free
U016492,25-34,West Bengal,Free
U016493,45+,Maharashtra,Free
U016494,18-24,Maharashtra,Free
U016495,18-24,Delhi,Free
U016496,18-24,Maharashtra,Premium
U016497,18-24,Telangana,Free
U016498,45+,Punjab,Premium
U016499,25-34,Telangana,Premium
U016500,35-44,Punjab,Premium
U016501,45+,Karnataka,Free
U016502,35-44,Delhi,Free
U016503,25-34,Kerala,Free
U016504,35-44,Delhi,Premium
U016505,25-34,Uttar Pradesh,Premium
U016506,18-24,Delhi,Free
U016507,25-34,Uttar Pradesh,Premium
U016508,45+,Kerala,Premium
U016509,35-44,Gujarat,Free
U016510,25-34,Gujarat,Free
U016511,35-44,Tamil Nadu,Free
U016512,25-34,Delhi,Free
U016513,25-34,West Bengal,Premium
U016514,18-24,West Bengal,Free
U016515,18-24,Gujarat,Free
U016516,18-24,Punjab,Premium
U016517,35-44,Gujarat,Free
U016518,45+,Gujarat,Free
U016519,18-24,Kerala,Free
U016520,18-24,Punjab,Premium
U016521,18-24,Punjab,Free
U016522,35-44,Delhi,Premium
U016523,25-34,Gujarat,Free
U016524,25-34,Tamil Nadu,Free
U016525,18-24,Karnataka,Free
U016526,18-24,Delhi,Free
U016527,45+,Tamil Nadu,Premium
U016528,25-34,Delhi,Free
U016529,18-24,Gujarat,Free
U016530,18-24,Karnataka,Free
U016531,18-24,Tamil Nadu,Free
U016532,18-24,West Bengal,Free
U016533,18-24,West Bengal,Premium
U016534,35-44,Delhi,Free
U016535,18-24,Maharashtra,Premium
U016536,25-34,Punjab,Free
U016537,25-34,Kerala,Free
U016538,18-24,Gujarat,Free
U016539,25-34,Uttar Pradesh,Premium
U016540,35-44,Punjab,Free
U016541,18-24,Kerala,Free
U016542,35-44,Delhi,Premium
U016543,18-24,Delhi,Free
U016544,18-24,Telangana,Free
U016545,18-24,Maharashtra,Premium
U016546,25-34,Maharashtra,Free
U016547,25-34,Uttar Pradesh,Premium
U016548,35-44,Gujarat,Free
U016549,18-24,West Bengal,Premium
U016550,25-34,Punjab,Premium
U016551,18-24,Maharashtra,Free
U016552,18-24,Delhi,Premium
U016553,25-34,Tamil Nadu,Free
U016554,18-24,Gujarat,Premium
U016555,25-34,Telangana,Free
U016556,25-34,Gujarat,Premium
U016557,35-44,Uttar Pradesh,Premium
U016558,35-44,Kerala,Premium
U016559,18-24,Maharashtra,Premium
U016560,18-24,Punjab,Free
U016561,25-34,Karnataka,Premium
U016562,18-24,Telangana,Free
U016563,18-24,Kerala,Free
U016564,18-24,Uttar Pradesh,Free
U016565,25-34,Uttar Pradesh,Free
U016566,25-34,Tamil Nadu,Premium
U016567,18-24,Uttar Pradesh,Premium
U016568,18-24,Uttar Pradesh,Premium
U016569,18-24,Delhi,Free
U016570,18-24,West Bengal,Premium
U016571,35-44,Tamil Nadu,Free
U016572,18-24,Gujarat,Free
U016573,18-24,Gujarat,Free
U016574,35-44,Delhi,Free
U016575,25-34,West Bengal,Free
U016576,18-24,Uttar Pradesh,Premium
U016577,35-44,West Bengal,Free
U016578,25-34,Gujarat,Premium
U016579,45+,Kerala,Premium
U016580,35-44,Kerala,Free
U016581,25-34,Gujarat,Free
U016582,18-24,Uttar Pradesh,Free
U016583,25-34,Delhi,Premium
U016584,18-24,Kerala,Free
U016585,25-34,Karnataka,Free
U016586,45+,Telangana,Premium
U016587,18-24,West Bengal,Free
U016588,35-44,West Bengal,Free
U016589,25-34,Delhi,Premium
U016590,18-24,Gujarat,Free
U016591,35-44,Kerala,Premium
U016592,25-34,Kerala,Free
U016593,25-34,West Bengal,Free
U016594,25-34,Telangana,Premium
U016595,18-24,Punjab,Free
U016596,18-24,Telangana,Free
U016597,25-34,Punjab,Free
U016598,35-44,Gujarat,Premium
U016599,25-34,Maharashtra,Free
U016600,35-44,Maharashtra,Free
U016601,35-44,Kerala,Free
U016602,18-24,Kerala,Free
U016603,35-44,Telangana,Free
U016604,35-44,Telangana,Free
U016605,18-24,Maharashtra,Free
U016606,25-34,Gujarat,Free
U016607,35-44,Gujarat,Free
U016608,45+,Punjab,Free
U016609,45+,Maharashtra,Free
U016610,25-34,Telangana,Premium
U016611,35-44,Punjab,Free
U016612,25-34,Delhi,Premium
U016613,35-44,Delhi,Free
U016614,25-34,West Bengal,Premium
U016615,45+,Karnataka,Premium
U016616,45+,Kerala,Free
U016617,18-24,Karnataka,Free
U016618,45+,West Bengal,Free
U016619,25-34,Punjab,Premium
U016620,18-24,Telangana,Free
U016621,18-24,West Bengal,Free
U016622,25-34,Karnataka,Free
U016623,18-24,Gujarat,Free
U016624,18-24,West Bengal,Free
U016625,25-34,Punjab,Free
U016626,18-24,Gujarat,Free
U016627,25-34,Tamil Nadu,Free
U016628,35-44,Kerala,Free
U016629,18-24,Karnataka,Premium
U016630,25-34,Maharashtra,Free
U016631,18-24,Telangana,Premium
U016632,35-44,Telangana,Free
U016633,25-34,Kerala,Free
U016634,35-44,Kerala,Free
U016635,35-44,West Bengal,Free
U016636,35-44,Telangana,Premium
U016637,25-34,Maharashtra,Free
U016638,25-34,Telangana,Free
U016639,18-24,Uttar Pradesh,Free
U016640,25-34,Uttar Pradesh,Free
U016641,25-34,Maharashtra,Premium
U016642,25-34,Gujarat,Premium
U016643,18-24,Delhi,Premium
U016644,25-34,Maharashtra,Free
U016645,25-34,Maharashtra,Free
U016646,25-34,Telangana,Premium
U016647,25-34,Delhi,Free
U016648,25-34,West Bengal,Free
U016649,25-34,Tamil Nadu,Premium
U016650,25-34,Gujarat,Free
U016651,35-44,Punjab,Free
U016652,35-44,Punjab,Premium
U016653,18-24,Telangana,Premium
U016654,18-24,Delhi,Free
U016655,25-34,Tamil Nadu,Premium
U016656,35-44,Telangana,Free
U016657,18-24,West Bengal,Premium
U016658,25-34,Tamil Nadu,Free
U016659,18-24,Delhi,Premium
U016660,35-44,Punjab,Premium
U016661,18-24,Maharashtra,Free
U016662,35-44,Uttar Pradesh,Free
U016663,25-34,Telangana,Free
U016664,35-44,Karnataka,Free
U016665,45+,Karnataka,Free
U016666,25-34,Maharashtra,Free
U016667,25-34,Tamil Nadu,Free
U016668,35-44,Maharashtra,Free
U016669,35-44,Kerala,Free
U016670,25-34,Punjab,Free
U016671,18-24,Delhi,Free
U016672,45+,Delhi,Free
U016673,18-24,Maharashtra,Free
U016674,45+,Karnataka,Free
U016675,18-24,Maharashtra,Free
U016676,25-34,Maharashtra,Free
U016677,45+,Punjab,Free
U016678,25-34,Telangana,Premium
U016679,25-34,Punjab,Premium
U016680,18-24,Tamil Nadu,Free
U016681,18-24,Tamil Nadu,Free
U016682,18-24,Telangana,Free
U016683,25-34,Maharashtra,Free
U016684,25-34,Uttar Pradesh,Premium
U016685,18-24,Maharashtra,Free
U016686,25-34,Uttar Pradesh,Free
U016687,45+,Punjab,Premium
U016688,35-44,Tamil Nadu,Free
U016689,25-34,Maharashtra,Free
U016690,45+,Karnataka,Premium
U016691,25-34,Gujarat,Free
U016692,18-24,West Bengal,Premium
U016693,25-34,West Bengal,Free
U016694,35-44,Karnataka,Free
U016695,18-24,Uttar Pradesh,Free
U016696,18-24,Kerala,Free
U016697,45+,Punjab,Free
U016698,35-44,West Bengal,Free
U016699,35-44,Karnataka,Free
U016700,35-44,Delhi,Free
U016701,25-34,West Bengal,Premium
U016702,18-24,Tamil Nadu,Premium
U016703,35-44,Maharashtra,Premium
U016704,18-24,Gujarat,Premium
U016705,18-24,West Bengal,Free
U016706,45+,Telangana,Free
U016707,18-24,Uttar Pradesh,Free
U016708,18-24,Kerala,Free
U016709,18-24,Uttar Pradesh,Free
U016710,35-44,Kerala,Free
U016711,45+,Delhi,Free
U016712,18-24,Tamil Nadu,Free
U016713,25-34,Telangana,Free
U016714,35-44,Punjab,Premium
U016715,25-34,Karnataka,Free
U016716,18-24,Telangana,Free
U016717,18-24,Tamil Nadu,Premium
U016718,25-34,Delhi,Free
U016719,18-24,Telangana,Free
U016720,35-44,Telangana,Premium
U016721,18-24,Gujarat,Premium
U016722,35-44,Delhi,Free
U016723,25-34,Tamil Nadu,Free
U016724,25-34,Uttar Pradesh,Premium
U016725,35-44,Punjab,Free
U016726,18-24,Kerala,Free
U016727,18-24,Karnataka,Free
U016728,25-34,Delhi,Free
U016729,35-44,Kerala,Free
U016730,35-44,Kerala,Premium
U016731,25-34,Uttar Pradesh,Free
U016732,35-44,Kerala,Free
U016733,18-24,Karnataka,Free
U016734,18-24,Kerala,Premium
U016735,18-24,Maharashtra,Free
U016736,45+,Karnataka,Free
U016737,25-34,Punjab,Free
U016738,25-34,Telangana,Premium
U016739,35-44,West Bengal,Free
U016740,18-24,Telangana,Free
U016741,18-24,Delhi,Free
U016742,18-24,Karnataka,Free
U016743,18-24,Maharashtra,Premium
U016744,25-34,Telangana,Premium
U016745,18-24,Kerala,Free
U016746,35-44,Punjab,Free
U016747,35-44,Telangana,Free
U016748,45+,Gujarat,Free
U016749,18-24,Delhi,Free
U016750,25-34,Uttar Pradesh,Free
U016751,18-24,Karnataka,Free
U016752,18-24,Karnataka,Free
U016753,25-34,Kerala,Free
U016754,25-34,Karnataka,Free
U016755,25-34,Tamil Nadu,Premium
U016756,35-44,Punjab,Free
U016757,18-24,Delhi,Free
U016758,45+,Gujarat,Free
U016759,18-24,Maharashtra,Premium
U016760,45+,Delhi,Premium
U016761,25-34,Gujarat,Free
U016762,18-24,Kerala,Premium
U016763,25-34,Punjab,Free
U016764,18-24,Gujarat,Free
U016765,35-44,Kerala,Free
U016766,18-24,Karnataka,Free
U016767,35-44,Maharashtra,Premium
U016768,18-24,Kerala,Free
U016769,45+,West Bengal,Free
U016770,18-24,Tamil Nadu,Free
U016771,25-34,Punjab,Free
U016772,35-44,Karnataka,Premium
U016773,18-24,Punjab,Free
U016774,18-24,Gujarat,Free
U016775,25-34,Punjab,Free
U016776,25-34,Tamil Nadu,Free
U016777,35-44,West Bengal,Free
U016778,18-24,Maharashtra,Free
U016779,35-44,Telangana,Premium
U016780,45+,West Bengal,Premium
U016781,35-44,Telangana,Free
U016782,18-24,West Bengal,Premium
U016783,18-24,Tamil Nadu,Premium
U016784,45+,West Bengal,Premium
U016785,35-44,Uttar Pradesh,Free
U016786,25-34,Karnataka,Free
U016787,45+,Karnataka,Free
U016788,18-24,West Bengal,Premium
U016789,35-44,Maharashtra,Premium
U016790,25-34,Punjab,Free
U016791,35-44,Delhi,Premium
U016792,35-44,Tamil Nadu,Free
U016793,25-34,Delhi,Free
U016794,18-24,Punjab,Premium
U016795,45+,Tamil Nadu,Free
U016796,35-44,West Bengal,Free
U016797,25-34,Tamil Nadu,Free
U016798,45+,Gujarat,Premium
U016799,18-24,Kerala,Free
U016800,25-34,Maharashtra,Free
U016801,45+,West Bengal,Free
U016802,25-34,Maharashtra,Free
U016803,35-44,Delhi,Free
U016804,35-44,Kerala,Free
U016805,25-34,Telangana,Free
U016806,18-24,Karnataka,Free
U016807,35-44,Delhi,Premium
U016808,25-34,Karnataka,Free
U016809,25-34,Kerala,Free
U016810,25-34,Telangana,Free
U016811,18-24,Delhi,Premium
U016812,18-24,Tamil Nadu,Free
U016813,25-34,Punjab,Free
U016814,35-44,Delhi,Free
U016815,25-34,Maharashtra,Free
U016816,18-24,Kerala,Free
U016817,25-34,Delhi,Free
U016818,35-44,Delhi,Premium
U016819,18-24,Gujarat,Premium
U016820,25-34,Gujarat,Premium
U016821,35-44,Telangana,Free
U016822,25-34,Kerala,Premium
U016823,25-34,Maharashtra,Free
U016824,35-44,Delhi,Premium
U016825,18-24,Karnataka,Free
U016826,18-24,Kerala,Free
U016827,18-24,Maharashtra,Free
U016828,35-44,West Bengal,Free
U016829,45+,Maharashtra,Free
U016830,25-34,Uttar Pradesh,Premium
U016831,45+,Punjab,Free
U016832,35-44,Kerala,Premium
U016833,18-24,West Bengal,Free
U016834,18-24,Karnataka,Free
U016835,25-34,Kerala,Free
U016836,25-34,West Bengal,Free
U016837,25-34,Tamil Nadu,Free
U016838,25-34,West Bengal,Free
U016839,25-34,Punjab,Premium
U016840,18-24,Kerala,Free
U016841,25-34,Kerala,Free
U016842,35-44,Tamil Nadu,Free
U016843,35-44,West Bengal,Premium
U016844,18-24,Gujarat,Free
U016845,35-44,West Bengal,Free
U016846,18-24,Punjab,Premium
U016847,18-24,Punjab,Free
U016848,35-44,Uttar Pradesh,Premium
U016849,45+,Gujarat,Premium
U016850,45+,Karnataka,Free
U016851,18-24,Kerala,Free
U016852,18-24,Maharashtra,Premium
U016853,35-44,West Bengal,Free
U016854,35-44,Punjab,Free
U016855,25-34,Karnataka,Free
U016856,18-24,Uttar Pradesh,Premium
U016857,25-34,Delhi,Free
U016858,18-24,Kerala,Premium
U016859,18-24,Tamil Nadu,Free
U016860,25-34,Tamil Nadu,Free
U016861,18-24,Tamil Nadu,Premium
U016862,35-44,Uttar Pradesh,Free
U016863,25-34,Telangana,Premium
U016864,25-34,Punjab,Free
U016865,25-34,Maharashtra,Free
U016866,45+,Punjab,Free
U016867,25-34,Delhi,Premium
U016868,35-44,Delhi,Premium
U016869,25-34,Uttar Pradesh,Premium
U016870,25-34,Tamil Nadu,Free
U016871,45+,Uttar Pradesh,Premium
U016872,18-24,Telangana,Free
U016873,18-24,Punjab,Premium
U016874,45+,Delhi,Premium
U016875,25-34,Kerala,Free
U016876,18-24,Delhi,Free
U016877,45+,Maharashtra,Premium
U016878,18-24,Karnataka,Free
U016879,25-34,Karnataka,Premium
U016880,35-44,Punjab,Free
U016881,35-44,Telangana,Free
U016882,25-34,Telangana,Free
U016883,18-24,Tamil Nadu,Free
U016884,35-44,Telangana,Free
U016885,35-44,West Bengal,Premium
U016886,18-24,Delhi,Free
U016887,18-24,Karnataka,Free
U016888,25-34,Maharashtra,Free
U016889,18-24,Uttar Pradesh,Free
U016890,35-44,West Bengal,Free
U016891,45+,Gujarat,Premium
U016892,18-24,Kerala,Premium
U016893,45+,Maharashtra,Free
U016894,35-44,Tamil Nadu,Free
U016895,35-44,Gujarat,Free
U016896,45+,Telangana,Premium
U016897,18-24,Telangana,Free
U016898,45+,Uttar Pradesh,Premium
U016899,18-24,Kerala,Premium
U016900,25-34,Kerala,Premium
U016901,25-34,Kerala,Premium
U016902,18-24,Karnataka,Free
U016903,35-44,Uttar Pradesh,Free
U016904,25-34,Gujarat,Free
U016905,25-34,Maharashtra,Free
U016906,25-34,Telangana,Premium
U016907,18-24,Punjab,Free
U016908,18-24,Telangana,Free
U016909,18-24,Gujarat,Free
U016910,45+,West Bengal,Free
U016911,35-44,Kerala,Free
U016912,25-34,Tamil Nadu,Free
U016913,25-34,Maharashtra,Free
U016914,25-34,Gujarat,Free
U016915,18-24,Maharashtra,Free
U016916,18-24,Delhi,Free
U016917,25-34,Kerala,Free
U016918,18-24,Tamil Nadu,Premium
U016919,35-44,Tamil Nadu,Free
U016920,18-24,Maharashtra,Free
U016921,25-34,Delhi,Premium
U016922,25-34,Kerala,Free
U016923,35-44,Telangana,Premium
U016924,45+,Punjab,Premium
U016925,25-34,Tamil Nadu,Free
U016926,18-24,Tamil Nadu,Free
U016927,25-34,Uttar Pradesh,Free
U016928,18-24,Gujarat,Free
U016929,18-24,Tamil Nadu,Free
U016930,25-34,Delhi,Premium
U016931,18-24,Telangana,Free
U016932,18-24,Maharashtra,Free
U016933,25-34,West Bengal,Free
U016934,25-34,Telangana,Premium
U016935,45+,Gujarat,Free
U016936,18-24,Tamil Nadu,Free
U016937,25-34,Telangana,Free
U016938,35-44,Maharashtra,Free
U016939,35-44,Gujarat,Premium
U016940,18-24,Punjab,Free
U016941,25-34,Kerala,Free
U016942,25-34,Punjab,Premium
U016943,18-24,Karnataka,Premium
U016944,18-24,Punjab,Premium
U016945,25-34,Gujarat,Free
U016946,18-24,Kerala,Free
U016947,18-24,Kerala,Premium
U016948,25-34,Karnataka,Free
U016949,18-24,Kerala,Free
U016950,18-24,Tamil Nadu,Free
U016951,25-34,Kerala,Premium
U016952,35-44,Punjab,Free
U016953,35-44,Telangana,Free
U016954,18-24,Uttar Pradesh,Free
U016955,18-24,Maharashtra,Free
U016956,45+,Kerala,Premium
U016957,25-34,West Bengal,Free
U016958,25-34,Tamil Nadu,Premium
U016959,18-24,Uttar Pradesh,Free
U016960,18-24,Kerala,Premium
U016961,18-24,Telangana,Premium
U016962,35-44,Karnataka,Free
U016963,45+,West Bengal,Free
U016964,18-24,Maharashtra,Premium
U016965,35-44,Punjab,Free
U016966,35-44,Tamil Nadu,Free
U016967,35-44,Punjab,Premium
U016968,25-34,Telangana,Premium
U016969,18-24,Gujarat,Free
U016970,45+,Karnataka,Free
U016971,18-24,Tamil Nadu,Premium
U016972,18-24,Tamil Nadu,Free
U016973,18-24,Kerala,Premium
U016974,25-34,Kerala,Free
U016975,18-24,Punjab,Free
U016976,25-34,Gujarat,Free
U016977,45+,West Bengal,Free
U016978,25-34,Gujarat,Free
U016979,45+,Gujarat,Free
U016980,45+,Telangana,Free
U016981,35-44,Kerala,Premium
U016982,25-34,West Bengal,Free
U016983,35-44,West Bengal,Free
U016984,25-34,Telangana,Free
U016985,18-24,Punjab,Free
U016986,45+,Karnataka,Free
U016987,25-34,Kerala,Free
U016988,45+,Kerala,Premium
U016989,25-34,Tamil Nadu,Free
U016990,18-24,Delhi,Free
U016991,35-44,Delhi,Premium
U016992,25-34,Gujarat,Free
U016993,25-34,Delhi,Premium
U016994,35-44,Punjab,Free
U016995,25-34,Maharashtra,Free
U016996,18-24,Punjab,Free
U016997,25-34,Gujarat,Free
U016998,18-24,Punjab,Premium
U016999,25-34,Gujarat,Free
U017000,18-24,Gujarat,Free
U017001,18-24,Kerala,Free
U017002,45+,Punjab,Premium
U017003,18-24,Uttar Pradesh,Free
U017004,35-44,West Bengal,Free
U017005,25-34,Kerala,Free
U017006,18-24,Karnataka,Free
U017007,45+,West Bengal,Free
U017008,18-24,West Bengal,Premium
U017009,25-34,Telangana,Free
U017010,35-44,Telangana,Free
U017011,35-44,Kerala,Free
U017012,18-24,Uttar Pradesh,Free
U017013,35-44,Gujarat,Free
U017014,45+,Karnataka,Premium
U017015,25-34,Gujarat,Free
U017016,25-34,Karnataka,Free
U017017,25-34,Punjab,Premium
U017018,25-34,Delhi,Free
U017019,25-34,Kerala,Free
U017020,18-24,Tamil Nadu,Free
U017021,25-34,Gujarat,Premium
U017022,18-24,Gujarat,Free
U017023,18-24,Telangana,Free
U017024,25-34,Punjab,Free
U017025,18-24,Delhi,Free
U017026,25-34,Uttar Pradesh,Free
U017027,25-34,Karnataka,Free
U017028,18-24,Maharashtra,Premium
U017029,18-24,Karnataka,Free
U017030,18-24,Gujarat,Free
U017031,25-34,Maharashtra,Free
U017032,18-24,West Bengal,Free
U017033,35-44,Tamil Nadu,Free
U017034,25-34,Uttar Pradesh,Premium
U017035,25-34,Tamil Nadu,Premium
U017036,18-24,Telangana,Free
U017037,18-24,Tamil Nadu,Free
U017038,18-24,West Bengal,Premium
U017039,18-24,Maharashtra,Free
U017040,45+,Maharashtra,Premium
U017041,18-24,Telangana,Premium
U017042,18-24,Karnataka,Free
U017043,35-44,Delhi,Free
U017044,45+,Kerala,Free
U017045,25-34,Kerala,Premium
U017046,25-34,Delhi,Free
U017047,18-24,Delhi,Free
U017048,35-44,Kerala,Free
U017049,25-34,Tamil Nadu,Premium
U017050,25-34,Karnataka,Free
U017051,18-24,Telangana,Premium
U017052,25-34,Karnataka,Premium
U017053,35-44,Maharashtra,Free
U017054,18-24,West Bengal,Free
U017055,25-34,West Bengal,Free
U017056,18-24,Maharashtra,Free
U017057,35-44,Punjab,Free
U017058,18-24,West Bengal,Premium
U017059,45+,Kerala,Free
U017060,25-34,Uttar Pradesh,Free
U017061,25-34,West Bengal,Premium
U017062,25-34,Maharashtra,Free
U017063,25-34,Karnataka,Free
U017064,18-24,Punjab,Free
U017065,25-34,Uttar Pradesh,Free
U017066,18-24,Maharashtra,Free
U017067,18-24,Karnataka,Free
U017068,35-44,Telangana,Free
U017069,18-24,Punjab,Free
U017070,35-44,Kerala,Premium
U017071,35-44,Delhi,Free
U017072,25-34,Uttar Pradesh,Premium
U017073,18-24,Tamil Nadu,Premium
U017074,25-34,Karnataka,Free
U017075,35-44,Uttar Pradesh,Free
U017076,25-34,Delhi,Premium
U017077,18-24,Tamil Nadu,Free
U017078,18-24,Maharashtra,Free
U017079,25-34,Telangana,Free
U017080,18-24,Karnataka,Free
U017081,18-24,Kerala,Free
U017082,25-34,Telangana,Premium
U017083,25-34,West Bengal,Free
U017084,18-24,Uttar Pradesh,Free
U017085,45+,Uttar Pradesh,Free
U017086,18-24,Punjab,Free
U017087,18-24,Telangana,Free
U017088,18-24,Kerala,Premium
U017089,18-24,Delhi,Free
U017090,25-34,Tamil Nadu,Free
U017091,18-24,Telangana,Free
U017092,35-44,Gujarat,Free
U017093,35-44,Maharashtra,Free
U017094,18-24,Gujarat,Premium
U017095,35-44,Punjab,Free
U017096,25-34,Gujarat,Premium
U017097,35-44,West Bengal,Premium
U017098,18-24,Tamil Nadu,Free
U017099,25-34,Delhi,Free
U017100,18-24,Karnataka,Free
U017101,18-24,Kerala,Free
U017102,35-44,Punjab,Free
U017103,18-24,West Bengal,Premium
U017104,25-34,Punjab,Free
U017105,18-24,Maharashtra,Premium
U017106,35-44,West Bengal,Free
U017107,25-34,Gujarat,Free
U017108,18-24,Uttar Pradesh,Free
U017109,25-34,Telangana,Free
U017110,18-24,West Bengal,Premium
U017111,18-24,West Bengal,Free
U017112,25-34,Tamil Nadu,Premium
U017113,45+,Maharashtra,Free
U017114,35-44,Punjab,Free
U017115,18-24,Karnataka,Free
U017116,18-24,West Bengal,Premium
U017117,35-44,Karnataka,Free
U017118,18-24,Punjab,Free
U017119,35-44,Uttar Pradesh,Free
U017120,25-34,Maharashtra,Premium
U017121,35-44,Kerala,Premium
U017122,25-34,Maharashtra,Premium
U017123,45+,Karnataka,Free
U017124,25-34,Gujarat,Premium
U017125,35-44,Gujarat,Free
U017126,18-24,Karnataka,Free
U017127,25-34,Maharashtra,Premium
U017128,18-24,Uttar Pradesh,Free
U017129,18-24,Gujarat,Premium
U017130,25-34,Tamil Nadu,Free
U017131,18-24,Maharashtra,Premium
U017132,45+,West Bengal,Free
U017133,35-44,Kerala,Free
U017134,35-44,Gujarat,Premium
U017135,25-34,Kerala,Free
U017136,18-24,Gujarat,Free
U017137,18-24,Telangana,Free
U017138,18-24,Delhi,Premium
U017139,25-34,West Bengal,Premium
U017140,35-44,Punjab,Free
U017141,18-24,West Bengal,Free
U017142,18-24,Delhi,Free
U017143,18-24,Maharashtra,Free
U017144,25-34,Tamil Nadu,Free
U017145,18-24,Telangana,Premium
U017146,25-34,Delhi,Free
U017147,18-24,Kerala,Free
U017148,18-24,West Bengal,Free
U017149,35-44,Gujarat,Premium
U017150,45+,Karnataka,Free
U017151,18-24,West Bengal,Free
U017152,18-24,Uttar Pradesh,Free
U017153,18-24,Delhi,Free
U017154,35-44,Gujarat,Premium
U017155,25-34,West Bengal,Free
U017156,25-34,Kerala,Free
U017157,25-34,West Bengal,Free
U017158,45+,West Bengal,Premium
U017159,18-24,Kerala,Free
U017160,18-24,Maharashtra,Premium
U017161,25-34,Maharashtra,Free
U017162,25-34,Maharashtra,Free
U017163,18-24,Uttar Pradesh,Free
U017164,35-44,Tamil Nadu,Free
U017165,25-34,Uttar Pradesh,Free
U017166,45+,Uttar Pradesh,Free
U017167,45+,Karnataka,Free
U017168,25-34,Maharashtra,Premium
U017169,35-44,Gujarat,Premium
U017170,35-44,Tamil Nadu,Premium
U017171,25-34,Punjab,Free
U017172,25-34,Kerala,Free
U017173,45+,Tamil Nadu,Free
U017174,35-44,Karnataka,Premium
U017175,35-44,Karnataka,Free
U017176,18-24,Uttar Pradesh,Free
U017177,35-44,Karnataka,Free
U017178,25-34,Uttar Pradesh,Free
U017179,25-34,Telangana,Free
U017180,25-34,Maharashtra,Free
U017181,25-34,Delhi,Free
U017182,18-24,West Bengal,Premium
U017183,25-34,Delhi,Free
U017184,18-24,Delhi,Free
U017185,18-24,Tamil Nadu,Free
U017186,18-24,Tamil Nadu,Free
U017187,25-34,Uttar Pradesh,Free
U017188,18-24,Gujarat,Free
U017189,18-24,Uttar Pradesh,Free
U017190,35-44,Maharashtra,Free
U017191,25-34,Gujarat,Premium
U017192,35-44,Uttar Pradesh,Free
U017193,25-34,West Bengal,Premium
U017194,18-24,Uttar Pradesh,Free
U017195,35-44,Gujarat,Free
U017196,25-34,West Bengal,Free
U017197,45+,Tamil Nadu,Free
U017198,18-24,Karnataka,Free
U017199,35-44,Karnataka,Free
U017200,25-34,Punjab,Free
U017201,35-44,Telangana,Free
U017202,18-24,Tamil Nadu,Free
U017203,25-34,Punjab,Premium
U017204,18-24,Delhi,Free
U017205,35-44,Telangana,Free
U017206,18-24,Maharashtra,Free
U017207,25-34,Karnataka,Free
U017208,25-34,Maharashtra,Premium
U017209,25-34,Karnataka,Premium
U017210,35-44,West Bengal,Free
U017211,25-34,West Bengal,Free
U017212,18-24,Maharashtra,Free
U017213,35-44,Kerala,Free
U017214,25-34,Karnataka,Free
U017215,25-34,Tamil Nadu,Premium
U017216,18-24,West Bengal,Free
U017217,25-34,Maharashtra,Premium
U017218,35-44,Delhi,Premium
U017219,45+,Delhi,Free
U017220,45+,Karnataka,Free
U017221,35-44,Maharashtra,Free
U017222,18-24,Maharashtra,Premium
U017223,25-34,Telangana,Free
U017224,18-24,Delhi,Free
U017225,25-34,Tamil Nadu,Premium
U017226,18-24,Punjab,Free
U017227,45+,Uttar Pradesh,Premium
U017228,18-24,Delhi,Premium
U017229,18-24,Tamil Nadu,Free
U017230,35-44,Tamil Nadu,Premium
U017231,18-24,Kerala,Premium
U017232,18-24,Delhi,Free
U017233,25-34,Uttar Pradesh,Premium
U017234,45+,Karnataka,Free
U017235,18-24,Maharashtra,Premium
U017236,25-34,Kerala,Premium
U017237,18-24,Telangana,Premium
U017238,25-34,West Bengal,Premium
U017239,18-24,Uttar Pradesh,Premium
U017240,25-34,Karnataka,Free
U017241,25-34,Uttar Pradesh,Free
U017242,45+,Uttar Pradesh,Free
U017243,25-34,Telangana,Free
U017244,25-34,Kerala,Premium
U017245,25-34,Maharashtra,Free
U017246,18-24,West Bengal,Free
U017247,18-24,Maharashtra,Free
U017248,25-34,Tamil Nadu,Premium
U017249,18-24,Kerala,Free
U017250,18-24,Maharashtra,Premium
U017251,25-34,Tamil Nadu,Free
U017252,18-24,Tamil Nadu,Free
U017253,18-24,Punjab,Free
U017254,25-34,Telangana,Premium
U017255,35-44,Gujarat,Free
U017256,18-24,Uttar Pradesh,Free
U017257,35-44,Uttar Pradesh,Free
U017258,18-24,Uttar Pradesh,Free
U017259,45+,Punjab,Free
U017260,25-34,Delhi,Free
U017261,25-34,Delhi,Free
U017262,25-34,Uttar Pradesh,Free
U017263,25-34,Punjab,Free
U017264,25-34,Kerala,Free
U017265,25-34,Tamil Nadu,Premium
U017266,45+,West Bengal,Premium
U017267,35-44,Kerala,Premium
U017268,25-34,Uttar Pradesh,Free
U017269,35-44,Maharashtra,Free
U017270,18-24,Karnataka,Free
U017271,25-34,Delhi,Free
U017272,25-34,Karnataka,Free
U017273,18-24,Karnataka,Free
U017274,45+,Gujarat,Free
U017275,35-44,Kerala,Free
U017276,45+,Delhi,Free
U017277,25-34,Tamil Nadu,Free
U017278,25-34,Kerala,Free
U017279,35-44,Kerala,Free
U017280,18-24,Gujarat,Free
U017281,35-44,Punjab,Premium
U017282,18-24,Gujarat,Free
U017283,35-44,Uttar Pradesh,Free
U017284,35-44,Punjab,Free
U017285,18-24,West Bengal,Free
U017286,18-24,West Bengal,Free
U017287,25-34,Gujarat,Free
U017288,18-24,Maharashtra,Free
U017289,35-44,Punjab,Premium
U017290,18-24,Gujarat,Free
U017291,25-34,Maharashtra,Free
U017292,18-24,Tamil Nadu,Premium
U017293,18-24,Punjab,Free
U017294,18-24,West Bengal,Free
U017295,35-44,Tamil Nadu,Premium
U017296,35-44,Gujarat,Premium
U017297,45+,Maharashtra,Free
U017298,25-34,Telangana,Free
U017299,18-24,Telangana,Free
U017300,18-24,Telangana,Free
U017301,25-34,Maharashtra,Premium
U017302,18-24,Tamil Nadu,Premium
U017303,18-24,Gujarat,Free
U017304,25-34,West Bengal,Free
U017305,18-24,Delhi,Premium
U017306,25-34,Kerala,Free
U017307,25-34,Uttar Pradesh,Premium
U017308,35-44,Gujarat,Free
U017309,25-34,Maharashtra,Premium
U017310,35-44,Maharashtra,Free
U017311,25-34,Delhi,Free
U017312,18-24,Karnataka,Premium
U017313,18-24,Uttar Pradesh,Free
U017314,18-24,Tamil Nadu,Free
U017315,25-34,Uttar Pradesh,Free
U017316,35-44,Maharashtra,Free
U017317,35-44,Kerala,Premium
U017318,18-24,Kerala,Premium
U017319,18-24,Uttar Pradesh,Free
U017320,18-24,Telangana,Free
U017321,45+,West Bengal,Free
U017322,18-24,Maharashtra,Premium
U017323,25-34,Gujarat,Free
U017324,18-24,West Bengal,Free
U017325,35-44,Kerala,Free
U017326,25-34,Karnataka,Premium
U017327,18-24,Maharashtra,Free
U017328,25-34,Kerala,Free
U017329,35-44,Kerala,Premium
U017330,25-34,Delhi,Free
U017331,45+,Gujarat,Free
U017332,35-44,Maharashtra,Free
U017333,25-34,West Bengal,Free
U017334,45+,Maharashtra,Premium
U017335,35-44,Kerala,Free
U017336,25-34,Tamil Nadu,Free
U017337,35-44,Karnataka,Free
U017338,25-34,Kerala,Free
U017339,25-34,Gujarat,Free
U017340,25-34,West Bengal,Free
U017341,35-44,Kerala,Free
U017342,45+,Maharashtra,Free
U017343,18-24,Gujarat,Free
U017344,25-34,Telangana,Free
U017345,25-34,Delhi,Free
U017346,35-44,Tamil Nadu,Free
U017347,25-34,West Bengal,Free
U017348,18-24,Kerala,Free
U017349,18-24,Telangana,Free
U017350,18-24,Punjab,Free
U017351,18-24,Punjab,Free
U017352,18-24,Kerala,Free
U017353,18-24,Gujarat,Free
U017354,35-44,West Bengal,Free
U017355,25-34,Kerala,Premium
U017356,25-34,West Bengal,Free
U017357,35-44,Tamil Nadu,Free
U017358,18-24,Tamil Nadu,Free
U017359,35-44,Tamil Nadu,Free
U017360,35-44,Maharashtra,Free
U017361,25-34,Telangana,Premium
U017362,25-34,Delhi,Free
U017363,18-24,Uttar Pradesh,Premium
U017364,25-34,Gujarat,Free
U017365,25-34,Tamil Nadu,Free
U017366,18-24,West Bengal,Free
U017367,25-34,Maharashtra,Free
U017368,25-34,Telangana,Free
U017369,18-24,Gujarat,Free
U017370,18-24,Telangana,Premium
U017371,25-34,Gujarat,Free
U017372,18-24,Maharashtra,Free
U017373,35-44,Uttar Pradesh,Premium
U017374,45+,Karnataka,Premium
U017375,35-44,Maharashtra,Free
U017376,18-24,West Bengal,Free
U017377,25-34,West Bengal,Premium
U017378,25-34,Delhi,Free
U017379,25-34,Karnataka,Free
U017380,45+,Uttar Pradesh,Free
U017381,25-34,Delhi,Premium
U017382,18-24,Maharashtra,Premium
U017383,25-34,Gujarat,Premium
U017384,45+,West Bengal,Free
U017385,25-34,Tamil Nadu,Free
U017386,35-44,Karnataka,Free
U017387,35-44,Gujarat,Premium
U017388,45+,Gujarat,Premium
U017389,25-34,Maharashtra,Free
U017390,45+,Gujarat,Free
U017391,35-44,Tamil Nadu,Free
U017392,35-44,Karnataka,Free
U017393,45+,Karnataka,Free
U017394,25-34,Tamil Nadu,Premium
U017395,35-44,Telangana,Free
U017396,25-34,Uttar Pradesh,Free
U017397,35-44,Maharashtra,Premium
U017398,35-44,West Bengal,Free
U017399,35-44,Maharashtra,Premium
U017400,25-34,Maharashtra,Free
U017401,35-44,Karnataka,Free
U017402,35-44,Kerala,Free
U017403,25-34,Karnataka,Free
U017404,25-34,Karnataka,Premium
U017405,35-44,Uttar Pradesh,Free
U017406,35-44,Punjab,Free
U017407,25-34,Kerala,Free
U017408,25-34,Gujarat,Premium
U017409,25-34,West Bengal,Free
U017410,25-34,Uttar Pradesh,Free
U017411,18-24,Uttar Pradesh,Free
U017412,18-24,Maharashtra,Free
U017413,35-44,Delhi,Free
U017414,45+,Karnataka,Free
U017415,25-34,West Bengal,Free
U017416,45+,Punjab,Free
U017417,25-34,West Bengal,Free
U017418,18-24,Gujarat,Free
U017419,35-44,Maharashtra,Premium
U017420,18-24,Gujarat,Free
U017421,18-24,Tamil Nadu,Premium
U017422,45+,Uttar Pradesh,Free
U017423,25-34,West Bengal,Free
U017424,18-24,Maharashtra,Free
U017425,25-34,Uttar Pradesh,Premium
U017426,25-34,Maharashtra,Free
U017427,25-34,Punjab,Free
U017428,18-24,Telangana,Premium
U017429,25-34,Uttar Pradesh,Free
U017430,25-34,Delhi,Premium
U017431,25-34,Telangana,Free
U017432,45+,Delhi,Premium
U017433,25-34,Karnataka,Free
U017434,35-44,Punjab,Free
U017435,45+,Tamil Nadu,Free
U017436,18-24,Kerala,Premium
U017437,18-24,Kerala,Free
U017438,25-34,West Bengal,Free
U017439,45+,Maharashtra,Free
U017440,18-24,Kerala,Free
U017441,18-24,West Bengal,Free
U017442,25-34,Maharashtra,Free
U017443,35-44,Uttar Pradesh,Premium
U017444,18-24,Kerala,Free
U017445,25-34,West Bengal,Premium
U017446,18-24,Tamil Nadu,Premium
U017447,45+,Kerala,Free
U017448,25-34,Karnataka,Premium
U017449,25-34,Kerala,Free
U017450,35-44,West Bengal,Free
U017451,25-34,West Bengal,Free
U017452,45+,Kerala,Free
U017453,18-24,Delhi,Free
U017454,18-24,Delhi,Free
U017455,25-34,Telangana,Free
U017456,18-24,Gujarat,Premium
U017457,35-44,Punjab,Premium
U017458,25-34,Telangana,Free
U017459,18-24,Uttar Pradesh,Free
U017460,35-44,West Bengal,Premium
U017461,25-34,Maharashtra,Premium
U017462,25-34,Gujarat,Premium
U017463,18-24,Uttar Pradesh,Free
U017464,45+,Kerala,Free
U017465,25-34,West Bengal,Premium
U017466,35-44,Telangana,Free
U017467,35-44,West Bengal,Free
U017468,25-34,Karnataka,Free
U017469,18-24,West Bengal,Free
U017470,25-34,Telangana,Premium
U017471,18-24,Kerala,Free
U017472,45+,Gujarat,Free
U017473,18-24,Kerala,Free
U017474,25-34,Uttar Pradesh,Free
U017475,25-34,Tamil Nadu,Free
U017476,25-34,Kerala,Premium
U017477,25-34,Karnataka,Free
U017478,35-44,Kerala,Free
U017479,35-44,Punjab,Free
U017480,45+,West Bengal,Free
U017481,25-34,Maharashtra,Free
U017482,25-34,Kerala,Premium
U017483,35-44,Punjab,Premium
U017484,18-24,Punjab,Free
U017485,18-24,Karnataka,Free
U017486,18-24,Tamil Nadu,Premium
U017487,35-44,Delhi,Free
U017488,25-34,Telangana,Free
U017489,18-24,Delhi,Free
U017490,18-24,Telangana,Free
U017491,18-24,Karnataka,Free
U017492,25-34,Telangana,Free
U017493,18-24,Delhi,Free
U017494,35-44,Uttar Pradesh,Free
U017495,45+,Maharashtra,Free
U017496,35-44,Gujarat,Premium
U017497,35-44,Karnataka,Free
U017498,45+,Gujarat,Free
U017499,35-44,Telangana,Free
U017500,25-34,Gujarat,Free
U017501,35-44,Telangana,Free
U017502,25-34,Kerala,Free
U017503,25-34,West Bengal,Premium
U017504,18-24,West Bengal,Free
U017505,25-34,Telangana,Free
U017506,35-44,Punjab,Free
U017507,25-34,Gujarat,Free
U017508,25-34,Gujarat,Premium
U017509,25-34,Kerala,Premium
U017510,35-44,Punjab,Free
U017511,35-44,Tamil Nadu,Free
U017512,25-34,Kerala,Premium
U017513,25-34,Delhi,Free
U017514,25-34,Delhi,Premium
U017515,45+,Tamil Nadu,Free
U017516,18-24,Telangana,Free
U017517,35-44,Gujarat,Premium
U017518,18-24,Karnataka,Free
U017519,45+,Punjab,Free
U017520,25-34,Kerala,Premium
U017521,35-44,Gujarat,Free
U017522,35-44,Gujarat,Free
U017523,35-44,West Bengal,Free
U017524,35-44,Maharashtra,Free
U017525,18-24,West Bengal,Free
U017526,18-24,Delhi,Premium
U017527,18-24,Kerala,Free
U017528,25-34,Uttar Pradesh,Premium
U017529,25-34,West Bengal,Free
U017530,18-24,Punjab,Free
U017531,35-44,Punjab,Free
U017532,18-24,Kerala,Free
U017533,18-24,Kerala,Free
U017534,25-34,Gujarat,Free
U017535,35-44,Delhi,Premium
U017536,18-24,Kerala,Free
U017537,45+,Uttar Pradesh,Free
U017538,25-34,Maharashtra,Premium
U017539,25-34,Tamil Nadu,Free
U017540,18-24,Kerala,Free
U017541,35-44,Telangana,Free
U017542,35-44,Uttar Pradesh,Premium
U017543,25-34,West Bengal,Free
U017544,18-24,Karnataka,Free
U017545,25-34,West Bengal,Free
U017546,25-34,Kerala,Free
U017547,18-24,Kerala,Free
U017548,35-44,Punjab,Free
U017549,18-24,Uttar Pradesh,Premium
U017550,35-44,Uttar Pradesh,Premium
U017551,25-34,Punjab,Free
U017552,25-34,Punjab,Free
U017553,45+,Karnataka,Free
U017554,25-34,Karnataka,Free
U017555,18-24,Delhi,Free
U017556,25-34,Delhi,Free
U017557,25-34,Kerala,Premium
U017558,35-44,Uttar Pradesh,Free
U017559,35-44,Maharashtra,Free
U017560,35-44,Telangana,Free
U017561,45+,Punjab,Free
U017562,18-24,Punjab,Premium
U017563,18-24,Telangana,Free
U017564,18-24,Delhi,Free
U017565,25-34,Maharashtra,Free
U017566,18-24,Gujarat,Free
U017567,18-24,Tamil Nadu,Free
U017568,45+,Maharashtra,Premium
U017569,18-24,Gujarat,Premium
U017570,18-24,West Bengal,Free
U017571,25-34,Kerala,Free
U017572,18-24,West Bengal,Free
U017573,18-24,Tamil Nadu,Free
U017574,18-24,Kerala,Free
U017575,18-24,Karnataka,Free
U017576,35-44,West Bengal,Premium
U017577,25-34,Gujarat,Free
U017578,35-44,Gujarat,Premium
U017579,35-44,Telangana,Premium
U017580,35-44,Maharashtra,Free
U017581,45+,Maharashtra,Free
U017582,25-34,Tamil Nadu,Premium
U017583,18-24,West Bengal,Free
U017584,18-24,Maharashtra,Free
U017585,18-24,Tamil Nadu,Free
U017586,35-44,Tamil Nadu,Free
U017587,25-34,Tamil Nadu,Premium
U017588,18-24,Telangana,Free
U017589,18-24,Punjab,Free
U017590,35-44,Telangana,Free
U017591,25-34,Tamil Nadu,Free
U017592,18-24,Uttar Pradesh,Premium
U017593,35-44,Karnataka,Free
U017594,35-44,Uttar Pradesh,Premium
U017595,25-34,Uttar Pradesh,Free
U017596,25-34,Karnataka,Premium
U017597,25-34,Tamil Nadu,Premium
U017598,18-24,West Bengal,Premium
U017599,45+,Tamil Nadu,Premium
U017600,35-44,Kerala,Free
U017601,25-34,Punjab,Free
U017602,25-34,Uttar Pradesh,Free
U017603,45+,West Bengal,Free
U017604,18-24,Maharashtra,Premium
U017605,18-24,Punjab,Free
U017606,35-44,West Bengal,Free
U017607,18-24,Punjab,Free
U017608,25-34,Tamil Nadu,Free
U017609,25-34,West Bengal,Free
U017610,18-24,Karnataka,Premium
U017611,18-24,Uttar Pradesh,Free
U017612,35-44,West Bengal,Premium
U017613,18-24,Tamil Nadu,Free
U017614,18-24,Punjab,Premium
U017615,25-34,Punjab,Premium
U017616,18-24,Maharashtra,Premium
U017617,25-34,Maharashtra,Free
U017618,45+,Kerala,Premium
U017619,35-44,Kerala,Free
U017620,25-34,Maharashtra,Free
U017621,25-34,Telangana,Free
U017622,45+,Karnataka,Premium
U017623,35-44,West Bengal,Premium
U017624,35-44,Telangana,Free
U017625,18-24,Kerala,Free
U017626,18-24,West Bengal,Free
U017627,18-24,Delhi,Free
U017628,18-24,West Bengal,Free
U017629,18-24,Gujarat,Premium
U017630,35-44,Uttar Pradesh,Free
U017631,18-24,Kerala,Free
U017632,18-24,Tamil Nadu,Free
U017633,35-44,Telangana,Free
U017634,45+,Delhi,Free
U017635,18-24,West Bengal,Free
U017636,18-24,Delhi,Free
U017637,35-44,Punjab,Free
U017638,45+,Telangana,Premium
U017639,25-34,Tamil Nadu,Free
U017640,25-34,Karnataka,Free
U017641,25-34,West Bengal,Free
U017642,35-44,Uttar Pradesh,Premium
U017643,18-24,Uttar Pradesh,Free
U017644,25-34,Telangana,Premium
U017645,35-44,Telangana,Free
U017646,35-44,Tamil Nadu,Premium
U017647,18-24,Gujarat,Free
U017648,35-44,Gujarat,Free
U017649,25-34,Maharashtra,Free
U017650,18-24,Kerala,Free
U017651,18-24,Maharashtra,Free
U017652,18-24,Kerala,Free
U017653,45+,Karnataka,Premium
U017654,18-24,Telangana,Free
U017655,35-44,Kerala,Premium
U017656,25-34,Punjab,Free
U017657,35-44,Delhi,Free
U017658,45+,Telangana,Free
U017659,45+,Gujarat,Free
U017660,35-44,Delhi,Free
U017661,25-34,Karnataka,Free
U017662,18-24,Telangana,Free
U017663,18-24,Punjab,Free
U017664,25-34,Gujarat,Free
U017665,18-24,Telangana,Free
U017666,25-34,Telangana,Premium
U017667,18-24,Delhi,Free
U017668,35-44,Maharashtra,Free
U017669,18-24,Delhi,Free
U017670,18-24,Maharashtra,Premium
U017671,25-34,Telangana,Free
U017672,25-34,Gujarat,Free
U017673,35-44,Kerala,Free
U017674,25-34,Punjab,Free
U017675,35-44,Delhi,Premium
U017676,18-24,Telangana,Free
U017677,18-24,Kerala,Free
U017678,35-44,Kerala,Free
U017679,18-24,Telangana,Free
U017680,35-44,Punjab,Premium
U017681,45+,Tamil Nadu,Premium
U017682,18-24,Kerala,Free
U017683,35-44,Gujarat,Premium
U017684,25-34,Maharashtra,Free
U017685,18-24,Kerala,Free
U017686,25-34,Kerala,Free
U017687,25-34,Punjab,Premium
U017688,45+,Maharashtra,Free
U017689,18-24,Karnataka,Premium
U017690,35-44,Punjab,Premium
U017691,18-24,Delhi,Free
U017692,18-24,Punjab,Premium
U017693,25-34,Delhi,Free
U017694,35-44,Gujarat,Premium
U017695,35-44,Maharashtra,Free
U017696,45+,Telangana,Free
U017697,18-24,Karnataka,Premium
U017698,25-34,Gujarat,Free
U017699,18-24,Tamil Nadu,Premium
U017700,35-44,Telangana,Free
U017701,18-24,Karnataka,Free
U017702,18-24,Gujarat,Free
U017703,35-44,West Bengal,Free
U017704,25-34,Telangana,Premium
U017705,25-34,Karnataka,Free
U017706,45+,Tamil Nadu,Premium
U017707,25-34,Punjab,Premium
U017708,25-34,West Bengal,Free
U017709,45+,Punjab,Premium
U017710,35-44,Punjab,Free
U017711,18-24,Tamil Nadu,Premium
U017712,35-44,Uttar Pradesh,Premium
U017713,25-34,Tamil Nadu,Free
U017714,35-44,Uttar Pradesh,Premium
U017715,25-34,Telangana,Free
U017716,18-24,Maharashtra,Free
U017717,35-44,Telangana,Premium
U017718,18-24,Uttar Pradesh,Free
U017719,35-44,Gujarat,Free
U017720,35-44,Delhi,Free
U017721,45+,Punjab,Free
U017722,18-24,West Bengal,Free
U017723,25-34,Tamil Nadu,Free
U017724,18-24,Gujarat,Free
U017725,25-34,Telangana,Free
U017726,25-34,Punjab,Premium
U017727,25-34,Karnataka,Free
U017728,25-34,Delhi,Premium
U017729,45+,Punjab,Free
U017730,18-24,Kerala,Premium
U017731,25-34,Punjab,Premium
U017732,35-44,Tamil Nadu,Free
U017733,18-24,Delhi,Free
U017734,35-44,Tamil Nadu,Premium
U017735,35-44,Uttar Pradesh,Premium
U017736,35-44,Kerala,Free
U017737,25-34,Kerala,Premium
U017738,35-44,Punjab,Free
U017739,45+,Karnataka,Free
U017740,18-24,Maharashtra,Free
U017741,25-34,Uttar Pradesh,Premium
U017742,35-44,Uttar Pradesh,Free
U017743,18-24,Karnataka,Premium
U017744,25-34,West Bengal,Free
U017745,25-34,Punjab,Free
U017746,18-24,West Bengal,Free
U017747,25-34,Maharashtra,Premium
U017748,35-44,Karnataka,Free
U017749,18-24,Karnataka,Premium
U017750,18-24,Uttar Pradesh,Free
U017751,35-44,Tamil Nadu,Premium
U017752,35-44,Punjab,Free
U017753,25-34,Maharashtra,Free
U017754,25-34,Delhi,Free
U017755,18-24,Punjab,Free
U017756,35-44,Karnataka,Premium
U017757,18-24,Delhi,Free
U017758,45+,Kerala,Premium
U017759,35-44,Karnataka,Free
U017760,18-24,Punjab,Premium
U017761,25-34,Telangana,Free
U017762,45+,Karnataka,Premium
U017763,35-44,West Bengal,Premium
U017764,25-34,Telangana,Premium
U017765,18-24,Uttar Pradesh,Free
U017766,25-34,West Bengal,Free
U017767,25-34,Karnataka,Premium
U017768,25-34,Delhi,Free
U017769,18-24,Delhi,Free
U017770,45+,West Bengal,Free
U017771,25-34,Maharashtra,Free
U017772,18-24,Karnataka,Free
U017773,18-24,Maharashtra,Free
U017774,18-24,Karnataka,Free
U017775,25-34,Gujarat,Free
U017776,18-24,Maharashtra,Free
U017777,25-34,Uttar Pradesh,Free
U017778,18-24,Uttar Pradesh,Free
U017779,18-24,Gujarat,Free
U017780,18-24,West Bengal,Premium
U017781,25-34,Delhi,Free
U017782,25-34,Maharashtra,Premium
U017783,25-34,Uttar Pradesh,Free
U017784,35-44,Karnataka,Premium
U017785,25-34,Tamil Nadu,Free
U017786,25-34,Maharashtra,Free
U017787,18-24,Maharashtra,Free
U017788,25-34,Telangana,Premium
U017789,18-24,Tamil Nadu,Free
U017790,25-34,Kerala,Free
U017791,25-34,Gujarat,Premium
U017792,35-44,Maharashtra,Free
U017793,25-34,Uttar Pradesh,Premium
U017794,25-34,Uttar Pradesh,Free
U017795,18-24,Telangana,Free
U017796,45+,Karnataka,Free
U017797,18-24,Delhi,Premium
U017798,18-24,Punjab,Free
U017799,18-24,Kerala,Premium
U017800,45+,Delhi,Free
U017801,45+,Uttar Pradesh,Free
U017802,18-24,Delhi,Free
U017803,18-24,Kerala,Free
U017804,35-44,Gujarat,Free
U017805,18-24,Punjab,Premium
U017806,18-24,Tamil Nadu,Premium
U017807,25-34,Telangana,Free
U017808,25-34,Kerala,Free
U017809,25-34,Maharashtra,Free
U017810,25-34,Punjab,Premium
U017811,35-44,Delhi,Free
U017812,25-34,Karnataka,Premium
U017813,18-24,West Bengal,Free
U017814,18-24,Tamil Nadu,Free
U017815,35-44,Tamil Nadu,Premium
U017816,18-24,Tamil Nadu,Free
U017817,25-34,Maharashtra,Premium
U017818,18-24,Maharashtra,Free
U017819,18-24,Punjab,Free
U017820,25-34,Maharashtra,Premium
U017821,18-24,Gujarat,Free
U017822,25-34,Uttar Pradesh,Free
U017823,25-34,Tamil Nadu,Premium
U017824,35-44,West Bengal,Premium
U017825,25-34,Maharashtra,Premium
U017826,18-24,Maharashtra,Premium
U017827,35-44,West Bengal,Free
U017828,45+,Kerala,Premium
U017829,18-24,Uttar Pradesh,Free
U017830,25-34,Karnataka,Free
U017831,25-34,Tamil Nadu,Free
U017832,25-34,Kerala,Free
U017833,18-24,Delhi,Free
U017834,18-24,Uttar Pradesh,Premium
U017835,18-24,Punjab,Premium
U017836,18-24,Maharashtra,Free
U017837,25-34,Kerala,Free
U017838,35-44,Uttar Pradesh,Free
U017839,25-34,Tamil Nadu,Free
U017840,25-34,Delhi,Premium
U017841,18-24,Delhi,Premium
U017842,25-34,Punjab,Free
U017843,35-44,Telangana,Premium
U017844,35-44,West Bengal,Free
U017845,25-34,West Bengal,Premium
U017846,25-34,Kerala,Free
U017847,18-24,Punjab,Free
U017848,45+,Delhi,Free
U017849,18-24,Uttar Pradesh,Free
U017850,18-24,Delhi,Free
U017851,25-34,Telangana,Free
U017852,18-24,Punjab,Free
U017853,18-24,Kerala,Free
U017854,45+,Karnataka,Free
U017855,18-24,Delhi,Free
U017856,18-24,Karnataka,Premium
U017857,18-24,Delhi,Free
U017858,18-24,Delhi,Free
U017859,45+,Tamil Nadu,Free
U017860,35-44,Uttar Pradesh,Free
U017861,45+,Punjab,Free
U017862,35-44,Kerala,Premium
U017863,25-34,Telangana,Premium
U017864,25-34,Uttar Pradesh,Free
U017865,25-34,Telangana,Free
U017866,25-34,Delhi,Premium
U017867,35-44,Tamil Nadu,Premium
U017868,25-34,Maharashtra,Free
U017869,25-34,Punjab,Free
U017870,25-34,Telangana,Premium
U017871,18-24,Uttar Pradesh,Premium
U017872,25-34,West Bengal,Free
U017873,25-34,Karnataka,Free
U017874,25-34,West Bengal,Free
U017875,25-34,Punjab,Premium
U017876,35-44,Maharashtra,Premium
U017877,35-44,Kerala,Free
U017878,18-24,Gujarat,Free
U017879,25-34,West Bengal,Premium
U017880,18-24,Tamil Nadu,Premium
U017881,18-24,Tamil Nadu,Premium
U017882,18-24,Karnataka,Free
U017883,35-44,Uttar Pradesh,Premium
U017884,35-44,Telangana,Free
U017885,18-24,Gujarat,Premium
U017886,35-44,Maharashtra,Premium
U017887,25-34,Karnataka,Free
U017888,35-44,Punjab,Free
U017889,25-34,Delhi,Free
U017890,35-44,Uttar Pradesh,Free
U017891,25-34,Maharashtra,Free
U017892,18-24,Telangana,Premium
U017893,18-24,Punjab,Free
U017894,25-34,Maharashtra,Premium
U017895,45+,Uttar Pradesh,Free
U017896,25-34,Punjab,Free
U017897,35-44,Karnataka,Free
U017898,18-24,Delhi,Free
U017899,35-44,West Bengal,Free
U017900,35-44,Uttar Pradesh,Premium
U017901,25-34,Karnataka,Free
U017902,25-34,Gujarat,Free
U017903,18-24,Tamil Nadu,Premium
U017904,18-24,Telangana,Free
U017905,18-24,Gujarat,Free
U017906,35-44,Uttar Pradesh,Free
U017907,35-44,West Bengal,Free
U017908,18-24,Karnataka,Premium
U017909,45+,Tamil Nadu,Free
U017910,35-44,Gujarat,Free
U017911,25-34,Karnataka,Free
U017912,45+,Tamil Nadu,Premium
U017913,35-44,Kerala,Premium
U017914,18-24,Gujarat,Free
U017915,45+,Tamil Nadu,Free
U017916,25-34,Uttar Pradesh,Free
U017917,18-24,Gujarat,Free
U017918,18-24,Tamil Nadu,Free
U017919,25-34,Punjab,Free
U017920,45+,Delhi,Free
U017921,25-34,Delhi,Free
U017922,25-34,Delhi,Premium
U017923,18-24,Maharashtra,Free
U017924,35-44,Punjab,Free
U017925,18-24,Uttar Pradesh,Premium
U017926,25-34,Punjab,Premium
U017927,25-34,Karnataka,Premium
U017928,18-24,Karnataka,Free
U017929,45+,Telangana,Free
U017930,45+,Telangana,Free
U017931,25-34,Telangana,Free
U017932,35-44,Maharashtra,Premium
U017933,35-44,Karnataka,Free
U017934,18-24,Uttar Pradesh,Free
U017935,18-24,Uttar Pradesh,Free
U017936,25-34,Maharashtra,Free
U017937,25-34,West Bengal,Premium
U017938,25-34,Delhi,Free
U017939,25-34,Telangana,Premium
U017940,35-44,Maharashtra,Premium
U017941,18-24,Kerala,Free
U017942,18-24,Uttar Pradesh,Free
U017943,18-24,Delhi,Free
U017944,25-34,Tamil Nadu,Premium
U017945,35-44,Delhi,Free
U017946,35-44,Delhi,Premium
U017947,25-34,Kerala,Free
U017948,25-34,Delhi,Premium
U017949,18-24,Delhi,Free
U017950,25-34,Karnataka,Free
U017951,45+,Karnataka,Free
U017952,18-24,Uttar Pradesh,Premium
U017953,35-44,Karnataka,Free
U017954,18-24,Telangana,Free
U017955,18-24,Delhi,Free
U017956,25-34,Karnataka,Free
U017957,35-44,Punjab,Free
U017958,25-34,Karnataka,Free
U017959,35-44,Karnataka,Free
U017960,35-44,Delhi,Free
U017961,25-34,Telangana,Premium
U017962,18-24,Telangana,Free
U017963,25-34,Telangana,Premium
U017964,25-34,Tamil Nadu,Free
U017965,25-34,Telangana,Free
U017966,25-34,Kerala,Free
U017967,25-34,Punjab,Premium
U017968,18-24,Delhi,Free
U017969,18-24,West Bengal,Free
U017970,25-34,Delhi,Premium
U017971,35-44,Karnataka,Premium
U017972,35-44,Telangana,Premium
U017973,45+,Telangana,Free
U017974,25-34,Kerala,Premium
U017975,18-24,Tamil Nadu,Premium
U017976,25-34,Tamil Nadu,Free
U017977,35-44,Maharashtra,Free
U017978,25-34,Kerala,Free
U017979,25-34,Punjab,Free
U017980,25-34,Gujarat,Free
U017981,18-24,West Bengal,Free
U017982,18-24,Uttar Pradesh,Free
U017983,18-24,Gujarat,Premium
U017984,25-34,Karnataka,Free
U017985,35-44,Karnataka,Free
U017986,18-24,Uttar Pradesh,Free
U017987,18-24,Gujarat,Premium
U017988,35-44,Kerala,Free
U017989,35-44,Uttar Pradesh,Premium
U017990,25-34,West Bengal,Free
U017991,25-34,Maharashtra,Free
U017992,25-34,Telangana,Premium
U017993,25-34,Karnataka,Premium
U017994,35-44,Maharashtra,Free
U017995,18-24,Telangana,Premium
U017996,45+,Telangana,Free
U017997,25-34,Kerala,Free
U017998,35-44,Kerala,Free
U017999,18-24,Karnataka,Premium
U018000,45+,Uttar Pradesh,Free
U018001,25-34,Tamil Nadu,Free
U018002,25-34,Tamil Nadu,Premium
U018003,25-34,Delhi,Free
U018004,18-24,Uttar Pradesh,Free
U018005,18-24,Karnataka,Free
U018006,18-24,Delhi,Free
U018007,18-24,Gujarat,Free
U018008,25-34,Uttar Pradesh,Free
U018009,25-34,Punjab,Free
U018010,35-44,Telangana,Free
U018011,25-34,Uttar Pradesh,Free
U018012,18-24,West Bengal,Free
U018013,25-34,Tamil Nadu,Free
U018014,25-34,Telangana,Free
U018015,35-44,Delhi,Premium
U018016,18-24,Uttar Pradesh,Free
U018017,45+,Telangana,Free
U018018,35-44,Maharashtra,Free
U018019,35-44,Karnataka,Free
U018020,25-34,Tamil Nadu,Premium
U018021,25-34,Uttar Pradesh,Premium
U018022,45+,Gujarat,Free
U018023,45+,Karnataka,Premium
U018024,35-44,Delhi,Free
U018025,35-44,Maharashtra,Premium
U018026,45+,Telangana,Free
U018027,35-44,Tamil Nadu,Free
U018028,18-24,Telangana,Free
U018029,25-34,Punjab,Free
U018030,25-34,Gujarat,Premium
U018031,35-44,Telangana,Free
U018032,25-34,Uttar Pradesh,Free
U018033,25-34,Punjab,Free
U018034,45+,Punjab,Free
U018035,25-34,Telangana,Free
U018036,18-24,West Bengal,Free
U018037,35-44,Punjab,Free
U018038,25-34,Telangana,Free
U018039,18-24,Telangana,Premium
U018040,25-34,West Bengal,Free
U018041,45+,West Bengal,Premium
U018042,18-24,Punjab,Free
U018043,25-34,Delhi,Premium
U018044,25-34,Punjab,Premium
U018045,25-34,Delhi,Free
U018046,25-34,Telangana,Premium
U018047,25-34,Telangana,Free
U018048,35-44,Maharashtra,Free
U018049,45+,Gujarat,Premium
U018050,18-24,Kerala,Free
U018051,25-34,Tamil Nadu,Premium
U018052,35-44,Delhi,Free
U018053,18-24,Delhi,Free
U018054,35-44,Uttar Pradesh,Free
U018055,25-34,Punjab,Premium
U018056,18-24,Gujarat,Premium
U018057,18-24,West Bengal,Premium
U018058,18-24,West Bengal,Premium
U018059,35-44,Gujarat,Premium
U018060,25-34,Gujarat,Free
U018061,35-44,Punjab,Premium
U018062,35-44,Uttar Pradesh,Free
U018063,25-34,Delhi,Free
U018064,45+,Kerala,Premium
U018065,35-44,Karnataka,Premium
U018066,18-24,West Bengal,Free
U018067,35-44,Gujarat,Free
U018068,35-44,Tamil Nadu,Free
U018069,25-34,Maharashtra,Free
U018070,18-24,Gujarat,Free
U018071,18-24,Delhi,Free
U018072,45+,Kerala,Free
U018073,35-44,Tamil Nadu,Free
U018074,35-44,Tamil Nadu,Free
U018075,45+,Punjab,Free
U018076,18-24,Telangana,Free
U018077,45+,Delhi,Premium
U018078,25-34,Punjab,Free
U018079,35-44,Tamil Nadu,Premium
U018080,18-24,Kerala,Premium
U018081,18-24,Telangana,Free
U018082,25-34,Gujarat,Free
U018083,18-24,Punjab,Free
U018084,18-24,Maharashtra,Premium
U018085,18-24,Karnataka,Free
U018086,25-34,Delhi,Free
U018087,45+,Telangana,Premium
U018088,18-24,Uttar Pradesh,Free
U018089,18-24,Tamil Nadu,Free
U018090,25-34,Delhi,Free
U018091,25-34,Telangana,Premium
U018092,25-34,Kerala,Premium
U018093,45+,Gujarat,Premium
U018094,18-24,Tamil Nadu,Free
U018095,25-34,Tamil Nadu,Free
U018096,45+,Telangana,Free
U018097,25-34,Punjab,Premium
U018098,25-34,Delhi,Free
U018099,45+,Kerala,Free
U018100,18-24,Delhi,Free
U018101,18-24,West Bengal,Premium
U018102,18-24,Telangana,Free
U018103,35-44,Tamil Nadu,Free
U018104,35-44,Karnataka,Premium
U018105,18-24,Uttar Pradesh,Free
U018106,25-34,Kerala,Free
U018107,25-34,Delhi,Free
U018108,18-24,Uttar Pradesh,Free
U018109,35-44,Delhi,Free
U018110,25-34,Gujarat,Free
U018111,35-44,Tamil Nadu,Premium
U018112,35-44,Tamil Nadu,Free
U018113,18-24,Telangana,Free
U018114,35-44,Tamil Nadu,Free
U018115,35-44,Delhi,Free
U018116,18-24,Delhi,Premium
U018117,18-24,Kerala,Premium
U018118,35-44,West Bengal,Premium
U018119,25-34,Karnataka,Free
U018120,35-44,Tamil Nadu,Free
U018121,18-24,Karnataka,Free
U018122,35-44,Gujarat,Free
U018123,35-44,Maharashtra,Free
U018124,18-24,West Bengal,Free
U018125,18-24,Karnataka,Premium
U018126,25-34,Delhi,Premium
U018127,35-44,Delhi,Premium
U018128,18-24,Tamil Nadu,Free
U018129,35-44,Delhi,Free
U018130,18-24,West Bengal,Premium
U018131,35-44,Karnataka,Free
U018132,18-24,Gujarat,Free
U018133,35-44,Delhi,Free
U018134,25-34,Karnataka,Free
U018135,25-34,Karnataka,Free
U018136,45+,West Bengal,Free
U018137,18-24,Punjab,Free
U018138,18-24,Delhi,Free
U018139,18-24,Tamil Nadu,Premium
U018140,25-34,Uttar Pradesh,Free
U018141,35-44,Gujarat,Free
U018142,18-24,Telangana,Free
U018143,35-44,Uttar Pradesh,Free
U018144,25-34,Kerala,Free
U018145,45+,Kerala,Free
U018146,25-34,Karnataka,Premium
U018147,45+,Tamil Nadu,Premium
U018148,25-34,Uttar Pradesh,Free
U018149,45+,Uttar Pradesh,Free
U018150,25-34,Kerala,Premium
U018151,18-24,Maharashtra,Free
U018152,35-44,Delhi,Free
U018153,25-34,Tamil Nadu,Premium
U018154,18-24,Telangana,Free
U018155,25-34,West Bengal,Premium
U018156,35-44,Punjab,Premium
U018157,35-44,Kerala,Premium
U018158,18-24,Gujarat,Free
U018159,35-44,Punjab,Free
U018160,25-34,Kerala,Free
U018161,18-24,Delhi,Premium
U018162,18-24,Tamil Nadu,Free
U018163,18-24,Gujarat,Free
U018164,25-34,Karnataka,Free
U018165,18-24,West Bengal,Free
U018166,18-24,Gujarat,Premium
U018167,25-34,Tamil Nadu,Premium
U018168,35-44,Gujarat,Free
U018169,25-34,West Bengal,Free
U018170,25-34,Telangana,Premium
U018171,35-44,Delhi,Free
U018172,18-24,Kerala,Free
U018173,35-44,Karnataka,Free
U018174,18-24,Punjab,Free
U018175,18-24,Uttar Pradesh,Free
U018176,25-34,Karnataka,Free
U018177,18-24,Karnataka,Premium
U018178,18-24,Uttar Pradesh,Premium
U018179,35-44,Punjab,Premium
U018180,25-34,Kerala,Free
U018181,18-24,Telangana,Premium
U018182,25-34,Maharashtra,Free
U018183,35-44,Telangana,Free
U018184,45+,Tamil Nadu,Free
U018185,18-24,Kerala,Premium
U018186,35-44,Karnataka,Premium
U018187,35-44,Punjab,Free
U018188,25-34,Punjab,Free
U018189,18-24,Telangana,Free
U018190,25-34,Uttar Pradesh,Free
U018191,18-24,Tamil Nadu,Free
U018192,35-44,Delhi,Free
U018193,35-44,Gujarat,Free
U018194,18-24,Karnataka,Premium
U018195,18-24,Tamil Nadu,Free
U018196,45+,Gujarat,Free
U018197,25-34,Delhi,Premium
U018198,25-34,Delhi,Free
U018199,45+,Punjab,Free
U018200,18-24,Karnataka,Free
U018201,25-34,Gujarat,Premium
U018202,35-44,West Bengal,Free
U018203,18-24,Kerala,Free
U018204,18-24,Karnataka,Free
U018205,35-44,Tamil Nadu,Free
U018206,18-24,Tamil Nadu,Free
U018207,18-24,Delhi,Free
U018208,25-34,Telangana,Free
U018209,35-44,Karnataka,Free
U018210,25-34,Uttar Pradesh,Premium
U018211,18-24,West Bengal,Free
U018212,25-34,Gujarat,Premium
U018213,25-34,Delhi,Free
U018214,35-44,Delhi,Premium
U018215,35-44,Tamil Nadu,Free
U018216,18-24,Telangana,Free
U018217,35-44,Telangana,Free
U018218,35-44,West Bengal,Free
U018219,35-44,Gujarat,Free
U018220,25-34,Karnataka,Premium
U018221,18-24,Punjab,Free
U018222,25-34,Punjab,Free
U018223,25-34,Karnataka,Free
U018224,25-34,Telangana,Free
U018225,18-24,Gujarat,Free
U018226,18-24,Tamil Nadu,Free
U018227,18-24,Tamil Nadu,Free
U018228,18-24,Uttar Pradesh,Free
U018229,18-24,Karnataka,Free
U018230,18-24,Delhi,Free
U018231,18-24,Karnataka,Free
U018232,18-24,Maharashtra,Free
U018233,45+,Karnataka,Premium
U018234,25-34,Gujarat,Free
U018235,18-24,Gujarat,Free
U018236,35-44,Gujarat,Free
U018237,25-34,Karnataka,Free
U018238,18-24,Tamil Nadu,Free
U018239,25-34,Gujarat,Free
U018240,18-24,Kerala,Free
U018241,25-34,Delhi,Free
U018242,18-24,Gujarat,Premium
U018243,25-34,Delhi,Free
U018244,18-24,Punjab,Free
U018245,18-24,Telangana,Free
U018246,25-34,West Bengal,Premium
U018247,18-24,Kerala,Free
U018248,25-34,Kerala,Free
U018249,18-24,Punjab,Free
U018250,25-34,Karnataka,Premium
U018251,25-34,Kerala,Free
U018252,35-44,Uttar Pradesh,Free
U018253,25-34,Gujarat,Free
U018254,45+,Uttar Pradesh,Premium
U018255,18-24,West Bengal,Premium
U018256,35-44,Tamil Nadu,Free
U018257,25-34,Kerala,Free
U018258,25-34,Maharashtra,Free
U018259,35-44,Uttar Pradesh,Free
U018260,45+,Uttar Pradesh,Free
U018261,35-44,Telangana,Free
U018262,18-24,Telangana,Free
U018263,25-34,Telangana,Premium
U018264,18-24,Delhi,Free
U018265,25-34,Punjab,Free
U018266,25-34,Kerala,Premium
U018267,18-24,Maharashtra,Free
U018268,18-24,West Bengal,Free
U018269,45+,Karnataka,Free
U018270,18-24,Delhi,Free
U018271,18-24,Telangana,Free
U018272,18-24,Punjab,Free
U018273,25-34,Tamil Nadu,Free
U018274,18-24,Gujarat,Free
U018275,35-44,West Bengal,Premium
U018276,18-24,Uttar Pradesh,Free
U018277,18-24,Karnataka,Free
U018278,18-24,Tamil Nadu,Premium
U018279,18-24,West Bengal,Free
U018280,25-34,Delhi,Free
U018281,18-24,Gujarat,Free
U018282,25-34,Karnataka,Free
U018283,25-34,Tamil Nadu,Premium
U018284,18-24,Telangana,Premium
U018285,18-24,Maharashtra,Premium
U018286,25-34,Karnataka,Free
U018287,25-34,Delhi,Free
U018288,25-34,West Bengal,Free
U018289,35-44,Kerala,Free
U018290,18-24,Maharashtra,Premium
U018291,25-34,Maharashtra,Free
U018292,25-34,Gujarat,Free
U018293,18-24,Karnataka,Free
U018294,25-34,Gujarat,Premium
U018295,25-34,West Bengal,Free
U018296,25-34,Kerala,Free
U018297,25-34,Karnataka,Free
U018298,18-24,Karnataka,Free
U018299,25-34,Kerala,Free
U018300,35-44,West Bengal,Free
U018301,25-34,Telangana,Free
U018302,25-34,Karnataka,Free
U018303,25-34,West Bengal,Free
U018304,25-34,Karnataka,Free
U018305,18-24,Gujarat,Premium
U018306,25-34,Kerala,Free
U018307,25-34,Karnataka,Free
U018308,18-24,Gujarat,Free
U018309,18-24,Maharashtra,Free
U018310,18-24,Gujarat,Premium
U018311,25-34,Tamil Nadu,Free
U018312,18-24,Punjab,Free
U018313,35-44,Gujarat,Premium
U018314,45+,West Bengal,Free
U018315,45+,Maharashtra,Premium
U018316,18-24,Punjab,Premium
U018317,25-34,Tamil Nadu,Free
U018318,35-44,West Bengal,Free
U018319,25-34,Gujarat,Premium
U018320,18-24,Karnataka,Free
U018321,35-44,Gujarat,Free
U018322,25-34,Kerala,Free
U018323,35-44,Karnataka,Premium
U018324,45+,Uttar Pradesh,Free
U018325,45+,Uttar Pradesh,Free
U018326,25-34,Punjab,Free
U018327,18-24,Telangana,Free
U018328,25-34,Gujarat,Premium
U018329,25-34,Telangana,Free
U018330,25-34,Kerala,Premium
U018331,25-34,Kerala,Free
U018332,25-34,Telangana,Free
U018333,25-34,Karnataka,Premium
U018334,45+,Telangana,Free
U018335,35-44,Gujarat,Free
U018336,25-34,Karnataka,Free
U018337,25-34,Gujarat,Free
U018338,25-34,Punjab,Premium
U018339,25-34,Tamil Nadu,Free
U018340,18-24,Maharashtra,Free
U018341,35-44,Gujarat,Free
U018342,35-44,Kerala,Premium
U018343,25-34,Delhi,Premium
U018344,45+,Punjab,Free
U018345,45+,Telangana,Premium
U018346,35-44,Tamil Nadu,Free
U018347,45+,Delhi,Premium
U018348,25-34,Gujarat,Free
U018349,45+,Tamil Nadu,Free
U018350,45+,West Bengal,Premium
U018351,25-34,Kerala,Premium
U018352,18-24,Delhi,Free
U018353,18-24,Karnataka,Free
U018354,25-34,Kerala,Premium
U018355,35-44,Kerala,Free
U018356,25-34,Punjab,Premium
U018357,35-44,Karnataka,Premium
U018358,35-44,Kerala,Free
U018359,18-24,Karnataka,Free
U018360,18-24,Maharashtra,Free
U018361,35-44,Tamil Nadu,Premium
U018362,18-24,Delhi,Premium
U018363,45+,Telangana,Free
U018364,35-44,Uttar Pradesh,Premium
U018365,25-34,Delhi,Premium
U018366,25-34,Punjab,Premium
U018367,35-44,Telangana,Free
U018368,35-44,Delhi,Premium
U018369,25-34,Telangana,Free
U018370,45+,Punjab,Free
U018371,25-34,West Bengal,Free
U018372,18-24,Karnataka,Free
U018373,25-34,Uttar Pradesh,Free
U018374,35-44,Gujarat,Free
U018375,45+,Uttar Pradesh,Free
U018376,18-24,Delhi,Free
U018377,25-34,Uttar Pradesh,Premium
U018378,25-34,Maharashtra,Free
U018379,35-44,Punjab,Free
U018380,35-44,Gujarat,Premium
U018381,18-24,Gujarat,Premium
U018382,35-44,Punjab,Free
U018383,25-34,Gujarat,Premium
U018384,35-44,Maharashtra,Premium
U018385,35-44,Karnataka,Premium
U018386,18-24,Maharashtra,Free
U018387,45+,Telangana,Premium
U018388,25-34,Gujarat,Premium
U018389,45+,West Bengal,Free
U018390,18-24,Telangana,Free
U018391,35-44,Delhi,Free
U018392,18-24,West Bengal,Free
U018393,18-24,Karnataka,Free
U018394,45+,West Bengal,Free
U018395,18-24,Delhi,Free
U018396,18-24,Telangana,Premium
U018397,35-44,Tamil Nadu,Free
U018398,25-34,Kerala,Free
U018399,25-34,Uttar Pradesh,Premium
U018400,45+,Uttar Pradesh,Free
U018401,25-34,Karnataka,Free
U018402,18-24,West Bengal,Premium
U018403,25-34,West Bengal,Free
U018404,35-44,Gujarat,Free
U018405,18-24,Gujarat,Free
U018406,25-34,Maharashtra,Free
U018407,25-34,Gujarat,Premium
U018408,18-24,Tamil Nadu,Free
U018409,18-24,Uttar Pradesh,Free
U018410,45+,West Bengal,Free
U018411,18-24,Karnataka,Free
U018412,18-24,Punjab,Free
U018413,45+,Uttar Pradesh,Premium
U018414,25-34,Delhi,Premium
U018415,45+,Maharashtra,Free
U018416,35-44,Delhi,Free
U018417,25-34,Telangana,Free
U018418,25-34,Punjab,Free
U018419,18-24,Telangana,Free
U018420,18-24,Gujarat,Premium
U018421,18-24,Punjab,Free
U018422,25-34,Maharashtra,Premium
U018423,25-34,Karnataka,Free
U018424,35-44,West Bengal,Premium
U018425,18-24,Kerala,Free
U018426,25-34,Maharashtra,Premium
U018427,18-24,Gujarat,Premium
U018428,18-24,Telangana,Premium
U018429,35-44,Tamil Nadu,Premium
U018430,35-44,Punjab,Free
U018431,25-34,Uttar Pradesh,Free
U018432,25-34,Delhi,Premium
U018433,25-34,Tamil Nadu,Premium
U018434,35-44,Tamil Nadu,Free
U018435,25-34,Telangana,Free
U018436,35-44,Punjab,Free
U018437,18-24,Uttar Pradesh,Free
U018438,25-34,Karnataka,Free
U018439,25-34,Kerala,Premium
U018440,18-24,West Bengal,Free
U018441,25-34,Punjab,Free
U018442,25-34,Uttar Pradesh,Free
U018443,18-24,Tamil Nadu,Free
U018444,45+,West Bengal,Premium
U018445,18-24,West Bengal,Free
U018446,35-44,Telangana,Premium
U018447,25-34,West Bengal,Free
U018448,18-24,Telangana,Premium
U018449,18-24,Kerala,Free
U018450,25-34,Tamil Nadu,Free
U018451,35-44,Gujarat,Premium
U018452,25-34,Telangana,Free
U018453,25-34,Uttar Pradesh,Free
U018454,18-24,Telangana,Premium
U018455,35-44,Telangana,Free
U018456,35-44,Tamil Nadu,Free
U018457,25-34,Karnataka,Free
U018458,35-44,Kerala,Premium
U018459,25-34,West Bengal,Free
U018460,25-34,Karnataka,Free
U018461,25-34,Gujarat,Premium
U018462,18-24,Delhi,Premium
U018463,18-24,Maharashtra,Free
U018464,35-44,West Bengal,Free
U018465,45+,Tamil Nadu,Free
U018466,25-34,Kerala,Free
U018467,18-24,West Bengal,Free
U018468,18-24,Kerala,Free
U018469,25-34,Punjab,Premium
U018470,25-34,Punjab,Premium
U018471,18-24,Punjab,Free
U018472,18-24,West Bengal,Free
U018473,35-44,West Bengal,Free
U018474,18-24,Uttar Pradesh,Free
U018475,25-34,Punjab,Free
U018476,35-44,Delhi,Premium
U018477,18-24,Uttar Pradesh,Premium
U018478,25-34,Telangana,Premium
U018479,18-24,Karnataka,Premium
U018480,18-24,Karnataka,Free
U018481,45+,Gujarat,Premium
U018482,25-34,Kerala,Free
U018483,18-24,Delhi,Free
U018484,18-24,Karnataka,Free
U018485,18-24,Gujarat,Free
U018486,35-44,Kerala,Free
U018487,35-44,Gujarat,Premium
U018488,25-34,Delhi,Free
U018489,18-24,Telangana,Premium
U018490,45+,Maharashtra,Free
U018491,35-44,Tamil Nadu,Free
U018492,18-24,Delhi,Free
U018493,25-34,Punjab,Free
U018494,25-34,Punjab,Free
U018495,25-34,Delhi,Free
U018496,25-34,Gujarat,Premium
U018497,18-24,Karnataka,Free
U018498,25-34,Delhi,Premium
U018499,25-34,Uttar Pradesh,Free
U018500,25-34,Maharashtra,Free
U018501,25-34,Delhi,Premium
U018502,18-24,Gujarat,Premium
U018503,25-34,Tamil Nadu,Free
U018504,35-44,Karnataka,Free
U018505,25-34,Karnataka,Free
U018506,45+,Telangana,Free
U018507,35-44,Karnataka,Free
U018508,35-44,Maharashtra,Premium
U018509,25-34,Uttar Pradesh,Free
U018510,18-24,Uttar Pradesh,Free
U018511,45+,Delhi,Free
U018512,25-34,Telangana,Premium
U018513,45+,Tamil Nadu,Premium
U018514,25-34,Maharashtra,Free
U018515,25-34,Karnataka,Free
U018516,18-24,West Bengal,Premium
U018517,25-34,Delhi,Free
U018518,25-34,Karnataka,Premium
U018519,45+,Punjab,Premium
U018520,35-44,Karnataka,Premium
U018521,25-34,West Bengal,Free
U018522,25-34,Tamil Nadu,Free
U018523,18-24,Kerala,Free
U018524,25-34,Telangana,Premium
U018525,45+,West Bengal,Free
U018526,35-44,West Bengal,Free
U018527,25-34,Gujarat,Premium
U018528,35-44,Delhi,Free
U018529,18-24,Uttar Pradesh,Premium
U018530,45+,Kerala,Free
U018531,25-34,Delhi,Free
U018532,18-24,Maharashtra,Free
U018533,35-44,Maharashtra,Free
U018534,18-24,West Bengal,Free
U018535,25-34,Tamil Nadu,Free
U018536,18-24,Delhi,Premium
U018537,18-24,Karnataka,Premium
U018538,25-34,Tamil Nadu,Free
U018539,25-34,Maharashtra,Free
U018540,18-24,Telangana,Free
U018541,35-44,Maharashtra,Free
U018542,18-24,West Bengal,Premium
U018543,25-34,Maharashtra,Free
U018544,25-34,Kerala,Premium
U018545,18-24,Punjab,Free
U018546,45+,Telangana,Free
U018547,25-34,Karnataka,Premium
U018548,18-24,Gujarat,Free
U018549,25-34,Kerala,Premium
U018550,25-34,Uttar Pradesh,Free
U018551,18-24,Kerala,Free
U018552,18-24,Uttar Pradesh,Free
U018553,25-34,Punjab,Free
U018554,25-34,Karnataka,Free
U018555,18-24,Gujarat,Free
U018556,25-34,Maharashtra,Free
U018557,18-24,Delhi,Free
U018558,18-24,Kerala,Premium
U018559,25-34,Karnataka,Free
U018560,18-24,Punjab,Free
U018561,18-24,Karnataka,Premium
U018562,18-24,Kerala,Free
U018563,25-34,Tamil Nadu,Free
U018564,25-34,Maharashtra,Premium
U018565,25-34,Telangana,Free
U018566,25-34,Kerala,Premium
U018567,25-34,Delhi,Free
U018568,18-24,Maharashtra,Free
U018569,18-24,West Bengal,Premium
U018570,18-24,Gujarat,Free
U018571,35-44,Maharashtra,Free
U018572,18-24,West Bengal,Free
U018573,18-24,Kerala,Premium
U018574,25-34,Delhi,Premium
U018575,25-34,Punjab,Free
U018576,35-44,Telangana,Premium
U018577,25-34,West Bengal,Free
U018578,18-24,Telangana,Premium
U018579,25-34,Delhi,Free
U018580,35-44,Gujarat,Premium
U018581,45+,Tamil Nadu,Premium
U018582,25-34,Telangana,Premium
U018583,25-34,Telangana,Premium
U018584,18-24,Telangana,Premium
U018585,45+,Punjab,Free
U018586,25-34,Karnataka,Premium
U018587,18-24,Delhi,Free
U018588,25-34,Kerala,Premium
U018589,25-34,Karnataka,Free
U018590,18-24,Maharashtra,Free
U018591,35-44,Maharashtra,Free
U018592,25-34,Uttar Pradesh,Free
U018593,18-24,Tamil Nadu,Premium
U018594,45+,West Bengal,Premium
U018595,45+,Telangana,Free
U018596,18-24,Gujarat,Free
U018597,25-34,Gujarat,Free
U018598,35-44,Kerala,Free
U018599,25-34,Uttar Pradesh,Free
U018600,45+,Punjab,Free
U018601,18-24,Tamil Nadu,Free
U018602,35-44,Punjab,Premium
U018603,25-34,Gujarat,Premium
U018604,18-24,Punjab,Premium
U018605,35-44,Kerala,Free
U018606,18-24,Punjab,Premium
U018607,18-24,West Bengal,Free
U018608,18-24,Maharashtra,Free
U018609,18-24,Kerala,Free
U018610,18-24,Gujarat,Free
U018611,25-34,Telangana,Premium
U018612,18-24,Telangana,Premium
U018613,18-24,Tamil Nadu,Free
U018614,18-24,Telangana,Free
U018615,35-44,Telangana,Free
U018616,18-24,Tamil Nadu,Premium
U018617,35-44,Telangana,Free
U018618,18-24,Delhi,Free
U018619,18-24,Tamil Nadu,Premium
U018620,25-34,Tamil Nadu,Free
U018621,25-34,Gujarat,Free
U018622,25-34,Punjab,Premium
U018623,35-44,Uttar Pradesh,Free
U018624,18-24,Gujarat,Free
U018625,18-24,Kerala,Free
U018626,35-44,Kerala,Free
U018627,18-24,Karnataka,Premium
U018628,35-44,Delhi,Premium
U018629,25-34,Kerala,Free
U018630,18-24,Kerala,Free
U018631,18-24,Gujarat,Free
U018632,25-34,Telangana,Premium
U018633,25-34,Gujarat,Free
U018634,45+,Maharashtra,Free
U018635,18-24,Delhi,Free
U018636,45+,Maharashtra,Premium
U018637,18-24,Karnataka,Premium
U018638,18-24,Delhi,Free
U018639,25-34,Maharashtra,Free
U018640,45+,Gujarat,Premium
U018641,25-34,Delhi,Free
U018642,35-44,Gujarat,Free
U018643,25-34,West Bengal,Free
U018644,35-44,West Bengal,Free
U018645,35-44,Delhi,Free
U018646,25-34,Maharashtra,Premium
U018647,25-34,Delhi,Free
U018648,25-34,Karnataka,Free
U018649,45+,Uttar Pradesh,Free
U018650,25-34,Tamil Nadu,Premium
U018651,18-24,Punjab,Free
U018652,35-44,Punjab,Free
U018653,25-34,Karnataka,Free
U018654,25-34,Telangana,Free
U018655,25-34,Gujarat,Free
U018656,18-24,Maharashtra,Free
U018657,25-34,Kerala,Free
U018658,18-24,Maharashtra,Premium
U018659,35-44,Karnataka,Free
U018660,25-34,Telangana,Premium
U018661,35-44,Delhi,Free
U018662,18-24,Punjab,Free
U018663,45+,West Bengal,Free
U018664,25-34,West Bengal,Premium
U018665,25-34,Maharashtra,Premium
U018666,45+,Kerala,Free
U018667,25-34,Tamil Nadu,Free
U018668,45+,West Bengal,Free
U018669,25-34,Punjab,Free
U018670,18-24,Uttar Pradesh,Free
U018671,25-34,Kerala,Premium
U018672,35-44,West Bengal,Free
U018673,25-34,Delhi,Free
U018674,35-44,Kerala,Free
U018675,18-24,Karnataka,Premium
U018676,25-34,West Bengal,Free
U018677,35-44,West Bengal,Free
U018678,45+,Gujarat,Free
U018679,18-24,Gujarat,Free
U018680,18-24,Karnataka,Free
U018681,18-24,Maharashtra,Free
U018682,18-24,Tamil Nadu,Premium
U018683,35-44,Tamil Nadu,Free
U018684,25-34,Karnataka,Premium
U018685,18-24,Tamil Nadu,Free
U018686,35-44,Telangana,Premium
U018687,35-44,West Bengal,Free
U018688,25-34,Karnataka,Premium
U018689,45+,West Bengal,Free
U018690,25-34,Uttar Pradesh,Free
U018691,18-24,West Bengal,Free
U018692,35-44,West Bengal,Free
U018693,18-24,Punjab,Premium
U018694,45+,Karnataka,Free
U018695,25-34,Maharashtra,Free
U018696,45+,Telangana,Free
U018697,18-24,Maharashtra,Free
U018698,25-34,Kerala,Free
U018699,35-44,Uttar Pradesh,Free
U018700,35-44,Gujarat,Free
U018701,35-44,Delhi,Premium
U018702,18-24,West Bengal,Free
U018703,25-34,Tamil Nadu,Premium
U018704,25-34,Maharashtra,Premium
U018705,18-24,Kerala,Free
U018706,25-34,Gujarat,Free
U018707,35-44,Tamil Nadu,Premium
U018708,25-34,Uttar Pradesh,Free
U018709,18-24,Maharashtra,Premium
U018710,35-44,Gujarat,Free
U018711,45+,West Bengal,Free
U018712,25-34,West Bengal,Premium
U018713,35-44,Telangana,Free
U018714,35-44,Maharashtra,Free
U018715,18-24,Tamil Nadu,Free
U018716,35-44,Uttar Pradesh,Free
U018717,45+,Tamil Nadu,Free
U018718,35-44,Maharashtra,Free
U018719,18-24,Tamil Nadu,Free
U018720,25-34,Delhi,Free
U018721,35-44,Tamil Nadu,Free
U018722,25-34,West Bengal,Premium
U018723,18-24,Maharashtra,Premium
U018724,18-24,Tamil Nadu,Premium
U018725,35-44,Telangana,Free
U018726,25-34,Kerala,Free
U018727,45+,Maharashtra,Free
U018728,25-34,West Bengal,Premium
U018729,35-44,West Bengal,Free
U018730,18-24,Maharashtra,Free
U018731,35-44,Delhi,Free
U018732,35-44,West Bengal,Premium
U018733,25-34,Gujarat,Free
U018734,18-24,Gujarat,Free
U018735,45+,Kerala,Free
U018736,35-44,Gujarat,Premium
U018737,25-34,West Bengal,Free
U018738,25-34,Delhi,Premium
U018739,45+,Telangana,Premium
U018740,35-44,Karnataka,Premium
U018741,25-34,Punjab,Free
U018742,25-34,Delhi,Premium
U018743,18-24,Maharashtra,Free
U018744,35-44,Kerala,Free
U018745,35-44,Delhi,Free
U018746,25-34,West Bengal,Premium
U018747,18-24,Karnataka,Premium
U018748,18-24,Tamil Nadu,Premium
U018749,18-24,Karnataka,Free
U018750,45+,Punjab,Free
U018751,35-44,Tamil Nadu,Premium
U018752,25-34,Kerala,Free
U018753,18-24,Telangana,Free
U018754,18-24,Kerala,Free
U018755,35-44,Uttar Pradesh,Free
U018756,18-24,Tamil Nadu,Free
U018757,18-24,Gujarat,Premium
U018758,45+,Delhi,Premium
U018759,25-34,Telangana,Premium
U018760,35-44,Tamil Nadu,Free
U018761,18-24,Maharashtra,Free
U018762,18-24,Gujarat,Free
U018763,35-44,Kerala,Free
U018764,35-44,Telangana,Free
U018765,35-44,West Bengal,Premium
U018766,25-34,Kerala,Free
U018767,18-24,Kerala,Free
U018768,25-34,Punjab,Free
U018769,18-24,Tamil Nadu,Free
U018770,18-24,Karnataka,Free
U018771,25-34,Uttar Pradesh,Premium
U018772,18-24,Delhi,Free
U018773,18-24,Uttar Pradesh,Free
U018774,18-24,Karnataka,Premium
U018775,18-24,Kerala,Free
U018776,35-44,Delhi,Free
U018777,45+,Gujarat,Free
U018778,18-24,Telangana,Free
U018779,18-24,Uttar Pradesh,Premium
U018780,35-44,Karnataka,Premium
U018781,18-24,Uttar Pradesh,Free
U018782,35-44,Gujarat,Free
U018783,18-24,Maharashtra,Free
U018784,25-34,Karnataka,Free
U018785,18-24,Tamil Nadu,Free
U018786,35-44,Punjab,Free
U018787,25-34,Gujarat,Free
U018788,18-24,Maharashtra,Free
U018789,25-34,Punjab,Free
U018790,25-34,Punjab,Premium
U018791,45+,Tamil Nadu,Premium
U018792,25-34,West Bengal,Premium
U018793,18-24,Maharashtra,Free
U018794,25-34,West Bengal,Free
U018795,18-24,Tamil Nadu,Free
U018796,35-44,West Bengal,Free
U018797,35-44,Maharashtra,Premium
U018798,18-24,Gujarat,Free
U018799,25-34,Telangana,Free
U018800,25-34,Punjab,Free
U018801,18-24,Kerala,Free
U018802,25-34,Tamil Nadu,Premium
U018803,25-34,Karnataka,Free
U018804,25-34,Delhi,Premium
U018805,25-34,Tamil Nadu,Free
U018806,25-34,Punjab,Free
U018807,35-44,Kerala,Free
U018808,25-34,Karnataka,Free
U018809,35-44,Delhi,Free
U018810,25-34,Kerala,Free
U018811,25-34,Gujarat,Free
U018812,18-24,Gujarat,Premium
U018813,25-34,Tamil Nadu,Free
U018814,25-34,Karnataka,Free
U018815,18-24,Punjab,Free
U018816,18-24,Karnataka,Premium
U018817,25-34,Delhi,Premium
U018818,18-24,Gujarat,Free
U018819,25-34,Punjab,Free
U018820,25-34,Kerala,Free
U018821,25-34,Karnataka,Free
U018822,45+,West Bengal,Premium
U018823,35-44,Uttar Pradesh,Free
U018824,45+,Tamil Nadu,Free
U018825,45+,Uttar Pradesh,Premium
U018826,18-24,Karnataka,Free
U018827,18-24,Punjab,Free
U018828,18-24,Kerala,Premium
U018829,18-24,Delhi,Free
U018830,35-44,Maharashtra,Free
U018831,35-44,Karnataka,Free
U018832,25-34,Telangana,Free
U018833,35-44,Tamil Nadu,Free
U018834,35-44,Maharashtra,Free
U018835,25-34,Telangana,Free
U018836,18-24,West Bengal,Premium
U018837,45+,Punjab,Premium
U018838,25-34,Telangana,Premium
U018839,25-34,Karnataka,Free
U018840,18-24,Maharashtra,Premium
U018841,35-44,Kerala,Free
U018842,35-44,Tamil Nadu,Premium
U018843,25-34,Uttar Pradesh,Free
U018844,45+,Delhi,Free
U018845,25-34,Maharashtra,Free
U018846,45+,Kerala,Premium
U018847,25-34,Gujarat,Free
U018848,35-44,Uttar Pradesh,Premium
U018849,45+,Uttar Pradesh,Premium
U018850,35-44,Karnataka,Free
U018851,18-24,West Bengal,Free
U018852,35-44,Maharashtra,Premium
U018853,25-34,Tamil Nadu,Free
U018854,18-24,Gujarat,Premium
U018855,25-34,West Bengal,Free
U018856,25-34,Gujarat,Free
U018857,25-34,Uttar Pradesh,Premium
U018858,25-34,Kerala,Free
U018859,18-24,West Bengal,Free
U018860,18-24,Karnataka,Free
U018861,35-44,Telangana,Free
U018862,18-24,Maharashtra,Free
U018863,25-34,Telangana,Free
U018864,25-34,Uttar Pradesh,Premium
U018865,18-24,Delhi,Free
U018866,18-24,Tamil Nadu,Free
U018867,25-34,Gujarat,Free
U018868,35-44,Karnataka,Free
U018869,45+,Telangana,Free
U018870,25-34,Kerala,Premium
U018871,18-24,Kerala,Free
U018872,25-34,West Bengal,Premium
U018873,25-34,Maharashtra,Free
U018874,25-34,Maharashtra,Free
U018875,25-34,Kerala,Free
U018876,25-34,Uttar Pradesh,Premium
U018877,18-24,Punjab,Free
U018878,35-44,Telangana,Free
U018879,25-34,Maharashtra,Free
U018880,18-24,Delhi,Free
U018881,45+,Tamil Nadu,Free
U018882,25-34,Maharashtra,Premium
U018883,18-24,Telangana,Premium
U018884,18-24,Telangana,Free
U018885,35-44,Maharashtra,Premium
U018886,25-34,Telangana,Free
U018887,25-34,Tamil Nadu,Premium
U018888,18-24,Maharashtra,Free
U018889,18-24,Punjab,Free
U018890,25-34,Telangana,Free
U018891,25-34,Gujarat,Premium
U018892,25-34,Tamil Nadu,Free
U018893,25-34,West Bengal,Free
U018894,35-44,Tamil Nadu,Free
U018895,25-34,Gujarat,Free
U018896,25-34,Uttar Pradesh,Free
U018897,25-34,Tamil Nadu,Free
U018898,18-24,Punjab,Premium
U018899,25-34,Telangana,Premium
U018900,18-24,Gujarat,Free
U018901,35-44,Telangana,Free
U018902,25-34,Karnataka,Premium
U018903,25-34,Kerala,Free
U018904,35-44,Delhi,Free
U018905,25-34,Punjab,Free
U018906,18-24,Delhi,Free
U018907,35-44,Uttar Pradesh,Premium
U018908,25-34,Uttar Pradesh,Free
U018909,25-34,Uttar Pradesh,Free
U018910,18-24,Maharashtra,Free
U018911,25-34,Gujarat,Premium
U018912,25-34,Punjab,Free
U018913,35-44,Uttar Pradesh,Premium
U018914,35-44,Karnataka,Free
U018915,25-34,Karnataka,Free
U018916,35-44,West Bengal,Free
U018917,35-44,Kerala,Free
U018918,18-24,Karnataka,Free
U018919,25-34,Gujarat,Premium
U018920,18-24,Maharashtra,Free
U018921,18-24,Gujarat,Premium
U018922,35-44,Telangana,Free
U018923,35-44,Telangana,Free
U018924,35-44,Gujarat,Free
U018925,25-34,Maharashtra,Free
U018926,18-24,Gujarat,Free
U018927,18-24,Punjab,Premium
U018928,18-24,Uttar Pradesh,Free
U018929,25-34,Kerala,Premium
U018930,25-34,Karnataka,Free
U018931,25-34,Maharashtra,Free
U018932,18-24,Delhi,Free
U018933,18-24,Delhi,Free
U018934,18-24,Maharashtra,Free
U018935,35-44,West Bengal,Free
U018936,18-24,Gujarat,Free
U018937,18-24,Kerala,Free
U018938,25-34,Kerala,Free
U018939,18-24,Uttar Pradesh,Premium
U018940,25-34,West Bengal,Free
U018941,35-44,Maharashtra,Free
U018942,18-24,Tamil Nadu,Free
U018943,18-24,Kerala,Premium
U018944,18-24,Tamil Nadu,Free
U018945,18-24,Karnataka,Premium
U018946,45+,Tamil Nadu,Premium
U018947,25-34,Kerala,Free
U018948,25-34,Karnataka,Free
U018949,25-34,Karnataka,Free
U018950,18-24,Tamil Nadu,Free
U018951,25-34,Tamil Nadu,Free
U018952,18-24,Punjab,Free
U018953,35-44,Punjab,Premium
U018954,35-44,Delhi,Free
U018955,18-24,Kerala,Free
U018956,35-44,Punjab,Free
U018957,18-24,Uttar Pradesh,Free
U018958,18-24,Uttar Pradesh,Premium
U018959,18-24,West Bengal,Free
U018960,18-24,Uttar Pradesh,Premium
U018961,18-24,Gujarat,Free
U018962,45+,Kerala,Premium
U018963,18-24,Karnataka,Free
U018964,25-34,Gujarat,Premium
U018965,18-24,Karnataka,Free
U018966,18-24,Delhi,Free
U018967,18-24,Telangana,Free
U018968,18-24,Delhi,Free
U018969,18-24,Maharashtra,Free
U018970,18-24,Maharashtra,Free
U018971,18-24,Uttar Pradesh,Free
U018972,25-34,Maharashtra,Free
U018973,45+,Karnataka,Free
U018974,18-24,Kerala,Premium
U018975,35-44,Gujarat,Free
U018976,25-34,Maharashtra,Premium
U018977,25-34,Gujarat,Free
U018978,25-34,Uttar Pradesh,Free
U018979,25-34,Uttar Pradesh,Free
U018980,45+,West Bengal,Premium
U018981,18-24,Telangana,Free
U018982,25-34,Delhi,Free
U018983,25-34,Delhi,Premium
U018984,45+,Gujarat,Free
U018985,25-34,Gujarat,Free
U018986,45+,Gujarat,Free
U018987,25-34,West Bengal,Free
U018988,25-34,Telangana,Free
U018989,35-44,Delhi,Free
U018990,35-44,Maharashtra,Premium
U018991,25-34,Punjab,Premium
U018992,35-44,Tamil Nadu,Free
U018993,18-24,Karnataka,Free
U018994,45+,Telangana,Premium
U018995,35-44,Kerala,Free
U018996,25-34,Kerala,Free
U018997,18-24,Gujarat,Free
U018998,18-24,Punjab,Free
U018999,18-24,Uttar Pradesh,Free
U019000,18-24,Gujarat,Free
U019001,25-34,Karnataka,Free
U019002,35-44,Punjab,Premium
U019003,25-34,Gujarat,Free
U019004,25-34,Uttar Pradesh,Free
U019005,45+,Tamil Nadu,Premium
U019006,35-44,Delhi,Premium
U019007,25-34,West Bengal,Free
U019008,25-34,Gujarat,Free
U019009,25-34,Tamil Nadu,Free
U019010,25-34,Delhi,Free
U019011,18-24,Kerala,Premium
U019012,25-34,Kerala,Free
U019013,25-34,Gujarat,Free
U019014,18-24,Gujarat,Free
U019015,45+,Tamil Nadu,Premium
U019016,35-44,Karnataka,Premium
U019017,25-34,Delhi,Free
U019018,18-24,Delhi,Free
U019019,18-24,Gujarat,Free
U019020,25-34,Uttar Pradesh,Free
U019021,35-44,West Bengal,Free
U019022,25-34,Uttar Pradesh,Free
U019023,18-24,Karnataka,Free
U019024,18-24,Kerala,Free
U019025,18-24,Karnataka,Premium
U019026,25-34,Karnataka,Free
U019027,25-34,West Bengal,Free
U019028,18-24,Delhi,Free
U019029,25-34,Tamil Nadu,Free
U019030,35-44,Tamil Nadu,Free
U019031,25-34,Tamil Nadu,Free
U019032,18-24,Kerala,Premium
U019033,25-34,Punjab,Free
U019034,45+,Delhi,Premium
U019035,18-24,West Bengal,Premium
U019036,18-24,Maharashtra,Free
U019037,25-34,Uttar Pradesh,Premium
U019038,18-24,Uttar Pradesh,Premium
U019039,35-44,Karnataka,Free
U019040,35-44,West Bengal,Premium
U019041,18-24,Telangana,Free
U019042,35-44,West Bengal,Free
U019043,25-34,Punjab,Free
U019044,25-34,Uttar Pradesh,Premium
U019045,18-24,Gujarat,Premium
U019046,25-34,Telangana,Free
U019047,35-44,Gujarat,Free
U019048,18-24,Karnataka,Free
U019049,25-34,Kerala,Premium
U019050,45+,Uttar Pradesh,Free
U019051,25-34,West Bengal,Free
U019052,18-24,Uttar Pradesh,Premium
U019053,18-24,Punjab,Free
U019054,25-34,Maharashtra,Free
U019055,35-44,Telangana,Free
U019056,18-24,Karnataka,Premium
U019057,18-24,West Bengal,Free
U019058,25-34,Karnataka,Free
U019059,25-34,Gujarat,Free
U019060,18-24,Delhi,Free
U019061,25-34,Uttar Pradesh,Free
U019062,25-34,Punjab,Free
U019063,18-24,Karnataka,Free
U019064,18-24,Maharashtra,Free
U019065,45+,West Bengal,Free
U019066,35-44,West Bengal,Free
U019067,18-24,Uttar Pradesh,Free
U019068,35-44,Delhi,Premium
U019069,25-34,Tamil Nadu,Premium
U019070,45+,Gujarat,Free
U019071,45+,Maharashtra,Free
U019072,25-34,Telangana,Free
U019073,25-34,Punjab,Free
U019074,18-24,Karnataka,Premium
U019075,25-34,Kerala,Free
U019076,25-34,Gujarat,Free
U019077,25-34,Maharashtra,Free
U019078,18-24,West Bengal,Free
U019079,35-44,Karnataka,Free
U019080,45+,Kerala,Premium
U019081,18-24,Gujarat,Premium
U019082,25-34,Gujarat,Free
U019083,35-44,Delhi,Free
U019084,25-34,Gujarat,Free
U019085,45+,Uttar Pradesh,Free
U019086,25-34,Kerala,Free
U019087,18-24,Karnataka,Premium
U019088,25-34,Kerala,Premium
U019089,25-34,Maharashtra,Free
U019090,18-24,Karnataka,Premium
U019091,35-44,Gujarat,Free
U019092,25-34,West Bengal,Premium
U019093,25-34,Punjab,Premium
U019094,25-34,Telangana,Premium
U019095,25-34,Maharashtra,Free
U019096,25-34,Uttar Pradesh,Free
U019097,25-34,Telangana,Free
U019098,18-24,Telangana,Premium
U019099,35-44,Karnataka,Premium
U019100,45+,Punjab,Free
U019101,25-34,Karnataka,Premium
U019102,35-44,Tamil Nadu,Free
U019103,45+,Tamil Nadu,Premium
U019104,18-24,Tamil Nadu,Free
U019105,18-24,Telangana,Free
U019106,18-24,Tamil Nadu,Free
U019107,25-34,Karnataka,Premium
U019108,18-24,Telangana,Free
U019109,25-34,Punjab,Free
U019110,25-34,Uttar Pradesh,Free
U019111,18-24,West Bengal,Free
U019112,25-34,Punjab,Free
U019113,18-24,West Bengal,Free
U019114,25-34,Uttar Pradesh,Premium
U019115,18-24,Kerala,Free
U019116,18-24,Kerala,Free
U019117,18-24,Punjab,Free
U019118,35-44,Delhi,Free
U019119,18-24,Telangana,Free
U019120,25-34,Punjab,Free
U019121,35-44,Delhi,Free
U019122,25-34,Uttar Pradesh,Free
U019123,18-24,Karnataka,Free
U019124,25-34,Gujarat,Free
U019125,18-24,Kerala,Free
U019126,35-44,Delhi,Free
U019127,35-44,Delhi,Premium
U019128,25-34,Telangana,Free
U019129,18-24,West Bengal,Free
U019130,35-44,Punjab,Free
U019131,25-34,Delhi,Free
U019132,18-24,West Bengal,Free
U019133,35-44,Punjab,Free
U019134,18-24,Delhi,Premium
U019135,35-44,Karnataka,Free
U019136,35-44,Karnataka,Free
U019137,18-24,Tamil Nadu,Premium
U019138,18-24,Karnataka,Free
U019139,25-34,Telangana,Premium
U019140,35-44,Telangana,Free
U019141,18-24,Maharashtra,Premium
U019142,18-24,Punjab,Premium
U019143,25-34,Telangana,Free
U019144,18-24,Kerala,Premium
U019145,18-24,Maharashtra,Free
U019146,35-44,Gujarat,Premium
U019147,25-34,Maharashtra,Free
U019148,25-34,West Bengal,Free
U019149,18-24,Punjab,Free
U019150,25-34,Uttar Pradesh,Free
U019151,25-34,West Bengal,Free
U019152,25-34,Kerala,Free
U019153,45+,Gujarat,Free
U019154,18-24,Maharashtra,Free
U019155,25-34,Gujarat,Premium
U019156,35-44,Maharashtra,Premium
U019157,18-24,Telangana,Free
U019158,45+,West Bengal,Premium
U019159,25-34,Gujarat,Free
U019160,18-24,Kerala,Premium
U019161,18-24,Kerala,Free
U019162,18-24,Uttar Pradesh,Free
U019163,45+,Maharashtra,Free
U019164,45+,Maharashtra,Premium
U019165,25-34,Delhi,Free
U019166,18-24,Punjab,Free
U019167,25-34,Tamil Nadu,Premium
U019168,25-34,Gujarat,Free
U019169,18-24,Karnataka,Free
U019170,18-24,Gujarat,Free
U019171,25-34,West Bengal,Free
U019172,25-34,Tamil Nadu,Premium
U019173,35-44,Kerala,Premium
U019174,25-34,Tamil Nadu,Free
U019175,18-24,Maharashtra,Premium
U019176,18-24,Gujarat,Free
U019177,25-34,Delhi,Free
U019178,25-34,Tamil Nadu,Free
U019179,18-24,Delhi,Free
U019180,35-44,Kerala,Free
U019181,25-34,West Bengal,Premium
U019182,18-24,Uttar Pradesh,Free
U019183,18-24,Gujarat,Premium
U019184,45+,Punjab,Free
U019185,25-34,Punjab,Free
U019186,18-24,Punjab,Free
U019187,25-34,Delhi,Free
U019188,18-24,Uttar Pradesh,Premium
U019189,35-44,Maharashtra,Premium
U019190,35-44,Tamil Nadu,Free
U019191,35-44,Punjab,Free
U019192,25-34,Maharashtra,Free
U019193,25-34,Gujarat,Free
U019194,18-24,Telangana,Premium
U019195,35-44,Gujarat,Free
U019196,18-24,West Bengal,Free
U019197,18-24,Tamil Nadu,Premium
U019198,45+,Punjab,Free
U019199,45+,Telangana,Free
U019200,25-34,Kerala,Free
U019201,25-34,Maharashtra,Free
U019202,18-24,Punjab,Free
U019203,25-34,Karnataka,Premium
U019204,18-24,Delhi,Free
U019205,18-24,Maharashtra,Premium
U019206,25-34,Punjab,Free
U019207,35-44,Karnataka,Premium
U019208,45+,Telangana,Premium
U019209,45+,Gujarat,Free
U019210,35-44,Gujarat,Free
U019211,18-24,Karnataka,Free
U019212,18-24,Telangana,Free
U019213,25-34,Maharashtra,Premium
U019214,18-24,Gujarat,Free
U019215,25-34,Punjab,Premium
U019216,25-34,Maharashtra,Free
U019217,35-44,West Bengal,Premium
U019218,25-34,Karnataka,Free
U019219,25-34,Tamil Nadu,Free
U019220,35-44,Tamil Nadu,Free
U019221,25-34,West Bengal,Premium
U019222,18-24,Gujarat,Free
U019223,25-34,Telangana,Free
U019224,25-34,West Bengal,Premium
U019225,18-24,Gujarat,Premium
U019226,25-34,Kerala,Free
U019227,45+,Delhi,Free
U019228,18-24,Karnataka,Premium
U019229,25-34,Tamil Nadu,Free
U019230,18-24,Uttar Pradesh,Premium
U019231,25-34,West Bengal,Free
U019232,45+,Gujarat,Free
U019233,18-24,Kerala,Premium
U019234,35-44,Uttar Pradesh,Premium
U019235,35-44,Telangana,Free
U019236,18-24,Punjab,Free
U019237,35-44,Tamil Nadu,Premium
U019238,45+,Maharashtra,Free
U019239,45+,West Bengal,Free
U019240,25-34,West Bengal,Free
U019241,18-24,Delhi,Free
U019242,18-24,Tamil Nadu,Free
U019243,18-24,Kerala,Premium
U019244,25-34,Kerala,Premium
U019245,25-34,Kerala,Free
U019246,25-34,Maharashtra,Free
U019247,35-44,Karnataka,Free
U019248,18-24,Telangana,Free
U019249,45+,Delhi,Premium
U019250,18-24,Delhi,Free
U019251,18-24,Uttar Pradesh,Free
U019252,35-44,Telangana,Free
U019253,18-24,Telangana,Premium
U019254,18-24,Delhi,Premium
U019255,45+,West Bengal,Free
U019256,45+,Uttar Pradesh,Premium
U019257,35-44,Uttar Pradesh,Free
U019258,18-24,Delhi,Premium
U019259,18-24,Punjab,Premium
U019260,18-24,Telangana,Premium
U019261,18-24,Gujarat,Free
U019262,45+,Maharashtra,Premium
U019263,18-24,Punjab,Premium
U019264,35-44,Delhi,Premium
U019265,18-24,Kerala,Premium
U019266,25-34,Tamil Nadu,Premium
U019267,18-24,Kerala,Free
U019268,18-24,Maharashtra,Free
U019269,18-24,Delhi,Free
U019270,45+,Telangana,Free
U019271,25-34,Tamil Nadu,Free
U019272,25-34,Delhi,Free
U019273,18-24,Punjab,Free
U019274,35-44,Kerala,Premium
U019275,25-34,Maharashtra,Premium
U019276,25-34,Gujarat,Premium
U019277,25-34,Delhi,Free
U019278,35-44,Kerala,Premium
U019279,45+,West Bengal,Premium
U019280,45+,Maharashtra,Premium
U019281,25-34,Kerala,Free
U019282,18-24,Tamil Nadu,Premium
U019283,18-24,Karnataka,Free
U019284,18-24,Delhi,Free
U019285,18-24,Delhi,Free
U019286,25-34,Tamil Nadu,Premium
U019287,25-34,Punjab,Premium
U019288,25-34,Gujarat,Premium
U019289,25-34,Telangana,Free
U019290,45+,Maharashtra,Free
U019291,18-24,Gujarat,Premium
U019292,18-24,Punjab,Premium
U019293,25-34,West Bengal,Premium
U019294,25-34,Gujarat,Premium
U019295,25-34,West Bengal,Free
U019296,35-44,Tamil Nadu,Free
U019297,18-24,Maharashtra,Free
U019298,25-34,Punjab,Free
U019299,45+,Telangana,Free
U019300,25-34,Uttar Pradesh,Free
U019301,25-34,Maharashtra,Free
U019302,18-24,Delhi,Premium
U019303,18-24,Karnataka,Free
U019304,18-24,Kerala,Premium
U019305,25-34,Uttar Pradesh,Free
U019306,25-34,Delhi,Premium
U019307,45+,Telangana,Free
U019308,25-34,Uttar Pradesh,Free
U019309,18-24,Uttar Pradesh,Premium
U019310,35-44,Kerala,Free
U019311,18-24,Kerala,Free
U019312,35-44,Punjab,Premium
U019313,18-24,Karnataka,Free
U019314,35-44,Uttar Pradesh,Free
U019315,45+,West Bengal,Free
U019316,18-24,Delhi,Free
U019317,25-34,Maharashtra,Free
U019318,25-34,Gujarat,Premium
U019319,18-24,Delhi,Free
U019320,18-24,West Bengal,Free
U019321,25-34,Karnataka,Free
U019322,18-24,Delhi,Free
U019323,18-24,Delhi,Premium
U019324,35-44,Telangana,Premium
U019325,25-34,Gujarat,Premium
U019326,18-24,Maharashtra,Free
U019327,45+,Kerala,Free
U019328,35-44,Telangana,Free
U019329,45+,Kerala,Free
U019330,25-34,Telangana,Free
U019331,18-24,Delhi,Free
U019332,18-24,Tamil Nadu,Premium
U019333,45+,Uttar Pradesh,Premium
U019334,35-44,Gujarat,Free
U019335,35-44,Karnataka,Free
U019336,25-34,Uttar Pradesh,Premium
U019337,25-34,Maharashtra,Free
U019338,35-44,Telangana,Free
U019339,18-24,Kerala,Premium
U019340,25-34,West Bengal,Premium
U019341,25-34,Delhi,Premium
U019342,35-44,Delhi,Premium
U019343,25-34,Kerala,Premium
U019344,35-44,Uttar Pradesh,Free
U019345,18-24,Kerala,Free
U019346,18-24,Gujarat,Free
U019347,18-24,Uttar Pradesh,Free
U019348,18-24,Uttar Pradesh,Premium
U019349,18-24,Kerala,Free
U019350,25-34,Kerala,Free
U019351,25-34,Kerala,Free
U019352,25-34,Karnataka,Premium
U019353,25-34,Telangana,Free
U019354,35-44,Punjab,Free
U019355,18-24,Telangana,Free
U019356,25-34,Telangana,Free
U019357,18-24,Maharashtra,Free
U019358,18-24,Maharashtra,Free
U019359,25-34,Uttar Pradesh,Premium
U019360,35-44,Telangana,Free
U019361,18-24,Maharashtra,Free
U019362,25-34,Karnataka,Free
U019363,18-24,Gujarat,Premium
U019364,18-24,Kerala,Free
U019365,35-44,Gujarat,Free
U019366,25-34,West Bengal,Free
U019367,35-44,Kerala,Premium
U019368,35-44,Punjab,Free
U019369,25-34,Gujarat,Free
U019370,18-24,Kerala,Free
U019371,35-44,Punjab,Free
U019372,35-44,Karnataka,Free
U019373,25-34,Kerala,Free
U019374,25-34,Punjab,Free
U019375,25-34,West Bengal,Premium
U019376,18-24,Tamil Nadu,Premium
U019377,25-34,Punjab,Premium
U019378,18-24,Delhi,Free
U019379,18-24,Kerala,Free
U019380,25-34,Karnataka,Premium
U019381,25-34,Telangana,Free
U019382,35-44,Punjab,Free
U019383,25-34,Delhi,Free
U019384,35-44,Maharashtra,Premium
U019385,18-24,Uttar Pradesh,Premium
U019386,25-34,Karnataka,Free
U019387,18-24,Telangana,Premium
U019388,25-34,Tamil Nadu,Premium
U019389,25-34,Karnataka,Free
U019390,18-24,Gujarat,Free
U019391,45+,Uttar Pradesh,Premium
U019392,25-34,Delhi,Free
U019393,25-34,Maharashtra,Free
U019394,25-34,Karnataka,Free
U019395,35-44,Delhi,Free
U019396,25-34,Maharashtra,Premium
U019397,18-24,Gujarat,Free
U019398,45+,Maharashtra,Premium
U019399,25-34,Maharashtra,Free
U019400,25-34,Karnataka,Free
U019401,25-34,Telangana,Free
U019402,18-24,Tamil Nadu,Free
U019403,35-44,Kerala,Free
U019404,25-34,Kerala,Free
U019405,35-44,Maharashtra,Free
U019406,18-24,Kerala,Free
U019407,35-44,Maharashtra,Free
U019408,45+,Uttar Pradesh,Premium
U019409,45+,Karnataka,Free
U019410,35-44,Uttar Pradesh,Free
U019411,35-44,Uttar Pradesh,Premium
U019412,25-34,Delhi,Free
U019413,18-24,Karnataka,Free
U019414,25-34,Delhi,Free
U019415,25-34,Uttar Pradesh,Free
U019416,18-24,Tamil Nadu,Free
U019417,25-34,Gujarat,Free
U019418,18-24,Telangana,Free
U019419,25-34,Gujarat,Free
U019420,25-34,Telangana,Free
U019421,35-44,Maharashtra,Free
U019422,18-24,Tamil Nadu,Free
U019423,18-24,West Bengal,Free
U019424,25-34,Uttar Pradesh,Premium
U019425,25-34,Gujarat,Premium
U019426,18-24,Telangana,Premium
U019427,25-34,Gujarat,Free
U019428,45+,Uttar Pradesh,Free
U019429,35-44,Gujarat,Free
U019430,18-24,Uttar Pradesh,Free
U019431,18-24,Karnataka,Premium
U019432,25-34,Tamil Nadu,Free
U019433,25-34,Maharashtra,Free
U019434,45+,Delhi,Free
U019435,18-24,Gujarat,Free
U019436,25-34,Karnataka,Premium
U019437,45+,Tamil Nadu,Free
U019438,18-24,Karnataka,Free
U019439,45+,Uttar Pradesh,Free
U019440,25-34,Gujarat,Free
U019441,35-44,Kerala,Free
U019442,25-34,Uttar Pradesh,Free
U019443,35-44,Telangana,Free
U019444,45+,Delhi,Premium
U019445,18-24,West Bengal,Premium
U019446,35-44,Maharashtra,Free
U019447,18-24,Tamil Nadu,Free
U019448,18-24,Gujarat,Free
U019449,25-34,Delhi,Premium
U019450,25-34,Telangana,Free
U019451,25-34,Kerala,Premium
U019452,18-24,Kerala,Free
U019453,18-24,Telangana,Premium
U019454,18-24,Karnataka,Free
U019455,18-24,Punjab,Free
U019456,18-24,Delhi,Free
U019457,35-44,Kerala,Free
U019458,18-24,Punjab,Free
U019459,45+,West Bengal,Premium
U019460,18-24,Maharashtra,Free
U019461,25-34,Punjab,Free
U019462,18-24,Karnataka,Free
U019463,18-24,Kerala,Free
U019464,25-34,Maharashtra,Free
U019465,18-24,Tamil Nadu,Premium
U019466,18-24,Tamil Nadu,Free
U019467,25-34,Karnataka,Free
U019468,35-44,Kerala,Free
U019469,25-34,Uttar Pradesh,Free
U019470,18-24,Maharashtra,Premium
U019471,18-24,Uttar Pradesh,Free
U019472,25-34,Gujarat,Premium
U019473,45+,Gujarat,Free
U019474,18-24,Delhi,Free
U019475,18-24,Karnataka,Free
U019476,25-34,West Bengal,Free
U019477,45+,Punjab,Premium
U019478,18-24,Punjab,Free
U019479,35-44,Telangana,Premium
U019480,35-44,Gujarat,Free
U019481,18-24,Delhi,Free
U019482,35-44,Maharashtra,Free
U019483,25-34,Uttar Pradesh,Free
U019484,18-24,Tamil Nadu,Free
U019485,18-24,Maharashtra,Premium
U019486,18-24,Uttar Pradesh,Free
U019487,18-24,Punjab,Free
U019488,35-44,Delhi,Free
U019489,25-34,West Bengal,Premium
U019490,35-44,Kerala,Free
U019491,25-34,Delhi,Premium
U019492,25-34,Kerala,Free
U019493,18-24,Karnataka,Free
U019494,35-44,Karnataka,Premium
U019495,18-24,West Bengal,Premium
U019496,18-24,Maharashtra,Premium
U019497,25-34,Delhi,Premium
U019498,35-44,Gujarat,Free
U019499,18-24,Uttar Pradesh,Free
U019500,25-34,Uttar Pradesh,Free
U019501,18-24,Kerala,Premium
U019502,35-44,Delhi,Free
U019503,35-44,Karnataka,Premium
U019504,35-44,Gujarat,Free
U019505,18-24,Kerala,Free
U019506,25-34,Gujarat,Free
U019507,18-24,Tamil Nadu,Premium
U019508,25-34,Telangana,Free
U019509,45+,Kerala,Free
U019510,18-24,Kerala,Free
U019511,25-34,Kerala,Free
U019512,18-24,Maharashtra,Free
U019513,25-34,Punjab,Free
U019514,25-34,Tamil Nadu,Free
U019515,25-34,West Bengal,Premium
U019516,25-34,Uttar Pradesh,Free
U019517,45+,Karnataka,Free
U019518,35-44,Kerala,Free
U019519,45+,West Bengal,Free
U019520,18-24,Punjab,Free
U019521,45+,Delhi,Free
U019522,18-24,West Bengal,Free
U019523,18-24,Karnataka,Free
U019524,25-34,Punjab,Premium
U019525,18-24,Punjab,Premium
U019526,35-44,Punjab,Premium
U019527,18-24,Maharashtra,Free
U019528,25-34,Delhi,Free
U019529,18-24,Uttar Pradesh,Free
U019530,18-24,Delhi,Premium
U019531,35-44,Tamil Nadu,Premium
U019532,25-34,Tamil Nadu,Premium
U019533,18-24,Kerala,Premium
U019534,35-44,Karnataka,Premium
U019535,35-44,Gujarat,Free
U019536,25-34,Kerala,Premium
U019537,18-24,Telangana,Free
U019538,45+,Gujarat,Free
U019539,25-34,Karnataka,Premium
U019540,18-24,Tamil Nadu,Free
U019541,18-24,Telangana,Free
U019542,18-24,Delhi,Free
U019543,45+,Maharashtra,Premium
U019544,45+,Uttar Pradesh,Free
U019545,25-34,Maharashtra,Free
U019546,25-34,Maharashtra,Free
U019547,35-44,Delhi,Free
U019548,25-34,Telangana,Free
U019549,25-34,Punjab,Premium
U019550,45+,Punjab,Free
U019551,18-24,Gujarat,Free
U019552,18-24,Uttar Pradesh,Premium
U019553,35-44,Gujarat,Free
U019554,35-44,Karnataka,Free
U019555,18-24,Maharashtra,Free
U019556,18-24,Uttar Pradesh,Free
U019557,25-34,Telangana,Premium
U019558,25-34,Uttar Pradesh,Premium
U019559,35-44,Delhi,Premium
U019560,35-44,Uttar Pradesh,Premium
U019561,25-34,Karnataka,Free
U019562,25-34,Kerala,Free
U019563,25-34,Delhi,Premium
U019564,18-24,Kerala,Premium
U019565,25-34,Tamil Nadu,Free
U019566,25-34,Uttar Pradesh,Free
U019567,35-44,Delhi,Free
U019568,35-44,Punjab,Premium
U019569,18-24,West Bengal,Free
U019570,35-44,Gujarat,Free
U019571,25-34,Gujarat,Free
U019572,18-24,Delhi,Premium
U019573,25-34,Maharashtra,Free
U019574,35-44,Karnataka,Premium
U019575,25-34,Maharashtra,Premium
U019576,25-34,Tamil Nadu,Premium
U019577,25-34,Tamil Nadu,Free
U019578,25-34,Uttar Pradesh,Free
U019579,25-34,Maharashtra,Free
U019580,25-34,Karnataka,Free
U019581,45+,Karnataka,Free
U019582,25-34,Telangana,Free
U019583,18-24,Karnataka,Free
U019584,25-34,West Bengal,Free
U019585,35-44,Gujarat,Free
U019586,25-34,West Bengal,Premium
U019587,35-44,West Bengal,Premium
U019588,18-24,Delhi,Premium
U019589,25-34,Gujarat,Premium
U019590,35-44,Telangana,Free
U019591,25-34,Delhi,Free
U019592,25-34,West Bengal,Free
U019593,25-34,Tamil Nadu,Free
U019594,35-44,Uttar Pradesh,Premium
U019595,25-34,West Bengal,Premium
U019596,25-34,Uttar Pradesh,Free
U019597,25-34,Uttar Pradesh,Free
U019598,25-34,Punjab,Free
U019599,25-34,Punjab,Free
U019600,25-34,Punjab,Free
U019601,18-24,Punjab,Free
U019602,35-44,West Bengal,Free
U019603,25-34,Uttar Pradesh,Free
U019604,18-24,Tamil Nadu,Premium
U019605,18-24,Gujarat,Free
U019606,25-34,Kerala,Premium
U019607,25-34,Punjab,Premium
U019608,35-44,Gujarat,Free
U019609,25-34,Tamil Nadu,Premium
U019610,35-44,Maharashtra,Free
U019611,18-24,Kerala,Free
U019612,25-34,Gujarat,Premium
U019613,25-34,Punjab,Premium
U019614,18-24,Punjab,Free
U019615,45+,Kerala,Premium
U019616,35-44,Uttar Pradesh,Premium
U019617,18-24,Punjab,Free
U019618,18-24,Tamil Nadu,Free
U019619,35-44,West Bengal,Free
U019620,18-24,Gujarat,Free
U019621,45+,Maharashtra,Free
U019622,18-24,Delhi,Premium
U019623,25-34,Gujarat,Premium
U019624,18-24,Telangana,Free
U019625,25-34,Kerala,Free
U019626,18-24,Maharashtra,Free
U019627,25-34,Maharashtra,Free
U019628,45+,Kerala,Free
U019629,18-24,Karnataka,Premium
U019630,25-34,Uttar Pradesh,Free
U019631,18-24,Tamil Nadu,Free
U019632,25-34,Gujarat,Premium
U019633,18-24,Telangana,Free
U019634,25-34,West Bengal,Premium
U019635,35-44,West Bengal,Premium
U019636,35-44,Delhi,Free
U019637,45+,Kerala,Free
U019638,18-24,Uttar Pradesh,Premium
U019639,18-24,Karnataka,Free
U019640,18-24,Karnataka,Premium
U019641,35-44,Telangana,Free
U019642,18-24,West Bengal,Premium
U019643,35-44,Karnataka,Free
U019644,45+,Punjab,Free
U019645,18-24,Uttar Pradesh,Free
U019646,18-24,Gujarat,Free
U019647,25-34,Telangana,Free
U019648,25-34,Karnataka,Free
U019649,25-34,Karnataka,Premium
U019650,18-24,Karnataka,Free
U019651,35-44,Telangana,Free
U019652,25-34,Maharashtra,Free
U019653,18-24,West Bengal,Free
U019654,18-24,Telangana,Free
U019655,35-44,Delhi,Premium
U019656,18-24,Punjab,Premium
U019657,35-44,Punjab,Premium
U019658,25-34,Uttar Pradesh,Free
U019659,45+,Uttar Pradesh,Free
U019660,35-44,Kerala,Premium
U019661,35-44,West Bengal,Premium
U019662,35-44,Uttar Pradesh,Free
U019663,25-34,Kerala,Premium
U019664,18-24,Karnataka,Free
U019665,35-44,Karnataka,Free
U019666,25-34,West Bengal,Free
U019667,25-34,Tamil Nadu,Free
U019668,25-34,Tamil Nadu,Premium
U019669,18-24,Uttar Pradesh,Free
U019670,25-34,Uttar Pradesh,Free
U019671,18-24,West Bengal,Free
U019672,25-34,Karnataka,Premium
U019673,25-34,Tamil Nadu,Free
U019674,35-44,Karnataka,Premium
U019675,25-34,Tamil Nadu,Premium
U019676,45+,Karnataka,Free
U019677,45+,Tamil Nadu,Free
U019678,18-24,Tamil Nadu,Free
U019679,25-34,West Bengal,Free
U019680,18-24,Gujarat,Free
U019681,35-44,Telangana,Free
U019682,25-34,Punjab,Free
U019683,18-24,Delhi,Free
U019684,18-24,West Bengal,Premium
U019685,25-34,Uttar Pradesh,Free
U019686,18-24,Karnataka,Free
U019687,25-34,Maharashtra,Free
U019688,35-44,Maharashtra,Premium
U019689,18-24,Punjab,Free
U019690,25-34,Uttar Pradesh,Free
U019691,25-34,Kerala,Free
U019692,18-24,Kerala,Free
U019693,18-24,Karnataka,Free
U019694,18-24,Uttar Pradesh,Premium
U019695,45+,Tamil Nadu,Free
U019696,25-34,Tamil Nadu,Premium
U019697,25-34,Uttar Pradesh,Premium
U019698,35-44,Kerala,Free
U019699,18-24,Punjab,Free
U019700,18-24,West Bengal,Free
U019701,18-24,Karnataka,Premium
U019702,35-44,West Bengal,Premium
U019703,25-34,Delhi,Premium
U019704,25-34,Maharashtra,Free
U019705,18-24,Uttar Pradesh,Premium
U019706,35-44,Maharashtra,Free
U019707,35-44,Tamil Nadu,Free
U019708,25-34,Delhi,Premium
U019709,18-24,Maharashtra,Premium
U019710,25-34,Kerala,Free
U019711,18-24,Punjab,Free
U019712,18-24,Kerala,Free
U019713,25-34,Telangana,Free
U019714,25-34,West Bengal,Free
U019715,35-44,West Bengal,Premium
U019716,18-24,Delhi,Free
U019717,18-24,Tamil Nadu,Free
U019718,25-34,Kerala,Free
U019719,35-44,Punjab,Free
U019720,25-34,Delhi,Free
U019721,25-34,Tamil Nadu,Free
U019722,18-24,Gujarat,Free
U019723,25-34,Karnataka,Free
U019724,45+,Karnataka,Free
U019725,18-24,Delhi,Free
U019726,25-34,Kerala,Free
U019727,18-24,Karnataka,Free
U019728,18-24,Delhi,Premium
U019729,35-44,Delhi,Free
U019730,25-34,Karnataka,Premium
U019731,18-24,Punjab,Premium
U019732,25-34,Tamil Nadu,Premium
U019733,18-24,Tamil Nadu,Premium
U019734,25-34,Tamil Nadu,Premium
U019735,35-44,Karnataka,Free
U019736,18-24,Maharashtra,Free
U019737,25-34,Kerala,Free
U019738,25-34,Telangana,Free
U019739,35-44,Delhi,Premium
U019740,18-24,Maharashtra,Free
U019741,25-34,Uttar Pradesh,Free
U019742,18-24,Uttar Pradesh,Free
U019743,18-24,Delhi,Free
U019744,18-24,Tamil Nadu,Free
U019745,35-44,Telangana,Free
U019746,18-24,Tamil Nadu,Premium
U019747,45+,Gujarat,Premium
U019748,25-34,Telangana,Free
U019749,35-44,Punjab,Premium
U019750,18-24,Kerala,Free
U019751,18-24,Gujarat,Free
U019752,35-44,Maharashtra,Free
U019753,25-34,Gujarat,Free
U019754,25-34,Kerala,Free
U019755,35-44,Uttar Pradesh,Free
U019756,25-34,Uttar Pradesh,Premium
U019757,35-44,Maharashtra,Free
U019758,18-24,Tamil Nadu,Free
U019759,25-34,Maharashtra,Free
U019760,25-34,Maharashtra,Premium
U019761,25-34,Uttar Pradesh,Free
U019762,25-34,Punjab,Premium
U019763,35-44,Maharashtra,Free
U019764,35-44,Uttar Pradesh,Free
U019765,18-24,Tamil Nadu,Free
U019766,18-24,Delhi,Premium
U019767,18-24,Punjab,Free
U019768,18-24,Maharashtra,Premium
U019769,25-34,West Bengal,Free
U019770,25-34,Uttar Pradesh,Free
U019771,18-24,Karnataka,Free
U019772,45+,Gujarat,Free
U019773,45+,Karnataka,Free
U019774,25-34,Tamil Nadu,Free
U019775,25-34,Punjab,Free
U019776,18-24,Maharashtra,Free
U019777,25-34,Delhi,Free
U019778,25-34,Telangana,Free
U019779,18-24,Maharashtra,Free
U019780,35-44,Gujarat,Free
U019781,25-34,Uttar Pradesh,Free
U019782,18-24,Punjab,Free
U019783,25-34,Punjab,Premium
U019784,25-34,Delhi,Free
U019785,18-24,Tamil Nadu,Free
U019786,18-24,Uttar Pradesh,Free
U019787,18-24,Karnataka,Free
U019788,25-34,Kerala,Premium
U019789,25-34,Karnataka,Free
U019790,18-24,Tamil Nadu,Premium
U019791,35-44,Tamil Nadu,Free
U019792,35-44,Uttar Pradesh,Free
U019793,25-34,Tamil Nadu,Free
U019794,35-44,West Bengal,Free
U019795,25-34,Gujarat,Free
U019796,18-24,Uttar Pradesh,Free
U019797,25-34,Gujarat,Free
U019798,18-24,Delhi,Premium
U019799,25-34,Delhi,Free
U019800,45+,Tamil Nadu,Free
U019801,25-34,Karnataka,Free
U019802,18-24,West Bengal,Premium
U019803,18-24,Tamil Nadu,Free
U019804,35-44,Tamil Nadu,Free
U019805,18-24,Maharashtra,Free
U019806,45+,Karnataka,Free
U019807,18-24,Telangana,Free
U019808,35-44,West Bengal,Free
U019809,18-24,Delhi,Free
U019810,18-24,West Bengal,Free
U019811,18-24,Telangana,Free
U019812,18-24,Punjab,Free
U019813,18-24,Gujarat,Free
U019814,18-24,Tamil Nadu,Premium
U019815,25-34,Punjab,Premium
U019816,25-34,Kerala,Free
U019817,18-24,Delhi,Free
U019818,25-34,West Bengal,Free
U019819,35-44,West Bengal,Premium
U019820,45+,Tamil Nadu,Free
U019821,25-34,Punjab,Free
U019822,25-34,Punjab,Premium
U019823,45+,Punjab,Free
U019824,45+,Delhi,Free
U019825,45+,Uttar Pradesh,Free
U019826,25-34,Gujarat,Premium
U019827,25-34,Telangana,Free
U019828,45+,Gujarat,Free
U019829,25-34,West Bengal,Free
U019830,18-24,West Bengal,Free
U019831,45+,Kerala,Free
U019832,35-44,Telangana,Free
U019833,18-24,Telangana,Free
U019834,18-24,Delhi,Premium
U019835,35-44,West Bengal,Free
U019836,18-24,Tamil Nadu,Premium
U019837,25-34,Punjab,Premium
U019838,18-24,Tamil Nadu,Premium
U019839,18-24,Gujarat,Free
U019840,35-44,Tamil Nadu,Free
U019841,45+,Tamil Nadu,Free
U019842,25-34,Punjab,Free
U019843,18-24,Gujarat,Premium
U019844,18-24,Delhi,Free
U019845,18-24,Gujarat,Premium
U019846,45+,Uttar Pradesh,Premium
U019847,25-34,Delhi,Premium
U019848,45+,Telangana,Free
U019849,35-44,Telangana,Premium
U019850,25-34,Gujarat,Free
U019851,18-24,Karnataka,Premium
U019852,45+,West Bengal,Premium
U019853,18-24,Maharashtra,Free
U019854,35-44,Gujarat,Free
U019855,25-34,Kerala,Free
U019856,18-24,Punjab,Free
U019857,25-34,Delhi,Premium
U019858,25-34,Delhi,Free
U019859,25-34,Gujarat,Free
U019860,25-34,West Bengal,Premium
U019861,18-24,Karnataka,Free
U019862,25-34,Telangana,Free
U019863,25-34,Telangana,Free
U019864,45+,Maharashtra,Premium
U019865,35-44,Tamil Nadu,Premium
U019866,25-34,West Bengal,Free
U019867,45+,West Bengal,Free
U019868,25-34,Delhi,Free
U019869,18-24,Uttar Pradesh,Free
U019870,18-24,Delhi,Premium
U019871,35-44,Gujarat,Free
U019872,25-34,Uttar Pradesh,Free
U019873,35-44,Kerala,Free
U019874,25-34,Telangana,Free
U019875,18-24,Delhi,Premium
U019876,25-34,Karnataka,Free
U019877,25-34,Telangana,Free
U019878,25-34,Maharashtra,Free
U019879,35-44,Kerala,Free
U019880,25-34,Uttar Pradesh,Free
U019881,25-34,Kerala,Free
U019882,35-44,Uttar Pradesh,Premium
U019883,18-24,Tamil Nadu,Premium
U019884,35-44,Punjab,Free
U019885,18-24,Maharashtra,Free
U019886,25-34,Tamil Nadu,Free
U019887,25-34,Delhi,Free
U019888,18-24,West Bengal,Premium
U019889,25-34,Gujarat,Premium
U019890,25-34,Delhi,Premium
U019891,25-34,Telangana,Free
U019892,25-34,Telangana,Premium
U019893,18-24,Karnataka,Free
U019894,18-24,Punjab,Free
U019895,35-44,Kerala,Free
U019896,25-34,Punjab,Free
U019897,25-34,Maharashtra,Premium
U019898,18-24,West Bengal,Premium
U019899,18-24,Maharashtra,Premium
U019900,25-34,Karnataka,Premium
U019901,35-44,Maharashtra,Free
U019902,25-34,Telangana,Free
U019903,25-34,Punjab,Free
U019904,25-34,Punjab,Free
U019905,25-34,Karnataka,Free
U019906,35-44,Tamil Nadu,Premium
U019907,18-24,Kerala,Premium
U019908,35-44,Uttar Pradesh,Free
U019909,18-24,West Bengal,Free
U019910,18-24,Tamil Nadu,Free
U019911,18-24,Telangana,Premium
U019912,18-24,Telangana,Free
U019913,18-24,Maharashtra,Free
U019914,18-24,Tamil Nadu,Free
U019915,18-24,Kerala,Free
U019916,18-24,Gujarat,Free
U019917,18-24,Maharashtra,Premium
U019918,18-24,West Bengal,Free
U019919,35-44,Delhi,Free
U019920,25-34,Maharashtra,Free
U019921,18-24,Maharashtra,Free
U019922,25-34,Delhi,Premium
U019923,25-34,Maharashtra,Free
U019924,18-24,Telangana,Free
U019925,25-34,Uttar Pradesh,Free
U019926,18-24,Kerala,Premium
U019927,25-34,Kerala,Free
U019928,25-34,Delhi,Free
U019929,25-34,Uttar Pradesh,Free
U019930,18-24,Telangana,Free
U019931,18-24,Maharashtra,Free
U019932,35-44,West Bengal,Free
U019933,25-34,Kerala,Premium
U019934,25-34,Tamil Nadu,Premium
U019935,45+,Kerala,Premium
U019936,25-34,West Bengal,Premium
U019937,18-24,Telangana,Free
U019938,35-44,Karnataka,Premium
U019939,18-24,Uttar Pradesh,Premium
U019940,25-34,West Bengal,Free
U019941,25-34,Tamil Nadu,Free
U019942,18-24,Kerala,Premium
U019943,18-24,Punjab,Premium
U019944,25-34,Uttar Pradesh,Free
U019945,25-34,Kerala,Free
U019946,18-24,West Bengal,Free
U019947,18-24,Punjab,Premium
U019948,25-34,Karnataka,Premium
U019949,35-44,Uttar Pradesh,Free
U019950,35-44,Kerala,Free
U019951,25-34,Delhi,Free
U019952,25-34,Gujarat,Premium
U019953,25-34,Delhi,Free
U019954,18-24,Tamil Nadu,Premium
U019955,18-24,Tamil Nadu,Free
U019956,18-24,Karnataka,Free
U019957,35-44,Tamil Nadu,Free
U019958,25-34,Delhi,Free
U019959,18-24,West Bengal,Premium
U019960,25-34,West Bengal,Free
U019961,18-24,Gujarat,Premium
U019962,25-34,Tamil Nadu,Premium
U019963,25-34,Telangana,Premium
U019964,35-44,Delhi,Premium
U019965,35-44,Karnataka,Free
U019966,35-44,Telangana,Free
U019967,18-24,Tamil Nadu,Free
U019968,25-34,Uttar Pradesh,Premium
U019969,35-44,Punjab,Premium
U019970,18-24,Maharashtra,Premium
U019971,35-44,Gujarat,Free
U019972,45+,Telangana,Free
U019973,25-34,Maharashtra,Premium
U019974,18-24,Uttar Pradesh,Free
U019975,18-24,Punjab,Free
U019976,25-34,Uttar Pradesh,Free
U019977,35-44,Karnataka,Premium
U019978,18-24,Karnataka,Free
U019979,18-24,Punjab,Free
U019980,18-24,Delhi,Premium
U019981,25-34,Gujarat,Free
U019982,35-44,Tamil Nadu,Premium
U019983,25-34,Telangana,Premium
U019984,25-34,Karnataka,Free
U019985,25-34,Tamil Nadu,Free
U019986,25-34,Tamil Nadu,Free
U019987,25-34,Karnataka,Free
U019988,18-24,Telangana,Free
U019989,18-24,Tamil Nadu,Free
U019990,35-44,Kerala,Free
U019991,25-34,Kerala,Premium
U019992,18-24,West Bengal,Free
U019993,25-34,Delhi,Free
U019994,25-34,Gujarat,Free
U019995,18-24,West Bengal,Free
U019996,25-34,Kerala,Free
U019997,18-24,West Bengal,Free
U019998,35-44,Telangana,Free
U019999,25-34,Telangana,Free
U020000,35-44,Delhi,Free
